9d09e145c6b5d33,REX/ai/skullbreaker/electric_body_loop
92e80d417f6acda,REX/ai/skullbreaker/spawn_fall_trail
513a24d76db55a8,REX/ai/skullbreaker/special_rock_impact
d9e84d79b315bec,_NSZ/Kino_Tele/kino_swirl
8fb74cf45d28bf9,_copforthat/_zm_prison/fx_alcatraz_cerberus_portal_hell_close
d33d953be2ba3d1,_copforthat/_zm_prison/fx_alcatraz_cerberus_portal_hell_loop
9fcc4caba123c81,_copforthat/_zm_prison/fx_alcatraz_cerberus_soul_charge_start
873d0f71de574f6,_custom_v/engineer/teleporter_beam_down
ac57ce73fb53e3a,_custom_v/engineer/teleporter_beam_down_red
69f13fe606e462d,_custom_v/engineer/teleporter_particles
9735bf4c187757d,_custom_v/engineer/teleporter_particles_red
e66bfe251e8a38e,_custom_v/engineer/teleporter_ring_in
7999911ef86520b,_custom_v/engineer/teleporter_ring_in_big
3d63a123f6b7a62,_custom_v/engineer/teleporter_ring_in_red
f26a39123d8d7af,_custom_v/engineer/teleporter_ring_out
5691776ff012147,_custom_v/engineer/teleporter_ring_out_red
832842850738024,_custom_v/engineer/teleporter_ring_ready
14579d7304e6895,_custom_v/engineer/teleporter_ring_ready_big
926d8de4679c591,_custom_v/medi_gun/medi_gun_curl
3f1ed0aa9e800c1,_custom_v/medi_gun/medi_gun_sparks
6c4e956bb93a1b6,_debug/fx_glow_shadow_debug_blue
644fa5fd144d2d2,_debug/fx_missing_fx
5e1923439b6d988,_debug/fx_test_smoke_trail
ec84725a7995be8,_donut/aod/fx_woodchipper_suck
63d6eaa93b96b03,_donut/figgle
ce3dcc2b1055b7c,_donut/hl/fx_muz_hl_pistol_1p
ceae8c2b10b8e8e,_donut/hl/fx_muz_hl_pistol_3p
3baadc7704326e8,_donut/hl/fx_shellejects_hl_pistol
a352ce15ba6b951,_donut/hl/fx_shellejects_hl_pistol_resting
c3e7d2a2cf863f0,_donut/portal/blue_beam
ed4410156eb7a34,_donut/portal/blue_orb
5f58dc8ec15686e,_donut/portal/orange_beam
628a949575bb796,_donut/portal/orange_orb
38f5f15ddf22d8c,_donut/portal/portal_gun_flash
e5af681af2f4e8a,_donut/portal/portal_gun_pickup
1bacd07b87b01bc,_donut/portal/portal_gun_pickup_orb
21bf6f2fa324638,_donut/portal/portal_gun_spark_blue
1e826bbf63da2e,_donut/portal/portal_gun_spark_orange
e2918364a9ef04a,_donut/portal/portal_gun_trail
d01e096932103db,_donut/portal/portal_gun_trail_blue
76615e9a78fe3f5,_donut/portal/portal_gun_trail_orange
36e352c0193702e,_logical_fx/legostuds/stud_trail_diamond
bf5ab3b114b910c,_logical_fx/legostuds/stud_trail_gold
dd1edf179bdf51b,_logical_fx/legostuds/stud_trail_silver
9fa951abf87dd77,_mikeyray/perks/phd/fx_perk_phd
ef382b46e552e5b,_mori2/t8_powerup_pre_drop
60aa8709b5c9463,_mori2/t8_powerup_pre_drop_pop
87ad21d00222d9b,_mori2/t8_powerup_pre_drop_pop_solo
636437458a8b803,_mori2/t8_powerup_pre_drop_solo
3c95d219a6058f5,_owens_effects/t9_semiauto_cosplay/fx_bul_impact_energy_shotgun
7393fd88e0e155d,_owens_effects/t9_semiauto_cosplay/fx_bul_impact_energy_shotgun_entity
3cb1bf05f275002,_owens_effects/t9_semiauto_cosplay/fx_bul_impact_energy_shotgun_ug
33fdb38a1ef8f3,_owens_effects/t9_semiauto_cosplay/fx_bul_impact_energy_shotgun_ug_uw
3a068d56162155b,_owens_effects/t9_semiauto_cosplay/fx_muz_energy_shotgun_1p
1b65ffc63c2f0f4,_owens_effects/t9_semiauto_cosplay/fx_muz_energy_shotgun_1p_ug
3995cd5615be249,_owens_effects/t9_semiauto_cosplay/fx_muz_energy_shotgun_3p
c50f928bb3e9b6,_owens_effects/t9_semiauto_cosplay/fx_muz_energy_shotgun_3p_ug
53ef6bfe1b789eb,_owens_effects/t9_semiauto_cosplay/fx_raygun_geotrail_blue_doa
1f7b25bbd08ac50,_owens_effects/t9_semiauto_cosplay/fx_raygun_geotrail_red_doa
69314dd26b78711,_robit/weapon/muz/lg/3p/fxr_muz_lg_2star_3p
bf8cd97119c8277,_robit/weapon/muz/lg/3p/fxr_muz_lg_2star_3p_pap
1740de0ca482191,_robit/weapon/muz/lg/3p/fxr_muz_lg_2star_break_3p
84ac99be47a04f7,_robit/weapon/muz/lg/3p/fxr_muz_lg_2star_break_3p_pap
c273ba32d9b60e6,_robit/weapon/muz/lg/3p/fxr_muz_lg_3p
b1c2c5b31e8df60,_robit/weapon/muz/lg/3p/fxr_muz_lg_3p_pap
833f0393d75e78b,_robit/weapon/muz/lg/3p/fxr_muz_lg_4star_3p
fd60378ebcb4d3d,_robit/weapon/muz/lg/3p/fxr_muz_lg_4star_3p_pap
edc96bd1254f74b,_robit/weapon/muz/lg/3p/fxr_muz_lg_4star_break_3p
5b99fc380242cfd,_robit/weapon/muz/lg/3p/fxr_muz_lg_4star_break_3p_pap
7892bc7a36e03c0,_robit/weapon/muz/lg/3p/fxr_muz_lg_buckshot_3p
342de0f72758bc6,_robit/weapon/muz/lg/3p/fxr_muz_lg_buckshot_3p_pap
5824ca04a770512,_robit/weapon/muz/lg/3p/fxr_muz_lg_buckshot_cl_3p
89644ca060d5d4,_robit/weapon/muz/lg/3p/fxr_muz_lg_buckshot_cl_3p_pap
67a6467009ef2f5,_robit/weapon/muz/lg/3p/fxr_muz_lg_buckshot_gas_flash_3p
1457c88824d1433,_robit/weapon/muz/lg/3p/fxr_muz_lg_buckshot_gas_flash_3p_pap
b0353e893368d6c,_robit/weapon/muz/lg/3p/fxr_muz_lg_cl_3p
ace82abaff27fa,_robit/weapon/muz/lg/3p/fxr_muz_lg_cl_3p_pap
8581051233cb873,_robit/weapon/muz/lg/3p/fxr_muz_lg_gas_flash_3p
219fca626e785d5,_robit/weapon/muz/lg/3p/fxr_muz_lg_gas_flash_3p_pap
b863bf83e585cf2,_robit/weapon/muz/lg/fxr_muz_lg_1p
3f278375b54f174,_robit/weapon/muz/lg/fxr_muz_lg_1p_pap
c86ea4b0c0bdc29,_robit/weapon/muz/lg/fxr_muz_lg_2star_1p
c5f3d90f6eae85f,_robit/weapon/muz/lg/fxr_muz_lg_2star_1p_pap
52269c1c1bbdba9,_robit/weapon/muz/lg/fxr_muz_lg_2star_break_1p
2d4568004bc9fdf,_robit/weapon/muz/lg/fxr_muz_lg_2star_break_1p_pap
ef08b6b3ccd1d73,_robit/weapon/muz/lg/fxr_muz_lg_4star_1p
c3bd60794dcbad5,_robit/weapon/muz/lg/fxr_muz_lg_4star_1p_pap
390748335872933,_robit/weapon/muz/lg/fxr_muz_lg_4star_break_1p
c7cd7e895ecbb95,_robit/weapon/muz/lg/fxr_muz_lg_4star_break_1p_pap
4e50620fc1ad924,_robit/weapon/muz/lg/fxr_muz_lg_buckshot_1p
d3a724b01f4f802,_robit/weapon/muz/lg/fxr_muz_lg_buckshot_1p_pap
1fe9ca4c655fef1,_robit/weapon/muz/lg/fxr_muz_lg_buckshot_gas_flash_1p
53a51c8962fbe17,_robit/weapon/muz/lg/fxr_muz_lg_buckshot_gas_flash_1p_pap
a310c77868bffa7,_robit/weapon/muz/lg/fxr_muz_lg_gas_flash_1p
60cbf39cac555a1,_robit/weapon/muz/lg/fxr_muz_lg_gas_flash_1p_pap
980962eabd06185,_robit/weapon/muz/md/3p/fxr_muz_md_2star_3p
46cd66e4d731ae3,_robit/weapon/muz/md/3p/fxr_muz_md_2star_3p_pap
3f2408829c43e45,_robit/weapon/muz/md/3p/fxr_muz_md_2star_break_3p
149ed1a49039ea3,_robit/weapon/muz/md/3p/fxr_muz_md_2star_break_3p_pap
22f965a0ae3de9a,_robit/weapon/muz/md/3p/fxr_muz_md_3p
2d9432b1e4bf4ac,_robit/weapon/muz/md/3p/fxr_muz_md_3p_pap
f1a94d46c428eb0,_robit/weapon/muz/md/3p/fxr_muz_md_3star_3p
59617179cfee256,_robit/weapon/muz/md/3p/fxr_muz_md_3star_3p_pap
43cea0ce4486498,_robit/weapon/muz/md/3p/fxr_muz_md_3star_break_3p
389d203189dcb0e,_robit/weapon/muz/md/3p/fxr_muz_md_3star_break_3p_pap
b4501ac0cd618f7,_robit/weapon/muz/md/3p/fxr_muz_md_4star_3p
6b4abb9e5c086d1,_robit/weapon/muz/md/3p/fxr_muz_md_4star_3p_pap
906c252138191a7,_robit/weapon/muz/md/3p/fxr_muz_md_4star_break_3p
a037d6b331507a1,_robit/weapon/muz/md/3p/fxr_muz_md_4star_break_3p_pap
fba62525d11560a,_robit/weapon/muz/md/3p/fxr_muz_md_5star_3p
3182d3d57ab903c,_robit/weapon/muz/md/3p/fxr_muz_md_5star_3p_pap
c1227a049d13aa,_robit/weapon/muz/md/3p/fxr_muz_md_5star_break_3p
c4b16119ec599c,_robit/weapon/muz/md/3p/fxr_muz_md_5star_break_3p_pap
ae34c1aad0d6de8,_robit/weapon/muz/md/3p/fxr_muz_md_cl_3p
eb2848aeb784cfe,_robit/weapon/muz/md/3p/fxr_muz_md_cl_3p_pap
893cd41d83c5e4f,_robit/weapon/muz/md/3p/fxr_muz_md_gas_flash_3p
a9dffb0f6bbf7b9,_robit/weapon/muz/md/3p/fxr_muz_md_gas_flash_3p_pap
cf46d6c3ce36f08,_robit/weapon/muz/md/3p/fxr_muz_md_smk_3p
d24b54f502cb3d2,_robit/weapon/muz/md/fxr_muz_md_1p
3ee0c950ef9894,_robit/weapon/muz/md/fxr_muz_md_1p_pap
7302aac659302c9,_robit/weapon/muz/md/fxr_muz_md_2star_1p
935339e3d1373f,_robit/weapon/muz/md/fxr_muz_md_2star_1p_pap
8a637a56df8c89,_robit/weapon/muz/md/fxr_muz_md_2star_break_1p
ce8ba60577f6cff,_robit/weapon/muz/md/fxr_muz_md_2star_break_1p_pap
b3384b1c1c9bbdc,_robit/weapon/muz/md/fxr_muz_md_3star_1p
46bd0da447d2dca,_robit/weapon/muz/md/fxr_muz_md_3star_1p_pap
b398b88726ab39c,_robit/weapon/muz/md/fxr_muz_md_3star_break_1p
5ecc0e0f8abe28a,_robit/weapon/muz/md/fxr_muz_md_3star_break_1p_pap
9a14dc34ddd7793,_robit/weapon/muz/md/fxr_muz_md_4star_1p
be87246ff867135,_robit/weapon/muz/md/fxr_muz_md_4star_1p_pap
28f87704b58d593,_robit/weapon/muz/md/fxr_muz_md_4star_break_1p
62d0387a16eaf35,_robit/weapon/muz/md/fxr_muz_md_4star_break_1p_pap
170dfb54ba7b45e,_robit/weapon/muz/md/fxr_muz_md_5star_1p
97adf77ea83a488,_robit/weapon/muz/md/fxr_muz_md_5star_1p_pap
a8f1b816640ac96,_robit/weapon/muz/md/fxr_muz_md_5star_break_1p
234cd1bdbb48270,_robit/weapon/muz/md/fxr_muz_md_5star_break_1p_pap
b763dfd90128dcb,_robit/weapon/muz/md/fxr_muz_md_barrel_smk_1p
d9419a5d1dacb07,_robit/weapon/muz/md/fxr_muz_md_gas_flash_1p
bd4a06657e6d041,_robit/weapon/muz/md/fxr_muz_md_gas_flash_1p_pap
ed8d76cf9d2d600,_robit/weapon/muz/md/fxr_muz_md_smk_1p
4ebd7e38ee849b1,_robit/weapon/muz/sm/3p/fxr_muz_sm_2star_3p
9130132420275d7,_robit/weapon/muz/sm/3p/fxr_muz_sm_2star_3p_pap
212c8add78e71,_robit/weapon/muz/sm/3p/fxr_muz_sm_2star_break_3p
9d8a2991740597,_robit/weapon/muz/sm/3p/fxr_muz_sm_2star_break_3p_pap
f0f8f907f5083c6,_robit/weapon/muz/sm/3p/fxr_muz_sm_3p
c89d8fdbcc53e80,_robit/weapon/muz/sm/3p/fxr_muz_sm_3p_pap
602d5d6d87563ab,_robit/weapon/muz/sm/3p/fxr_muz_sm_4star_3p
329b2a0300fd1d,_robit/weapon/muz/sm/3p/fxr_muz_sm_4star_3p_pap
ce8bc4792b6e22b,_robit/weapon/muz/sm/3p/fxr_muz_sm_4star_break_3p
d976dd9cb7fa39d,_robit/weapon/muz/sm/3p/fxr_muz_sm_4star_break_3p_pap
31cc9804ca6cc0c,_robit/weapon/muz/sm/3p/fxr_muz_sm_cl_3p
8d01bc3e474ada,_robit/weapon/muz/sm/3p/fxr_muz_sm_cl_3p_pap
810d6ab61667dd3,_robit/weapon/muz/sm/3p/fxr_muz_sm_gas_flash_3p
36fad5ceba9ef75,_robit/weapon/muz/sm/3p/fxr_muz_sm_gas_flash_3p_pap
6f6162a5ef1b5c8,_robit/weapon/muz/sm/fxr_muz_sm_1p
e93417e2418281e,_robit/weapon/muz/sm/fxr_muz_sm_1p_pap
186d6a3e5c39f57,_robit/weapon/muz/sm/fxr_muz_sm_2star_1p
a4b36bef21dec71,_robit/weapon/muz/sm/fxr_muz_sm_2star_1p_pap
6350cf859580617,_robit/weapon/muz/sm/fxr_muz_sm_2star_break_1p
f3f03dbcfcda431,_robit/weapon/muz/sm/fxr_muz_sm_2star_break_1p_pap
a5e6ce181258fa5,_robit/weapon/muz/sm/fxr_muz_sm_4star_1p
e8eff8637ea9cc3,_robit/weapon/muz/sm/fxr_muz_sm_4star_1p_pap
e8eda1f6c66e855,_robit/weapon/muz/sm/fxr_muz_sm_4star_break_1p
a57c0f738ea60d3,_robit/weapon/muz/sm/fxr_muz_sm_4star_break_1p_pap
29500bbcf1b4cdd,_robit/weapon/muz/sm/fxr_muz_sm_gas_flash_1p
6124e153fe73eb,_robit/weapon/muz/sm/fxr_muz_sm_gas_flash_1p_pap
3fea0f38c8b81f1,_robit/weapon/muz/xlg/3p/fxr_muz_xlg_2star_3p
8fbb70c45b2f117,_robit/weapon/muz/xlg/3p/fxr_muz_xlg_2star_3p_pap
7c3421868c1ebb1,_robit/weapon/muz/xlg/3p/fxr_muz_xlg_2star_break_3p
da3f98033f37d7,_robit/weapon/muz/xlg/3p/fxr_muz_xlg_2star_break_3p_pap
d17d569f226d486,_robit/weapon/muz/xlg/3p/fxr_muz_xlg_3p
5f26929f0a2de40,_robit/weapon/muz/xlg/3p/fxr_muz_xlg_3p_pap
e499d375e28635c,_robit/weapon/muz/xlg/3p/fxr_muz_xlg_3star_3p
2a23b3b069c0d4a,_robit/weapon/muz/xlg/3p/fxr_muz_xlg_3star_3p_pap
8e6edd3f78f74f4,_robit/weapon/muz/xlg/3p/fxr_muz_xlg_3star_break_3p
ae3341ab37537b2,_robit/weapon/muz/xlg/3p/fxr_muz_xlg_3star_break_3p_pap
e098ef538d9f8eb,_robit/weapon/muz/xlg/3p/fxr_muz_xlg_4star_3p
7c428f14f847a5d,_robit/weapon/muz/xlg/3p/fxr_muz_xlg_4star_3p_pap
60223078115ed6b,_robit/weapon/muz/xlg/3p/fxr_muz_xlg_4star_break_3p
38030e4df87f6dd,_robit/weapon/muz/xlg/3p/fxr_muz_xlg_4star_break_3p_pap
a22ba5e15edd4be,_robit/weapon/muz/xlg/3p/fxr_muz_xlg_5star_3p
b80242cd007e1a8,_robit/weapon/muz/xlg/3p/fxr_muz_xlg_5star_3p_pap
ca66f70be9729fe,_robit/weapon/muz/xlg/3p/fxr_muz_xlg_5star_break_3p
6c5db24335fa5e8,_robit/weapon/muz/xlg/3p/fxr_muz_xlg_5star_break_3p_pap
f32ff92b6e23ecc,_robit/weapon/muz/xlg/3p/fxr_muz_xlg_cl_3p
905b0dbc3a9f09a,_robit/weapon/muz/xlg/3p/fxr_muz_xlg_cl_3p_pap
294e42276bca993,_robit/weapon/muz/xlg/3p/fxr_muz_xlg_gas_flash_3p
a4e813268a9c335,_robit/weapon/muz/xlg/3p/fxr_muz_xlg_gas_flash_3p_pap
dc202c0f3c2033a,_robit/weapon/muz/xlg/fxr_muz_xlg_1p
2f237c4b6dd150c,_robit/weapon/muz/xlg/fxr_muz_xlg_1p_pap
c15e8b3ae28c5c1,_robit/weapon/muz/xlg/fxr_muz_xlg_2star_1p
1f15d6d6d5c9107,_robit/weapon/muz/xlg/fxr_muz_xlg_2star_1p_pap
3d44bb1159eb0c1,_robit/weapon/muz/xlg/fxr_muz_xlg_2star_break_1p
844e74b46baac07,_robit/weapon/muz/xlg/fxr_muz_xlg_2star_break_1p_pap
d7b5a2146a46d54,_robit/weapon/muz/xlg/fxr_muz_xlg_3star_1p
9207fbe55e53752,_robit/weapon/muz/xlg/fxr_muz_xlg_3star_1p_pap
1130db18a2292b4,_robit/weapon/muz/xlg/fxr_muz_xlg_3star_break_1p
fc6aedb13b37272,_robit/weapon/muz/xlg/fxr_muz_xlg_3star_break_1p_pap
53f0abe9617894b,_robit/weapon/muz/xlg/fxr_muz_xlg_4star_1p
36ea5b63e90defd,_robit/weapon/muz/xlg/fxr_muz_xlg_4star_1p_pap
fcd8889a0ad57cb,_robit/weapon/muz/xlg/fxr_muz_xlg_4star_break_1p
788f9e00190d57d,_robit/weapon/muz/xlg/fxr_muz_xlg_4star_break_1p_pap
c2b3cb441e16976,_robit/weapon/muz/xlg/fxr_muz_xlg_5star_1p
f724ec2513cd310,_robit/weapon/muz/xlg/fxr_muz_xlg_5star_1p_pap
c5fa6cf954ff12e,_robit/weapon/muz/xlg/fxr_muz_xlg_5star_break_1p
6bea36d5e639d38,_robit/weapon/muz/xlg/fxr_muz_xlg_5star_break_1p_pap
e999c14ab62eb0f,_robit/weapon/muz/xlg/fxr_muz_xlg_gas_flash_1p
9f00c972afe5e79,_robit/weapon/muz/xlg/fxr_muz_xlg_gas_flash_1p_pap
25c5c917cfe8af7,_scobalula/shellejects/mwr/h1_shell_eject_12ga
f92f33e9bff1406,_scobalula/shellejects/mwr/h1_shell_eject_12ga_rest
35d6030a217d251,_scobalula/shellejects/mwr/h1_shell_eject_300
9f8658dd9af9d88,_scobalula/shellejects/mwr/h1_shell_eject_300_rest
42d92f2062ffbe7,_scobalula/shellejects/mwr/h1_shell_eject_50cal
ef5cfaeb98940d6,_scobalula/shellejects/mwr/h1_shell_eject_50cal_rest
14ed4407635eb1c,_scobalula/shellejects/mwr/h1_shell_eject_545x39
a949be3c3f07a6b,_scobalula/shellejects/mwr/h1_shell_eject_545x39_rest
8b1f0cf3ba7d0bb,_scobalula/shellejects/mwr/h1_shell_eject_556x45
b5c307c5676d20a,_scobalula/shellejects/mwr/h1_shell_eject_556x45_rest
da670f70bf9eda0,_scobalula/shellejects/mwr/h1_shell_eject_556x45_rest_linker
429039653af989,_scobalula/shellejects/mwr/h1_shell_eject_556x45_saw
b7cdbb7b9bed5a,_scobalula/shellejects/mwr/h1_shell_eject_57x28
171eda64db0acf1,_scobalula/shellejects/mwr/h1_shell_eject_57x28_rest
9a6293a9c25cde3,_scobalula/shellejects/mwr/h1_shell_eject_762x39
b3bc5b4fcbc0a52,_scobalula/shellejects/mwr/h1_shell_eject_762x39_rest
36ea14b12f8b1c8,_scobalula/shellejects/mwr/h1_shell_eject_762x39_rest_linker
35fcbacd8ea8c26,_scobalula/shellejects/mwr/h1_shell_eject_762x39_rpd
9bab53a9c3764d1,_scobalula/shellejects/mwr/h1_shell_eject_762x51
d918d415c0e4508,_scobalula/shellejects/mwr/h1_shell_eject_762x51_rest
9bab83a9c3769ea,_scobalula/shellejects/mwr/h1_shell_eject_762x54
678e85575b3caa1,_scobalula/shellejects/mwr/h1_shell_eject_762x54_rest
70f0130bf4b593d,_scobalula/shellejects/mwr/h1_shell_eject_9mm
c46649f70a124a4,_scobalula/shellejects/mwr/h1_shell_eject_9mm_rest
b1b7a1c44382ff3,_t10/item_drops/blue
992812437a1b10e,_t10/item_drops/green
9b9ff3104611f0,_t10/item_drops/white
1d1914c3c432413,_t10/item_drops/yellow
bb099011e4a9cd0,_t10/vending/ammo_crate_activated
ba297938ae720b8,_t10/vending/arsenal_idle_light
33260fefef3556d,_t10/vending/arsenal_idle_smoke
9ace772b50fb6f7,_t10/vending/fizz_activated
cbac9fa8b8a0faa,_t10/vending/fizz_idle
bd56975fc9ff58b,_t10/vending/pap_activated_1
bd56a75fc9ff73e,_t10/vending/pap_activated_2
bd56b75fc9ff8f1,_t10/vending/pap_activated_3
32735e8beb59d2a,_t10/vending/pap_idle
4e442c7e7fd5321,_t10/vending/pap_steam_pipe
cd7f17ca1326bc3,_t10/weapons/wands/aether_shroud_player
80646ed41ac08c0,_t10/weapons/wands/aether_shroud_viewmodel
874da1811913516,_t6/bio/player/fx_footstep_dust
4a4ad16decf6160,_t6/bio/player/fx_footstep_mud
f876ab80adea4b0,_t6/bio/player/fx_footstep_sand
902a5f9c6e91899,_t6/bio/player/fx_footstep_water
2928726a840144e,_t6/bio/player/fx_player_arm_dust_slide
84197e4551fe798,_t6/bio/player/fx_player_arm_dust_slide_rk
b3c9205653b31d9,_t6/bio/player/fx_player_dust_inair
50abeb490a2a2f8,_t6/bio/player/fx_water_hit_player_bubbles
ab15772bc523ba5,_t6/destructibles/fx_barrel_fire_top
5d5a891ad1e3e0d,_t6/destructibles/fx_cic_turret_death
23d8f80599ca7b7,_t6/destructibles/fx_sentry_turret_death
142283cea0f655b,_t6/electrical/fx_elec_sp_emp_stun_sentry_turret
2e5f9f9d6c3e95c,_t6/env/light/fx_ray_sun_sm_short
1d71c144fe90886,_t6/explosions/fx_default_explosion
d4bd1d304210e53,_t6/explosions/fx_exp_equipment
e3623a70ac513f2,_t6/explosions/fx_grenadeexp_default
6ea279e1c298997,_t6/impacts/fx_deathfx_dogbite
951a56379548928,_t6/impacts/fx_dud_m203
1414533b9caf67c,_t6/impacts/fx_flesh_hit
10174e082e41ee9,_t6/impacts/fx_flesh_hit_body_fatal_exit
401927845bde5f5,_t6/impacts/fx_flesh_hit_body_fatal_lg_exit
45b17bb053f52a1,_t6/impacts/fx_flesh_hit_body_nonfatal
234254b9074d6ac,_t6/impacts/fx_flesh_hit_head_coward
1e81614132b4a7e,_t6/impacts/fx_flesh_hit_knife
9813ecda8f91ab8,_t6/impacts/fx_flesh_hit_knife_noblood
231c41457630b5f,_t6/impacts/fx_flesh_hit_neck_fatal
5d9dd486718775e,_t6/impacts/fx_flesh_hit_noblood
60141eaba0900c7,_t6/impacts/fx_flesh_hit_splat
f1dd4811b5cd55d,_t6/impacts/fx_flesh_hit_splat_mp
16172f7116eb4da,_t6/impacts/fx_riotshield_viewmodel
3751555ca5d0f82,_t6/lens_flares/fx_lf_mp_common_texture_reserve
72f6b428c39110a,_t6/maps/mp_maps/fx_mp_exp_bomb
35a61085ce1dd9c,_t6/maps/zombie/fx_dust_ceiling_impact_lg_mdbrown
dbdb03bda9400a9,_t6/maps/zombie/fx_fog_zombie_amb
c449f22aef49535,_t6/maps/zombie/fx_mp_zombie_body_dust_falling
e6c306f2594de32,_t6/maps/zombie/fx_mp_zombie_body_snow_falling
77cc21be285fe96,_t6/maps/zombie/fx_mp_zombie_body_water_billowing
76fc5f7dd8f5a0,_t6/maps/zombie/fx_mp_zombie_hand_snow_burst
f7157b6bdc26d08,_t6/maps/zombie/fx_mp_zombie_hand_water_burst
59f0993cf4ebe66,_t6/maps/zombie/fx_zmb_tanzit_upgrade
f28a23808cb0cb9,_t6/maps/zombie/fx_zmb_tranzit_electrap_explo
a3c1a7f243a7e86,_t6/maps/zombie/fx_zmb_tranzit_shield_explo
18a24841c1e00c9,_t6/maps/zombie/fx_zombie_bar_break
5ee6425adf16fb6,_t6/maps/zombie/fx_zombie_bar_break_lite
c7f7957ff3850bc,_t6/maps/zombie/fx_zombie_body_wtr_falling
57d002378ec934c,_t6/maps/zombie/fx_zombie_tesla_neck_spurt
256fcb6aaed3b80,_t6/misc/fx_equip_light_green
b90653b53d241c0,_t6/misc/fx_equip_light_red
81007e7c93f4bd4,_t6/misc/fx_equip_tac_insert_exp
69f44d75a13dab5,_t6/misc/fx_equip_tac_insert_light_grn
d2635d7b8f2e84b,_t6/misc/fx_equip_tac_insert_light_red
6f7e47a6bf1ac8e,_t6/misc/fx_flare_sky_white_10sec
8db108972cc1214,_t6/misc/fx_ui_flagbase_pmc
72a5158b51e2f36,_t6/misc/fx_ui_flagbase_seals
225287695ddf9c9,_t6/misc/fx_zombie_cola_dtap_on
e7d7d6e49435a43,_t6/misc/fx_zombie_cola_jugg_on
99a4cb305879b1f,_t6/misc/fx_zombie_cola_on
442db17b83460ad,_t6/misc/fx_zombie_cola_revive_on
40637a8f2308903,_t6/system_elements/fx_snow_sm_em
7d52c0b92c73c7b,_t6/temp_effects/fx_tmp_m203_flash
58b27b8f05d9db0,_t6/temp_effects/fx_tmp_water_fountain
47930b04250e825,_t6/trail/fx_trail_blood_streak
3018e2c404d6f4b,_t6/trail/fx_trail_blood_streak_mp
18fe39f5726d205,_t6/vehicle/treadfx/fx_treadfx_dust
35d02f28b93688a,_t6/vehicle/vexplosion/fx_vexplode_helicopter_exp_mp
23850ec71873c82,_t6/weapon/claymore/fx_claymore_laser
45ec07f52efe0d1,_t6/weapon/emp/fx_emp_explosion_equip
8fa330d44a67f6f,_t6/weapon/grenade/fx_prox_grenade_elec_trail
47692161d48a5b4,_t6/weapon/grenade/fx_smoke_willy_pete_sp
22d3cdb93e01de5,_t6/weapon/grenade/fx_spark_disabled_rc_car
ab1656b6b53a375,_t6/weapon/ir_scope/fx_ir_scope_heartbeat
c3aee109f4c42e4,_t6/weapon/laser/fx_laser_sight_attchmnt_3p
8e2b0fc34384e12,_t6/weapon/laser/fx_weapon_attchmnt_laser_point_red
f9a26df0d24965e,_t6/weapon/laser/fx_xm25_laser_point_red
1303555c8745581,_t6/weapon/muzzleflashes/fx_heavy_flash_base
6acd066394389c0,_t6/weapon/muzzleflashes/fx_heli_hind_minigun_2x
5400b227b44b05a,_t6/weapon/muzzleflashes/fx_mg42hv_flash
9f715cf50e1f74b,_t6/weapon/muzzleflashes/fx_pistol_flash_base
733b5e11fb504e4,_t6/weapon/remote_mortar/fx_rmt_mortar_laser_loop
5be867971e01b4b,_t6/weapon/riotshield/fx_riotshield_depoly_dust
d7b0d36a1b8c73e,_t6/weapon/riotshield/fx_riotshield_depoly_lights
5259a7b2f7ec512,_t6/weapon/sentry_gun/fx_sentry_gun_laser
f30bc559c0f98c1,_t6/weapon/shellejects/fx_pistol
13b258d2f206914,_t6/weapon/shellejects/fx_rifle
75f7c0369eb333,_zm_escape/fx_spinning_trap_spark
d58b2261f4c430f,_zm_escape/walnut_teleport
aae98a1e4be4785,animals/fx_bio_birds_flock
8bc79227b3314c5,animals/fx_bio_birds_flock_heavy
1c677b8ed780933,animals/fx_bio_birds_flock_veiled
1e0e0ac97ab0770,animals/fx_bio_birds_raven_player_camera
56bd3f27c4f56e2,animals/fx_bio_butterfly_fan_freerun
31ff9844fcde9a4,animals/fx_bio_butterfly_freerun
e660a0083a9893,animals/fx_bio_butterfly_static
764a34edac17a4,animals/fx_bio_butterfly_top
a1a2c988c34599e,animals/fx_bio_chicken_death_doa
f20f4336d660a72,animals/fx_bio_direwolf_eyes
e90d168d937ac40,animals/fx_bio_flies_ign_sgen_timelapse
753fc1414eacd92,animals/fx_bio_flies_veiled
2a4c2e7111402ad,animals/fx_bio_fly_blackstation_os
aca888109fa5974,animals/fx_bio_fly_dark_100x100
b353ac530035c36,animals/fx_bio_fly_dark_50x50
c664177ea94beb5,animals/fx_bio_fly_dark_50x50_fast
32ccf46050da202,animals/fx_bio_fly_dark_50x50_veiled
f452356d58e1d6e,animals/fx_bio_fly_dark_biodomes
a21c036f129fc71,animals/fx_bio_fly_disturbed_blackstation
16e2e0ac7d88a5a,animals/fx_bio_fly_light_100x100
2cae6438ccb3e98,animals/fx_bio_fly_low_corpse
4cd2a9c285de2dc,animals/fx_bio_fly_multicolor_100x100
1faec4db49032ac,animals/fx_bio_fly_multicolor_200x200
10ecf7506938f8c,animals/fx_bio_fly_multicolor_300x300
a1cff1ee743176d,animals/fx_bio_fly_sm_fst
cf294933470a8aa,animals/fx_bio_fly_top
56e34a817774bfa,animals/fx_bio_fly_top_lg
39f6cb442443e64,animals/fx_bio_fly_top_lg_fst
12af528dfbf05ca,animals/fx_bio_moth_light_source
e595bd14ecf5496,animals/fx_bio_raven_dni_rez_in_dirty
6cb5d68f6a4a169,animals/fx_bio_raven_dni_rez_out_dirty
836fa6c384aaf7c,animals/fx_bio_ravens_flock_vista_zurich
34513e4e8d7e75d,animals/fx_moth_light_source_white
482da26a8fe0e86,animals/fx_moths_factory_zm
f99eb2c7447c32e,animals/fxt_bio_ravens_flock_heavy
a82764355d9e89b,blood/fx_ability_blood_decal_augmentation
5f0dbf4453eebe1,blood/fx_blood_01_wall_cin_ramses
393661de2ff37b8,blood/fx_blood_02_wall_cin_ramses
56820979806a928,blood/fx_blood_ability_rapid_strike_mouth
db9aa05f8a2d39a,blood/fx_blood_acid_decal_impact_ground_zod_zmb
4e88bae242d6cef,blood/fx_blood_ai_head_explosion
ff59feb1682a78e,blood/fx_blood_arm_krueger_zurich
8c4dabedd4db512,blood/fx_blood_arm_spray
77d4404b8b4ca11,blood/fx_blood_arm_spray_rt
ec152e05c33dfe5,blood/fx_blood_bomb_collar_exp_blkstn
c40ae82ef92f3a0,blood/fx_blood_chest_igc_biodomes
63f4693fbdcb88f,blood/fx_blood_chest_igc_biodomes_os
87b96bd1237211e,blood/fx_blood_chest_spike_raps_intro_ramses
5f6786b88a56f3f,blood/fx_blood_decal_boxer_ring_zod
811c453bb43beef,blood/fx_blood_decal_igc_biodome
5f10dcd8195bb9c,blood/fx_blood_decal_impact_ground
a7e2fe397bce7a9,blood/fx_blood_decal_impact_ground_sm
3eb31bab2fd967a,blood/fx_blood_decal_impact_ground_zmb
551f152dbd2f5f0,blood/fx_blood_dni_rip_headshot_igc
43a1b114c680cc1,blood/fx_blood_dni_rip_igc
dbc7dbd6807617c,blood/fx_blood_dni_rip_pool_igc
4c6758de4a97527,blood/fx_blood_dni_rip_pool_static_igc
a94157ab97819,blood/fx_blood_drip_body_veng
cba849e782870c2,blood/fx_blood_drip_lite_zmb_lobby_idle
a3cdf629ddba0f0,blood/fx_blood_drip_point
b1d3c6ea81822d8,blood/fx_blood_drip_splash_decal_xsm
b320dfa3b1d51a9,blood/fx_blood_drip_splat_decal_sm
7021332480495d7,blood/fx_blood_drip_splat_decal_xsm
fca2c50b1d95967,blood/fx_blood_drip_zmb_lobby_idle
8c30fc7335dbbbc,blood/fx_blood_exit_knife_igc_infection
4393a7747beacdd,blood/fx_blood_face_drops_blkstn
b14c8ad7b29f018,blood/fx_blood_face_drops_impact_blkstn
d045d9e52d37776,blood/fx_blood_face_kick_lotus
70a87ca1c1a40fb,blood/fx_blood_finger_igc_infection
9e1c5dc926ced7a,blood/fx_blood_gib_arm_sever_burst
3253e9c71defa99,blood/fx_blood_gib_arm_sever_burst_rt
26d7cbf67a8ba14,blood/fx_blood_gib_leg_sever_burst
2ccf1dceafacd37,blood/fx_blood_gib_leg_sever_burst_rt
e00b13031d7bac5,blood/fx_blood_gib_limb_skeleton
8161bf6f2cc1062,blood/fx_blood_gib_limb_trail
8c3e816061f8837,blood/fx_blood_gib_limb_trail_emitter
8024a2a5f8a005f,blood/fx_blood_gunshot_veng
2faee254120b79c,blood/fx_blood_hakim_headhit
8ee8d7eb72430d3,blood/fx_blood_hakim_splat
64b28d7cd55f1f7,blood/fx_blood_head_choke
95e62db7afa2f3f,blood/fx_blood_head_punch_1
dc235aef45ccd97,blood/fx_blood_head_punch_1_lotus
553f864a7e4de2a,blood/fx_blood_head_punch_2_lotus
699c24d04ea4841,blood/fx_blood_head_punch_3_lotus
a7f25c95c11be56,blood/fx_blood_head_punch_blkstn
f7929e9920451a9,blood/fx_blood_hendricks_headhit_zurich
1aac9d74da26fe3,blood/fx_blood_impact_biodomes
f7ec4b628659c6f,blood/fx_blood_impact_exp_body_lg
63e8fdab0b50c31,blood/fx_blood_impact_exp_body_lg_zmb
fc247d893760e05,blood/fx_blood_impact_exp_robot_lg
2b2226e1687bca,blood/fx_blood_impact_exp_skeleton
4b6f7c7410fbab3,blood/fx_blood_impact_knife_igc_infection_zneg
7756ba07d145821,blood/fx_blood_knife_kiosk_prologue
323b8e50a40e1f0,blood/fx_blood_knife_slash_veng
ad3f5351cb4de16,blood/fx_blood_knife_stab_quadalley_veng
db5a3f232d38e9b,blood/fx_blood_knife_stab_veng
f6be922972a1bb4,blood/fx_blood_machete_pull_veng
643abe10da41f5e,blood/fx_blood_machete_slash_veng
904261fb83636a,blood/fx_blood_machete_spray_veng
8bd76b39c1ad96d,blood/fx_blood_machete_stab_veng
196e0bf6c227346,blood/fx_blood_mop_ramses
b88d42b31260199,blood/fx_blood_neck_spray_zmb
7cf6b7793d1976d,blood/fx_blood_rain_impact_freerun4
9d206852e682b58,blood/fx_blood_robotintro_ramses
e8f17e357d850ae,blood/fx_blood_salim_headhit_infection
59fa707f135e314,blood/fx_blood_spill_water
a0dd660a19c1477,blood/fx_blood_splash_furn_drop_lg
a10f560a19e7efb,blood/fx_blood_splash_furn_drop_md
a17d060a1a45eca,blood/fx_blood_splash_furn_drop_sm
a8c2c32d7f2ce9e,blood/fx_blood_splash_furn_drop_xsm
227fb7cbc177da5,blood/fx_blood_spurt_rebar_vtol_igc_ramses
fcdf3ef536ca6de,blood/fx_blood_sword_decal_impact_ground_zod_zmb
8f2152e9432a4d9,blood/fx_blood_sword_trail_emitter_zod_zmb
b2f374cd0977415,blood/fx_blood_torso_krueger_zurich
54d9e261c75bc3c,blood/fx_blood_trail_lg_zmb
58e558e144fdeac,blood/fx_blood_trail_zmb
8a40ff05fd44893,blood/fx_blood_vent_kick_splat
2fea6b9a41090f6,blood/fx_blood_vomit_spurt_kane
4daeeadc21f3850,blood/fx_blood_water_puddle_splash_md
b5fc05cb1af724b,blood/fx_blood_water_splash_md
424715f3596703e,custom/AI/cellbreaker_spawn
2c1579a28cd4103,custom/flashlight/flashlight_loop
9a0bb23b0697d7f,custom/flashlight/flashlight_loop_view_moths
71cdb39a510a790,custom/flashlight/flashlight_loop_world
f14b5f1f0129455,custom/flashlight/flashlight_uv_loop
605f35c00322bf2,custom/flashlight/flashlight_uv_loop_world
cf8f2cdba3fac0c,custom/fx_custom_raygun_1p
ddc2e5c61b3b589,custom/fx_custom_raygun_1p_ug
1468391dc89d8d0,custom/fx_custom_raygun_exp
89b4103b8a966cd,custom/fx_custom_raygun_exp_ug
1c9111696cc34db,custom/fx_custom_raygun_trail
17ca081181ab26,custom/fx_custom_raygun_trail_ring
1439f71f8dda017,custom/fx_custom_raygun_trail_ring_ug
e1ed1cac966fb74,custom/fx_custom_raygun_trail_ug
f905ba436bc4c52,custom/magic_box_og/fx_weapon_box_marker_fl_og
fcc87ba6504184f,custom/magic_box_og/fx_weapon_box_marker_og
f40c551e01ca3d1,custom/magic_box_og/fx_weapon_box_open_glow_og
d16feb94d1a619e,custom/tf2_syringe_impact_base
406285c6ed0732b,custom/weapon/fx_claymore_laser
ef2237cd4e85b,debris/fx_debris_ash_directional_md
49b5cccf18e183e,debris/fx_debris_ash_fall_md
6b3ffb440d16b99,debris/fx_debris_ash_float_lg
cabb48c3ac43d1b,debris/fx_debris_ash_float_lg_ramses
cb4c4aa1eee8308,debris/fx_debris_ash_float_station_ramses
df98e794d2027c2,debris/fx_debris_ash_hot
5f5476d3fe5180b,debris/fx_debris_bottle_molotov_break_lotus
61cbf49042fc04,debris/fx_debris_bottle_molotov_flaming_lotus
d1f9a90a8f4f5d8,debris/fx_debris_bottle_molotov_launcher_lotus
53c1e5889d19600,debris/fx_debris_bricks_blast_os
3d942dcd11cf62f,debris/fx_debris_building_paper02_prologue
b1699504d31871,debris/fx_debris_building_paper_half_lotus
9eb1b4d6e0233fb,debris/fx_debris_building_paper_lotus
90db46b96f47159,debris/fx_debris_building_paper_prologue
36f6d198c82aec9,debris/fx_debris_building_paper_ramses
edec89e53a517b0,debris/fx_debris_ceiling_flakes
4672ed20a234a9a,debris/fx_debris_ceiling_tile
23b4ed23d6c4a2f,debris/fx_debris_dust_wall_crumble_tall_reverse
a4b2981367b2f3,debris/fx_debris_falling_bottles_inf_fold
4cd4f32c2775b86,debris/fx_debris_falling_bottles_inf_fold_os
a8e993d387f1784,debris/fx_debris_falling_bricks
6cf05991b7791ba,debris/fx_debris_falling_bricks_inf_fold_md
6c7e8991b7141c5,debris/fx_debris_falling_bricks_inf_fold_os
d0da700c9afe41b,debris/fx_debris_falling_bricks_os
b4d148374c05396,debris/fx_debris_falling_paper_inf_fold_md
b46ff8374bbc439,debris/fx_debris_falling_paper_inf_fold_os
a6e0a19028e0421,debris/fx_debris_falling_planks_inf_fold_md
a74eb190293ee22,debris/fx_debris_falling_planks_inf_fold_os
968412376b375ba,debris/fx_debris_falling_rocks_inf_fold_md
961242376ad25c5,debris/fx_debris_falling_rocks_inf_fold_os
5c3332728ac8bf6,debris/fx_debris_falling_stairwell_veng
cce2d6aa4bec60a,debris/fx_debris_floating_vista_inf_a
cce2c6aa4bec457,debris/fx_debris_floating_vista_inf_b
cce2b6aa4bec2a4,debris/fx_debris_floating_vista_inf_c
3073e745b0a8e2f,debris/fx_debris_glass_break_newworld_igc
1c1e76978dd17df,debris/fx_debris_glass_ground_rattle
558ad098c05393c,debris/fx_debris_glass_shards_ground
324ac4fb11b3da4,debris/fx_debris_glass_shatter
be81f661e47e144,debris/fx_debris_heat_shimmer_50
db8f9ed9681fdc8,debris/fx_debris_metal_ground_rattle
6a041266751b3c8,debris/fx_debris_paper_burning
4474c509546bf67,debris/fx_debris_paper_burning_impact
29927a701b202ab,debris/fx_debris_paper_burning_runner
f2ed4386bdfbf63,debris/fx_debris_paper_flaming_lotus
5461909a11777d9,debris/fx_debris_paper_ground_rattle
d49c86fbbe13cfa,debris/fx_debris_papers_elevator_shaft_2600_1400_3400
b7d450470cae5e7,debris/fx_debris_papers_elevator_shaft_2600_1400_3400_dark
fb5e4481c9c1c1e,debris/fx_debris_papers_windy_blkstn
59e38d0ec8a630d,debris/fx_debris_papers_windy_bridge_lotus
a368506716c0010,debris/fx_debris_raps_shrapnel_01
a368806716c0529,debris/fx_debris_raps_shrapnel_02
a368706716c0376,debris/fx_debris_raps_shrapnel_03
a368a06716c088f,debris/fx_debris_raps_shrapnel_04
a368906716c06dc,debris/fx_debris_raps_shrapnel_05
e11a95676cc3637,debris/fx_debris_rock_fall_far
8c6c805f04813c3,debris/fx_debris_rock_fall_far_inf
eba23305a074a17,debris/fx_debris_rock_fall_inf_lg
84cc87faaa21193,debris/fx_debris_rock_fall_inf_lg_cheap
949fa2fe5b03cb1,debris/fx_debris_rock_fall_inf_lg_cheap_vista
110d75c852a0932,debris/fx_debris_rock_fall_inf_lg_os
af936e8b4b06b33,debris/fx_debris_rocks_burst01_sm
c39480e76e6b2f0,debris/fx_debris_rocks_dark_rattle
c8fcb7921424f0b,debris/fx_debris_rocks_rattle
512ebd7496ddccc,debris/fx_debris_shells_ground_rattle
a30d746aa843a27,debris/fx_debris_shells_resting_rattle
b6ec47dbdc8d3de,debris/fx_debris_start_prologue
4b1823712ecc088,debris/fx_debris_swirling_green_leaf
5a81308252a3704,debris/fx_debris_swirling_leaf
8ad11eab56f124f,debris/fx_debris_train_door_ramses
d7c155e3212761b,debris/fx_debris_transition_prologue
5c44fb7b2bcfabb,debris/fx_debris_trash_directional
5bb285cc814a428,debris/fx_debris_trash_directional_grnd_lg_os
7e7972b762502a0,debris/fx_debris_trash_directional_grnd_lg_runner
c7c0a4ac5f15f7,debris/fx_debris_trash_directional_spire
5dbc5c72a7ea448,debris/fx_debris_trash_newspaper02_vista
4548cc98cc1dc22,debris/fx_debris_trash_storm
1a563d8ede153be,debris/fx_debris_underwater_current_sgen_column
183535def471f7e,debris/fx_debris_underwater_current_sgen_os
9f0a82d13511432,debris/fx_debris_underwater_current_sgen_stairs
b7b1416e4e0500a,debris/fx_debris_underwater_current_sgen_straight
1c1565def7c85b5,debris/fx_debris_underwater_current_sgen_yx
b834f080143d58,debris/fx_debris_underwater_trash_sink
913ecd00ebed5fa,debris/fx_debris_vtol_flyin_igc_infection
731c7248cce43b9,debris/fx_debris_vtol_flyin_igc_infection_os
cb8841ba86f66b3,debris/fx_debris_vtol_flyin_igc_infection_sparce
f87a8b99aa4fd46,debris/fx_debris_vtol_flyin_igc_infection_sparce_os
5b36424b3a7bd0e,debris/fx_debris_wind_palm_tree
78267b87bfd7e75,debris/fx_debris_wind_paper_spire
5a477abc86191a0,debris/fx_debris_wind_pebble_trash
1cb6588d351dc17,debris/fx_debris_wind_pebble_trash_fast
15069d06a416443,debris/fx_debris_wood_pile_boat_impact_bio
b2ab1cea5780c24,debris/fx_rocks_floating_wfa
9d62d02212c78ee,debris/fx_swirling_debris_loop
687da06ad81d7b2,debris/fx_swirling_debris_loop_fast_tight
759dba4961e5d22,debris/fx_swirling_debris_loop_slow
fe6fb18a899f3f2,debris/fx_swirling_leaves_light_loop
d0fa8b431aa263f,debris/fx_swirling_leaves_loop
ae1d245a7697ab4,destruct/fx_dbl_door_breach
39e8f8482d07fe4,destruct/fx_debris_ground_fire_imp_long_os
987ba50c6d2d581,destruct/fx_debris_ground_fire_imp_os
72718b4e727006d,destruct/fx_debris_ground_fire_imp_runner
1929fc637d0dd7d,destruct/fx_dest_apc_door_crash_prologue
921fe686ec953eb,destruct/fx_dest_baby_hands_infection
c553c36a8754a5,destruct/fx_dest_baby_head_infection
615f19a92a6b6e6,destruct/fx_dest_baby_torso_infection
f0d7065c4dd377,destruct/fx_dest_barge_roof_crumble
90b3407f714d45b,destruct/fx_dest_barge_window_blkstn_igc
1885d2b6e337e66,destruct/fx_dest_barge_window_os_blkstn_igc
fef4e82b6ac15e3,destruct/fx_dest_big_hole_01_ramses
1831ae751882eb4,destruct/fx_dest_big_hole_02_ramses
6b5866c55e2b33b,destruct/fx_dest_boatroom_hotel_blkstn
12e385a068947a7,destruct/fx_dest_book02_flat
5cb9900dc30eb8e,destruct/fx_dest_book03_flat
1accd444f7fdde2,destruct/fx_dest_book_row
87232422fb9d690,destruct/fx_dest_box_copy_paper_ream
3332795e426674,destruct/fx_dest_bridge_hunter
13a6528a68615d5,destruct/fx_dest_bridge_hunter_burst_concrete
7f85d74133d909f,destruct/fx_dest_bridge_hunter_burst_elec
f0a9aa39437319e,destruct/fx_dest_bridge_hunter_rockets
115350a5153956d,destruct/fx_dest_bridge_hunter_rolling_concrete_dust
ce9b0c388ac7790,destruct/fx_dest_building_debris_nuke_infection
68c63857529907d,destruct/fx_dest_building_ground_dust_twins_sgen
d4152cfcc99dfd5,destruct/fx_dest_building_sh_veng
dfb92939fe488cf,destruct/fx_dest_building_sm_twins_sgen
d524cd4f11d5c31,destruct/fx_dest_building_updraft_twins_sgen
357825110ca09b6,destruct/fx_dest_building_xlg_twins_sgen
1452fea319577ab,destruct/fx_dest_cai_fridge_metal_plant
1cccf7e624b0ce8,destruct/fx_dest_cai_sign_inteactive_kiosk
bd0eebf2bd788c0,destruct/fx_dest_camera_security_01
bd0f1bf2bd78dd9,destruct/fx_dest_camera_security_02
d5941fe874b1e41,destruct/fx_dest_camera_security_03_hospital
35764aa72c31dc1,destruct/fx_dest_ceiling_blackstation_igc_infection
90e6ffb05ca536f,destruct/fx_dest_ceiling_break
e1972c1618552fa,destruct/fx_dest_ceiling_collapse_biodomes
ab02e129a5df798,destruct/fx_dest_ceiling_dust_blackstation_igc_infection
22496c95dc53e90,destruct/fx_dest_ceiling_dust_lotus
1371ab7be75fcb0,destruct/fx_dest_ceiling_glass_blackstation_igc_infection
6f29456d5e7c81,destruct/fx_dest_ceiling_linger_ramses
f933f19cdbb5742,destruct/fx_dest_ceiling_parts_prologue
ba88fb24e414527,destruct/fx_dest_ceiling_wood_md
f53878252bc7019,destruct/fx_dest_checkpoint_wall_01_ramses
74b9d4a747f7b36,destruct/fx_dest_church_wall_infection
d4b0839cf0a09f,destruct/fx_dest_church_wall_infection_reverse
1686ae5db6f9ba3,destruct/fx_dest_church_wall_window_infection
9b231f6e2b615bc,destruct/fx_dest_coffee_maker_digital
1c168800f868a6b,destruct/fx_dest_computer_mobile_military_open
1b2fe63a250790,destruct/fx_dest_concrete_bridge_silo_separation
e61ec3d9ff598f6,destruct/fx_dest_concrete_ceiling_scrape_bridge_child_world
3f1de232bb4c6da,destruct/fx_dest_concrete_impact_lg_sgen
bd511e52c37437e,destruct/fx_dest_concrete_impact_md_sgen
8dfb5fb1a01b188,destruct/fx_dest_concrete_impact_xlg_sgen
ca4fb332b0c20f5,destruct/fx_dest_concrete_lg
fa38ccf42de7e18,destruct/fx_dest_concrete_pillar_bridge
4d9a19c10d05803,destruct/fx_dest_concrete_pillar_bridge_inverse
9c419db1611a37c,destruct/fx_dest_concrete_pillar_md
d1fd5a09c56885d,destruct/fx_dest_concrete_pillar_md_ondeath_os
9be06db160d1785,destruct/fx_dest_concrete_pillar_sm
5edcf570d3b4740,destruct/fx_dest_concrete_pipe
ca201332b09f550,destruct/fx_dest_concrete_sm
4ab4d764015a02b,destruct/fx_dest_concrete_wall_veng
f6c5df1e9cd1905,destruct/fx_dest_concrete_xlg
e6277e7f58d9d69,destruct/fx_dest_consumer_grade_monitor_4_panel_md
a17bb9e55e4a5f7,destruct/fx_dest_consumer_grade_monitor_4_panel_small
a2940134eba2b93,destruct/fx_dest_consumer_grade_monitor_curved_large
a0a7d852554ecda,destruct/fx_dest_consumer_grade_monitor_wall_large
277cb46a110bf96,destruct/fx_dest_consumer_grade_monitor_wall_md
263b046a0ffe8ab,destruct/fx_dest_consumer_grade_monitor_wall_sm
7debcb9d383f6d9,destruct/fx_dest_debris_impact_snow_reverse
57df54142d0be60,destruct/fx_dest_debris_impact_transition_wall_reverse
2a7a511e7673af9,destruct/fx_dest_debris_impact_veng
14a32bfb360d50c,destruct/fx_dest_debris_trail
525855060466b0a,destruct/fx_dest_display_portable_military
5720f296a460edf,destruct/fx_dest_door_break_chase_apartment_nworld
e12133657ce853c,destruct/fx_dest_door_break_planb_lotus
8d4c5fa8cdece6f,destruct/fx_dest_door_kick_igc_ramses
9ef39114e7c6efa,destruct/fx_dest_door_smash_dust_igc_ramses
88a1cb13ccd0b46,destruct/fx_dest_drone_mapper
54973cd6b6f08b4,destruct/fx_dest_elec_sparks_roots_break_train01
54976cd6b6f0dcd,destruct/fx_dest_elec_sparks_roots_break_train02
b67646590100a40,destruct/fx_dest_engine_fall_tower
ebf6951e4596d85,destruct/fx_dest_exp_decal
3db52fe650da154,destruct/fx_dest_exp_decal_bubbling_embers
a7148133e652cfb,destruct/fx_dest_ferris_wheel_biodome
b30ad9b9421987,destruct/fx_dest_freeway_ramses
5d524b073e132e,destruct/fx_dest_freeway_ramses_02
93fe69aeb63c5ca,destruct/fx_dest_gauze_pad_bloody
a3e08a11be7d8f1,destruct/fx_dest_gauze_pad_sealed
a0e1a4e053d6b7a,destruct/fx_dest_gauze_roll_bloody
609a76699360bbe,destruct/fx_dest_gauze_roll_clean
cb4acb9b57f29bd,destruct/fx_dest_generator
49c5dd58668a80d,destruct/fx_dest_glass_burst
1f50d0dc8978ceb,destruct/fx_dest_glass_burst_lg
1ad270dc85a0376,destruct/fx_dest_glass_burst_sm
b3532e7e977b042,destruct/fx_dest_glass_ceiling02_ramses
a1739ec452ac336,destruct/fx_dest_glass_ceiling_narrow_ramses
31bc0e672e28878,destruct/fx_dest_glass_ceiling_ramses
e6365138396444b,destruct/fx_dest_glass_crack_lg
78d38dc6cba4118,destruct/fx_dest_glass_crack_line_lg
78a55dc6cb83c88,destruct/fx_dest_glass_crack_line_md
76852dc6c9b5109,destruct/fx_dest_glass_crack_line_sm
1884a115bf52d91,destruct/fx_dest_glass_impact_ceiling_ramses
4efd9312084c23,destruct/fx_dest_glass_shard_impact_burst
df130c0d72b021b,destruct/fx_dest_glass_shard_impact_burst_em_blue
d6f5c3388ee9d20,destruct/fx_dest_glass_shard_impact_burst_em_blue_dark
d03ef127cacf635,destruct/fx_dest_glass_shard_impact_burst_em_orange
b636273e73b0be2,destruct/fx_dest_glass_shatter_lg
b607373e738f2ee,destruct/fx_dest_glass_shatter_md
cd40d0c1f9acfb9,destruct/fx_dest_glass_sm
c45ae3f5343fa7d,destruct/fx_dest_glass_static_ceiling_ramses
963ab9c913ca0a7,destruct/fx_dest_glass_vtol_tackle
664a3d346ed4e0b,destruct/fx_dest_glass_window_chase_nworld
ab8c70b6495c5e5,destruct/fx_dest_glass_window_interrogation_room_lotus
babd14af60491e4,destruct/fx_dest_glass_window_long_train_nworld
4fbc4584aebd19a,destruct/fx_dest_glass_window_sm
68f550df56e6419,destruct/fx_dest_glass_window_train_burst
15c49c03fe6b2df,destruct/fx_dest_glass_window_train_nworld
964c41f121889ae,destruct/fx_dest_glass_window_vtol_hallway_lotus
325dd759818843b,destruct/fx_dest_glass_window_wide_train_nworld
cab9f69f0e3b04c,destruct/fx_dest_hanger_window
73e6548ca63b1dd,destruct/fx_dest_hybrid_battery_48_single_orange
f9d66e0845912c1,destruct/fx_dest_inf_monitor_rugged_military_01
1e7f560e75ce369,destruct/fx_dest_jar_glass_bolts
e3e52e155f44fea,destruct/fx_dest_keyboard_metal_tech
f4a0af3a1a23ee0,destruct/fx_dest_keyboard_metal_tech_infection
2cafbe97b876423,destruct/fx_dest_ledge_crumble_dust
e02b3dfff9c191e,destruct/fx_dest_light_emergency_a
c008a0c6c2867b8,destruct/fx_dest_machine_vending_food
21ac22a63207c81,destruct/fx_dest_medical_rolling_iv_drip
178f0986dd74521,destruct/fx_dest_medicine_bottle
e7ea0a02e757a70,destruct/fx_dest_metal_sm
304f089b31a4ff2,destruct/fx_dest_missile_bldg_dust_blkstn
a1adbce714cfdd2,destruct/fx_dest_mobile_shop_hunter_crash_lotus
536a89475026024,destruct/fx_dest_monitor_curved_military_on
49fd5cde7f97983,destruct/fx_dest_monitor_military_safehouse_02
bb23d9bc8382880,destruct/fx_dest_monkeypod_break_sgen
d20945c8dffd39b,destruct/fx_dest_monkeypod_death_sgen
96a4ed4004068be,destruct/fx_dest_mug_orange
fc526f43a4d1787,destruct/fx_dest_palace_wall_ramses2
7682dc8c9dc948a,destruct/fx_dest_pallet_wood_damaged
a59ec613aa53582,destruct/fx_dest_paper
84625a8c3bbfd0,destruct/fx_dest_paper_flat
a93750f6f21340b,destruct/fx_dest_paper_sm_flat
5d67cf4f511a8f8,destruct/fx_dest_paper_trash_food
ecfa9494eca1f9a,destruct/fx_dest_paper_trash_food_flat
31b55f8f9832846,destruct/fx_dest_planter_lotus
b1999b461148446,destruct/fx_dest_plyr_arm_spark_bottom_ramses
f08d9bf6bbfcff2,destruct/fx_dest_plyr_arm_spark_igc_ramses
71bdd60e287386e,destruct/fx_dest_plyr_arm_spark_lg_igc_ramses
580b4e1bf03a3cb,destruct/fx_dest_quadtank_wall_veng
4ddbc55caeaf53f,destruct/fx_dest_ramses_cinema_dust_crack
c314906ca71d2bc,destruct/fx_dest_ramses_cinema_dust_grnd
be5974096bae9d9,destruct/fx_dest_ramses_cinema_dust_inner
9224583eb91f069,destruct/fx_dest_ramses_cinema_dust_updraft
b0657edaca686bd,destruct/fx_dest_ramses_cinema_exp
dee76c6030ac2ca,destruct/fx_dest_ramses_cinema_glass_exp
7da61875c85f05f,destruct/fx_dest_ramses_cinema_window_dust_exp
b799ece8b9cf7a7,destruct/fx_dest_ramses_plaza_glass_bldg
6b310d2a4d7a6ac,destruct/fx_dest_ramses_roof_collapse_puff
a4c9bf1c44da49a,destruct/fx_dest_ramses_statue
bdf5904235b4c80,destruct/fx_dest_ramses_statue_dust_trail
39e422e34381f03,destruct/fx_dest_ramses_tent_puff
df7a7790bce6ec6,destruct/fx_dest_ramses_wall
94445c3a4748876,destruct/fx_dest_ramses_wall_debris_puff
36ace436346de73,destruct/fx_dest_rktwall_ramses2
aae1dbbc9739ce,destruct/fx_dest_road_ramses
8737e094e216990,destruct/fx_dest_robot_body_sparks
c842fabaacbdcd4,destruct/fx_dest_robot_dmg_dyn_piece_smk
5713b475769a73f,destruct/fx_dest_robot_dmg_dyn_piece_smk_emitted
9eeb9a08debc378,destruct/fx_dest_robot_dmg_dyn_piece_spark
8052dd13922a741,destruct/fx_dest_robot_dmg_trail_smk_spawner
863ba285125131e,destruct/fx_dest_robot_head_sparks
a36da4af42613fc,destruct/fx_dest_robot_limb_sparks_left
5638e16244fa429,destruct/fx_dest_robot_limb_sparks_right
581f6ba14f138c9,destruct/fx_dest_server_military_01_lights
47a8c99c1d47894,destruct/fx_dest_server_rack_stackable_lower_01
47a8f99c1d47dad,destruct/fx_dest_server_rack_stackable_lower_02
367981be5147c0b,destruct/fx_dest_server_rack_stackable_upper_01
a13fe90504171ac,destruct/fx_dest_sink_hole_01_ramses
7e126e6db11e35b,destruct/fx_dest_sink_hole_02_ramses
595fc5c317328c6,destruct/fx_dest_sink_hole_03_ramses
c77f04a5e4a49ed,destruct/fx_dest_sink_hole_04_ramses
262bec6183e9e8,destruct/fx_dest_sink_hole_05_ramses
d9bbdb3bc6df7ed,destruct/fx_dest_spark_tendril_os
259302b68c31ae9,destruct/fx_dest_spark_tendril_small_os
774d931e506ac94,destruct/fx_dest_sprinkler
39fcaf51696b7a6,destruct/fx_dest_statue_infection
d91405281639b2c,destruct/fx_dest_statue_ramses
cd46fffdd47f041,destruct/fx_dest_statue_ramses_dust
ce502088f0cebdc,destruct/fx_dest_super_tree
4cd93fcef8baaf8,destruct/fx_dest_super_tree_lg
ede81ec458214b,destruct/fx_dest_super_tree_scaffold
ea2a480644552b4,destruct/fx_dest_tanker_bldg_crumble
dcce038f018f28,destruct/fx_dest_tanker_bldg_plyr_dust
d2bcece4e7d5f04,destruct/fx_dest_telephone_pole_reverse_infection
718cf8fca96a69d,destruct/fx_dest_telephone_pole_roof_reverse_infection
38ed93bec9a4348,destruct/fx_dest_train_rip_rails
3c45650f6c8e1d9,destruct/fx_dest_train_rip_sparks
6a9f535a1d0ab8a,destruct/fx_dest_train_rip_sparks_wall
a5ddb0ef1f5c4bb,destruct/fx_dest_transition_wall_reverse_infection
86469db315c5008,destruct/fx_dest_tree_trunk_reverse
7500c8d24822fe3,destruct/fx_dest_troop_door_ramses
c6053ba797dff31,destruct/fx_dest_truck_crash_asphalt_gouge_zurich
af0a5f0a6f76776,destruct/fx_dest_truck_fire_smk_sgen
f3e495587adb133,destruct/fx_dest_truck_fire_smk_trail_sgen
d758ccb9c7efeca,destruct/fx_dest_turret_1
d758bcb9c7efd17,destruct/fx_dest_turret_2
b8d0a69f84b7a8e,destruct/fx_dest_tv_led_flat
93e232a53713d83,destruct/fx_dest_vase_generic
24338e821e24e6b,destruct/fx_dest_vtol_crash_infection
dabdfdffd88ca7d,destruct/fx_dest_vtol_drop_prologue
ac81763f3c4d28a,destruct/fx_dest_vtol_dust_prologue
e8dd46ba908af74,destruct/fx_dest_vtol_engine_distort
bbf11d6aa320e59,destruct/fx_dest_vtol_hallway_aftermath_mist_lotus
53fda3e3b6cd4c3,destruct/fx_dest_vtol_hallway_concrete_dust_lotus
a453d1fd6459e47,destruct/fx_dest_vtol_hallway_concrete_pillar_lotus
42b07148dc9e606,destruct/fx_dest_vtol_hallway_concrete_wall_burst_elec_lotus
4c17a8b681a57ca,destruct/fx_dest_vtol_hallway_concrete_wall_burst_lotus
b2f872df6f951df,destruct/fx_dest_vtol_hallway_sprinkler_lotus
4b0117e5938ae94,destruct/fx_dest_vtol_pod_impact
c3f5accba845fe0,destruct/fx_dest_vtol_pod_impact_lg
485107d787813f5,destruct/fx_dest_vtol_windy_bridge_lotus
31648f0d23cd3ff,destruct/fx_dest_wall_building_a_infection
a4e15b2e3ecf6e0,destruct/fx_dest_wall_crumble_dust
581c784d978b2bf,destruct/fx_dest_wall_crumble_impact_dust
3b76ca8e1d8dff3,destruct/fx_dest_wall_crumble_impact_dust_safehouse
719310404ce429b,destruct/fx_dest_wall_crumble_safehouse_a
95200ef68270d10,destruct/fx_dest_wall_dust_attack_break_ground_lotus
1615b41f98e5a86,destruct/fx_dest_wall_dust_attack_break_lotus
48068f605dcf1ad,destruct/fx_dest_wall_dust_lotus
2f474db44b674f9,destruct/fx_dest_wall_fire_lotus2
972f9724043f62b,destruct/fx_dest_wall_nworld
a92423d89d8bc44,destruct/fx_dest_wall_security_door_lotus
65be34f1dfb6097,destruct/fx_dest_wall_spark_dust
c664cb75c3e1112,destruct/fx_dest_water_cooler_digital_body
55d5c9bf86efb6d,destruct/fx_dest_window_glass_edge
c237c082e89e1fb,destruct/fx_dest_window_kick_underwater_sgen
8fba695a0e603e0,destruct/fx_dest_window_lt_01_sgen_surgical_room
74e340126b95cb9,destruct/fx_dest_window_rt_02_sgen_surgical_room
de05f038a12983a,destruct/fx_dest_wood_directional_md
289b73374eef95,destruct/fx_dest_zur_train_graphic_glass_overhead
37ab5f860b078f5,destruct/fx_dest_zur_train_graphic_glass_short
ddfc111cbe15f87,destruct/fx_dest_zur_train_graphic_glass_short_bar
decb3428cef8263,destruct/fx_dest_zur_train_graphic_glass_short_wide_bar
85732fa069afd76,destruct/fx_dest_zur_train_graphic_glass_tall
9ec57123cf8f1b6,destruct/fx_exp_lightning_strike_dni_tree_dest
87bb4081f3998bd,destruct/fx_exp_tendril_emit
c8b48a0002d521c,destruct/fx_shutter_breach
ce63c911b1381b8,destruct/fx_vdest_amws_dmg_body_1
ce63f911b1386d1,destruct/fx_vdest_amws_dmg_body_2
dcdf18b50a2017a,destruct/fx_vdest_amws_dmg_turret_1
dcdf08b50a1ffc7,destruct/fx_vdest_amws_dmg_turret_2
be5f7d4447814ed,destruct/fx_vdest_car_engine_fire_frnt
c4567265445b488,destruct/fx_vdest_car_engine_fire_side
998e2ddc867d685,destruct/fx_vdest_car_engine_oil_impact
7547857f3a3bfbb,destruct/fx_vdest_car_engine_smk
86cb3e5e0892136,destruct/fx_vdest_car_exp
f4e3d97d38e9d5f,destruct/fx_vdest_car_exp_sm
b6069fd230860e9,destruct/fx_vdest_car_fire_burn
17464e137aabec8,destruct/fx_vdest_debris_elec_surge_sm_os
c306429b614a488,destruct/fx_vdest_debris_fire_trail_sm
5b0c80425e32b58,destruct/fx_vdest_debris_trail
dbf36a6dda83036,destruct/fx_vdest_hunter_dmg_body_1
dbf35a6dda82e83,destruct/fx_vdest_hunter_dmg_body_2
dbf34a6dda82cd0,destruct/fx_vdest_hunter_dmg_body_3
8c82b57e1bfebeb,destruct/fx_vdest_hunter_dmg_engine_rt
c45c89b39027170,destruct/fx_vdest_pamws_dmg_body_1
c45cb9b39027689,destruct/fx_vdest_pamws_dmg_body_2
f30d0a8ac6a632,destruct/fx_vdest_pamws_dmg_turret_1
f30c0a8ac6a47f,destruct/fx_vdest_pamws_dmg_turret_2
7c1ee580bd3afe9,destruct/fx_vdest_quadtank_dmg_body_1
7c1eb580bd3aad0,destruct/fx_vdest_quadtank_dmg_body_2
7c1ec580bd3ac83,destruct/fx_vdest_quadtank_dmg_body_3
8a3c2a95aefa61b,destruct/fx_vdest_quadtank_dmg_leg
275d64ef7a004b1,destruct/fx_vdest_quadtank_dmg_leg_smk
2de324f16d2219d,destruct/fx_vdest_quadtank_dmg_wires
3ffaa95a8bf87d4,destruct/fx_vdest_siegebot_dmg_arm_lf_2
3959a2dda36d270,destruct/fx_vdest_siegebot_dmg_body_1
3959d2dda36d789,destruct/fx_vdest_siegebot_dmg_body_2
3959c2dda36d5d6,destruct/fx_vdest_siegebot_dmg_body_3
3959f2dda36daef,destruct/fx_vdest_siegebot_dmg_body_4
b0010a0f4188571,destruct/fx_vdest_siegebot_dmg_leg_rt_3
b0011a0f4188724,destruct/fx_vdest_siegebot_dmg_leg_rt_4
c0544226e82457c,destruct/fx_vdest_siegebot_sm_death_exp_mp
c1ed0b527edb8f3,destruct/fx_vdest_siegebot_sm_dmg_arm_lf_2
14b7cbfaea90d66,destruct/fx_vdest_siegebot_sm_dmg_body_2
14b7dbfaea90f19,destruct/fx_vdest_siegebot_sm_dmg_body_3
14b7ebfaea910cc,destruct/fx_vdest_siegebot_sm_dmg_body_4
5750d61a1fa8341,destruct/fx_vdest_siegebot_sm_dmg_body_death_os
eae7678e317ab3b,destruct/fx_vdest_siegebot_sm_dmg_body_smk_mp
f785079265f0fc0,destruct/fx_vdest_siegebot_sm_dmg_body_sparks_bck_os_mp
ca2213204baf0ec,destruct/fx_vdest_siegebot_sm_dmg_body_sparks_frnt_os_mp
4f3956daee2ea62,destruct/fx_vdest_siegebot_sm_dmg_body_sparks_mp
77203b10c92bd06,destruct/fx_vdest_siegebot_sm_dmg_leg_rt_3
77206b10c92c21f,destruct/fx_vdest_siegebot_sm_dmg_leg_rt_4
65fab5c1bcb8706,destruct/fx_vdest_siegebot_sm_dmg_panel_1_os
9cfd6ff6df19d8c,destruct/fx_vdest_siegebot_sm_dmg_panel_fire_mp
cf87a4af1dcc575,destruct/fx_vdest_siegebot_sm_dmg_panel_mp
78993eaffa18965,destruct/fx_vdest_siegebot_sm_dmg_panel_sparks_loop
2efbb18d0d5b9a9,destruct/fx_vdest_siegebot_sm_dmg_panel_sparks_os
671b402838f8d55,destruct/fx_vdest_siegebot_sm_dmg_sparks_blue_burst_mp
7b93419e87ffb2c,destruct/fx_vdest_siegebot_sm_dmg_sparks_blue_burst_spwnr_mp
f44ce53fc5e2852,destruct/fx_vdest_siegebot_sm_dmg_sparks_blue_omni_mp
3122093a6be91f5,destructibles/fx_dest_fire_vert
cff2832237600f5,dirt/fx_dirt_boulder_trail_long_lg
851a78088bc5bd2,dirt/fx_dirt_burst_ai_raven
1e2e67fb1b8a28,dirt/fx_dirt_crumble02_fold_infection
3fb43a055b1b111,dirt/fx_dirt_crumble03_fold_infection
7c732f921f08d42,dirt/fx_dirt_crumble04_fold_infection
25f819dc3356b6b,dirt/fx_dirt_crumble05_fold_infection
b38ab3a54d3fd1b,dirt/fx_dirt_haboob_freerun_side
3bb6dfc1d6a1798,dirt/fx_dirt_slide_grnd_wall
c2eaefd09ce5ee,dirt/fx_dirt_underwater_boulder_impact_xlg
2bb0cba9ddfc782,dirt/fx_dirt_underwater_boulder_trail_lg
23ed06164172409,dirt/fx_dirt_underwater_boulder_trail_short_lg
ba4f8fea2854d04,dirt/fx_dust_big_hole_ramses
ce18362b7364841,dirt/fx_dust_big_vista_ramses
ce233123e295dda,dirt/fx_dust_blow_light_veiled
93919d9ebcc45a7,dirt/fx_dust_blow_prologue
dadf3ec790e2283,dirt/fx_dust_blow_ramses
a74e4f1d48f6d17,dirt/fx_dust_blow_veiled
dd4365c0a33af6f,dirt/fx_dust_blow_wall_impact_ramses
56d5e6823c097ed,dirt/fx_dust_bridge_swamp_biodome
1336e97d65cd572,dirt/fx_dust_burst_os_infection
95081f5e409df86,dirt/fx_dust_burst_os_ramses2
f894986e79530b2,dirt/fx_dust_cabin_fill_inf
b064656ff447656,dirt/fx_dust_ceiling_hole_reverse_50x50_os
a1a19f13a16e8d3,dirt/fx_dust_collasped_house
40d8ff9508e8352,dirt/fx_dust_crane_drop_prologue
d4a1a902aafb139,dirt/fx_dust_crumble_ceiling_lg
4d34be51def32e2,dirt/fx_dust_crumble_impact
8fe12e409d9949d,dirt/fx_dust_crumble_ramses
62f5a4e3ef77452,dirt/fx_dust_crumble_veng
ec7217454315c3d,dirt/fx_dust_debris_trail
d947520f1f7675d,dirt/fx_dust_debris_trail_lg_rock
2bfd17af409197,dirt/fx_dust_debris_trail_ramses2
b0f5dc97ec97485,dirt/fx_dust_debris_trail_thin
138e856706f3b26,dirt/fx_dust_debris_wall_rattle
a4d0c97fb1b2e6f,dirt/fx_dust_dest_floor_trickle
4156421d46338eb,dirt/fx_dust_dest_floor_trickle_infec
4b82cb74baa5b5f,dirt/fx_dust_dest_roof_trickle_infec
9766e2e30abc7a4,dirt/fx_dust_door_bang_lotus
2f3d5415a39a044,dirt/fx_dust_door_open_cyber
51db7d9dfaee598,dirt/fx_dust_drip_impact_redwood
7e66340eb079d0f,dirt/fx_dust_drip_redwood
1f142e2be71e7ba,dirt/fx_dust_drip_redwood_os
eeb06c0bc4445a0,dirt/fx_dust_exp_fold_infection
5d39c87516253b,dirt/fx_dust_exp_ground_shock_ability_sm
a9b4ea77417285,dirt/fx_dust_exp_ground_shock_md
64bdf82a181a28b,dirt/fx_dust_exterior_rubble_sm
3f164442207e7d7,dirt/fx_dust_face_kick_landing_lotus
fa54594e0b88ae3,dirt/fx_dust_face_kick_lotus
33e51c9d366a806,dirt/fx_dust_fall_barracks_ramses
9c32af5923e854f,dirt/fx_dust_fall_building_ramses
9d9f1d5f3d7c088,dirt/fx_dust_fall_ceiling_veiled
1a0328c5026e8e7,dirt/fx_dust_fall_ceiling_veiled_os
51b91f8466e9244,dirt/fx_dust_fall_constant_sh_veng
af12a847ba9a2,dirt/fx_dust_fall_crumble_rattle
2e34abf87147110,dirt/fx_dust_fall_crumble_rattle_ramses2
db56afb7825b8b3,dirt/fx_dust_fall_crumble_rattle_rnr
4a2a702e3e5097d,dirt/fx_dust_fall_edge_loop_prologue
89e89a688c77f1b,dirt/fx_dust_fall_edge_ramses_station
d131ef434deca3e,dirt/fx_dust_fall_edge_ramses_station_os
bc891925654374c,dirt/fx_dust_fall_edge_veiled
d58234136a61b53,dirt/fx_dust_fall_edge_veiled_os
ee1d5f37389c5dd,dirt/fx_dust_fall_lg_impact_lit
6e155de5a2be022,dirt/fx_dust_fall_lg_lit
e01a3e180146555,dirt/fx_dust_fall_lg_os_lit
fb1565176c95693,dirt/fx_dust_fall_light_spire
611294d1d0b459c,dirt/fx_dust_fall_line_sm
1ed5ff123b2bf86,dirt/fx_dust_fall_line_sm_thin
738f12382ed845c,dirt/fx_dust_fall_md
18a8ba5b1115f9b,dirt/fx_dust_fall_md_impact
f4319c85555e4cd,dirt/fx_dust_fall_md_impact_lit
315e4e2af02ac52,dirt/fx_dust_fall_md_lit
72cbf03a846ca85,dirt/fx_dust_fall_md_lit_oneshot
506170249646a83,dirt/fx_dust_fall_md_os
90be0c0cecdb365,dirt/fx_dust_fall_md_os_lit
895ad18c4fe9484,dirt/fx_dust_fall_md_windy_blkstn_os
35169e2714706de,dirt/fx_dust_fall_pulley_biodome
7886c61fb2466cf,dirt/fx_dust_fall_rattle
13d0a6c5c54d339,dirt/fx_dust_fall_rattle_hvy
f8bc120e4229bb1,dirt/fx_dust_fall_rattle_hvy2
df15e86d3492552,dirt/fx_dust_fall_rattle_veng
28d9a65d4955960,dirt/fx_dust_fall_silo_veiled
4423e3fc5b428ce,dirt/fx_dust_fall_sm_factory_zmb
17e44d92a2d827a,dirt/fx_dust_fall_sm_impact_lit
11751336a260aeb,dirt/fx_dust_fall_sm_lit
ed8e72c6deb220,dirt/fx_dust_fall_sm_lit_oneshot
b74165e47701960,dirt/fx_dust_fall_sm_os
7b560a6edb6e7d3,dirt/fx_dust_fall_sm_os_factory_zmb
6f74a86c8eba94e,dirt/fx_dust_fall_sm_os_lit
9a67c1d40d24e95,dirt/fx_dust_fall_sm_spire
319d64befcf1f8f,dirt/fx_dust_fall_xlg_int_os
32b1ae0e735f09d,dirt/fx_dust_fall_xsm_lit
600e6a4b0de1e78,dirt/fx_dust_fall_xsm_os_lit
f9cfd5044e15784,dirt/fx_dust_furn_drop_lg
f991a5044dd9ff4,dirt/fx_dust_furn_drop_md
fc8f7504506883d,dirt/fx_dust_furn_drop_sm
680ac656d2ad103,dirt/fx_dust_furn_drop_xsm
51168e72894a471,dirt/fx_dust_grnd_300x300
fcba4c7646352e1,dirt/fx_dust_grnd_300x300_china
ee9285b21ade9d6,dirt/fx_dust_ground_underwater
e66a26f45886636,dirt/fx_dust_haboob_geo
e089ab5c5e21926,dirt/fx_dust_haboob_geo_lotus
2a9a47c992c91bb,dirt/fx_dust_haboob_sector
e0df72965586d18,dirt/fx_dust_haboob_sector_bright
da8c6c729749bd1,dirt/fx_dust_haboob_sector_edge
b61ebfc409f97cc,dirt/fx_dust_haboob_vista_freerun2
4d113f9416e0a82,dirt/fx_dust_haboob_vtol_geo_lotus
d6afa7dd7f8e0e7,dirt/fx_dust_heli_swirl_ramses
82dfe3765c297c7,dirt/fx_dust_impact_boulder_ground_lg
831dd3765c6488b,dirt/fx_dust_impact_boulder_ground_md
7cbf837656fc33a,dirt/fx_dust_impact_boulder_ground_sm
ad6b0fe1abbdd71,dirt/fx_dust_impact_boulder_omni_lg
a091bc09d868e9d,dirt/fx_dust_impact_ground_lg
ee8157dbfca920d,dirt/fx_dust_impact_ring_lite_md
fb924e3a66cb73a,dirt/fx_dust_impact_ring_lrg
21fffacf4991f0e,dirt/fx_dust_impact_ring_md
cfd48e40891ef5c,dirt/fx_dust_impact_ring_xlg
f557412ab6986c8,dirt/fx_dust_impact_siegebot_landing
eb851d4a957ec5f,dirt/fx_dust_impact_siegebot_takeoff
c223327d4639109,dirt/fx_dust_impact_xlg
84f375095c4c392,dirt/fx_dust_int_rubble_sm
17d86e7ac7ec527,dirt/fx_dust_lamp_spire
e24b23410f2facb,dirt/fx_dust_ledge_crumble_50
adccccc54c8588f,dirt/fx_dust_ledge_crumble_c
d95f3341079b0f8,dirt/fx_dust_ledge_crumble_os
55098537069d2b6,dirt/fx_dust_linger_100x100_light
4b9a5d0150ce5d9,dirt/fx_dust_linger_200x200
6871f6fdc46cfd8,dirt/fx_dust_linger_200x200_2_china
fa03edaba850769,dirt/fx_dust_linger_200x200_china
1ac6489adcb1416,dirt/fx_dust_linger_200x200_light
a319e46ec0d7aee,dirt/fx_dust_linger_200x200_sh_cairo
32235de6d4ccc7b,dirt/fx_dust_linger_200x200_thick
b6caa78176c2e29,dirt/fx_dust_linger_300x300_int_ramses
480efdcdcc4822e,dirt/fx_dust_linger_cave_2_sector
556442d7a202437,dirt/fx_dust_linger_cave_3_sector
50c19c39f997b2d,dirt/fx_dust_linger_cave_sector
77ab19c66779ee,dirt/fx_dust_linger_int_fast_sector
f346861f8ab3cdb,dirt/fx_dust_linger_int_sector
ac653761513ac0d,dirt/fx_dust_linger_lt_veiled
8c80ab5ed3b53e,dirt/fx_dust_linger_md_veiled
fac964d48153c60,dirt/fx_dust_linger_room_lg
fa9b34d481337d0,dirt/fx_dust_linger_room_md
ebc12cbfb7d08bf,dirt/fx_dust_linger_sation_ramses
df12158805b7cb3,dirt/fx_dust_linger_slow_200x200_sgen
c6c55add997c5c7,dirt/fx_dust_linger_sm
fa2c50192aaad1a,dirt/fx_dust_linger_veiled
4d31968f44b7190,dirt/fx_dust_linger_xlg
36ae18e25cdc771,dirt/fx_dust_lite_rubble_sm
5405840919dea21,dirt/fx_dust_loosen_roots_break_train01
5405540919de508,dirt/fx_dust_loosen_roots_break_train02
bca18a5b0198305,dirt/fx_dust_mote_300x300_heavy
bd4884e00948184,dirt/fx_dust_mote_int_sm_stronghold
b9aaf5663b9dfa3,dirt/fx_dust_mote_int_stronghold
dd4f10d43c95517,dirt/fx_dust_motes_100x100_zombie_sh
92f9c25eec8b5f0,dirt/fx_dust_motes_150x150
3d7f406e0619263,dirt/fx_dust_motes_150x150_factory_zmb
bb641fa481d497c,dirt/fx_dust_motes_150x150_ramses
f73e0e3b0531344,dirt/fx_dust_motes_15secs
d55019a0fc08644,dirt/fx_dust_motes_200x200
93fe9001330e58,dirt/fx_dust_motes_200x200_pcloud
68b7ba57c4ac4a4,dirt/fx_dust_motes_200x200_spire
5c25fe8e6bbbb10,dirt/fx_dust_motes_250x250
1d0117f2e8dd30,dirt/fx_dust_motes_250x250_veiled
fc9c3d19cab1004,dirt/fx_dust_motes_300x300
a3bf5128f2883c1,dirt/fx_dust_motes_300x300_sm
f102ca2e3ee2ef6,dirt/fx_dust_motes_50x50
3b2d8fb95787695,dirt/fx_dust_motes_barracks_ramses
4a0e4b887c7f1d4,dirt/fx_dust_motes_bokeh_cam_igc_sgen_timelapse
75d4c9fc76c2f66,dirt/fx_dust_motes_cam_igc_sgen_timelapse
96632bf7fd92cb7,dirt/fx_dust_motes_dist_250x250
f0772ef63de9679,dirt/fx_dust_motes_doorway_ramses
61e500146d8ab7,dirt/fx_dust_motes_fan_veiled
5378d3c6d9c16a2,dirt/fx_dust_motes_hallway_chinatown
11ff6810a14d7ba,dirt/fx_dust_motes_hot_50x50
295dbdcc8f6e41,dirt/fx_dust_motes_infection_blkstation_ igc
4d1858b8ddddcd9,dirt/fx_dust_motes_infection_blkstation_igc
1df233d0aede17d,dirt/fx_dust_motes_int_chinatown
ada46b67f9d506f,dirt/fx_dust_motes_int_thick
b793cf4d6422c02,dirt/fx_dust_motes_pcloud_300x300
9062b688637f50,dirt/fx_dust_motes_player_loop
f9aa0be6514ab61,dirt/fx_dust_motes_player_loop_lite
49f9903b3be831d,dirt/fx_dust_motes_player_loop_uw
4b24f024b6e2cb6,dirt/fx_dust_motes_room_fill_sh_cairo
bf91044a02259ed,dirt/fx_dust_motes_room_light_sh_cairo
eff351ad2d9cdd6,dirt/fx_dust_motes_room_nofocus_sh_cairo
dbe80e87c74e3af,dirt/fx_dust_motes_sphere_50
fb5c424f558120f,dirt/fx_dust_motes_spire
15d1e2a15a24368,dirt/fx_dust_motes_stairway_ramses
5042a9d70e209bb,dirt/fx_dust_motes_tinhat_factory_zmb
9d1d77d12d636aa,dirt/fx_dust_motes_wind
e87f0e5c1e19070,dirt/fx_dust_motes_window_china
3e76f60ac108811,dirt/fx_dust_motes_window_sh_cairo
c423e3a44e1ac0f,dirt/fx_dust_motes_windy_veiled
bfbdb08e7269c60,dirt/fx_dust_pouch_ramses
fafa45b6b5a3747,dirt/fx_dust_prisoner_prologue
98e7c53f14ff0ab,dirt/fx_dust_prop_fan_digital_lg
9479653f1141a36,dirt/fx_dust_prop_fan_digital_sm
19db201362a08c7,dirt/fx_dust_ramses_wall_drop
11f79e3ac695a54,dirt/fx_dust_rattle_int_apartment
3ace237bdf4e0d3,dirt/fx_dust_reverse_radial_infection
a3add202538fbf6,dirt/fx_dust_rktbldgrnd_400_ramses2
8031ff1a5dde3ee,dirt/fx_dust_roof_hole_infec
6e07f035186ff9a,dirt/fx_dust_room_fill_inf
5c59dc286ce8802,dirt/fx_dust_rotorwash_line_vtol_ramses_os
2ae1e64eff4c963,dirt/fx_dust_rotorwash_vtol_blkstn
167db87ac4e7396,dirt/fx_dust_rotorwash_vtol_blkstn_os
e3c5da4b4ec7ee3,dirt/fx_dust_rotorwash_vtol_loop
5c7dc306ecf2770,dirt/fx_dust_rotorwash_vtol_prologue
7af5dd4a42be67f,dirt/fx_dust_rotorwash_vtol_prologue_os
6cdc9fdf0d3680c,dirt/fx_dust_rotorwash_vtol_ramses
ee3bf60eaa3c13,dirt/fx_dust_rotorwash_vtol_ramses_os
ec9bd81f53de540,dirt/fx_dust_rubble_pile
f4552c2f79a8d7e,dirt/fx_dust_sand_storm_player_loop
536a7847b142f4f,dirt/fx_dust_slow_100x100
557a39dacad70c3,dirt/fx_dust_slow_150x150
69c98a17ce05a02,dirt/fx_dust_spawn_cover_parking_wall_zurich
a6497ce961f03f3,dirt/fx_dust_swirl_biodomes
5bd6b020c97240a,dirt/fx_dust_swirl_debris_500
7df65cbc2b9a924,dirt/fx_dust_swirl_sgen
894c403a197396c,dirt/fx_dust_swirl_veiled
37aca5df8382012,dirt/fx_dust_trail_child
404617442643d68,dirt/fx_dust_trail_child_infection
eeebb62d3ebcf8a,dirt/fx_dust_trail_child_lrg
c721132d6b1da1e,dirt/fx_dust_trail_child_md
e6ee2f00270208a,dirt/fx_dust_trail_child_md_sgen
7206f897b5df62c,dirt/fx_dust_trail_child_xlrg
6bd4363a1831027,dirt/fx_dust_trail_emit
14aa99bf1f35d0d,dirt/fx_dust_trail_emit_infection
88347389645ba7,dirt/fx_dust_trail_emit_lrg
d867952a80c8d61,dirt/fx_dust_trail_emit_md
7e6cf72d6a30c7,dirt/fx_dust_trail_emit_md_sgen
1b952b79c6bd8cf,dirt/fx_dust_trail_emit_xlrg
eff11b386fd4564,dirt/fx_dust_tree_impact_xlg_vista
417c62300bd0b75,dirt/fx_dust_vent_rattle_lotus
7a4d7c22b5963b9,dirt/fx_dust_vtol_flyin_igc_infection
d6c7d681d89f3f3,dirt/fx_dust_wall_slide
84d300e2d217062,dirt/fx_dust_warlord_land
3f1900ff9fc29b1,dirt/fx_dust_wind_bush_sector
866288bbcbc9d2d,dirt/fx_dust_wind_cave_ethiopia
75e2e5afcf21d25,dirt/fx_dust_wind_corner_china
41376a4f1408cb8,dirt/fx_dust_wind_corner_sector
65eabfd4cf5dcab,dirt/fx_dust_wind_door_runner
e6ae80fedbf80dd,dirt/fx_dust_wind_large_fill_freerun2
dcd1f7d7340cce0,dirt/fx_dust_wind_lg_endcrash_biodome
7dace28b22fd33c,dirt/fx_dust_wind_lg_sector
6ffb699abb0054f,dirt/fx_dust_wind_lt_sector
b4cd33242db7bc8,dirt/fx_dust_wind_md_2_veiled
d664b1dc6418a5d,dirt/fx_dust_wind_md_3_veiled
ea4a78492796894,dirt/fx_dust_wind_md_biodomes
94331353c5f93b1,dirt/fx_dust_wind_md_ethiopia
c8a9d5bbb62204c,dirt/fx_dust_wind_md_redwood
f73c59d454e5101,dirt/fx_dust_wind_md_redwood_2
42daca3e7577ed7,dirt/fx_dust_wind_md_redwood_shad
ab132abe761ae2c,dirt/fx_dust_wind_md_sector
2821d77093acfee,dirt/fx_dust_wind_md_sector_3
513008a536e8aac,dirt/fx_dust_wind_md_spawn_sector
41dc455ad6f812b,dirt/fx_dust_wind_md_virus_china
844eaa6b50f75b8,dirt/fx_dust_wind_military_bastion
21c5b10162de478,dirt/fx_dust_wind_motes
25f4e43fbcd037f,dirt/fx_dust_wind_rock_2_sector
782764fefb953a8,dirt/fx_dust_wind_rock_2_veiled
9fd6c95871bb876,dirt/fx_dust_wind_rock_3_sector
5925565a8772c05,dirt/fx_dust_wind_rock_freerun2
ab382cb0c2013cc,dirt/fx_dust_wind_rock_sector
758b08e81f9aa0f,dirt/fx_dust_wind_slow_md
c7fe0cb84a4d7bf,dirt/fx_dust_wind_sm_2_veiled
36ac73ec828a18b,dirt/fx_dust_wind_sm_os
c2a4665404e53a7,dirt/fx_dust_wind_sm_runner
e406253ce2ee7d3,dirt/fx_dust_wind_sm_sector
fa5c73ea34670ac,dirt/fx_dust_wind_sm_veiled
799da336e96133a,dirt/fx_dust_wind_vent_sector
bf1a4066c664e3b,dirt/fx_dust_wind_vista_veiled
a994f35ac6e577b,dirt/fx_dust_wind_window_os
e44ab1532dd4717,dirt/fx_dust_wind_window_runner
1937785c80c9f1b,dirt/fx_dust_window_int_china
ef6dd8171813453,dirt/fx_dust_window_sm_sh_cairo
46c832b4a6cf1ff,dirt/fx_dust_windy_doorway_100x60x100
5d706c217ded41f,dirt/fx_igc_dust_motes_dim_250x250
25feccecef0be85,dirt/fx_igc_dust_motes_dist_250x250
2e9d28b8156fd77,dirt/fx_sand_blowing_vista
dc80604f5b35a95,dirt/fx_sand_cliff_lift
b8f0bbf9e0bf15c,dirt/fx_sand_cliff_lift_in_sun
af9e17fd8d37a2d,dirt/fx_sand_ground_lift_sm
f3f5ac12b68fb94,dirt/fx_sand_ground_lift_sm_in_sun
7238b3d920d19f3,dirt/fx_sand_ground_lift_xsm
ecb401c8e252f12,dirt/fx_sand_ground_lift_xsm_in_sun
981965bdc0d1f81,dirt/fx_sand_gust_vtol_door_igc_infection
19eb96108ac0d7e,dirt/fx_sand_particle_blow
71be0d47dc02f0,dirt/fx_sand_storm_md
ffa832cdd5e4cb,dirt/fx_sand_storm_md_in_sun
d295486d5612878,dirt/fx_sand_storm_sm_in_sun
e26c0716507332c,dirt/fx_sand_transition_end_infection
3f566d3cb233cfa,dirt/fx_sand_transition_infection
333bbd9072dcb27,dirt/fx_sand_transition_sparce_infection
cd5de4bf6af7b09,dirt/fx_sand_transition_start_infection
c2ddb89954f32c8,dirt/fx_sand_transition_thick_infection
88daf368310d13b,dirt/fx_sand_wind_billow_lg
1e7af24564069ba,dirt/fx_sand_wind_billow_lg_in_sun
8909e368312ea2f,dirt/fx_sand_wind_billow_md
8b28936832face6,dirt/fx_sand_wind_billow_sm
e71999228b3dd11,dirt/fx_sand_wind_billow_sm_in_sun
cca8cf5d1958d0f,dirt/fx_sand_wind_ground_lg
30000b1809ba387,dirt/fx_sand_wind_ground_lg_narrow
cce6bf5d1993dd3,dirt/fx_sand_wind_ground_md
5ecd26c398c7ba3,dirt/fx_sand_wind_ground_md_narrow
d0b96f5d1cd3502,dirt/fx_sand_wind_ground_sm
9b3b539f0de01a0,dirt/fx_sand_wind_ground_sm_narrow
e736c452c105c60,dirt/fx_sand_wind_low_md
e8799452c2151e1,dirt/fx_sand_wind_low_sm
2a47fe8ffa595fd,dirt/fx_sand_wind_low_sm_narrow
45d21073473f273,dlc0/factory/fx_difference_machine_factory
6b2c642f20cce8b,dlc0/factory/fx_dog_fire_trail_child_factory
d754e0f76378573,dlc0/factory/fx_dust_fall_sm_factory
c41e3953eb2d9bc,dlc0/factory/fx_dust_fall_sm_os_factory
dbe4ad8a0185e10,dlc0/factory/fx_dust_linger_md_factory
a94e6eed7929475,dlc0/factory/fx_dust_linger_sm_factory
6fd2eb9d02c48e2,dlc0/factory/fx_dust_motes_150x150_factory
90d233744187228,dlc0/factory/fx_dust_motes_tinhat_factory
e48da322daa9aff,dlc0/factory/fx_dust_slow_150x150_factory
18f6b61e9c24b69,dlc0/factory/fx_dust_slow_thick_150x150_factory
53a803c72e91ced,dlc0/factory/fx_elec_trap_factory
42610d2fea3521d,dlc0/factory/fx_fire_ceiling_embers_factory
58cf2280c2744b9,dlc0/factory/fx_fire_furnace_factory
b752cdd3685c54,dlc0/factory/fx_fire_wall_embers_factory
e017dae4f4eb2bb,dlc0/factory/fx_fog_ground_light_md_factory
76f0eaa108034f3,dlc0/factory/fx_laser_hotspot_factory
dd8a4e7cc9c9587,dlc0/factory/fx_laser_source_robothead
f68219b5f64c26c,dlc0/factory/fx_laser_steam_factory
813b11cf57c3b58,dlc0/factory/fx_laser_steam_wide_factory
9a667886f5ee701,dlc0/factory/fx_laserbeam_long_factory
8841bb2cc30efe9,dlc0/factory/fx_laserbeam_short_factory
f721689fc8a5202,dlc0/factory/fx_mainframe_beam_factory
9a040818da34681,dlc0/factory/fx_mainframe_warmup_factory
d5ca7abdcbd1e49,dlc0/factory/fx_smk_ceiling_crawl_factory
30223188c3196e1,dlc0/factory/fx_smk_ceiling_crawl_slow_factory
9a58ca29eb74481,dlc0/factory/fx_smk_ground_rubble_50x50_factory
ab1f03e087189c6,dlc0/factory/fx_smk_stack_burning_factory
31ba83073a118c,dlc0/factory/fx_snow_ground_wind_300x150_factory
b5a61f98a538b23,dlc0/factory/fx_snow_ground_wind_300x300_factory
c0d00b7e1ec8ff9,dlc0/factory/fx_snow_lamp_flurry_100_factory
bc64923cdd1576d,dlc0/factory/fx_snow_lamp_flurry_50_factory
1f60e60f3a45c2e,dlc0/factory/fx_snow_player_os_factory
4ecac98137b5002,dlc0/factory/fx_steam_bridge_factory
c47d0df47652ca,dlc0/factory/fx_steam_left_bridge_left_factory
5203ae8d00c5809,dlc0/factory/fx_steam_left_bridge_right_factory
551281c15fcb425,dlc0/factory/fx_steam_right_bridge_left_factory
cefc8ae77150760,dlc0/factory/fx_steam_right_bridge_right_factory
6d70e57a2b1c8b4,dlc0/factory/fx_steam_vat_factory
62ffe08d0879793,dlc0/factory/fx_steam_vent_sm_factory
ab286cd49d5244a,dlc0/factory/fx_teleporter_beam_factory
90096ff74ba3e08,dlc0/factory/fx_teleporter_elec_strike
293097b5e75bd67,dlc0/factory/fx_teleporter_elec_strike_os
17acf80a41d59ce,dlc0/factory/fx_teleporter_elec_strike_sparks_os
a72218d0653e8b0,dlc0/light/fx_light_green_teleporter_controller_factory
e4265db2aac32da,dlc0/light/fx_light_lantern_factory_zmb0_spot_1
6371b14cdd9fcb4,dlc0/light/fx_light_red_teleporter_controller_factory
9803405daab9cc5,dlc0/light/fx_light_trap_electric_lrg_factory_0
236744987e0cc6f,dlc0/light/fx_light_zm_fire_spot_5_dlc0
be980969ee65a38,dlc0/nuketown/fx_de_rez_ambient
6b27334738e8886,dlc0/nuketown/fx_de_rez_ambient_grey
1b77d605ee900a0,dlc0/nuketown/fx_de_rez_birds
e337584722c74f3,dlc0/nuketown/fx_de_rez_butterfly
3209fa28efc747c,dlc0/nuketown/fx_de_rez_butterfly_dth
fba67cba9af02e1,dlc0/nuketown/fx_de_rez_butterfly_dth_b
fba57cba9aee7b1,dlc0/nuketown/fx_de_rez_butterfly_dth_r
62ae0520a34ed08,dlc0/nuketown/fx_de_rez_butterfly_start
1004c9a6b9bf4f5,dlc0/nuketown/fx_de_rez_butterfly_start_b
1003c9a6b9bd9c5,dlc0/nuketown/fx_de_rez_butterfly_start_r
6fd9c9c9022a738,dlc0/nuketown/fx_de_rez_butterfly_trail
e9e75271ecbcb05,dlc0/nuketown/fx_de_rez_butterfly_trail_b
e9e85271ecbe635,dlc0/nuketown/fx_de_rez_butterfly_trail_r
2105c07d1d6e394,dlc0/nuketown/fx_de_rez_center_02
2e6a307d28d1722,dlc0/nuketown/fx_de_rez_center_sm
9b51d47c02b6f7b,dlc0/nuketown/fx_de_rez_center_tree_red_sm
a23752ef52b3f06,dlc0/nuketown/fx_de_rez_center_window
e3d84fd8b2989ae,dlc0/nuketown/fx_de_rez_ext_flat_grass
196f454466f4af2,dlc0/nuketown/fx_de_rez_ext_flat_lite_gray
f87aa56a5eeea17,dlc0/nuketown/fx_de_rez_fireplace
733cf1a207c2ff8,dlc0/nuketown/fx_de_rez_flat_door
4d6fb2fc3a5cbb7,dlc0/nuketown/fx_de_rez_flat_spawn
2b54f4c0606bf98,dlc0/nuketown/fx_de_rez_ground_blue
ffbf6f6021a6f7f,dlc0/nuketown/fx_de_rez_ground_green
e08f345aa291cf,dlc0/nuketown/fx_de_rez_ground_grey
f2c5a011673baf4,dlc0/nuketown/fx_de_rez_ground_low_grey
187b5d9e7834c8e,dlc0/nuketown/fx_de_rez_ground_orange
c443b9b437b8850,dlc0/nuketown/fx_de_rez_int_flat_md_drk_blue
526089b009f5269,dlc0/nuketown/fx_de_rez_int_flat_md_drk_brwn
b72b382ad421533,dlc0/nuketown/fx_de_rez_int_flat_md_drk_gray
6cc9b4460064499,dlc0/nuketown/fx_de_rez_int_flat_md_lite_blue
32ae35ccfb70266,dlc0/nuketown/fx_de_rez_int_flat_md_lite_gray
cd3a4a759578062,dlc0/nuketown/fx_de_rez_int_flat_md_lite_grn
27665a444f52ad2,dlc0/nuketown/fx_de_rez_int_flat_md_orng
701b84af083fe13,dlc0/nuketown/fx_de_rez_int_flat_md_tan
d5f422bf1a019b0,dlc0/nuketown/fx_de_rez_line_white
42cb982b3b70e34,dlc0/nuketown/fx_de_rez_man_spawn
6edf56717a2fd0c,dlc0/nuketown/fx_de_rez_pod_bottom_blue
85abbd63be4874a,dlc0/nuketown/fx_de_rez_pod_bottom_glow_blue
3bfdc7ddeba40d2,dlc0/nuketown/fx_de_rez_pod_bottom_lg_blue
3ffea823c8abb3,dlc0/nuketown/fx_de_rez_pod_red
ca69cbe4af0ea42,dlc0/nuketown/fx_de_rez_rattle
5bb7cecd99dc043,dlc0/nuketown/fx_de_rez_rattle_blue
7a8f886aec54a7e,dlc0/nuketown/fx_de_rez_rattle_green
1217105a4551f0d,dlc0/nuketown/fx_de_rez_rattle_orange
2f760ae9e33b3c9,dlc0/nuketown/fx_de_rez_sm_sparkle
73a353627ab5ccc,dlc0/nuketown/fx_de_rez_sm_sparkle_runner
1f297136ab9f994,dlc0/nuketown/fx_de_rez_tree_green
d28d6d7404a50ca,dlc0/nuketown/fx_de_rez_tree_green_tall
ecd91a053495f15,dlc0/nuketown/fx_de_rez_tree_pink
57e91257c2cf4a4,dlc0/nuketown/fx_de_rez_tree_red
c2049728f00f709,dlc0/nuketown/fx_de_rez_vista_01
1fac8aa3eb51549,dlc0/nuketown/fx_de_rez_vista_beam
b92ae678d14e4d2,dlc0/nuketown/fx_de_rez_vista_beam_blue
b83e59f9838c35f,dlc0/nuketown/fx_de_rez_vista_edge
88587c698449cd3,dlc0/nuketown/fx_de_rez_vista_flat_md
75aee2e24e8a5e8,dlc0/nuketown/fx_de_rez_vista_flat_md_dark
7257d355000af49,dlc0/nuketown/fx_de_rez_vista_flat_md_edge
c3c4fe958bffa03,dlc0/nuketown/fx_de_rez_vista_flat_sm_blue
83ec96ce786ac99,dlc0/nuketown/fx_de_rez_wall_blue
e63e293333bab51,dlc0/nuketown/fx_de_rez_wall_grass
212719347bc1c78,dlc0/nuketown/fx_de_rez_wall_green
4ab19855743b55a,dlc0/nuketown/fx_de_rez_wall_grey
93d31eeb87c4ba0,dlc0/nuketown/fx_de_rez_wall_grey_wide
619531d2caf69af,dlc0/nuketown/fx_de_rez_wall_orange
daab879c5090b68,dlc0/nuketown/fx_de_rez_wall_red
2621b99e7613f54,dlc0/nuketown/fx_de_rez_water_faucet
8326acede77c0b0,dlc0/nuketown/fx_de_rez_water_green_house
e2de9d98bfddd56,dlc1/castle/fx_battery_elec_beam_castle
c9636f540b9af9b,dlc1/castle/fx_battery_elec_beam_castle_2
f7a305b06db0663,dlc1/castle/fx_battery_lightning_castle
1dd75fa6d530d0c,dlc1/castle/fx_bgb_machine_available_castle
ed68c73fc6f74c7,dlc1/castle/fx_bgb_machine_available_cycle_castle
4a8fd89e22b7588,dlc1/castle/fx_bgb_machine_bulb_activated_castle
ff48e15f66d8b34,dlc1/castle/fx_bgb_machine_bulb_available_castle
f8c2837cc77fc0f,dlc1/castle/fx_bgb_machine_bulb_away_castle
471744f76b9256d,dlc1/castle/fx_bgb_machine_bulb_event_castle
deaf23c84544522,dlc1/castle/fx_bgb_machine_bulb_rounds_castle
8d837a77e50f42,dlc1/castle/fx_bgb_machine_bulb_time_castle
c0281434078fc10,dlc1/castle/fx_castle_elec_sparks_bounce_sm_blue
13a313438a3a4e1,dlc1/castle/fx_castle_electric_cherry_down
8c2d7d24c0d61a7,dlc1/castle/fx_castle_electric_cherry_trail
57895f9bca16553,dlc1/castle/fx_castle_pap_light_brighten
c1f1198703825ca,dlc1/castle/fx_castle_pap_reform
91869502b4c62a7,dlc1/castle/fx_castle_pap_teleport_flash
909510886db6a4a,dlc1/castle/fx_castle_pap_teleport_ground_end
cf112c554fdbd2b,dlc1/castle/fx_castle_pap_teleport_ground_loop
419c29ea30fa40b,dlc1/castle/fx_castle_pap_teleport_parts
2cb3388ca89c894,dlc1/castle/fx_castle_pap_teleport_parts_float_smk
3b6be6f088d44ce,dlc1/castle/fx_castle_pap_teleport_parts_os
69883748d6d3790,dlc1/castle/fx_cloud_vista_mountain_white_med_trim_castle
5b1551353b55fe,dlc1/castle/fx_cloud_vista_mountain_white_sml_trim_castle
e86765d6fd8c5c9,dlc1/castle/fx_cloud_wind_vista_castle
8422ab23856ba33,dlc1/castle/fx_demon_gate_dest_ceiling_burst
5b51ff5dbf2f497,dlc1/castle/fx_demon_gate_dest_ceiling_debris_impact
71aaccb88021e60,dlc1/castle/fx_demon_gate_dest_floor_tiles_burst
3c3cea27a63da3b,dlc1/castle/fx_demon_gate_floor_tile_glow
96f8d0f8a2edb10,dlc1/castle/fx_demon_gate_floor_tile_hole_glow
7f70abb80b79049,dlc1/castle/fx_demon_gate_pick_up
2e5c24ff9727223,dlc1/castle/fx_demon_gate_portal_close
7dc40987c69d5cb,dlc1/castle/fx_demon_gate_portal_loop
853f3a453e64ac9,dlc1/castle/fx_demon_gate_portal_open
f714cc52dfddc9a,dlc1/castle/fx_demon_gate_rune_circle_glow_blue
8bbaf4f2c1614fe,dlc1/castle/fx_demon_gate_rune_circle_glow_pink
b6e8be8f711ce2,dlc1/castle/fx_demon_gate_rune_glow
a69f832fd2b046d,dlc1/castle/fx_demon_gate_rune_glow_loop
77a423889bceb9a,dlc1/castle/fx_demon_gate_rune_glow_loop_world
343267cc91cbaa9,dlc1/castle/fx_demon_gate_rune_glow_loop_world_fast
94a2a0f8da1a7ef,dlc1/castle/fx_demon_gate_skulls_trail
bd85b985ff9aa7d,dlc1/castle/fx_demon_gate_urn_exp
8b4d3c17b5b00d2,dlc1/castle/fx_demon_zombie_death_energy
eb3263fce957e21,dlc1/castle/fx_demon_zombie_death_energy_tendril
2b501c480569f27,dlc1/castle/fx_demon_zombie_death_energy_trail_thick
f941565acba40ed,dlc1/castle/fx_demon_zombie_death_energy_trail_thin
b92a811578429a6,dlc1/castle/fx_dempsey_satellite_twinkle
3b479ef0ef14146,dlc1/castle/fx_dirt_digging_loop
a79aee438a14f12,dlc1/castle/fx_dirt_digging_os
9109c8cd2d6fb4e,dlc1/castle/fx_dlc1_spot_dempsey_capsule_castle
5a124e15b284998,dlc1/castle/fx_dragon_head_dest_impact
51b85092abaf06e,dlc1/castle/fx_dragon_head_eye_glow
d1d5f4852febe7,dlc1/castle/fx_dragon_head_eye_glow_sm
3c1b5c9ba2e02cd,dlc1/castle/fx_dragon_head_intro
7fc9fefb7829a2f,dlc1/castle/fx_dragon_head_mouth_blood
829a2dff7f79d33,dlc1/castle/fx_dragon_head_mouth_drips
2cfc397e785ca88,dlc1/castle/fx_dragon_head_mouth_drips_tongue
4904fb8096a9cd1,dlc1/castle/fx_dragon_head_mouth_fire
d7051eb8d7c2242,dlc1/castle/fx_dragon_head_mouth_fire_sm
9a2061ac35dc2e,dlc1/castle/fx_dragon_head_neck_edge
b75f9f075243fc4,dlc1/castle/fx_dragon_head_nose_smoke
605a7ee4e801cc4,dlc1/castle/fx_dust_drip
a9fca1dc6e2225b,dlc1/castle/fx_dust_drip_os
e0bbd651788166a,dlc1/castle/fx_dust_ground_swirl_62x62_os
4331f2e79947175,dlc1/castle/fx_dust_impact_ground
8319d50e20c6ebb,dlc1/castle/fx_dust_landingpad
f2b7079020528d8,dlc1/castle/fx_dust_linger_veiled
39839f9041c188b,dlc1/castle/fx_dust_mote_int_castle
7e198e36baa703e,dlc1/castle/fx_ee_bell_tower_impact_castle
c5baed159254082,dlc1/castle/fx_ee_capsule_electric_shield
21f8b50a4360588,dlc1/castle/fx_ee_capsule_fog_ambient
fa422fbc44d4532,dlc1/castle/fx_ee_capsule_fog_inside_igc
472c6b23d4d951d,dlc1/castle/fx_ee_capsule_fog_outside_igc
82de1acc37c9e6b,dlc1/castle/fx_ee_capsule_trail
cb7db028a1b502,dlc1/castle/fx_ee_dark_matter_spill
fe5ced451c818b7,dlc1/castle/fx_ee_deathray_fuse_glow
c8970770d5b9eaf,dlc1/castle/fx_ee_keeper_beam_src_e_castle
cbae832e6f941a0,dlc1/castle/fx_ee_keeper_beam_src_n_castle
495973c5c07e65d,dlc1/castle/fx_ee_keeper_beam_src_s_castle
baa6a172bacbe19,dlc1/castle/fx_ee_keeper_beam_src_w_castle
3dc2fc0dd9e7d0e,dlc1/castle/fx_ee_keeper_beam_stunned_src
aff4bc0e13b33b7,dlc1/castle/fx_ee_keeper_beam_stunned_tgt
cbba560f2bab48,dlc1/castle/fx_ee_keeper_beam_tgt_castle
1bb8e8d4c9ec688,dlc1/castle/fx_ee_keeper_body_billowing_zmb
6c461a8d90fcfa2,dlc1/castle/fx_ee_keeper_channeling_stone_a_src
b153795cff4fef7,dlc1/castle/fx_ee_keeper_channeling_stone_b_src
3433c56d5cca20,dlc1/castle/fx_ee_keeper_channeling_stone_c_src
c0e65877047bb85,dlc1/castle/fx_ee_keeper_channeling_stone_d_src
a7dc6b273c45d7f,dlc1/castle/fx_ee_keeper_channeling_stone_tgt
7fd9a747c4da5a2,dlc1/castle/fx_ee_keeper_demongate_cast_hand
3627ccccc826d1,dlc1/castle/fx_ee_keeper_demongate_cast_hand_os
1e59bdf315e5278,dlc1/castle/fx_ee_keeper_demongate_portal_close
6b587caea2a21da,dlc1/castle/fx_ee_keeper_demongate_portal_loop
219c4e74fbb06c4,dlc1/castle/fx_ee_keeper_demongate_portal_open
95379d5a19a0494,dlc1/castle/fx_ee_keeper_demonhead_despawn
940bc316913f502,dlc1/castle/fx_ee_keeper_demonhead_trail
fa12fcc377131e4,dlc1/castle/fx_ee_keeper_dog_explosion_zmb
830b52c369398f4,dlc1/castle/fx_ee_keeper_dog_fire_trail
bfc2724c61b2401,dlc1/castle/fx_ee_keeper_dog_fire_trail_child
5ce6dc6bbed253b,dlc1/castle/fx_ee_keeper_dog_lightning_buildup_zmb
64861a63e7b7301,dlc1/castle/fx_ee_keeper_dog_lightning_spawn_zmb
ab392f544e64130,dlc1/castle/fx_ee_keeper_elem_cast_hand_lft
cf0e6f54f7d4233,dlc1/castle/fx_ee_keeper_elem_cast_hand_rgt
1f586b45d61cac2,dlc1/castle/fx_ee_keeper_hand_burst_zmb
f1990183079de6,dlc1/castle/fx_ee_keeper_mist_trail
1d0a7f52dbd09c9,dlc1/castle/fx_ee_keeper_mouth_glow
844bf08717c0ae9,dlc1/castle/fx_ee_keeper_runeprison_cast_hand
8ddf355627855cc,dlc1/castle/fx_ee_keeper_runeprison_cast_hand_os
4a3114d630e1b4d,dlc1/castle/fx_ee_keeper_runeprison_end
9b0038504a8babc,dlc1/castle/fx_ee_keeper_runeprison_fire
44a3e8c089876c9,dlc1/castle/fx_ee_keeper_runeprison_glow
aceb7fd8698c394,dlc1/castle/fx_ee_keeper_runeprison_start
e5cbc0a2e6474ce,dlc1/castle/fx_ee_keeper_small_mist_trail
628887ebb3aef01,dlc1/castle/fx_ee_keeper_small_mouth_glow
6de67f4e58d4b19,dlc1/castle/fx_ee_keeper_storm_bolt
15339da6c0d5760,dlc1/castle/fx_ee_keeper_storm_bolt_line
f8478fed6825063,dlc1/castle/fx_ee_keeper_storm_bolt_line_loop
35396da7670b990,dlc1/castle/fx_ee_keeper_storm_bolt_loop
3abfc99bb2d5135,dlc1/castle/fx_ee_keeper_storm_bolt_sm_loop
f29ece0c4a0c0f1,dlc1/castle/fx_ee_keeper_storm_exp
50462a14107712e,dlc1/castle/fx_ee_keeper_storm_exp_light
bd8195fdf6f20c1,dlc1/castle/fx_ee_keeper_storm_tell
dc4cebb80f49f7,dlc1/castle/fx_ee_keeper_teleport
55850521ce289e6,dlc1/castle/fx_ee_keeper_wolf_cast_hand
f02e6133975a4dd,dlc1/castle/fx_ee_keeper_wolf_cast_hand_os
ab79fb21f6dd12f,dlc1/castle/fx_ee_keeper_wpn_spike_trap_loop
6b26bd481be45f3,dlc1/castle/fx_ee_keeper_wpn_spike_trap_start
8ad46ed4a8150e3,dlc1/castle/fx_ee_moon_rockets_exhaust
143ea3e1faa4a32,dlc1/castle/fx_ee_moon_rockets_overhead_exhaust
d6bd2c673999d03,dlc1/castle/fx_ee_mpd_loop
ce570601a6c22d4,dlc1/castle/fx_ee_pyramid_energy_ball
8fcb717e0c7ed29,dlc1/castle/fx_ee_ritual_key_electricity_src
d80eb17c81a0d48,dlc1/castle/fx_ee_ritual_key_electricity_tgt
310351fa5f6dc58,dlc1/castle/fx_ee_rocket_beam_src_a
310381fa5f6e171,dlc1/castle/fx_ee_rocket_beam_src_b
ddf50fc54d57ee3,dlc1/castle/fx_ee_rocket_beam_strike_os
1209fb03b899c35,dlc1/castle/fx_ee_rocket_beam_tgt
55bed270342f48d,dlc1/castle/fx_ee_rocket_exp
3d872d9e96f48a7,dlc1/castle/fx_ee_rocket_impact_ground_castle
efb4c9c8a32a9e0,dlc1/castle/fx_ee_rocket_tip_trail
30a7d5a2c8d7c09,dlc1/castle/fx_ee_tesla_coil_active
39afba1a6d340fa,dlc1/castle/fx_elec_arcs_pap_tesla_rod_castle
a91e2f44c87fcac,dlc1/castle/fx_elec_exp_blue
6700c310739dad7,dlc1/castle/fx_elec_gen_idle_sm_castle
8befaf167419919,dlc1/castle/fx_elec_gen_tip_castle
44ce84e32567631,dlc1/castle/fx_elec_jumppad
7ff749ed4b6a74c,dlc1/castle/fx_elec_jumppad_amb_ext_coil
1d7762dc82253b1,dlc1/castle/fx_elec_jumppad_amb_ext_ring
d3842d06b4823e8,dlc1/castle/fx_elec_jumppad_player_trail
2134aa5d39a7540,dlc1/castle/fx_elec_landingpad_glow
56877c32f85d570,dlc1/castle/fx_elec_pap_tesla_rod_castle
a27fc23e61a4326,dlc1/castle/fx_elec_pap_tesla_rod_spark_castle
43aeb1a63fe6776,dlc1/castle/fx_elec_pole_tram_car
ec4b89ed57334aa,dlc1/castle/fx_elec_sparks_bounce_md_blue
6cc01a97f0a3e49,dlc1/castle/fx_elec_sparks_bounce_md_blue_os
ec4b84ebf75386c,dlc1/castle/fx_elec_sparks_jumppad
b8fb1f08abd1836,dlc1/castle/fx_elec_sparks_os_castle
9eafa45ba942d9d,dlc1/castle/fx_elec_storm_flash_sm
f47e355d9162875,dlc1/castle/fx_elec_strike_pap_castle
3cd39fc44b126d0,dlc1/castle/fx_elec_strike_pap_os_castle
5545b43d9554ffe,dlc1/castle/fx_elec_teleport_flash_lg
5517c43d953523a,dlc1/castle/fx_elec_teleport_flash_md
4eb5143d8fc55f7,dlc1/castle/fx_elec_teleport_flash_sm
5043e0bcc53d93a,dlc1/castle/fx_elec_tesla_charge_greathall_castle
8919ac38ea11d23,dlc1/castle/fx_elec_tesla_greathall_castle
a41e99d0110cd9e,dlc1/castle/fx_elec_tesla_prong_greathall_castle
7c2c19754975838,dlc1/castle/fx_elec_tesla_spark_greathall_os_castle
59459ff113842f8,dlc1/castle/fx_elec_tesla_sparkside_greathall_castle
4d689f2961e5a34,dlc1/castle/fx_elec_tesla_strike_greathall_castle
961df0bb56dba43,dlc1/castle/fx_elec_tesla_strike_greathall_os_castle
4e9926b902d6933,dlc1/castle/fx_elec_tornado_geotrail_lg
5459c6b907bd8de,dlc1/castle/fx_elec_tornado_geotrail_sm
6ef19db81087a10,dlc1/castle/fx_elec_trap_castle
2033e7c30498ac8,dlc1/castle/fx_elec_trap_light
956c3c87c41558c,dlc1/castle/fx_exp_moon_castle
4d1fdb1128e6547,dlc1/castle/fx_exp_moon_surface_os_castle
aca437f5feb3f95,dlc1/castle/fx_fire_background_md_evb
fc52b057f585638,dlc1/castle/fx_fire_background_sm_evb
a08d2b19c00a64c,dlc1/castle/fx_fire_barrel_castle
d3c55a7d485bb96,dlc1/castle/fx_fire_barrel_embers_30x30_castle
4723103b642a644,dlc1/castle/fx_fire_elec_tornado
93894528e43d01d,dlc1/castle/fx_fire_elec_weathervane
4c2636e02cf1354,dlc1/castle/fx_fire_ground_line_sm
736e35658a3bd9f,dlc1/castle/fx_fire_hot_sm
3a83e47e99034b9,dlc1/castle/fx_fire_lava_impact_smolder
30964fbe73c6ce8,dlc1/castle/fx_fire_line_embers_hvy
acd1efabf6ccb3f,dlc1/castle/fx_fire_torch_wall_lit_castle
ce126f7ed6b6d6c,dlc1/castle/fx_fire_tornado_lg
b915706733635de,dlc1/castle/fx_fog_ambient_flat_castle
88b501332c8a1d3,dlc1/castle/fx_glow_115_fuse_burst_castle
cc4aeae5f877278,dlc1/castle/fx_glow_115_fuse_castle
242cab777b735c1,dlc1/castle/fx_glow_115_fuse_pickup_castle
b4ebc9ce67b7f05,dlc1/castle/fx_glow_eye_orange_castle
565b24138004ea2,dlc1/castle/fx_glow_eye_orange_skeleton
c28583fb983ece7,dlc1/castle/fx_glow_panel_green_castle
1ecd12f2553b07,dlc1/castle/fx_glow_panel_red_castle
c6cef26878cb641,dlc1/castle/fx_infused_115_airspace_barricade
fedee96da08f50f,dlc1/castle/fx_infused_115_airspace_barricade_rise
b9fdbebdada1600,dlc1/castle/fx_infused_115_airspace_bridge_motes
ca8ebc8e1535c1c,dlc1/castle/fx_infused_115_airspace_floating_crate
ac38dbcb1871eab,dlc1/castle/fx_infused_115_airspace_floating_post
8fded0f7a5e0ff4,dlc1/castle/fx_infused_115_airspace_floating_truck
f4c09c525c93c62,dlc1/castle/fx_infused_115_airspace_sm_barricade
5b60e5ca41ace2,dlc1/castle/fx_infused_115_airspace_sm_barricade_rise
c974777023b5a13,dlc1/castle/fx_infused_115_airspace_tram_car
20e4e278817ccee,dlc1/castle/fx_infused_115_airspace_tram_car_idle
7a8283da9c34b68,dlc1/castle/fx_infused_115_airspace_tram_car_light
970e15cda8a0982,dlc1/castle/fx_infused_115_airspace_undercroft_obj
f5f996c6cda99eb,dlc1/castle/fx_infused_115_airspace_well_castle
12e6730f536ae86,dlc1/castle/fx_infused_115_airspace_well_tunnel_castle
9e95271f96ef79a,dlc1/castle/fx_infused_115_broken_canister
7d93c3b9bfe4f57,dlc1/castle/fx_infused_115_broken_canister_barricades
9854744328202ea,dlc1/castle/fx_infused_115_liquid_spill
8c4928d0844c1e9,dlc1/castle/fx_infused_115_smoke_50x50
ab3ee4f93b5cf84,dlc1/castle/fx_infused_115_smoke_bridge
524dd4d19520b7,dlc1/castle/fx_keeper_ghost_ambient_torso
ee33a2e46f45d12,dlc1/castle/fx_keeper_ghost_ambient_torso_os
7705ca9aca624f,dlc1/castle/fx_keeper_ghost_mist_trail
17fad5893fad8ea,dlc1/castle/fx_lgt_disco_rig_sides
5e07b88ddb58ffa,dlc1/castle/fx_light_candle_flicker_castle
63ebfb1c7326b30,dlc1/castle/fx_light_candle_flicker_castle_medium
626a079e3b1c608,dlc1/castle/fx_light_castle_backrocket_takeoff
afb0e927a2bd1d7,dlc1/castle/fx_light_castle_cablecar_tower
e28fc816ba8e78e,dlc1/castle/fx_light_castle_cablecars
aeef4fba46f07ac,dlc1/castle/fx_light_castle_charge_1
aeef7fba46f0cc5,dlc1/castle/fx_light_castle_charge_2
aeef6fba46f0b12,dlc1/castle/fx_light_castle_charge_3
aeef1fba46f0293,dlc1/castle/fx_light_castle_charge_4
aeef0fba46f00e0,dlc1/castle/fx_light_castle_charge_5
12583e442b28650,dlc1/castle/fx_light_castle_container115
a92ea5cb2df7e1,dlc1/castle/fx_light_castle_cyropower_flash
c0db60d2caceec4,dlc1/castle/fx_light_castle_frontrocket_takeoff
56284713dab0671,dlc1/castle/fx_light_castle_rocket_side_takeoff
13a3640bc4048ef,dlc1/castle/fx_light_castle_rocket_takeoff
530de778f77d07d,dlc1/castle/fx_light_castle_ruinorb_vol
4a53c7a93ae4df6,dlc1/castle/fx_light_castle_streetlgt
d16ca0fc2897f02,dlc1/castle/fx_light_castle_taillight
a1af056235834c2,dlc1/castle/fx_light_ee_console_monitor_1
a1aef562358330f,dlc1/castle/fx_light_ee_console_monitor_2
a1aee562358315c,dlc1/castle/fx_light_ee_console_monitor_3
a1aed5623582fa9,dlc1/castle/fx_light_ee_console_monitor_4
cbdc8b921ad49a6,dlc1/castle/fx_light_ee_console_monitor_main
16a2015dc5701ba,dlc1/castle/fx_light_ee_console_spill
69d5876f8b42d47,dlc1/castle/fx_light_ee_keepers_chest
993aa6c4a8cab77,dlc1/castle/fx_light_headlight
5008776ff5138b6,dlc1/castle/fx_light_lantern_castle
76d762ea800f547,dlc1/castle/fx_light_searchlight_multiple_castle
757f790311ed6bb,dlc1/castle/fx_light_searchlight_single_castle
dd06e10b07ecd8,dlc1/castle/fx_light_undercroft_flash
1db707f454fdbaf,dlc1/castle/fx_light_undercroft_flash_fast
97ee2275bf9a0,dlc1/castle/fx_lightning_strike_weathervane
2dff8e54e7e271b,dlc1/castle/fx_mech_body_light
7a2180d1e0a782a,dlc1/castle/fx_mech_death
d0d42a2d407450e,dlc1/castle/fx_mech_death_delay
9ed0d7bbd38ae7b,dlc1/castle/fx_mech_death_surge
8889e8cec2c668,dlc1/castle/fx_mech_dmg_armor
bc2cc5cfdd745cc,dlc1/castle/fx_mech_dmg_armor_face
dfb768e47af2993,dlc1/castle/fx_mech_dmg_armor_trail
730a0aa0951b40e,dlc1/castle/fx_mech_dmg_body_light
4f72212842889d1,dlc1/castle/fx_mech_dmg_knee_sparks
9f0e4509ce5b3d7,dlc1/castle/fx_mech_dmg_sparks
3d60013b62d240,dlc1/castle/fx_mech_dmg_sparks_os2
3d61013b62d3f3,dlc1/castle/fx_mech_dmg_sparks_os3
a823ca9e4f5701f,dlc1/castle/fx_mech_dmg_steam
1814a7c35954830,dlc1/castle/fx_mech_exhaust_smoke
4f9d0a2c08048e,dlc1/castle/fx_mech_eye_single
4e5d448b72fa5b3,dlc1/castle/fx_mech_foot_step
b4a98e6def4e51c,dlc1/castle/fx_mech_foot_step_steam
4bd3c1fea3371f9,dlc1/castle/fx_mech_head_light
94f323c04f7a303,dlc1/castle/fx_mech_impact_death
29688cb483fa426,dlc1/castle/fx_mech_impact_explosion
adea6ca2e0df74e,dlc1/castle/fx_mech_jump_booster_loop
736ef93803befb7,dlc1/castle/fx_mech_jump_booster_sm_loop
8b12d0eecef2998,dlc1/castle/fx_mech_jump_landing
d6c76ea246a5580,dlc1/castle/fx_mech_landing_dust
1ec59eeb0947f7b,dlc1/castle/fx_mech_light_dmg
8df4318eeaca240,dlc1/castle/fx_mech_wpn_claw_c_os
a8b141acfdde192,dlc1/castle/fx_mech_wpn_flamethrower
95d87dfd83023c9,dlc1/castle/fx_mech_wpn_flamethrower_blocked
1a448e629002663,dlc1/castle/fx_mech_wpn_flamethrower_emitter_3p
a635e6830b29392,dlc1/castle/fx_mech_wpn_flamethrower_end_3p
129f6ab26baba9f,dlc1/castle/fx_packapunch_castle
be4bcea4aa494dc,dlc1/castle/fx_pap_beam_src_01
be4bfea4aa499f5,dlc1/castle/fx_pap_beam_src_02
be4beea4aa49842,dlc1/castle/fx_pap_beam_src_03
be4b9ea4aa48fc3,dlc1/castle/fx_pap_beam_src_04
be4b8ea4aa48e10,dlc1/castle/fx_pap_beam_src_05
be4bbea4aa49329,dlc1/castle/fx_pap_beam_src_06
be4baea4aa49176,dlc1/castle/fx_pap_beam_src_07
be4c5ea4aa4a427,dlc1/castle/fx_pap_beam_src_08
be4c4ea4aa4a274,dlc1/castle/fx_pap_beam_src_09
be137ea4aa17d06,dlc1/castle/fx_pap_beam_src_10
be138ea4aa17eb9,dlc1/castle/fx_pap_beam_src_11
be135ea4aa179a0,dlc1/castle/fx_pap_beam_src_12
be136ea4aa17b53,dlc1/castle/fx_pap_beam_src_13
be13bea4aa183d2,dlc1/castle/fx_pap_beam_src_14
be13cea4aa18585,dlc1/castle/fx_pap_beam_src_15
be139ea4aa1806c,dlc1/castle/fx_pap_beam_src_16
be13aea4aa1821f,dlc1/castle/fx_pap_beam_src_17
be13fea4aa18a9e,dlc1/castle/fx_pap_beam_src_18
be140ea4aa18c51,dlc1/castle/fx_pap_beam_src_19
bddd1ea4a9e99dd,dlc1/castle/fx_pap_beam_src_20
bddd0ea4a9e982a,dlc1/castle/fx_pap_beam_src_21
9b02adc46fac397,dlc1/castle/fx_pap_beam_tgt_01
9b02bdc46fac54a,dlc1/castle/fx_pap_beam_tgt_02
9b02cdc46fac6fd,dlc1/castle/fx_pap_beam_tgt_03
9b025dc46fabb18,dlc1/castle/fx_pap_beam_tgt_04
9b026dc46fabccb,dlc1/castle/fx_pap_beam_tgt_05
9b027dc46fabe7e,dlc1/castle/fx_pap_beam_tgt_06
9b028dc46fac031,dlc1/castle/fx_pap_beam_tgt_07
9b021dc46fab44c,dlc1/castle/fx_pap_beam_tgt_08
9b022dc46fab5ff,dlc1/castle/fx_pap_beam_tgt_09
9b3afdc46fddb6d,dlc1/castle/fx_pap_beam_tgt_10
9b3aedc46fdd9ba,dlc1/castle/fx_pap_beam_tgt_11
9b3addc46fdd807,dlc1/castle/fx_pap_beam_tgt_12
9b3acdc46fdd654,dlc1/castle/fx_pap_beam_tgt_13
9b3abdc46fdd4a1,dlc1/castle/fx_pap_beam_tgt_14
9b3aadc46fdd2ee,dlc1/castle/fx_pap_beam_tgt_15
9b3a9dc46fdd13b,dlc1/castle/fx_pap_beam_tgt_16
9b3a8dc46fdcf88,dlc1/castle/fx_pap_beam_tgt_17
9b3a7dc46fdcdd5,dlc1/castle/fx_pap_beam_tgt_18
9b3a6dc46fdcc22,dlc1/castle/fx_pap_beam_tgt_19
9b715dc4700be96,dlc1/castle/fx_pap_beam_tgt_20
9b716dc4700c049,dlc1/castle/fx_pap_beam_tgt_21
bffae025c44322b,dlc1/castle/fx_parasite_acid_drop_impact_115_doa
6c017174c61e720,dlc1/castle/fx_perk_doubletap2_castle
4427edaf9176dc8,dlc1/castle/fx_perk_juggernaut_castle
5b98d6e2fad04c6,dlc1/castle/fx_perk_mule_kick_castle
a114cb6ebf3dec7,dlc1/castle/fx_perk_quick_revive_castle
1544b58d48dc500,dlc1/castle/fx_perk_sleight_of_hand_castle
f41129290460688,dlc1/castle/fx_perk_stamin_up_castle
5750245fa5de884,dlc1/castle/fx_plinth_aura_base_bow
d9f5151a6de0e35,dlc1/castle/fx_plinth_aura_demon_gate
964ccb373372c50,dlc1/castle/fx_plinth_aura_demon_gate_os
2ee358d07a6d041,dlc1/castle/fx_plinth_aura_elemental_storm
d158e91e0d97554,dlc1/castle/fx_plinth_aura_elemental_storm_os
3bd0adcbf393c0,dlc1/castle/fx_plinth_aura_rune_prison
92f9d8b98e14f6f,dlc1/castle/fx_plinth_aura_rune_prison_os
9f3dac66d62dcd9,dlc1/castle/fx_plinth_aura_wolf_howl
b333ba3d3d229c,dlc1/castle/fx_plinth_aura_wolf_howl_os
3448c2f7607e0d,dlc1/castle/fx_plinth_light_shaft_demon_gate
d3540a050ff0839,dlc1/castle/fx_plinth_light_shaft_elemental_storm
6eb915b83ee67f8,dlc1/castle/fx_plinth_light_shaft_rune_prison
d54e67dc267e01,dlc1/castle/fx_plinth_light_shaft_wolf_howl
ff3ed419a42a5d4,dlc1/castle/fx_plinth_pick_up_base_bow
11210131806eee3,dlc1/castle/fx_plyr_115_liquid_trail
c2ade754f84b115,dlc1/castle/fx_plyr_screen_115_liquid
bfe2a81d6dc4e31,dlc1/castle/fx_raven_death
f9892e1bff35f0a,dlc1/castle/fx_raven_death_feathers
6b9d27da880557e,dlc1/castle/fx_ritual_key_glow_charged_igc
5b110969d68616f,dlc1/castle/fx_ritual_key_glow_charging
d370fe71fd5df75,dlc1/castle/fx_ritual_key_glow_igc
be444d4f860b9b3,dlc1/castle/fx_ritual_key_soul_exp_igc
9c328c3181b242,dlc1/castle/fx_ritual_key_soul_src_igc
12adf8d85d99aff,dlc1/castle/fx_ritual_key_soul_tgt_igc
81a59d01c3ebfb4,dlc1/castle/fx_ritual_key_tether_igc
89809168b0ac65d,dlc1/castle/fx_rocket_blink_tower_red
a6463342478cba0,dlc1/castle/fx_rocket_exhaust_fire
265a01d5b8c2eec,dlc1/castle/fx_rocket_exhaust_takeoff
f7514328d32407e,dlc1/castle/fx_rocket_exhaust_torch
a4529bf2306daf0,dlc1/castle/fx_rocket_fire_blow_md
38b483afa4352fb,dlc1/castle/fx_rocket_fire_donut_fast
4d906948b5f7779,dlc1/castle/fx_rocket_fire_donut_fast_base
a25d5f048b406e2,dlc1/castle/fx_rocket_fire_filler
6d05bbf02bd352a,dlc1/castle/fx_rocket_fire_flash_center
41081e9a44c1f6c,dlc1/castle/fx_rocket_fire_tendril
5c177a69888d038,dlc1/castle/fx_rocket_fire_undrplfrm
e35acbc7719754,dlc1/castle/fx_rocket_glow_tower_red
636bdb3c5eea7e0,dlc1/castle/fx_rocket_smk_afterburn
f3bd085edd16324,dlc1/castle/fx_rocket_smk_cooldown
523a4e4a15d9923,dlc1/castle/fx_rocket_smk_donut
852f6092f79872,dlc1/castle/fx_rocket_smk_donut_fast
fa92b9cce05c152,dlc1/castle/fx_rocket_smk_thick
1143fd42287d9c5,dlc1/castle/fx_rocket_smk_warn
cf37aa92786da91,dlc1/castle/fx_rocket_smk_warn_grnd
c7a27007e598e,dlc1/castle/fx_rocket_spark_ignition
306d77004b3626d,dlc1/castle/fx_rocket_water_drip_line_50
1aa47b5501e4f49,dlc1/castle/fx_rune_arrow_reveal_emit_os
2f788487bb8591f,dlc1/castle/fx_rune_arrow_reveal_emit_wide_os
c6d6fd57cf7779c,dlc1/castle/fx_rune_arrow_reveal_glow
b4d9394490a3d03,dlc1/castle/fx_rune_arrow_reveal_trail
922bc32d4b969bb,dlc1/castle/fx_rune_arrow_reveal_trail_wide
fdf390dea876ed2,dlc1/castle/fx_rune_arrow_shaft_float_glow
f0a5334d56a8ed8,dlc1/castle/fx_rune_circle_fire
a6177576f423ed0,dlc1/castle/fx_rune_circle_to_orb_beam_energy
28207af98ebaf4a,dlc1/castle/fx_rune_circle_to_orb_beam_src
4e0f3af75bb74ab,dlc1/castle/fx_rune_circle_to_orb_beam_tgt
43d158de37addfb,dlc1/castle/fx_rune_circle_to_orb_src_energy
caed0c07efdadc0,dlc1/castle/fx_rune_circle_to_orb_tgt_energy
a67c41c8ec688d8,dlc1/castle/fx_rune_clock_exp_concrete_wall
8a29d23a804c20,dlc1/castle/fx_rune_energy_trail_md
7a6e1d43a4886de,dlc1/castle/fx_rune_energy_trail_thin
f19251a649856ca,dlc1/castle/fx_rune_energy_trail_thin_dense
f967bdf57dd9f9e,dlc1/castle/fx_rune_energy_trail_wide
20d7a739a186ad,dlc1/castle/fx_rune_fireplace_01_embers
b298e156bca30ca,dlc1/castle/fx_rune_fireplace_01_flareup
6f6751dae1d319a,dlc1/castle/fx_rune_fireplace_01_smk
1c0371898588431,dlc1/castle/fx_rune_fireplace_01_smolder
e98fa807ed759ef,dlc1/castle/fx_rune_fireplace_embers
fae0fcb77f4f095,dlc1/castle/fx_rune_fireplace_greathall_flareup
eeecd13cd9f0c49,dlc1/castle/fx_rune_fireplace_greathall_smk
1e9c17be1a7ce7e,dlc1/castle/fx_rune_fireplace_greathall_smolder
984e1d294e5a539,dlc1/castle/fx_rune_glow_purple
f751f01bd9fbdc0,dlc1/castle/fx_rune_magma_ball_crust
114987a1ffb4811,dlc1/castle/fx_rune_magma_ball_fire_drip
f72dd2e2639c982,dlc1/castle/fx_rune_magma_ball_fire_drip_sm
292a79a906a26f2,dlc1/castle/fx_rune_magma_orb_exp
5fffe91af5293e0,dlc1/castle/fx_rune_magma_orb_grow
89a53b8989c6e9,dlc1/castle/fx_rune_magma_orb_grow_trail_thick
39a6e5d2fa8dbd6,dlc1/castle/fx_rune_magma_orb_shrink
18aa988e18cf241,dlc1/castle/fx_rune_magma_orb_trail
db914aed01ddc64,dlc1/castle/fx_rune_obelisk_exp
d53d81d9da1dbe8,dlc1/castle/fx_rune_obelisk_glow
31daaa8423dd498,dlc1/castle/fx_rune_obelisk_magma_spray
819173bb4668157,dlc1/castle/fx_rune_obelisk_magma_spray_os
776a65bf6f7e748,dlc1/castle/fx_rune_obelisk_magma_spray_sm_os
7570be957570b2d,dlc1/castle/fx_rune_zombie_death_energy
6ced91d385496a4,dlc1/castle/fx_rune_zombie_death_energy_trail_thick
540abd229e9be90,dlc1/castle/fx_rune_zombie_death_energy_trail_thin
70e787514f381ef,dlc1/castle/fx_rune_zombie_death_impact
12c7bf348b814ca,dlc1/castle/fx_smk_barrel_30x30_castle
d9783b97b451b0b,dlc1/castle/fx_smk_fire_walkway
9e8a0d1071ddd4e,dlc1/castle/fx_snow_door_entrance_castle
c4f615d80645792,dlc1/castle/fx_snow_door_entrance_flat_castle
79b2361c5280dbf,dlc1/castle/fx_snow_fall_ceiling
8ccf3c31a2c4eed,dlc1/castle/fx_snow_fall_ceiling_rkttrp
31a9b92a29eb6c3,dlc1/castle/fx_snow_fall_flat_sheet
bd948ee8d386ae4,dlc1/castle/fx_snow_floorwisps_lg
bd665ee8d366654,dlc1/castle/fx_snow_floorwisps_md
27f2e3f6bf3ec0c,dlc1/castle/fx_snow_impact_lg
8fb9fad37c8db50,dlc1/castle/fx_snow_player_castle
477299d3d566c5e,dlc1/castle/fx_snow_trail
200637b246fe304,dlc1/castle/fx_snow_wind_md
e52b9d2573b94d,dlc1/castle/fx_snow_wind_window
2b556464046038,dlc1/castle/fx_snow_wisp_roof
13c139ec984d24f,dlc1/castle/fx_snow_wisp_roof_fast
c23ac24311b5efa,dlc1/castle/fx_snow_wisp_roof_fast_os
3a1708b2b887053,dlc1/castle/fx_steam_hpressure_md_castle
26c8f7d010cbaaf,dlc1/castle/fx_storm_arrow_head_float_glow
214c0880d5de79c,dlc1/castle/fx_storm_arrow_reveal_trail
2b8e1a515d39fd,dlc1/castle/fx_storm_arrow_shaft_float_glow
477305ba9414337,dlc1/castle/fx_storm_arrow_tail_float_glow
3f167f71265951c,dlc1/castle/fx_storm_arrow_whole_float_glow
7af2470b546c918,dlc1/castle/fx_storm_zombie_death_energy
1038dd41cbd6043,dlc1/castle/fx_storm_zombie_death_energy_tendril
bcf3673b7aff8d1,dlc1/castle/fx_storm_zombie_death_energy_trail_thick
8093db9a5344717,dlc1/castle/fx_storm_zombie_death_energy_trail_thin
db10155f27f49de,dlc1/castle/fx_talon_spike_glow_castle
1fd6d62fd98b623,dlc1/castle/fx_talon_spike_grab_castle
221256261285e06,dlc1/castle/fx_teleporter_elec_strike_castle
7c6272702f88295,dlc1/castle/fx_teleporter_elec_strike_os_castle
f09fee36fcca772,dlc1/castle/fx_teleporter_prong_castle
b892ae14610b619,dlc1/castle/fx_teleporter_prong_noarcs_castle
b0a749b02d7cf15,dlc1/castle/fx_tesla_trap_1_beam_secondary_src
3e6d89b109bc19c,dlc1/castle/fx_tesla_trap_1_beam_secondary_tgt
682082923d1fac9,dlc1/castle/fx_tesla_trap_1_beam_to_rod_02_src
b073c290b25cde8,dlc1/castle/fx_tesla_trap_1_beam_to_rod_02_tgt
aa44bfe3ec6a57a,dlc1/castle/fx_tesla_trap_1_beam_to_rod_03_src
d617fe1ed62f5b,dlc1/castle/fx_tesla_trap_1_beam_to_rod_03_tgt
f80264f7447b804,dlc1/castle/fx_tesla_trap_1_beam_to_rod_src
61cba4f6611d14d,dlc1/castle/fx_tesla_trap_1_beam_to_rod_tgt
3a9527624263ec6,dlc1/castle/fx_tesla_trap_2_beam_secondary_src
b388e76281e4aaf,dlc1/castle/fx_tesla_trap_2_beam_secondary_tgt
b47ffc08d82ad8e,dlc1/castle/fx_tesla_trap_2_beam_to_rod_02_src
26b1bc0911f6437,dlc1/castle/fx_tesla_trap_2_beam_to_rod_02_tgt
276b9d37009ecfd,dlc1/castle/fx_tesla_trap_2_beam_to_rod_03_src
bbf3dd37e2934c4,dlc1/castle/fx_tesla_trap_2_beam_to_rod_03_tgt
c36fa6fa546c859,dlc1/castle/fx_tesla_trap_2_beam_to_rod_src
1284e6f8cf5f0b8,dlc1/castle/fx_tesla_trap_2_beam_to_rod_tgt
b40fa000817a68c,dlc1/castle/fx_tesla_trap_beam_to_rod_impact
44f6dfa19d3ffae,dlc1/castle/fx_tesla_trap_body_exp
efbf32121cfab9f,dlc1/castle/fx_tesla_trap_body_shock
5cd613e8f9d4f8c,dlc1/castle/fx_tesla_trap_coil_elec_arcs_active
465635b95f06890,dlc1/castle/fx_tesla_trap_coil_tower_arcs_active
8a51fe4cf8fdb18,dlc1/castle/fx_tesla_trap_elec_arcs_border
8c682478cfc251a,dlc1/castle/fx_tesla_trap_elec_arcs_border_narrow
50ede8765244f1d,dlc1/castle/fx_tesla_trap_elec_arcs_ground
412fcae144d9b7b,dlc1/castle/fx_tesla_trap_side_elec_bolt
20ad8629f85cde1,dlc1/castle/fx_trap_smasher_impact_point
6b142b8ddbd72b3,dlc1/castle/fx_undercroft_energy_orb
9da7b4685f7d451,dlc1/castle/fx_weapon_gravityspike_location_glow
11fe3d3be7848ec,dlc1/castle/fx_wisp_tendril_long_emit_os
2353a459ee58394,dlc1/castle/fx_wisp_tendril_long_loop
25c7476a94f9219,dlc1/castle/fx_wisp_tendril_loop
45a7bda70eacb5a,dlc1/castle/fx_wolf_arrow_head_float_glow
14b05ced42ab9b6,dlc1/castle/fx_wolf_arrow_shaft_float_glow
dfd70ddf7524f1a,dlc1/castle/fx_wolf_arrow_tail_float_glow
e4484ea301bb9bb,dlc1/castle/fx_wolf_arrow_whole_float_glow
ca7bd90e70a0b30,dlc1/castle/fx_wolf_arrow_whole_float_glow_light
3872db099520122,dlc1/castle/fx_wolf_bones_reveal
813d54de094f484,dlc1/castle/fx_wolf_footprint_left_zmb
4d9c2bd0097d2c1,dlc1/castle/fx_wolf_footprint_right_zmb
7c439329380a77c,dlc1/castle/fx_wolf_ink_hold_body
502f6622f3f5652,dlc1/castle/fx_wolf_ink_hold_head
2c9d59bf2c684b4,dlc1/castle/fx_wolf_ink_run_body
3a03247b2359d3a,dlc1/castle/fx_wolf_ink_run_head
6595af6b1bd64a,dlc1/castle/fx_wolf_ink_trail_lg
a183f1daadcb0c4,dlc1/castle/fx_wolf_ink_walk_body
627bbcaa505baea,dlc1/castle/fx_wolf_ink_walk_head
750d8e1b89f5625,dlc1/castle/fx_wolf_king_arrow_form
74f4ce5dcc41de4,dlc1/castle/fx_wolf_quest_platform_glow_loop
fb2256067443a2b,dlc1/castle/fx_wolf_quest_platform_glow_loop_light
2d36199ca75b43c,dlc1/castle/fx_wolf_skull_light_trail
1cf97513c951501,dlc1/castle/fx_wolf_zombie_death_energy
986d7d6820166a,dlc1/castle/fx_wolf_zombie_death_energy_tendril
802ae5b3ede4d90,dlc1/castle/fx_wolf_zombie_death_energy_trail_thick
c96990290540bdc,dlc1/castle/fx_wolf_zombie_death_energy_trail_thin
eb00a925af8821c,dlc1/castle/fx_wonder_fizz_light
3e8ba7551663778,dlc1/castle/fx_wonder_fizz_light_green
8e993009fb8ae68,dlc1/castle/fx_wonder_fizz_light_red
1d4cd05a7c8f385,dlc1/castle/fx_wonder_fizz_light_yellow
4a811a267a79bd4,dlc1/castle/fx_wonder_fizz_lightning_all_01
4a814a267a7a0ed,dlc1/castle/fx_wonder_fizz_lightning_all_02
4a813a267a79f3a,dlc1/castle/fx_wonder_fizz_lightning_all_03
4a80ea267a796bb,dlc1/castle/fx_wonder_fizz_lightning_all_04
4a80da267a79508,dlc1/castle/fx_wonder_fizz_lightning_all_05
bb9075c11f84371,dlc1/castle/fx_wonder_fizz_on
93ee3f474061813,dlc1/castle/fx_wonder_fizz_on_mist
ef0487cbcfd88ce,dlc1/castle/fx_wonder_fizz_portal
f3245c57724178f,dlc1/castle/fx_wpn_115_blob
527d84e0cf9e2df,dlc1/castle/fx_wpn_115_blob_exp
4672d1f21496508,dlc1/castle/fx_wpn_115_bul_trail
d2ee96a091bab25,dlc1/castle/fx_wpn_115_canister
c13449a64f21988,dlc1/castle/fx_wpn_115_muz
8929141a8dd094f,dlc1/castle/fx_zombie_spawn_wallrun_castle
69eff797b332e4c,dlc1/crucible/fx_ally_rain
5c0c157e6a47a69,dlc1/crucible/fx_bio_firefly_100
c0839268a13e27b,dlc1/crucible/fx_bio_fly_crucible
a2b96469767ca4,dlc1/crucible/fx_dirt_vista_crucible
e5d6cd1686f2114,dlc1/crucible/fx_dust_motes_crucible
8ee2321fee2f118,dlc1/crucible/fx_dust_motes_jungle_crucible
532ed0db09ade46,dlc1/crucible/fx_dust_wind_md_crucible
25a07f30dba26c5,dlc1/crucible/fx_dust_wind_sm_crucible
ca69687ad7eb1c4,dlc1/crucible/fx_fog_crevasse_mp
9aeb77743ddc71f,dlc1/crucible/fx_fog_ground_crucible
55e268daccf5b1b,dlc1/crucible/fx_fol_leaves_mp
5b28fa54bae264b,dlc1/crucible/fx_lensflare_light_wall_slim_warm
6885ba3d8a973b4,dlc1/crucible/fx_lensflare_panel_crucible
fe019b90ade54b,dlc1/crucible/fx_lensflare_slim_cool_crucible
ffebc9a7e47863e,dlc1/crucible/fx_rain_alley_impact_small
34de455e6b67bbb,dlc1/crucible/fx_rain_alley_impacts
6a0e13f1bece710,dlc1/crucible/fx_rain_alley_impacts_skinny
4138cb858a9ca7d,dlc1/crucible/fx_rain_alley_impacts_skinny_2
192155e6a0ab0cd,dlc1/crucible/fx_rain_alley_machine
27b7a48aa42fd5d,dlc1/crucible/fx_rainbow_crucible
13331a19a64ae58,dlc1/crucible/fx_snow_crucible_area
4b8be01d590c68c,dlc1/crucible/fx_snow_ground_wind_md_light
96b350b8485776a,dlc1/crucible/fx_snow_groundwisps
ac8c562fd17d606,dlc1/crucible/fx_snow_ledge_fall_crucible
914653e3f9b3c97,dlc1/crucible/fx_snow_maker
bc101a665413ff0,dlc1/crucible/fx_steam_manhole_crucible
f5b9016aa7afb0f,dlc1/crucible/fx_steam_vent_crucible
bbef6c10f3fe0e4,dlc1/crucible/fx_water_drip_edge_100_crucible
c6832dbaf6b4846,dlc1/crucible/fx_water_fall_foam_crucible
de822a5de92613d,dlc1/crucible/fx_water_stream_crucible
6975ecbe331515,dlc1/crucible/fx_water_stream_crucible_splash
81b081c0204250f,dlc1/crucible/fx_water_stream_fall_crucible
14e474776cfb680,dlc1/rise/fx_dust_motes_rise
62d1cc10ad6ca60,dlc1/rise/fx_lensflare_light_far_rise
a8d2934c63a960d,dlc1/rise/fx_lensflare_light_far_rise_2
f62e5d6bcf47ee0,dlc1/rise/fx_lensflare_light_square_cool_rise
28d0ebd8c544950,dlc1/rise/fx_lensflare_light_square_lg_rise
54501709a7da870,dlc1/rise/fx_lensflare_light_square_lg_rise_edited
63288df9eb28e3b,dlc1/rise/fx_lensflare_light_square_low_rise
43e93440de0cbfc,dlc1/rise/fx_lensflare_light_square_rise
984dacc6d36d31e,dlc1/rise/fx_lensflare_light_truck_rise
a94dfb066d74622,dlc1/rise/fx_lgt_lantern_med_01
ae8fefbf1c21ad7,dlc1/rise/fx_lgt_lantern_source_01
5eb420cbf80be21,dlc1/rise/fx_light_glow_hologram_rise
632e56a24214ccd,dlc1/rise/fx_snow_floorwisps_rise
a693161d19396d4,dlc1/rise/fx_snow_swirl_rise
e9938dd5bb99bef,dlc1/rise/fx_snow_wind_ledge_rise
3a6fe2c81f0cdbf,dlc1/rise/fx_snow_wind_md_rise
120623af1de8116,dlc1/rise/fx_snow_wind_md_rise_2
822ba14ead7e2f1,dlc1/rise/fx_snow_wind_md_vista_rise
9157146cfef7948,dlc1/rise/fx_snow_wind_md_vista_rise_2
9157246cfef7afb,dlc1/rise/fx_snow_wind_md_vista_rise_3
9157746cfef837a,dlc1/rise/fx_snow_wind_md_vista_rise_4
18551db4be64a14,dlc1/rise/fx_snow_wind_sm_rise
3ac1f0fe3b524b8,dlc1/rise/fx_snow_wind_tree_rise
c2f9d9056e269da,dlc1/rise/fx_water_bubbles_rise
b9a558e35509af7,dlc1/rise/fx_water_motes_rise
c96c80a03532a75,dlc1/skyjacked/fx_cloud_moving_slow_skyj
ef24a7aba557c51,dlc1/skyjacked/fx_debris_trash_directional_skyj_sm
5d0c67f769fdd9e,dlc1/skyjacked/fx_debris_trash_wind_corridors_skyj
15980337abaa28a,dlc1/skyjacked/fx_debris_trash_wind_skyj
e5ae7be8f263861,dlc1/skyjacked/fx_dest_elec_sparks_tubes_lp_skyj
a0663f0dbbbf932,dlc1/skyjacked/fx_dest_elec_sparks_tubes_skyj
da2956bc6811edf,dlc1/skyjacked/fx_elec_sparks_burst_runner_skyj
389270830c346ca,dlc1/skyjacked/fx_elec_sparks_burst_skyj
f228fd2f622826a,dlc1/skyjacked/fx_elec_sparks_panel_skyj
da8e4006786f08b,dlc1/skyjacked/fx_elec_sparks_panel_thin_lp_skyj
d92812971de9950,dlc1/skyjacked/fx_elec_sparks_server_lp_skyj
bf24a2041fff28d,dlc1/skyjacked/fx_elec_sparks_server_skyj
43042c34fcabf8f,dlc1/skyjacked/fx_elec_sparks_sml_lp_skyj
d3fc4ed0fb2079,dlc1/skyjacked/fx_exp_flak_skyj
eba4b3a81a1549c,dlc1/skyjacked/fx_exp_flak_skyj_runner
f5916cf0d01aaf5,dlc1/skyjacked/fx_exp_generic_aerial_lg_skyj
7925523ae7998e4,dlc1/skyjacked/fx_fire_flames_rolling_lg_1_evb_skyj
5c6dbb4b0f76418,dlc1/skyjacked/fx_lensflare_blue_skyj
ab5f6b1997eb39b,dlc1/skyjacked/fx_lensflare_blue_sm_skyj
d8cf89dede9a1b7,dlc1/skyjacked/fx_lensflare_bulb_white_skyj
47517c47624edff,dlc1/skyjacked/fx_lensflare_grime01_skyj
36843ec0b29d0aa,dlc1/skyjacked/fx_lensflare_grime01_skyj_orng
9ba3072f058ddc2,dlc1/skyjacked/fx_lensflare_orange_skyj
c448ca35c061f41,dlc1/skyjacked/fx_lensflare_orange_sm_skyj
280ea5f655cff08,dlc1/skyjacked/fx_light_blue_flashing_md_02
b950acd29861e2f,dlc1/skyjacked/fx_light_blue_flashing_sm_02
6a322cccee1cd1,dlc1/skyjacked/fx_light_blue_locker
8849ec6c1856d59,dlc1/skyjacked/fx_light_blue_locker_small
cb71cc0023fc37b,dlc1/skyjacked/fx_light_orange_flashing_md
301cbe518177aad,dlc1/skyjacked/fx_light_orange_flashing_sm_02
301c5e51817707b,dlc1/skyjacked/fx_light_orange_flashing_sm_04
3ab16f106b8b4aa,dlc1/skyjacked/fx_light_red_flashing_md
3b22bf106bef707,dlc1/skyjacked/fx_light_red_flashing_sm
bf4e182296e273,dlc1/skyjacked/fx_mist_server_sml_skyj
6b477fd8391ada7,dlc1/skyjacked/fx_mst_roof_blowing_skyj
652d4c22b41fc9a,dlc1/skyjacked/fx_sam_launch_spiral_10000_skyj
f3944b3f988045,dlc1/skyjacked/fx_sam_trail_skyj
c88ee014bdaf5f9,dlc1/skyjacked/fx_smk_ambient_thick_skyj
c8859c3b5587caa,dlc1/skyjacked/fx_smk_blast_dmg_thick_skyj
77facc84513a91,dlc1/skyjacked/fx_smk_engine_vent
b9a8df5a154f6e,dlc1/skyjacked/fx_smk_plume_bldg_skyj
bc1d1c94465766c,dlc1/skyjacked/fx_smk_plume_skyj
e42678c4458518a,dlc1/skyjacked/fx_steam_heat_dist_thruster_flicker_skyj
1422fae0bb6f91b,dlc1/skyjacked/fx_steam_heat_dist_thruster_skyj
2184d7fca1f9db4,dlc1/skyjacked/fx_steam_pipe_skyj
e350747f80c16b9,dlc1/skyjacked/fx_steam_vent_skyj
c2f1f373e29ddd8,dlc1/skyjacked/fx_steam_vent_sml_skyj
136ca3b807dfa87,dlc1/skyjacked/fx_ui_holo_table_drone_icons
e0c054b0d90d487,dlc1/skyjacked/fx_weapon_air_tracer_lp
e01f64b0d886685,dlc1/skyjacked/fx_weapon_air_tracer_os
43a915929d6af2,dlc1/skyjacked/fx_weapon_tracer_spray_lp
5cae663e3d08ec8,dlc1/skyjacked/fx_wind_debris_glass_skyjacked
51ff85fff2b861b,dlc1/skyjacked/fx_wind_debris_skyjacked
f9ece751062e107,dlc1/waterpark/fx_bio_flies_wp
12a1518ace3ed7a,dlc1/waterpark/fx_butterfly_wp
49fdd18fba106a0,dlc1/waterpark/fx_debris_wind_paper_waterpark
7e69223f612e70e,dlc1/waterpark/fx_dust_motes_underwater
2f6f6155f1b5852,dlc1/waterpark/fx_dust_motes_waterpark
c2018b51bcb066f,dlc1/waterpark/fx_fire_pit_wp
ffe7cb795cf9553,dlc1/waterpark/fx_fol_leaves_wall_rattle
6c147ac39432b05,dlc1/waterpark/fx_gold_coin_bubbles_wp
c6cd1b73105f131,dlc1/waterpark/fx_gold_coin_drop01_uw_wp
8457bba203a3032,dlc1/waterpark/fx_gold_coin_drop01_wp
7ff3dd5dd0dc695,dlc1/waterpark/fx_gold_coin_drop02_wp
6b0ca83d1500026,dlc1/waterpark/fx_gold_coin_rattle_wp
c53c5f4fb5811da,dlc1/waterpark/fx_gold_sparkle2_sm_runner_wp
3d7ea9c0479009,dlc1/waterpark/fx_gold_sparkle2_sm_wp
68417a102a45f3c,dlc1/waterpark/fx_gold_sparkle_sm_runner_wp
348d9856ef9c573,dlc1/waterpark/fx_gold_sparkle_sm_wp
cf09480facdb438,dlc1/waterpark/fx_gold_sparkle_wp
33a65f9ca3007f,dlc1/waterpark/fx_leaf_fall_wp
9d0aeca307da7bf,dlc1/waterpark/fx_lensflare_bulb_waterpark
96cdaa2c1061aa7,dlc1/waterpark/fx_lensflare_square_waterpark
fb6ed283672ee96,dlc1/waterpark/fx_light_cave_lamp_01
d7d3bd4998dc323,dlc1/waterpark/fx_mist_ambient_flat_wp
1c1efd2cbd40089,dlc1/waterpark/fx_mist_ambient_md_wp
226a439ed28911b,dlc1/waterpark/fx_mist_ambient_wp
83a66b39d5779ec,dlc1/waterpark/fx_mist_ambient_wp_interior
d199bebecbf6e15,dlc1/waterpark/fx_mist_oct_wp
6fa50bbdd8a393,dlc1/waterpark/fx_mist_sloww_fall_wp
850cfe7672f495c,dlc1/waterpark/fx_mist_wide_fall_wp
7386fd3a5c41ff1,dlc1/waterpark/fx_sand_ambient_dust_wp
27218ecf1c9586b,dlc1/waterpark/fx_sand_particles_wp
9b31128563a1a42,dlc1/waterpark/fx_skull_mouth_mist
14073bdafa4ecb3,dlc1/waterpark/fx_skull_water_sm
62648623ed79355,dlc1/waterpark/fx_skull_water_splash_sm
7c6ef8b2f6ce0f1,dlc1/waterpark/fx_water_bubbles01_chest
3799bb2988700f0,dlc1/waterpark/fx_water_bubbles02_chest
516e776a6dca110,dlc1/waterpark/fx_water_bubbles_waterpark
1f0deed888f8379,dlc1/waterpark/fx_water_cannon_end_grd_runner
bce189f0bdc1871,dlc1/waterpark/fx_water_cannon_end_grd_runner2
bce179f0bdc16be,dlc1/waterpark/fx_water_cannon_end_grd_runner3
bce1a9f0bdc1bd7,dlc1/waterpark/fx_water_cannon_end_grd_runner4
bce199f0bdc1a24,dlc1/waterpark/fx_water_cannon_end_grd_runner5
bce1c9f0bdc1f3d,dlc1/waterpark/fx_water_cannon_end_grd_runner6
b341e41f5362145,dlc1/waterpark/fx_water_cannon_end_runner2
b341d41f5361f92,dlc1/waterpark/fx_water_cannon_end_runner3
b341841f5361713,dlc1/waterpark/fx_water_cannon_end_runner4
69fe93c119e9fa4,dlc1/waterpark/fx_water_cannon_end_splash2_wp
bde8e68daabddc2,dlc1/waterpark/fx_water_cannon_end_splash_wp
ec3d5629101a77,dlc1/waterpark/fx_water_cannon_int_wp_runner
5b21d5b28414fb9,dlc1/waterpark/fx_water_cannon_interior_wp
25aca551405173b,dlc1/waterpark/fx_water_cannon_trail_wp
a0c45c2a02b05c2,dlc1/waterpark/fx_water_cannon_wp
2d4126d31bb665d,dlc1/waterpark/fx_water_cannon_wp_runner
d06d5be321419af,dlc1/waterpark/fx_water_drip_edge_line_100_shrt
9a45c7f904c99bb,dlc1/waterpark/fx_water_drip_edge_line_200_long
28982fc1d595b10,dlc1/waterpark/fx_water_fountain_sm_wp
d4ccb980bf874a5,dlc1/waterpark/fx_water_fountain_wp
f0da6d6e9ec2a32,dlc1/waterpark/fx_water_front_sign_wp
4b80657c1f9447b,dlc1/waterpark/fx_water_impact_wp
475b0b5da4121f3,dlc1/waterpark/fx_water_mist_ambient_wp
77039712391dcb2,dlc1/waterpark/fx_water_mist_wp
85d680236567b66,dlc1/waterpark/fx_water_pirate_hat_drip_wp
4479c0493b869a8,dlc1/waterpark/fx_water_pirate_hat_splash2_wp
fd625b3d984be8e,dlc1/waterpark/fx_water_pirate_hat_splash_wp
6c3751c50f5e5c,dlc1/waterpark/fx_water_pirate_hat_wp
3918c6a3b262d75,dlc1/waterpark/fx_water_sm_flower_wp
cac8659e4067b19,dlc1/waterpark/fx_water_splash_100x100_wp
3ca3e039db25f78,dlc1/waterpark/fx_water_splash_mist_wp
89211ddef7fc05f,dlc1/waterpark/fx_water_spray_tree_wp
add909964d83843,dlc1/waterpark/fx_water_stream_bar_splash_wp
58567a173f4e85b,dlc1/waterpark/fx_water_stream_bar_wp
f3e396a7c2bccad,dlc1/waterpark/fx_water_stream_flower_wp
cecae403a7afc67,dlc1/waterpark/fx_water_stream_splash_lg_wp
e1a02ce1672c07d,dlc1/waterpark/fx_water_stream_splash_wp
b81089ee1c6412d,dlc1/waterpark/fx_water_stream_wp
b5098ebc3c83859,dlc1/waterpark/fx_water_tube_base_splash_waterpark
7aa4e9164e6a5f3,dlc1/waterpark/fx_water_tube_leak_wp
f30f244b330ae8f,dlc1/waterpark/fx_waterfall_base_waterpark
317d33b407e9ad,dlc1/zmb_weapon/fx_bow_default_ambient_1p_zmb
912d3b63486f53d,dlc1/zmb_weapon/fx_bow_default_arrow_trail_emit_zmb
bfa82cc6886be91,dlc1/zmb_weapon/fx_bow_default_arrow_trail_zmb
539e0473b2bb9e,dlc1/zmb_weapon/fx_bow_default_arrowhead_3p_zmb
62c884d1ab5c6ad,dlc1/zmb_weapon/fx_bow_default_arrowhead_ug_3p_zmb
213f89d446a7ae1,dlc1/zmb_weapon/fx_bow_default_arrowhead_ug_zmb
3a215e02064f960,dlc1/zmb_weapon/fx_bow_default_arrowhead_zmb
e3e817a8f0ce434,dlc1/zmb_weapon/fx_bow_default_impact_ug_zmb
978905b3f72f143,dlc1/zmb_weapon/fx_bow_default_impact_zmb
21bd585e28436ae,dlc1/zmb_weapon/fx_bow_demongate_ambient_1p_zmb
8dfa11c0d454819,dlc1/zmb_weapon/fx_bow_demongate_arrowhead_3p_zmb
c085fa8105472f4,dlc1/zmb_weapon/fx_bow_demongate_arrowhead_ug_3p_zmb
432ab0277eeb942,dlc1/zmb_weapon/fx_bow_demongate_arrowhead_ug_zmb
4921d2b0fbe262d,dlc1/zmb_weapon/fx_bow_demongate_arrowhead_zmb
91caa4432b35a71,dlc1/zmb_weapon/fx_bow_demongate_impact_ug_zmb
c5ea2dbe2f1b10,dlc1/zmb_weapon/fx_bow_demongate_impact_zmb
a8591b59772f433,dlc1/zmb_weapon/fx_bow_demongate_portal_close_zmb
592a7ca62fa1523,dlc1/zmb_weapon/fx_bow_demongate_portal_loop_zmb
2af7aba1193d345,dlc1/zmb_weapon/fx_bow_demongate_portal_open_zmb
a6d59dcfe7c6174,dlc1/zmb_weapon/fx_bow_demongate_trail_emit_zmb
86c0ed65522432e,dlc1/zmb_weapon/fx_bow_demongate_trail_zmb
3802e2a809a4c6f,dlc1/zmb_weapon/fx_bow_demonhead_bite_zmb
f6109be77916121,dlc1/zmb_weapon/fx_bow_demonhead_despawn_zmb
e957280fca2b737,dlc1/zmb_weapon/fx_bow_demonhead_trail_zmb
f70607224400324,dlc1/zmb_weapon/fx_bow_rune_ambient_1p_zmb
b5fdd445effe0d8,dlc1/zmb_weapon/fx_bow_rune_arrow_trail_emit_zmb
db9cc33db73416a,dlc1/zmb_weapon/fx_bow_rune_arrow_trail_zmb
1750f5e71887b63,dlc1/zmb_weapon/fx_bow_rune_arrowhead_3p_zmb
309b51128aed5a2,dlc1/zmb_weapon/fx_bow_rune_arrowhead_ug_3p_zmb
f38a7b11e2bd244,dlc1/zmb_weapon/fx_bow_rune_arrowhead_ug_zmb
b445e9de4834cf3,dlc1/zmb_weapon/fx_bow_rune_arrowhead_zmb
a874edfee026168,dlc1/zmb_weapon/fx_bow_rune_fire_torso_zmb
23582eaa6e7cfd2,dlc1/zmb_weapon/fx_bow_rune_impact_aoe_zmb
f8a8119bc932edd,dlc1/zmb_weapon/fx_bow_rune_impact_ug_end_zmb
820a1cd1c60dbd7,dlc1/zmb_weapon/fx_bow_rune_impact_ug_fire_genesis
19865242dd04644,dlc1/zmb_weapon/fx_bow_rune_impact_ug_fire_zmb
a063d9c023b6b7d,dlc1/zmb_weapon/fx_bow_rune_impact_ug_glow_zmb
bc827974e283153,dlc1/zmb_weapon/fx_bow_rune_impact_ug_zmb
17aed9c634a2536,dlc1/zmb_weapon/fx_bow_rune_impact_zmb
cbda55f514f0198,dlc1/zmb_weapon/fx_bow_rune_rock_ambient_1p
98239c2d83bcdad,dlc1/zmb_weapon/fx_bow_storm_ambient_1p_zmb
76b06730b2e3f9e,dlc1/zmb_weapon/fx_bow_storm_arrowhead_3p_zmb
f01a2fcf32ef2ad,dlc1/zmb_weapon/fx_bow_storm_arrowhead_ug_3p_zmb
92b610bdbe5fee1,dlc1/zmb_weapon/fx_bow_storm_arrowhead_ug_zmb
35abd71d1078560,dlc1/zmb_weapon/fx_bow_storm_arrowhead_zmb
c52880bb285a3ea,dlc1/zmb_weapon/fx_bow_storm_bolt_zap_zmb
4a4510e3f333213,dlc1/zmb_weapon/fx_bow_storm_funnel_end_zmb
725f42457f1ff0,dlc1/zmb_weapon/fx_bow_storm_funnel_loop_zmb
df7290c3faf7034,dlc1/zmb_weapon/fx_bow_storm_impact_ug_zmb
7fc2a5c4fea9543,dlc1/zmb_weapon/fx_bow_storm_impact_zmb
63260e692c6b37a,dlc1/zmb_weapon/fx_bow_storm_orb_zmb
99e3a11f29aa727,dlc1/zmb_weapon/fx_bow_storm_rock_ambient_1p
e3d74c286918d6f,dlc1/zmb_weapon/fx_bow_storm_trail_emit_zmb
51fab2c4534c29b,dlc1/zmb_weapon/fx_bow_storm_trail_zmb
f50702a63b449c0,dlc1/zmb_weapon/fx_bow_wolf_ambient_1p_zmb
3188dba506ca04a,dlc1/zmb_weapon/fx_bow_wolf_arrow_displace_ug_zmb
7905eb253058c94,dlc1/zmb_weapon/fx_bow_wolf_arrow_spiral_ug_zmb
e2e3cc264281cc4,dlc1/zmb_weapon/fx_bow_wolf_arrow_trail_emit_zmb
1a21d78122966fb,dlc1/zmb_weapon/fx_bow_wolf_arrow_trail_ug_zmb
2764c8b784ea19e,dlc1/zmb_weapon/fx_bow_wolf_arrow_trail_zmb
b3793e36eb2539f,dlc1/zmb_weapon/fx_bow_wolf_arrowhead_3p_zmb
d35558c4fd37b6e,dlc1/zmb_weapon/fx_bow_wolf_arrowhead_ug_3p_zmb
70129f85d5c9a70,dlc1/zmb_weapon/fx_bow_wolf_arrowhead_ug_zmb
aad7f81837e625f,dlc1/zmb_weapon/fx_bow_wolf_arrowhead_zmb
eb2d62cae559e4d,dlc1/zmb_weapon/fx_bow_wolf_impact_ground_ug_zmb
c50dad3e4151747,dlc1/zmb_weapon/fx_bow_wolf_impact_ug_zmb
48b309dc52794ca,dlc1/zmb_weapon/fx_bow_wolf_impact_zmb
c91febda933b9ca,dlc1/zmb_weapon/fx_bow_wolf_muz_flash_ug_1p_zmb
7b2e13dd41b655a,dlc1/zmb_weapon/fx_bow_wolf_torso_trail
17118fde3ec5cd2,dlc1/zmb_weapon/fx_bow_wolf_wrap_torso
9c45999d2a8dd6b,dlc1/zmb_weapon/fx_ee_plunger_teleport_impact
8cbe7603307002b,dlc1/zmb_weapon/fx_ee_plunger_trail_1p
8c4db603300cd19,dlc1/zmb_weapon/fx_ee_plunger_trail_3p
82ccc74a70e05c6,dlc1/zmb_weapon/fx_wpn_spike_grnd_hit
eb25268f06d2b8a,dlc1/zmb_weapon/fx_wpn_spike_grnd_hit_1p
348465488bc53a5,dlc1/zmb_weapon/fx_wpn_spike_torso_trail
f3683d2e2233952,dlc1/zmb_weapon/fx_wpn_spike_trap_end
e9ab8e6a4203436,dlc1/zmb_weapon/fx_wpn_spike_trap_handle_sparks
41481ae0f17ec3,dlc1/zmb_weapon/fx_wpn_spike_trap_loop
5f3767f8f89feb2,dlc1/zmb_weapon/fx_wpn_spike_trap_spark
aa21a222bdd1d7,dlc1/zmb_weapon/fx_wpn_spike_trap_start
9664cf916041e35,dlc1/zmb_weapon/fx_wpn_spk_light_1p
f4168b386d01cec,dlc2/aerospace/fx_clouds_vista_aerospace
396124603acee3a,dlc2/aerospace/fx_debris_paper_blowing_corridor
ec4c27ada2f0391,dlc2/aerospace/fx_debris_paper_blowing_corridor_neg_spiral
25fe517410d8eeb,dlc2/aerospace/fx_debris_paper_static
1413d2c4729adac,dlc2/aerospace/fx_dust_motes_door_windy
dc955c2b4f36eb6,dlc2/aerospace/fx_dust_motes_int_thick_500x500
49cfef6935caeac,dlc2/aerospace/fx_dust_motes_int_thick_500x500_windy
566e35bc478435c,dlc2/aerospace/fx_dust_motes_window_lg_windy
405509377ef465,dlc2/aerospace/fx_exhaust_aero_airliner
753861ea2090bc,dlc2/aerospace/fx_leaves_tree_fast_windy
55fa6b27aafcf9d,dlc2/aerospace/fx_light_aero_airliner_front_left
bd4739a3685a4d6,dlc2/aerospace/fx_light_aero_airliner_front_right
94e28164e6285ca,dlc2/aerospace/fx_light_aero_airliner_tail_left
5773c5404b2dfb7,dlc2/aerospace/fx_light_aero_airliner_tail_right
9bfcbe5e8fc6df9,dlc2/aerospace/fx_light_aero_airliner_wing_front_left
906fd45c6dca31a,dlc2/aerospace/fx_light_aero_airliner_wing_front_right
fa0efe743b3fa8a,dlc2/aerospace/fx_light_aero_airliner_wing_rear_left
c1a045ff61cbd77,dlc2/aerospace/fx_light_aero_airliner_wing_rear_right
74902fb1ca477d0,dlc2/aerospace/fx_light_vista_building_aerospace_blue
48cef480f4bedb,dlc2/aerospace/fx_light_vista_building_aerospace_red
68f6c1ceda2ea1d,dlc2/aerospace/fx_mist_deck_windy_aerospace
5a27597b41b5f53,dlc2/aerospace/fx_mist_deck_windy_aerospace_shrt
3bb284d16fb3cc,dlc2/banzai/fx_bio_fly_banzai
67d6b8fdc047d8f,dlc2/banzai/fx_dust_devil_banzai
7dce6ed1c95cc28,dlc2/banzai/fx_dust_devil_child_banzai
27f5908b1eb2aba,dlc2/banzai/fx_dust_ledge_banzai
2cb707fc6ea8e18,dlc2/banzai/fx_dust_ledge_vista_banzai
3e2fed8de5ae6d9,dlc2/banzai/fx_dust_motes_banzai
1d98d32bc19b149,dlc2/banzai/fx_dust_sand_lg_vista_banzai
ea1fbe76b1a874e,dlc2/banzai/fx_dust_sand_sm_vista_banzai
6c00cec61ae3c7a,dlc2/banzai/fx_dust_vista_banzai
126d4c44d8c8d15,dlc2/banzai/fx_lensflare_beacon_vista_banzai
9f1decf4e9a9164,dlc2/banzai/fx_lensflare_grime_orange_banzai
f6a03a87b193e7c,dlc2/banzai/fx_lensflare_grime_purple_banzai
e67f8cf119609cf,dlc2/banzai/fx_lensflare_light_cave_banzai
a7cc904474563f2,dlc2/banzai/fx_light_neon_bazar
81a724b6dbaa0ff,dlc2/banzai/fx_sand_wind_billow_slow_md
6d827d0d901d0cd,dlc2/banzai/fx_sand_wind_billow_vista_banzai
e5e7ce2fe5ff52c,dlc2/banzai/fx_sand_wind_billow_vista_banzai_2
184ea71f5fd6bc4,dlc2/banzai/fx_steam_acid_banzai
a351657e98ffaeb,dlc2/banzai/fx_steam_ground_rising
849b6272641b5d0,dlc2/banzai/fx_steam_toxic_banzai
4bc69a018a58472,dlc2/banzai/fx_steam_toxic_vista_banzai
3f4287d507ff412,dlc2/banzai/fx_steam_vista_banzai
5f150c7016becd6,dlc2/banzai/fx_steam_vista_lg_banzai
577ac9ad8468449,dlc2/banzai/fx_water_bubbles_banzai
a2b2dfc2fe42120,dlc2/banzai/fx_water_drip_no_phys_banzai
308a26442f6ddc0,dlc2/banzai/fx_water_motes_banzai
302f538623692fb,dlc2/banzai/fx_water_pipe_stream_banzai
b03903e57e980f1,dlc2/banzai/fx_water_pipe_stream_lg_banzai
fd399099f89d61f,dlc2/banzai/fx_water_ripples_cave_banzai
4ca170faee7fb1d,dlc2/banzai/fx_water_toxic_bubbles_banzai
30bc5d2fd16712d,dlc2/banzai/fx_waterfall_rocks_banzai
cf154d3f3591eb4,dlc2/banzai/fx_waterfall_splash_banzai
e05b6ca146d82b5,dlc2/banzai/fx_waterfall_under_banzai
4003e9bf29efa3e,dlc2/conduit/fx_arc_weld_prop_3d_printer_sm
7d053b5ed2ff9db,dlc2/conduit/fx_arc_weld_prop_conduit_robot_arm
b863a9565a77cbd,dlc2/conduit/fx_ash_falling_area_500
643083418a3c16c,dlc2/conduit/fx_ash_falling_door_md
6a8353418f90e15,dlc2/conduit/fx_ash_falling_door_sm
318861c29b1f278,dlc2/conduit/fx_ash_falling_window_md
ca925fa09406901,dlc2/conduit/fx_ash_falling_window_md_neg
a1faa19764f5bf0,dlc2/conduit/fx_heat_distortion_lava_vista
fa968def946c69e,dlc2/conduit/fx_lensflare_slim_cool_simple
86047f88b8db1af,dlc2/conduit/fx_light_train_red_blink
521017f3a84da0d,dlc2/conduit/fx_light_vista_drone_red_blink
25173b4fc99f47d,dlc2/conduit/fx_light_vista_tower_yellow_blink
a275d08999a4722,dlc2/conduit/fx_smk_vista_building_dmg
2bfb722873108b9,dlc2/conduit/fx_smk_vista_lg_conduit
58a7df87f21f249,dlc2/conduit/fx_smk_vista_md_conduit
5ad5c59cb69e261,dlc2/conduit/fx_steam_aircond_lg_conduit
bba33a5b239c483,dlc2/conduit/fx_steam_ground_vista_lg
60910d9e62a577e,dlc2/conduit/fx_steam_ground_vista_updraft
1e75aa0fa83a4c3,dlc2/conduit/fx_steam_ground_vista_xxlg
248564e24c2051d,dlc2/island/fx_aa_muz
4b53cad42f5c363,dlc2/island/fx_aa_plane_exp
29dbbfbabc79a98,dlc2/island/fx_aa_plane_exp_sm
ed223afe511549a,dlc2/island/fx_aa_plane_fire_wing
c2f3349a746a2c8,dlc2/island/fx_aa_plane_trail
aa521ccf4ef5abc,dlc2/island/fx_altar_glow_island
b5830ec0ac6c185,dlc2/island/fx_altar_lid_close
90d4983d77511e5,dlc2/island/fx_altar_lid_impact
5f210dd2f5fcfa0,dlc2/island/fx_bgb_machine_available_cycle_island
af9899aed14f25f,dlc2/island/fx_bgb_machine_available_island
5d5bb9e8064d5c3,dlc2/island/fx_bgb_machine_bulb_activated_island
fd782a68654e787,dlc2/island/fx_bgb_machine_bulb_available_island
cf8ee5ce436a9c4,dlc2/island/fx_bgb_machine_bulb_away_island
1af4de0e357f602,dlc2/island/fx_bgb_machine_bulb_event_island
1811933c584351,dlc2/island/fx_bgb_machine_bulb_rounds_island
be2b8ef8741c571,dlc2/island/fx_bgb_machine_bulb_time_island
890e08a1127efe5,dlc2/island/fx_bgb_machine_flying_elec_island
8731e85c65c878,dlc2/island/fx_bio_fireflies
e277ab21b55752c,dlc2/island/fx_bio_fly_dark_10x10
955defb234b1384,dlc2/island/fx_bio_fly_dark_25x25
6b1c60960dbcd44,dlc2/island/fx_bio_fly_dark_50x50
1a7d91160352f5f,dlc2/island/fx_blood_fatal_island
374587a1880d842,dlc2/island/fx_blood_onscreen_igc
1721347afde7957,dlc2/island/fx_blood_takeo_decap_igc
690fea969851df4,dlc2/island/fx_bucket_115_glow
79244dabf879a3e,dlc2/island/fx_debris_115_transport_sewer_island
8fe07ccd63a7cb,dlc2/island/fx_debris_ceiling_crumble_isl
816a02f9c8ff70b,dlc2/island/fx_debris_rock_fall_isl_os
97d51d44d7ab0d4,dlc2/island/fx_debris_rock_fall_lrg_isl
6097a569fc7b917,dlc2/island/fx_debris_rock_fall_trail_isl
a44e42ddfe6ed34,dlc2/island/fx_debris_swirling_trash_island
7fe1ba96a4d9498,dlc2/island/fx_debris_transport_sewer_lrg_island
21ea4550190f9ae,dlc2/island/fx_debris_transport_sewer_turn_lrg_island
1b3035c9b14a84d,dlc2/island/fx_debris_transport_zipline_island
87e849d22a77441,dlc2/island/fx_dest_big_hole_02_island
377dc7e84b72621,dlc2/island/fx_dest_concrete_impact_lg_island
2f0d83938659103,dlc2/island/fx_doppelganger_eyes
4f26c09e1c2d526,dlc2/island/fx_doppelganger_teleport
61f8961c15f651,dlc2/island/fx_dust_door_bunker_island
14ebea02b24e4b3,dlc2/island/fx_dust_door_lab_island
653dc230e742a74,dlc2/island/fx_dust_fall_md_island
2e9115b10312d34,dlc2/island/fx_dust_motes_200x200_island
2f9e630061c0a6e,dlc2/island/fx_dust_motes_25x25_island
fe4ce24d5c6ac26,dlc2/island/fx_dust_motes_50x50_island
1f121e89c91f6df,dlc2/island/fx_dust_motes_bokeh_cam_igc
933caf3c8dace6d,dlc2/island/fx_ee_spider_cage_trap_pheromone
e859c25eaedd4a3,dlc2/island/fx_ee_spider_drink_bunker_island
eb63dd479df63c4,dlc2/island/fx_ee_spider_drink_lair_island
1f03299fc2389c4,dlc2/island/fx_ee_spider_drink_meteor_island
7a82d56c5c363aa,dlc2/island/fx_ee_spider_glow_island
56de3e810ed99a7,dlc2/island/fx_ee_spider_glow_trail_island
11156024c5762ed,dlc2/island/fx_ee_spider_webbing_player_island
b87be2449a7005f,dlc2/island/fx_elec_control_panel_cage
1b238fc5d1f334a,dlc2/island/fx_elec_gobblegum
eb5b42652954508,dlc2/island/fx_elec_perk_dbltap
a680bd4e2181c5c,dlc2/island/fx_elec_perk_jugg
9f6df802748e1f0,dlc2/island/fx_elec_perk_mulekick
54f1fc051fbed1e,dlc2/island/fx_elec_perk_revive
6ac28caff7325f2,dlc2/island/fx_elec_perk_speed
8cdc0eb1b7a87c8,dlc2/island/fx_elec_perk_staminup
3ef89e0aa2ee67d,dlc2/island/fx_elec_plant_power
79f2a9d738af01,dlc2/island/fx_elec_plant_power_bolt
834ae0b6fbd014,dlc2/island/fx_elec_plant_power_bolt_os
80d8dd692214ce6,dlc2/island/fx_elec_plant_power_bolt_xsm
9560c23749cbb70,dlc2/island/fx_elec_pwr_beam_src_01
9560f23749cc089,dlc2/island/fx_elec_pwr_beam_src_02
9560e23749cbed6,dlc2/island/fx_elec_pwr_beam_src_03
9561123749cc3ef,dlc2/island/fx_elec_pwr_beam_src_04
9561023749cc23c,dlc2/island/fx_elec_pwr_beam_src_05
9561323749cc755,dlc2/island/fx_elec_pwr_beam_src_06
aa42800ee6dddd3,dlc2/island/fx_elec_pwr_beam_tgt_01
aa42900ee6ddf86,dlc2/island/fx_elec_pwr_beam_tgt_02
aa42a00ee6de139,dlc2/island/fx_elec_pwr_beam_tgt_03
aa42b00ee6de2ec,dlc2/island/fx_elec_pwr_beam_tgt_04
aa42c00ee6de49f,dlc2/island/fx_elec_pwr_beam_tgt_05
aa42d00ee6de652,dlc2/island/fx_elec_pwr_beam_tgt_06
9905ecbd4222c2e,dlc2/island/fx_elec_pwr_bolt_strike
61316287a12bcb5,dlc2/island/fx_elec_pwr_bolt_strike_os
eec8acbc7b6ac17,dlc2/island/fx_elec_pwr_bolt_xsm_os
777018abf759a58,dlc2/island/fx_elec_pwr_prong
5c9db2aa9cd2dfd,dlc2/island/fx_elec_pwr_prong_sm
28503bff0a79a88,dlc2/island/fx_elec_shield_ambient_1p
28c0fbff0adcd9a,dlc2/island/fx_elec_shield_ambient_3p
daca75b4d9e252a,dlc2/island/fx_elec_shield_ambient_spark_1p
6d703db6b0decd,dlc2/island/fx_elec_spark_hero_isl_igc
aa040ff2d1a5fd8,dlc2/island/fx_elec_spark_light
5468f518be09b15,dlc2/island/fx_elec_sparks_bounce_sm_blue_island
d8f40bad79067e7,dlc2/island/fx_elec_sparks_burst_island
20db317d187da0c,dlc2/island/fx_elec_sparks_burst_lamp
6d7e5a70799e80a,dlc2/island/fx_elec_sparks_burst_sm_circuit_island
c11773c416865fb,dlc2/island/fx_elec_sparks_burst_sm_circuit_os_island
5c2c80a35b21db0,dlc2/island/fx_elec_sparks_burst_sm_physx_os_island
97d89789a42779a,dlc2/island/fx_elec_sparks_burst_xsm_island
54ff3fa5b9dc39d,dlc2/island/fx_elec_sparks_burst_xsm_rnr_island
cf4b3d3eddbc0f5,dlc2/island/fx_elec_zipline_beam_source
a4be2bd91ab0579,dlc2/island/fx_elec_zipline_beam_target
170e3b506fc4233,dlc2/island/fx_elec_zipline_spark_island
aa398ae385e475c,dlc2/island/fx_exp_concrete_wall_island
cfba6d3d4c62ccf,dlc2/island/fx_exp_smk_tendril_mid_md_island
73606a9ec36a510,dlc2/island/fx_exp_smk_tendril_mid_sm_island
249b0da3bcaba70,dlc2/island/fx_fan_trap_active
a1f04c9f48a8642,dlc2/island/fx_fan_trap_blood_island
22beabad7029609,dlc2/island/fx_fan_trap_debris
372a7ef3086a95c,dlc2/island/fx_fan_trap_sparks_island
f5fdf6c34f76934,dlc2/island/fx_fan_trap_spider_blood_island
74c7913e7fe291e,dlc2/island/fx_fan_trap_spider_os_island
9ee967210b98713,dlc2/island/fx_fan_trap_wall_flakes_island
d037e031436841e,dlc2/island/fx_fire_spot_xxsm_island
fdb891b50016129,dlc2/island/fx_fire_thrash_arm_left_loop
e609798585e6967,dlc2/island/fx_fire_thrash_arm_rgt_loop
ee94c4b08d7c74e,dlc2/island/fx_fire_thrash_hip_left_loop
cf62428c838805a,dlc2/island/fx_fire_thrash_hip_rgt_loop
7b0ad0e4d9d50bf,dlc2/island/fx_fire_thrash_leg_left_loop
5d8abeec191b16d,dlc2/island/fx_fire_thrash_leg_rgt_loop
6bfe49f4e0d4132,dlc2/island/fx_fire_thrash_torso_loop
97e04b7c7a84843,dlc2/island/fx_fire_thrash_waist_loop
17b8cd865131ccd,dlc2/island/fx_fog_coolant_vent_md_island
ae1575cb2880ae2,dlc2/island/fx_fog_coolant_vent_sm_island
6ffbea9cc2ef0b2,dlc2/island/fx_fog_ground_lg_island
29c99301cf48560,dlc2/island/fx_fog_ground_thick_lg_island
f7cbf0939bb93c7,dlc2/island/fx_fog_ground_thick_med_island
cc75cdf9bb6ca26,dlc2/island/fx_fog_ground_thick_xlg_island
7c3b3896a396014,dlc2/island/fx_fog_ground_thin_lg_island
9b2874b8b579320,dlc2/island/fx_fog_power_gen_ambient
8094b347120b6c,dlc2/island/fx_fol_grass_perk_impact
b711cc5c14af1a5,dlc2/island/fx_fol_leaves_perk_fall
580f28e821724e3,dlc2/island/fx_fol_leaves_tree_fall_md
b80f0b8c7f23b92,dlc2/island/fx_gas_fill_takeo_room
de3e48dc014f26,dlc2/island/fx_gas_poison
9752f1d083e9797,dlc2/island/fx_gas_takeo_cell
ce94c2d7ac995e,dlc2/island/fx_gas_takeo_reveal
5ba28520a6525cb,dlc2/island/fx_golden_bucket_planter_rise
773f47ed3dc9d8f,dlc2/island/fx_golden_bucket_planter_turbulence
24456882ebd3e8,dlc2/island/fx_greenbulb
74a6d7c4e801397,dlc2/island/fx_igc_oldtakeo_knee_gas
affb55f46cd0d8e,dlc2/island/fx_igc_oldtakeo_low_gas
a9c3d6fe8d9c4e5,dlc2/island/fx_island_bermuda_entry
78ad9d15b14a189,dlc2/island/fx_keeper_death_island
1f2219bca951b30,dlc2/island/fx_lgt_bunker_blink_green
4fd369225bd38f0,dlc2/island/fx_lgt_bunker_blink_red
cb64c4aadfa5192,dlc2/island/fx_lgt_bunker_surgery_spot
73ad48d9318793a,dlc2/island/fx_lgt_penstock_blink_red
ec4d3b0b6114686,dlc2/island/fx_lgt_penstock_blink_red_omni
9cca90e97578c70,dlc2/island/fx_lightining_flash_island
6a54da54ad99c2a,dlc2/island/fx_lightining_flash_island_nofog
6fe5b33ed186697,dlc2/island/fx_lightning_challenge_beam_src_01
6fe5c33ed18684a,dlc2/island/fx_lightning_challenge_beam_src_02
6fe5d33ed1869fd,dlc2/island/fx_lightning_challenge_beam_src_03
6fe5633ed185e18,dlc2/island/fx_lightning_challenge_beam_src_04
7aac51e997bd0cc,dlc2/island/fx_lightning_challenge_beam_tgt_01
7aac81e997bd5e5,dlc2/island/fx_lightning_challenge_beam_tgt_02
7aac71e997bd432,dlc2/island/fx_lightning_challenge_beam_tgt_03
7aac21e997bcbb3,dlc2/island/fx_lightning_challenge_beam_tgt_04
5a257a125beac31,dlc2/island/fx_lightning_challenge_pillar
ad0549ea7028a94,dlc2/island/fx_lightning_clouds_vista_isl
9ed7938112feed1,dlc2/island/fx_mirg_cent_hose_connect
e00c4e1d4ef242b,dlc2/island/fx_mirg_cent_hose_steam
aaaae845239c447,dlc2/island/fx_mirg_cent_pump_puff
ed3cca8b542b5ad,dlc2/island/fx_mirg_cent_vial_green
fb5b3438df602d0,dlc2/island/fx_mirg_cent_vial_purple
c94610d678f41ba,dlc2/island/fx_mirg_cent_vial_yellow
e4140088ee5e603,dlc2/island/fx_muz_fighter_dogfight
b5c6560127425d7,dlc2/island/fx_pap_coolant_burst_island
9fb9953b3f0326b,dlc2/island/fx_pap_fog_coolant_fall_island
7829fdca2f9081f,dlc2/island/fx_pap_water_debris_swirl_island
e2bb6905f23d589,dlc2/island/fx_pap_water_fanflow_island
2ca54e01ab0979e,dlc2/island/fx_pap_water_flow_bubbles_island
2e78eeb9c6d254f,dlc2/island/fx_perk_bomber_contrail
3fa48fea12bc7a2,dlc2/island/fx_perk_bomber_engine_trail
16b6ce531b68d5b,dlc2/island/fx_perk_bomber_machine_trail
77d590260510d2f,dlc2/island/fx_perk_doubletap_island
1401efa3173ac9f,dlc2/island/fx_perk_juggernaut_island
9bb9b981e5b3ed,dlc2/island/fx_perk_mule_kick_island
4ad9a1097a42bd4,dlc2/island/fx_perk_quick_revive_island
1754ee991b046a3,dlc2/island/fx_perk_sleight_of_hand_island
7e1318f9e4c3f1b,dlc2/island/fx_perk_stamin_up_island
3679ebf80f0846c,dlc2/island/fx_plant_babysitter_idle
32bcb0b288ad603,dlc2/island/fx_plant_babysitter_idle_blood
c5707630d3da700,dlc2/island/fx_plant_cache_glow
8274e44c7208239,dlc2/island/fx_plant_cache_major_idle
c15a3658632d525,dlc2/island/fx_plant_cache_minor_idle
91fadb5105b25ae,dlc2/island/fx_plant_cache_minor_petal_light
e121a23378b772c,dlc2/island/fx_plant_cache_petal_light
e2c98b9c19f2edf,dlc2/island/fx_plant_cache_slime
95f8d63705b3595,dlc2/island/fx_plant_cache_slime_decal
d8860fa1e7ab855,dlc2/island/fx_plant_cache_slime_petals
d54728d3c426f4c,dlc2/island/fx_plant_cache_slime_sm
2ca8ec3d80c63d4,dlc2/island/fx_plant_clone_slime
afc84e998eaab50,dlc2/island/fx_plant_clone_slime_1p
1b19959d44c2d1a,dlc2/island/fx_plant_clone_slime_decal
a46ac51c3a8152c,dlc2/island/fx_plant_death
aed7c7859ba137e,dlc2/island/fx_plant_fertilized
6a1ded1d7284497,dlc2/island/fx_plant_fruit_idle
8d6a06890c496d,dlc2/island/fx_plant_fruit_open
42c25380ffab8a7,dlc2/island/fx_plant_fruit_slime
8fb8c3714ebf8d,dlc2/island/fx_plant_fruit_slime_petals
b068aa47e5a1e5,dlc2/island/fx_plant_glow_underwater
e4fab64b249773a,dlc2/island/fx_plant_trap_drool
37679d8455d044d,dlc2/island/fx_plant_trap_drool_trail
2bc15dc7ddf1763,dlc2/island/fx_plant_trap_mouth_smk
315b312e08dedfc,dlc2/island/fx_plant_trap_pheromones
32057348ff3b096,dlc2/island/fx_plant_trap_pheromones_puff
8126e919f3acac8,dlc2/island/fx_plant_trap_spit
b79705616d96300,dlc2/island/fx_plant_watered
6ce293b7431dac2,dlc2/island/fx_plant_watered_startup
d72140b3c9283c9,dlc2/island/fx_plyr_spores_good_trail
8ace610ae1e8541,dlc2/island/fx_plyr_spores_good_trail_cam
3b7ead731188399,dlc2/island/fx_plyr_spores_oxygen_1p
ccb8a2cbd83996d,dlc2/island/fx_plyr_spores_trail
3c00dc7a3d71e85,dlc2/island/fx_plyr_spores_trail_cam
b8e6e8e597842bf,dlc2/island/fx_plyr_spores_unique_trail_cam
4541033a2deeaea,dlc2/island/fx_plyr_swim_bubbles_body_isl
1735aad43942de7,dlc2/island/fx_powerup_on_formula_island
a8dc1fc5735d1a1,dlc2/island/fx_propeller_trap_blade_blood
d00b3ee1c85e7f4,dlc2/island/fx_propeller_trap_blade_blood_os
5b12fc14d3df3d6,dlc2/island/fx_propeller_trap_blood_decal
1370ed6d5846a64,dlc2/island/fx_propeller_trap_blood_island
3ff0653432d8e9,dlc2/island/fx_propeller_trap_blood_runner_island
5c3e8373a23554d,dlc2/island/fx_propeller_trap_debris_island
c20c973fce67660,dlc2/island/fx_propeller_trap_debris_walkway
fff23d1e513913c,dlc2/island/fx_propeller_trap_engine_smk_island
ae2e0950b165e5a,dlc2/island/fx_propeller_trap_engine_smk_startup
807a6791763d839,dlc2/island/fx_propeller_trap_exhaust_flame_os
914278ffecd77e0,dlc2/island/fx_propeller_trap_flames
298f06dc7ea15a,dlc2/island/fx_propeller_trap_sparks
b6e66cd2fc42592,dlc2/island/fx_propeller_trap_spider_blood
f1c179dfd46d58d,dlc2/island/fx_propeller_trap_spider_blood_runner
37dd496c82a3030,dlc2/island/fx_propeller_trap_thrasher_gib_island
135dba9c749ef7c,dlc2/island/fx_redbulb
51d5958fb361ba,dlc2/island/fx_ritual_key_glow_charging_isl
ff730a3e9f1543f,dlc2/island/fx_ritual_key_soul_child_isl_igc
3c7c665c240e43f,dlc2/island/fx_ritual_key_soul_src_isl_igc
b7a944cc124bd96,dlc2/island/fx_ritual_key_soul_tgt_isl_igc
955ee2e28274e47,dlc2/island/fx_sewer_pipe_entry_active
3d73daf01d9b3db,dlc2/island/fx_sewer_pipe_exit_active
9ed3226dd836e13,dlc2/island/fx_sewer_pipe_exit_slow_active
abef6763b419160,dlc2/island/fx_sewer_pipe_water_flow_island
ba8b22bbdbf404,dlc2/island/fx_sewer_pipe_water_flow_lg_island
ee91d210c59ede7,dlc2/island/fx_shield_charge_lightning01_src_island
a5e7e69a0a411bc,dlc2/island/fx_shield_charge_lightning01_trgt_island
5d996529ae432ac,dlc2/island/fx_shield_charge_lightning02_src_island
327722eb53e7af1,dlc2/island/fx_shield_charge_lightning02_trgt_island
f1dab3f6b0aa05d,dlc2/island/fx_shield_charge_lightning03_src_island
3f6760e8a81e152,dlc2/island/fx_shield_charge_lightning03_trgt_island
a010151ae692e4a,dlc2/island/fx_shield_charge_lightning04_src_island
3d68e973d4217f,dlc2/island/fx_shield_charge_lightning04_trgt_island
d948b2381c6758,dlc2/island/fx_shield_charge_lightning_center_src_island
1fb45d1bf6f713d,dlc2/island/fx_shield_charge_lightning_center_trgt_island
599bc0eae5bfd72,dlc2/island/fx_skull_quest_electric_shock_floor_island
34bb9777b6108fd,dlc2/island/fx_skull_quest_electric_shock_island
5f867c481441ea7,dlc2/island/fx_skull_quest_electric_shock_lg_island
4f04451d590b457,dlc2/island/fx_skull_quest_electric_shock_md_island
2741bcf500a0574,dlc2/island/fx_skull_quest_electric_shock_md_loop_island
de60bb28178e6af,dlc2/island/fx_skull_quest_electric_shock_xlg_island
f9b3a552d1b4975,dlc2/island/fx_skull_quest_floor_reveal_island
225803071832fc5,dlc2/island/fx_skull_quest_floor_reveal_splash_island
bc014822728eb62,dlc2/island/fx_skull_quest_floor_reveal_wind_island
c2b9ed6e5ccf225,dlc2/island/fx_skull_quest_glow_zombie_island
f92228e22dd5283,dlc2/island/fx_skull_quest_portal_end_island
ab80e7b0ab3c245,dlc2/island/fx_skull_quest_portal_island
c70697e8000c582,dlc2/island/fx_skull_quest_portal_loop_island
57656c17246f100,dlc2/island/fx_skull_quest_portal_start_island
fe92db4331d8a45,dlc2/island/fx_skull_quest_wall_reveal_color_island
df32a4141d00ffa,dlc2/island/fx_skull_quest_wall_reveal_doorwind_island
4c7a26b2b664c1b,dlc2/island/fx_skull_quest_wall_reveal_elec_island
c26a23f9c1bdc5d,dlc2/island/fx_skull_quest_wall_reveal_island
223c74d4b26db1f,dlc2/island/fx_skull_quest_wall_reveal_underwater_island
5545e2f47d023d,dlc2/island/fx_smk_gear_piece_smolder
63efc92024773ef,dlc2/island/fx_smk_gear_piece_trail
bb654011ef9f4df,dlc2/island/fx_smk_plane_perk_crash_trail_sm
ec0c6cd1628be0f,dlc2/island/fx_smk_skull_quest_smolder_md_island
9cd48ca44659250,dlc2/island/fx_smk_skull_quest_smolder_sm_island
181596d048754a3,dlc2/island/fx_smk_smolder_sm_island
7fd32eda2ff6c8d,dlc2/island/fx_spider_blood_impact
cc5974ce649d89c,dlc2/island/fx_spider_blood_impact_lg_yellow
786152dc914c33e,dlc2/island/fx_spider_blood_impact_yellow
1cb2f2b110f01f9,dlc2/island/fx_spider_death_explo
5babcef4c007907,dlc2/island/fx_spider_death_explo_mirg
b41b6931c6f8080,dlc2/island/fx_spider_death_explo_mirg_ug
51304425e56c3da,dlc2/island/fx_spider_death_explo_sm
2ba1796c3618e1c,dlc2/island/fx_spider_death_ground_decal
af6ddfed1b10ee7,dlc2/island/fx_spider_queen_acid_pool
dd0bffe634c50a1,dlc2/island/fx_spider_queen_bleed_lg
dd3a2fe634e5531,dlc2/island/fx_spider_queen_bleed_md
db1b5fe63318f14,dlc2/island/fx_spider_queen_bleed_sm
e071d968608075b,dlc2/island/fx_spider_queen_leg_attack_loop
b41a42e9627311c,dlc2/island/fx_spider_queen_mouth_glow
f0a17e845fc4289,dlc2/island/fx_spider_queen_roar
65dc8b241d353ca,dlc2/island/fx_spider_queen_spit_impact
72b57fdf59dcc5f,dlc2/island/fx_spider_queen_spit_projectile
ee5b624123b8bf6,dlc2/island/fx_spider_queen_spit_projectile_child
de93abcaa6b1b7e,dlc2/island/fx_spider_queen_web_crumble
d44a8724b3da1d4,dlc2/island/fx_spider_round_tell
a88ca87c2e21d8d,dlc2/island/fx_spider_spawn_ground_billow
6d02bc7a4ed6fb3,dlc2/island/fx_spider_spit_impact
91a3eabfe133df8,dlc2/island/fx_spider_spit_impact_trail
78c5517acab7f0b,dlc2/island/fx_spider_spit_muz
c3b17a7b24f91ae,dlc2/island/fx_spider_spit_projectile
2c6b312fe2638db,dlc2/island/fx_spider_spit_projectile_child
47e0bafb2dcff69,dlc2/island/fx_spider_spit_projectile_child_reweb
4f748d1112e8e04,dlc2/island/fx_spider_spit_projectile_reweb
a3e4c325f955232,dlc2/island/fx_spider_torso_light_island
6f5f1d905a23eae,dlc2/island/fx_spider_trail_dust_child
89a1af6a325fd4a,dlc2/island/fx_spider_trail_island
270550fa35829c9,dlc2/island/fx_spores_cloud_ambient_good_lrg
4fa132d59d7bc9f,dlc2/island/fx_spores_cloud_ambient_good_md
4af3e2d59981a36,dlc2/island/fx_spores_cloud_ambient_good_sm
1f8a263359d4427,dlc2/island/fx_spores_cloud_ambient_lrg
49133d671b6c2e1,dlc2/island/fx_spores_cloud_ambient_md
4dc06d671f661e4,dlc2/island/fx_spores_cloud_ambient_sm
85a256b8b8ef050,dlc2/island/fx_spores_cloud_exp_good_lrg
c5ff7b7dc69a778,dlc2/island/fx_spores_cloud_exp_good_md
caaf4b7dca98dd9,dlc2/island/fx_spores_cloud_exp_good_sm
97d5fbf3c66c258,dlc2/island/fx_spores_cloud_exp_lg
9797cbf3c630ac8,dlc2/island/fx_spores_cloud_exp_md
95779bf3c461f49,dlc2/island/fx_spores_cloud_exp_sm
a55938e098f358,dlc2/island/fx_spores_cloud_primed
1f3501d159e330c,dlc2/island/fx_steam_fence_gate
dac6639cad17551,dlc2/island/fx_steam_leak_xsm
29d775c8a3e0321,dlc2/island/fx_takeo_arm_attack_impact
bf288cde9f3aa97,dlc2/island/fx_takeo_arm_pustule_burst
7060ec303e732f7,dlc2/island/fx_takeo_arm_retract
74a39b3979e017c,dlc2/island/fx_thrash_blood_impact_lg
1ce6c858a8e9af1,dlc2/island/fx_thrash_chest_mouth_drool_1p
c5ff62b6dee3abd,dlc2/island/fx_thrash_chest_mouth_ingest
cbb4b801c9537c3,dlc2/island/fx_thrash_chest_mouth_ingest_end
d4dd4756aec5656,dlc2/island/fx_thrash_death_explo
3dd7b92ab2e8d4,dlc2/island/fx_thrash_eye_glow
a8b590e81c13ea4,dlc2/island/fx_thrash_eye_glow_good
98deb6ea7aeb308,dlc2/island/fx_thrash_eye_glow_rage
1dbd5b01c9ce726,dlc2/island/fx_thrash_footstep_dust
31a70bc327cf22,dlc2/island/fx_thrash_good_gas_leg_lft
dfa570bb8954099,dlc2/island/fx_thrash_good_gas_leg_rgt
3d2595e1c5f59a8,dlc2/island/fx_thrash_good_gas_torso
f4cdb6a8da8c9f9,dlc2/island/fx_thrash_good_zmb_transition_arm_lft_loop
211a5f2494613d4,dlc2/island/fx_thrash_good_zmb_transition_arm_rgt_loop
f507748888bc263,dlc2/island/fx_thrash_good_zmb_transition_leg_lft_loop
944253b2b51f1ca,dlc2/island/fx_thrash_good_zmb_transition_leg_rgt_loop
3c98b8b06abd975,dlc2/island/fx_thrash_good_zmb_transition_torso_loop
f1363f9aadd36b8,dlc2/island/fx_thrash_pustule_burst
fe6d3729c142710,dlc2/island/fx_thrash_pustule_drip_impact
203cca850097858,dlc2/island/fx_thrash_pustule_impact
97fe6be7f900e4a,dlc2/island/fx_thrash_pustule_reinflate
70110cae2ebe90f,dlc2/island/fx_thrash_pustule_spore_exp
c355d0e83373162,dlc2/island/fx_thrash_rage_gas_leg_lft
d650d0e7b897ed9,dlc2/island/fx_thrash_rage_gas_leg_rgt
c367f7680951be8,dlc2/island/fx_thrash_rage_gas_torso
dd1de5cae67789a,dlc2/island/fx_thrash_spike_burst
5e2c61e47b88204,dlc2/island/fx_thrash_teleport_in_residual
c79a3c0a77edbb2,dlc2/island/fx_thrash_teleport_out_impact
9e6a80080f0cee7,dlc2/island/fx_thrash_vine_attack_trail
e5d9bf58cf0fac5,dlc2/island/fx_thrash_zmb_transition_arm_lft_loop
741d3c08d4abd8,dlc2/island/fx_thrash_zmb_transition_arm_rgt_loop
40835afbda606ef,dlc2/island/fx_thrash_zmb_transition_leg_lft_loop
a23aac5d40b9c5e,dlc2/island/fx_thrash_zmb_transition_leg_rgt_loop
b3fe2cf0c0f2331,dlc2/island/fx_thrash_zmb_transition_torso_loop
94bc5770c6ca271,dlc2/island/fx_thrasher_blood_impact
6353a2dfd2d2e46,dlc2/island/fx_tower_light_green
52a9f0a95750e26,dlc2/island/fx_tower_light_red
31df5011e2d41af,dlc2/island/fx_tracer_dogfight_yel
8c37b8fe5263fe3,dlc2/island/fx_underwater_dust_murky_md_slow_island
ca657f3a809b70,dlc2/island/fx_vinegate_machine_idle_elec
f96940e48667c0a,dlc2/island/fx_vinegate_machine_open_elec
80dffef141a37c8,dlc2/island/fx_vinegate_open
b243c00e159457c,dlc2/island/fx_vinegate_open_mirg
bedb2cf06938b19,dlc2/island/fx_vinegate_open_mirg_ug
83cfa38cdb5d8fe,dlc2/island/fx_vinegate_open_spark_mirg
7f04684d39de68f,dlc2/island/fx_vinegate_open_spark_mirg_ug
94d5782349a1e8e,dlc2/island/fx_vinegate_open_sparks_os
fe94f46b7d671a1,dlc2/island/fx_water_bubbles_md_slow_island
6d01a6d5b9fa8e1,dlc2/island/fx_water_bubbles_pipeline_exit_island
7c98e108dc52efd,dlc2/island/fx_water_bubbles_sm_slow_specimen_island
dfb4d22efa211f7,dlc2/island/fx_water_bubbles_transport_sewer_med_island
23a202123d1e08c,dlc2/island/fx_water_bubbles_underfalls_island
85c5b64d2fa4c64,dlc2/island/fx_water_debris_dust_md_island
b011ff282f9d6ff,dlc2/island/fx_water_debris_dust_md_lite_island
318139c299ab484,dlc2/island/fx_water_debris_sml_island
71f9a8cd57a270b,dlc2/island/fx_water_drain_splash_sm_island
90f081889a86fb2,dlc2/island/fx_water_drip_line_100_island
5a9fb976c1ef4f8,dlc2/island/fx_water_drip_line_100_splash_island
b4b961fcc65de66,dlc2/island/fx_water_drip_line_10_island
bcf4224d5bfdf64,dlc2/island/fx_water_drip_line_10_splash_island
1a23bdeefab8f96,dlc2/island/fx_water_drip_line_25_island
a97a1934da46ab4,dlc2/island/fx_water_drip_line_25_splash_island
a4c7baff7163f85,dlc2/island/fx_water_drip_line_short_slow_50_island
3901214478b466c,dlc2/island/fx_water_drip_line_short_xsm_island
c8adb6f8c7a4977,dlc2/island/fx_water_leak_squirt_sm_island
d8a948c386333e7,dlc2/island/fx_water_pentock_gate_open
82642ebb5ddf5cb,dlc2/island/fx_water_sewer_splash_sm_island
730ee44c3753bd,dlc2/island/fx_water_splash_lrg_island
dcc9cd888d061c5,dlc2/island/fx_water_splash_stream_sm
2033ac684c81651,dlc2/island/fx_water_spray_mist_power
982bd47eb815be1,dlc2/island/fx_water_uw_churn_penstock
96b2d1b0e7a114,dlc2/island/fx_water_uw_debris_penstock
b8c4d3f123b1ea8,dlc2/island/fx_water_waterfall_base_vista_island
e8887e37da1b8bf,dlc2/island/fx_water_waterfall_fill_long_island
951431d986efbed,dlc2/island/fx_water_waterfall_fill_short_island
147397289e213ab,dlc2/island/fx_water_waterfall_fill_short_slow_island
328bcaa4432dea4,dlc2/island/fx_water_waterfall_top_vista_island
f8e265a6bbb450,dlc2/island/fx_water_zombie_splash
770af8d226b39c2,dlc2/island/fx_web_barrier_reveal
19c80e00ae6db09,dlc2/island/fx_web_barrier_tearing
480c07a9ea72ca0,dlc2/island/fx_web_bgb_dissolve_mirg
8c84edf6e2cb03d,dlc2/island/fx_web_bgb_dissolve_mirg_ug
c72422e67c3efba,dlc2/island/fx_web_bgb_reveal
55e3c0f6bd8ebd8,dlc2/island/fx_web_bgb_reweb
6171e81ad157ea1,dlc2/island/fx_web_bgb_tearing
b6fa8b0860bccab,dlc2/island/fx_web_cocoon_open
fedc2abb6d8f627,dlc2/island/fx_web_grenade_tell
720ac927d391f20,dlc2/island/fx_web_impact_player_melee
853ab032020ce6a,dlc2/island/fx_web_impact_rocket
a7fd24e7dd91667,dlc2/island/fx_web_impact_spider_crawl
f9cd34b3bd23e27,dlc2/island/fx_web_perk_machine_dissolve_mirg
d74ab4bccd9fae0,dlc2/island/fx_web_perk_machine_dissolve_mirg_ug
8c16adb27e05f97,dlc2/island/fx_web_perk_machine_reveal
ecb12c6d0615daf,dlc2/island/fx_web_perk_machine_reweb
f32b9ec008aefa6,dlc2/island/fx_web_perk_machine_tearing
e5cbf0931d2f1f0,dlc2/island/fx_zombie_gib_trail
11b360be124127b,dlc2/island/fx_zombie_torso_explo
77745eb541ee12,dlc2/island_mov/fx_rain_splash_breakup_sm_os
b495842c8de62cc,dlc2/mp_kung_fu/fx_birds_vista_kf
206ea1dcd62f766,dlc2/mp_kung_fu/fx_blossom_fall_down_kf
8f34302509965f9,dlc2/mp_kung_fu/fx_blossom_fall_vista_kf
64fe970cea3edfa,dlc2/mp_kung_fu/fx_blossom_ground_rattle_kf
f105f900ed5f501,dlc2/mp_kung_fu/fx_blossom_hall_path_kf
bf285466dc5602f,dlc2/mp_kung_fu/fx_blossom_ledge_kf
a4d1c3f942d3938,dlc2/mp_kung_fu/fx_blossom_loop_ground_kf
af3695c97dec0c6,dlc2/mp_kung_fu/fx_blossom_loop_swirl_kf
71b6c3c0e206d03,dlc2/mp_kung_fu/fx_blossom_loop_swirl_runner_kf
b3b524b5e10a1e6,dlc2/mp_kung_fu/fx_blossom_os_kf
6c01d9ac75de946,dlc2/mp_kung_fu/fx_blossom_runner_kf
d7388711b66dfee,dlc2/mp_kung_fu/fx_blossom_top_water_02_kf
cf232f6a2c2fa87,dlc2/mp_kung_fu/fx_blossom_top_water_edge_kf
aa77337894c7fe0,dlc2/mp_kung_fu/fx_blossom_tree_burst_os_kf
759bf5b7e2d3a80,dlc2/mp_kung_fu/fx_blossom_tree_burst_runner_kf
e22648968af343,dlc2/mp_kung_fu/fx_candle_windy_kf
b175360157df354,dlc2/mp_kung_fu/fx_clouds_tree_line_kf
d07bf0aa208406a,dlc2/mp_kung_fu/fx_clouds_vista_kf
d158ac30fe19245,dlc2/mp_kung_fu/fx_clouds_vista_xlg_02_kf
3cfb4f1e3db2f5c,dlc2/mp_kung_fu/fx_clouds_vista_xlg_kf
21844e8345a596f,dlc2/mp_kung_fu/fx_dust_ambient_kf
c79993ea0c02a29,dlc2/mp_kung_fu/fx_dust_wind_slow_kf
df727d877da6cb7,dlc2/mp_kung_fu/fx_fireplace_kf
1efcbe8bfa053c1,dlc2/mp_kung_fu/fx_grass_loop_swirl_kf
dc56733bd9ec2da,dlc2/mp_kung_fu/fx_grass_loop_swirl_runner_kf
eff9fe65cad1245,dlc2/mp_kung_fu/fx_grass_os_kf
9444f52ed152771,dlc2/mp_kung_fu/fx_grass_runner_kf
44a58935dcd065a,dlc2/mp_kung_fu/fx_grass_wind_loop_kf
7e9a414458d7548,dlc2/mp_kung_fu/fx_leaves_blossom_kf
1eadf32d1ee4f12,dlc2/mp_kung_fu/fx_lgt_candle_light_small_01
1eade32d1ee4d5f,dlc2/mp_kung_fu/fx_lgt_candle_light_small_02
e664dacf832872d,dlc2/mp_kung_fu/fx_lgt_candle_light_spot_01
5a414cf19faca0f,dlc2/mp_kung_fu/fx_lgt_disco_ceiling_light
f9ec21ed3baa7fd,dlc2/mp_kung_fu/fx_lgt_disco_floor_light_fast_01
1bc7d55a4c8b9c3,dlc2/mp_kung_fu/fx_lgt_disco_floor_light_test
b7b29416f943153,dlc2/mp_kung_fu/fx_lgt_lava_lamp_01
9999a088764ae1c,dlc2/mp_kung_fu/fx_lgt_lava_lamp_blue
1e188c6438dc133,dlc2/mp_kung_fu/fx_lgt_lava_lamp_green
326fe61083b27ea,dlc2/mp_kung_fu/fx_lgt_lava_lamp_orange
137bcf17f4690ea,dlc2/mp_kung_fu/fx_lgt_lava_lamp_purple
70b4218fac0cad8,dlc2/mp_kung_fu/fx_lgt_lava_lamp_yellow
fb8c05edefec916,dlc2/mp_kung_fu/fx_light_disco_sparkle_kf
39527ae36cd7d58,dlc2/mp_kung_fu/fx_mist_ambient_kf
650b7c6964e513a,dlc2/mp_kung_fu/fx_mist_ambient_pit_kf
d61329306c6cd,dlc2/mp_kung_fu/fx_mist_ambient_pit_sm_kf
87f5a3deded8014,dlc2/mp_kung_fu/fx_sand_particle_blow_kf
379e516cef65867,dlc2/mp_kung_fu/fx_steam_gold_pot_kf
cc8e8135fe24bdc,dlc2/mp_kung_fu/fx_water_drip_under_kf
8461a3ecf31c3b4,dlc2/mp_kung_fu/fx_water_splash_under_kf
631c24a80501384,dlc2/zmb_weapon/fx_mirg_impact_aoe_child
b0865a480610321,dlc2/zmb_weapon/fx_mirg_impact_aoe_child_ug
10c2b4a19ec67dc,dlc2/zmb_weapon/fx_mirg_impact_aoe_chrg2
2aae82753c26639,dlc2/zmb_weapon/fx_mirg_impact_aoe_chrg2_ug
10c2c4a19ec698f,dlc2/zmb_weapon/fx_mirg_impact_aoe_chrg3
61318329b616cc8,dlc2/zmb_weapon/fx_mirg_impact_aoe_chrg3_ug
8bb34d208bb30c3,dlc2/zmb_weapon/fx_mirg_impact_decal_ground
d79fda0dce65edc,dlc2/zmb_weapon/fx_mirg_impact_decal_ground_ug
985d38b85c72ebf,dlc2/zmb_weapon/fx_mirg_impact_drop
b5ee764c946e818,dlc2/zmb_weapon/fx_mirg_impact_drop_ug
42ebc9a013ad62,dlc2/zmb_weapon/fx_mirg_impact_explo_default
76f3b71355db991,dlc2/zmb_weapon/fx_mirg_impact_explo_ug
e0df1cdb6ac286f,dlc2/zmb_weapon/fx_mirg_muz_1p
d56ca0d9247be8,dlc2/zmb_weapon/fx_mirg_muz_1p_ug
e0705cdb6a62bbd,dlc2/zmb_weapon/fx_mirg_muz_3p
aa70d4302b1a9ca,dlc2/zmb_weapon/fx_mirg_muz_3p_ug
40a5b8da17388,dlc2/zmb_weapon/fx_mirg_projectile
64223397ee87a2d,dlc2/zmb_weapon/fx_mirg_projectile_child
4409202b3ca415a,dlc2/zmb_weapon/fx_mirg_projectile_child_ug
eafea2cae2f13e5,dlc2/zmb_weapon/fx_mirg_projectile_ug
395c078a48da1a,dlc2/zmb_weapon/fx_mirg_quest_impact_island
ce421fba0d3162f,dlc2/zmb_weapon/fx_mirg_quest_impact_start_island
f01439439da924,dlc2/zmb_weapon/fx_mirg_spore_pop_md
b33139436a2c4d,dlc2/zmb_weapon/fx_mirg_spore_pop_sm
1588652c9e8d15a,dlc2/zmb_weapon/fx_mirg_spore_zombie_death
fcb369d94b6fe3,dlc2/zmb_weapon/fx_mirg_weapon_canister_light_blue
33af7435b87b79e,dlc2/zmb_weapon/fx_mirg_weapon_canister_light_green
4d00e95dd0f89ab,dlc2/zmb_weapon/fx_mirg_web_dissolve
82b19d604aefe4,dlc2/zmb_weapon/fx_mirg_web_dissolve_ug
d34cb79337b06b7,dlc2/zmb_weapon/fx_skull_quest_cleanse_25_island
e6a5926b61943e3,dlc2/zmb_weapon/fx_skull_quest_cleanse_50_island
b43e01925b995a4,dlc2/zmb_weapon/fx_skull_quest_cleanse_75_island
cbc3e6e5bcdb74b,dlc2/zmb_weapon/fx_skull_quest_cleanse_end_island
6024c78cc7d3b70,dlc2/zmb_weapon/fx_skull_quest_cleanse_fail_island
a175e5b0446012f,dlc2/zmb_weapon/fx_skull_quest_cleanse_glow_island
cb5af05c9cd1ded,dlc2/zmb_weapon/fx_skull_quest_cleanse_island
c8b6db78d827bd,dlc2/zmb_weapon/fx_skull_quest_lightning01_island
41a4a43e94331f6,dlc2/zmb_weapon/fx_skull_quest_lightning02_island
a72d77206987d9b,dlc2/zmb_weapon/fx_skull_quest_lightning03_island
30fc2bb10390b54,dlc2/zmb_weapon/fx_skull_quest_lightning04_island
914a33b1e90de3a,dlc2/zmb_weapon/fx_skull_quest_lightning_hit_island
71f6f4050ff0c68,dlc2/zmb_weapon/fx_skull_quest_lightning_target_island
ac4124d4b61a253,dlc2/zmb_weapon/fx_skull_quest_ritual_doorbarrier_island
9d600dc3b3bdb1a,dlc2/zmb_weapon/fx_skull_quest_ritual_doordust_island
37b0031f5936119,dlc2/zmb_weapon/fx_skull_quest_ritual_dooropenglow_island
372fe666205d4e5,dlc2/zmb_weapon/fx_skull_quest_ritual_end_island
8c0b951bfb28bd5,dlc2/zmb_weapon/fx_skull_quest_ritual_glow_island
36eeba9c6d3e5f6,dlc2/zmb_weapon/fx_skull_quest_ritual_start_island
b82ec9a8c36483a,dlc2/zmb_weapon/fx_skull_quest_ritual_trail_island
36f6b8e9b37cd00,dlc2/zmb_weapon/fx_wpn_skull_1st_raise_island
1ebe12f3c43a976,dlc2/zmb_weapon/fx_wpn_skull_beam_end_3p_island
e4782f4309945c0,dlc2/zmb_weapon/fx_wpn_skull_beam_end_island
427aaef9b5b62b3,dlc2/zmb_weapon/fx_wpn_skull_beam_loop_3p_island
1a7d25b76b6d483,dlc2/zmb_weapon/fx_wpn_skull_beam_loop_island
cfb9bf9f3276494,dlc2/zmb_weapon/fx_wpn_skull_beam_side_end_3p_island
2c952444d79bf7a,dlc2/zmb_weapon/fx_wpn_skull_beam_side_end_island
3d74d8e84bdddd9,dlc2/zmb_weapon/fx_wpn_skull_beam_side_loop_3p_island
e40d80aeea2bc15,dlc2/zmb_weapon/fx_wpn_skull_beam_side_loop_island
9ed7bad3f541045,dlc2/zmb_weapon/fx_wpn_skull_beam_side_start_3p_island
3ba9c1a2a497df1,dlc2/zmb_weapon/fx_wpn_skull_beam_side_start_island
4dddaeb975ec6b3,dlc2/zmb_weapon/fx_wpn_skull_beam_start_3p_island
fb4b0ab3710083,dlc2/zmb_weapon/fx_wpn_skull_beam_start_island
ccb3120c19b4574,dlc2/zmb_weapon/fx_wpn_skull_island
9e5d0297755d842,dlc2/zmb_weapon/fx_wpn_skull_island_3p
f3d3e22d9552a81,dlc2/zmb_weapon/fx_wpn_skull_torch_end_3p_island
da25f73dd7d63fd,dlc2/zmb_weapon/fx_wpn_skull_torch_end_island
5810705d05e369a,dlc2/zmb_weapon/fx_wpn_skull_torch_loop_3p_island
abb7f72000a2124,dlc2/zmb_weapon/fx_wpn_skull_torch_loop_island
8edf410d52b1d39,dlc2/zmb_weapon/fx_wpn_skull_torch_side_end_3p_island
2afa13af925f535,dlc2/zmb_weapon/fx_wpn_skull_torch_side_end_island
4bd263aeea04382,dlc2/zmb_weapon/fx_wpn_skull_torch_side_loop_3p_island
47c5979137d2b8c,dlc2/zmb_weapon/fx_wpn_skull_torch_side_loop_island
a840802ce13d9c0,dlc2/zmb_weapon/fx_wpn_skull_torch_side_start_3p_island
ede3d3f580da746,dlc2/zmb_weapon/fx_wpn_skull_torch_side_start_island
c61834895bd5fd8,dlc2/zmb_weapon/fx_wpn_skull_torch_start_3p_island
28a0bcb811a82be,dlc2/zmb_weapon/fx_wpn_skull_torch_start_island
41e6d786d4df539,dlc3/mp_arena/fx_debris_confetti_fall
19ec3f6cc8f0dd3,dlc3/mp_arena/fx_debris_confetti_fall_pcloud_red
d1da6da31e0fef1,dlc3/mp_arena/fx_debris_confetti_fall_pcloud_white
e352b0267b42c4,dlc3/mp_arena/fx_debris_confetti_fall_red_runner
2093712e207833f,dlc3/mp_arena/fx_debris_confetti_fall_white
979d460a5b3457a,dlc3/mp_arena/fx_debris_confetti_fall_white_runner
da71b95b3a8cae4,dlc3/mp_arena/fx_firework_burst_radial_purple
53c17db7cfc3025,dlc3/mp_arena/fx_firework_launch_trail
b4f8b05be2dd37d,dlc3/mp_arena/fx_firework_smoke_trail
8e2c52d8b953b06,dlc3/mp_arena/fx_firework_smoke_trail_sm
f7ba0a4b6965cf,dlc3/mp_arena/fx_firework_trail
7b9ee085174c12d,dlc3/mp_arena/fx_light_glow_hologram_arena
e0f21499744524f,dlc3/mp_arena/fx_sparks_stage_pyrotechnic
1a2691c59d0cab9,dlc3/mp_arena/fx_sparks_stage_pyrotechnic_fall
c3efd6357901ddc,dlc3/mp_arena/fx_sparks_stage_pyrotechnic_fall_runner
ea67b0f83bfa2aa,dlc3/mp_arena/fx_sparks_stage_pyrotechnic_runner
526ef82861ce86b,dlc3/mp_cryogen/fx_elec_cryo_chamber
f1a6e1912672ff9,dlc3/mp_cryogen/fx_elec_cryo_robot_arms
95702d67276d42c,dlc3/mp_cryogen/fx_elec_fence_cryo
21f44c55c4fe7a1,dlc3/mp_cryogen/fx_elec_fence_cryo_2
21f43c55c4fe5ee,dlc3/mp_cryogen/fx_elec_fence_cryo_3
21f46c55c4feb07,dlc3/mp_cryogen/fx_elec_fence_cryo_4
5e62cfae4a30918,dlc3/mp_cryogen/fx_elec_laser_tower_cryo
41385674a1271d8,dlc3/mp_cryogen/fx_fog_thick_door
6dd0511a19a2ca1,dlc3/mp_cryogen/fx_fog_thick_door_neg
aeb70921069bc03,dlc3/mp_cryogen/fx_fog_thick_main_cryogen
6252575e96e9238,dlc3/mp_cryogen/fx_fog_thick_pipe_floor_line
1a599cf7e777a9c,dlc3/mp_cryogen/fx_fog_thick_pipe_lg_ext
ecd213332c8fc3,dlc3/mp_cryogen/fx_fog_thick_pit_cryogen
eae5b2504281cf5,dlc3/mp_cryogen/fx_fog_thick_pit_cryogen_fall
d2a6e7e1aa92be3,dlc3/mp_cryogen/fx_fog_thick_room_amb_100x100
18c47036a305d3,dlc3/mp_cryogen/fx_fog_thick_room_amb_200x200
a71c90c584a7dca,dlc3/mp_cryogen/fx_fog_thick_vent_floor_md
bba8e0e850b14ac,dlc3/mp_cryogen/fx_light_sparky_cryogen
1a4d112e8368a1e,dlc3/mp_cryogen/fx_light_spin_warning_yellow
42ff1525af39fb0,dlc3/mp_cryogen/fx_sand_blowing_xlg
cd7a307f1afa7f,dlc3/mp_cryogen/fx_steam_lake_evaporate
538ac1dd095a96,dlc3/mp_cryogen/fx_steam_lake_evaporate_em
4730e696b69cbac,dlc3/mp_cryogen/fx_steam_pipe_cryogen
2b662f09fd59a10,dlc3/mp_cryogen/fx_steam_pipe_md_cryogen
5320ea552d351ed,dlc3/mp_cryogen/fx_steam_tower_cryo
cc2333673781a71,dlc3/mp_rome/fx_dust_blow_02_rome
34377ab3d1a2bb6,dlc3/mp_rome/fx_dust_blow_ground_rome
73d9bcd5d602e8,dlc3/mp_rome/fx_dust_blow_rome
fc59b49f95fd314,dlc3/mp_rome/fx_dust_motes_rome
e58ba888feaad71,dlc3/mp_rome/fx_dust_particles_rome
8c8de67ef7b716f,dlc3/mp_rome/fx_dust_vista_01_rome
963927092e102d2,dlc3/mp_rome/fx_dust_wind_rome
89fffa833b9cbfb,dlc3/mp_rome/fx_fire_candle_rome
ebd0b917d3a31d2,dlc3/mp_rome/fx_fire_candle_sm_rome
f7fa652e88bac22,dlc3/mp_rome/fx_fire_oven_rome
7ea08a249cf73ae,dlc3/mp_rome/fx_fire_torch_rome
f6626d664e6c95a,dlc3/mp_rome/fx_grass_loop_rome
88ab1b4396d7ed5,dlc3/mp_rome/fx_leaves_rome
a404ae4bccb745b,dlc3/mp_rome/fx_light_candle
9eaa3fd7a7d8b26,dlc3/mp_rome/fx_light_candle_basket
110652b43b3d76,dlc3/mp_rome/fx_light_candle_exterior
1c6ec7351422a3f,dlc3/mp_rome/fx_light_fire_spill
946737da403f292,dlc3/mp_rome/fx_light_lantern_rome
ef8681b8cc87c7c,dlc3/mp_rome/fx_light_torch_rome
464e9ee84205bdb,dlc3/mp_rome/fx_light_torch_rome_02
773321a5868479c,dlc3/mp_rome/fx_light_torch_rome_bath
415b4a4cdccdbcd,dlc3/mp_rome/fx_light_torch_rome_candles
21faf8fc35b252,dlc3/mp_rome/fx_pollen_ambient_lg_rome
da47285662e8cdb,dlc3/mp_rome/fx_pool_bubbles_rome
9a624358b3846a6,dlc3/mp_rome/fx_pool_steam_rome
29913dba2a11849,dlc3/mp_rome/fx_water_fountain_bottom_rome
b7dd80be240745d,dlc3/mp_rome/fx_water_fountain_rome
810a2074b343bbc,dlc3/mp_rome/fx_water_fountain_rome_2
9c990f49ca14735,dlc3/mp_ruins/fx_fire_torch_blue_ruins
754542a28d84084,dlc3/shrine/fx_fire_torch_shrine
57bba7a15f00c6f,dlc3/shrine/fx_fire_torch_sm_shrine
e1f934303ad1f41,dlc3/shrine/fx_fire_wood_ground_shrine
d3c58f36c3eecc6,dlc3/shrine/fx_light_candles_shrine
c3ca4799db0a254,dlc3/shrine/fx_light_candles_shrine_ns
b0792a179b811d4,dlc3/shrine/fx_light_fire_bbq_shrine
7c400638569f1d7,dlc3/shrine/fx_light_fire_camp_bright_shrine
34e611b88258cc,dlc3/shrine/fx_light_fire_camp_shrine
b42f859452b7545,dlc3/shrine/fx_light_fireplace_shrine
e5ad7721f5bf62e,dlc3/shrine/fx_light_torch_shrine
18d3d2d55733b61,dlc3/shrine/fx_light_torch_shrine_02
9b46240aecb7c5d,dlc3/shrine/fx_snow_dust_ground
c0fd5d81cb305a7,dlc3/shrine/fx_snow_dust_ground_int
c129eb109b3b270,dlc3/shrine/fx_snow_dust_ground_short
e0bd606d5a7130a,dlc3/shrine/fx_snow_dust_ground_skinny
e6792f93da11a6,dlc3/shrine/fx_snow_dust_ground_sm
197f2df4daf1224,dlc3/shrine/fx_snow_dust_rocks_top
90e5f5c695b1419,dlc3/shrine/fx_snow_fall_flurry_shrine
8a4e9835a411801,dlc3/shrine/fx_snow_fall_flurry_thin_shrine
6dbaf26bcf8f9e6,dlc3/shrine/fx_snow_fall_shrine
7e3f63e1d2ea7d9,dlc3/shrine/fx_snow_fog_below
7d2ad70e2324b1,dlc3/shrine/fx_snow_hail_bounce_sm
7ac44a149000be1,dlc3/shrine/fx_snow_hail_edge
f3540519c3ef90e,dlc3/shrine/fx_snow_hail_impact
9d0362a0725c9a8,dlc3/shrine/fx_snow_hail_wall
7ed76367ab1ec71,dlc3/shrine/fx_snow_hail_wall_skinny
52d0bd06c00f66b,dlc3/shrine/fx_waterfall_base_vista_shrine
180ebc1ada6ae95,dlc3/shrine/fx_waterfall_vista_shrine
92ef39d0c1e210c,dlc3/stalingrad/fx_ash_ember_fg_em_igc
b44598e884ed991,dlc3/stalingrad/fx_ash_ember_fg_igc
17d74e2ba78415d,dlc3/stalingrad/fx_bio_fly_dark_10x10
202874b9d291a01,dlc3/stalingrad/fx_bio_fly_dark_25x25
35b9a5d50e48b3e,dlc3/stalingrad/fx_blood_splash_med
b8ee76d24c4f42f,dlc3/stalingrad/fx_blood_splash_med_rnr
17776932968a920,dlc3/stalingrad/fx_blood_squirt_lrg
82b3356ce54c5f1,dlc3/stalingrad/fx_blood_squirt_lrg_rnr
74977de347506c8,dlc3/stalingrad/fx_blood_squirt_md
f73c48c51d86679,dlc3/stalingrad/fx_blood_squirt_md_rnr
72774de34581b49,dlc3/stalingrad/fx_blood_squirt_sm
b856c51c78ed5d8,dlc3/stalingrad/fx_blood_squirt_sm_rnr
c2ff71c2caedd46,dlc3/stalingrad/fx_bul_impact_armor_body_igc
5f89352b1cc4af3,dlc3/stalingrad/fx_cymbal_monkey_radial_pulse
1c341c7b0476d18,dlc3/stalingrad/fx_debris_sewer_flow_lrg
72d0bc7a9bcd6e5,dlc3/stalingrad/fx_debris_sewer_flow_med
6347e5384501dbe,dlc3/stalingrad/fx_debris_sewer_flow_turn_lrg
d4cd4fbebbbd805,dlc3/stalingrad/fx_dest_ceiling_break
dceb440cfd970ce,dlc3/stalingrad/fx_dest_ceiling_break_cage
7ac506be56a3d01,dlc3/stalingrad/fx_dest_ceiling_collapse
7d9d862367509f6,dlc3/stalingrad/fx_dest_concrete_impact_xlg
9677b7dde018235,dlc3/stalingrad/fx_dest_letter_fall_impact_lrg
164c428e54b2b72,dlc3/stalingrad/fx_dest_letter_fall_impact_sm
4376022b60c6f39,dlc3/stalingrad/fx_dest_wall_crumble_impact_dust
3e05b41651c8a38,dlc3/stalingrad/fx_dirt_hand_burst_challenges
fcf55836b5f8049,dlc3/stalingrad/fx_door_buy_stairs_teleport
5003ac0ee92104e,dlc3/stalingrad/fx_door_buy_stalingrad
baf3d1bcedc5b10,dlc3/stalingrad/fx_door_buy_teleport
f34826da510204e,dlc3/stalingrad/fx_dragon_death_burst_lg
f30636da50c02ca,dlc3/stalingrad/fx_dragon_death_burst_md
8f902cd69ef3ae5,dlc3/stalingrad/fx_dragon_death_burst_md_loop
b88fabcf798ba96,dlc3/stalingrad/fx_dragon_death_burst_sm_loop
6c6edda97061cb4,dlc3/stalingrad/fx_dragon_death_chest_burst
b06afe25a1ed8c1,dlc3/stalingrad/fx_dragon_death_chest_burst_child
faf39bc68b5727d,dlc3/stalingrad/fx_dragon_death_gib_trail
608b5407cee7006,dlc3/stalingrad/fx_dragon_death_gib_trail_sm
fd4b948deb280b1,dlc3/stalingrad/fx_dragon_death_lava_impact
7267cb7eaffb762,dlc3/stalingrad/fx_dragon_death_lava_impact_sm
dd3108af11c94e8,dlc3/stalingrad/fx_dragon_death_lava_linger
52ce31940ca9b61,dlc3/stalingrad/fx_dragon_death_mouth_magma
b5f0c173a6ece6,dlc3/stalingrad/fx_dragon_gauntlet_egg_heat
cd7008d178b1846,dlc3/stalingrad/fx_dragon_gauntlet_flamethrower_begin_1p
cd0148d17851b94,dlc3/stalingrad/fx_dragon_gauntlet_flamethrower_begin_3p
2e7ea610023a34f,dlc3/stalingrad/fx_dragon_gauntlet_flamethrower_blocked
8ef2ec3175e1773,dlc3/stalingrad/fx_dragon_gauntlet_flamethrower_emitter_1p
8e842c317581ac1,dlc3/stalingrad/fx_dragon_gauntlet_flamethrower_emitter_3p
5f826020d1f8282,dlc3/stalingrad/fx_dragon_gauntlet_flamethrower_end_1p
77642240c4efb7f,dlc3/stalingrad/fx_dragon_gauntlet_glove_blue_glow1
77643240c4efd32,dlc3/stalingrad/fx_dragon_gauntlet_glove_blue_glow2
2894205ad2c3ae8,dlc3/stalingrad/fx_dragon_gauntlet_glove_blue_glow_finger
b7609a54228006e,dlc3/stalingrad/fx_dragon_gauntlet_glove_blue_glow_finger2
b760aa542280221,dlc3/stalingrad/fx_dragon_gauntlet_glove_blue_glow_finger3
aceaae8031cac57,dlc3/stalingrad/fx_dragon_gauntlet_glove_blue_tube
9d8cd3d49b8ef9f,dlc3/stalingrad/fx_dragon_gauntlet_glove_blue_tube2
a980656814c9c35,dlc3/stalingrad/fx_dragon_gauntlet_glove_orange_glow1
a980356814c971c,dlc3/stalingrad/fx_dragon_gauntlet_glove_orange_glow2
e12c3a69acf14ea,dlc3/stalingrad/fx_dragon_gauntlet_melee
165b11d108c83d5,dlc3/stalingrad/fx_dragon_gauntlet_melee_impact
dfb6040af244d55,dlc3/stalingrad/fx_dragon_gauntlet_projectile_exp
1aa981bfb6632c3,dlc3/stalingrad/fx_dragon_gauntlet_projectile_muz_flash
b2f821cc32c52b6,dlc3/stalingrad/fx_dragon_gauntlet_projectile_trail
76c4a8465647792,dlc3/stalingrad/fx_dragon_gauntlet_transport_flash
9d76e90b6a36592,dlc3/stalingrad/fx_dragon_gauntlet_transport_flash_lg
915302f059703e6,dlc3/stalingrad/fx_dragon_gauntlet_whelp_eye_glow
8b76c47d0ec212f,dlc3/stalingrad/fx_dragon_gauntlet_whelp_eye_glow_sm
a6e8abe31a4678b,dlc3/stalingrad/fx_dragon_gauntlet_whelp_mouth_drips
8fc40454858aef0,dlc3/stalingrad/fx_dragon_gauntlet_whelp_mouth_drips_sm
bad2809ef864cc0,dlc3/stalingrad/fx_dragon_gauntlet_whelp_mouth_drips_tongue
786ddabdec19c55,dlc3/stalingrad/fx_dragon_gauntlet_whelp_mouth_drips_tongue_sm
d91a39275b6c1bc,dlc3/stalingrad/fx_dragon_gauntlet_whelp_nose_smoke
9cf92907578f609,dlc3/stalingrad/fx_dragon_gauntlet_whelp_nose_smoke_sm
8180d17d300f9a8,dlc3/stalingrad/fx_dragon_gauntlet_whelp_tread_dust
5b419dbd30cb60d,dlc3/stalingrad/fx_dragon_gauntlet_whelp_tread_dust_child
9d4d1c88aefc59f,dlc3/stalingrad/fx_dragon_glow_eye_l
9d4e7c88aefeb01,dlc3/stalingrad/fx_dragon_glow_eye_r
22364699d149206,dlc3/stalingrad/fx_dragon_hazard_flamethrower_begin_3p
2bb25e04fb00646,dlc3/stalingrad/fx_dragon_hazard_flamethrower_begin_3p_var2
b3b50e9ae119aa3,dlc3/stalingrad/fx_dragon_hazard_flamethrower_emitter_3p
acc351b8757a06d,dlc3/stalingrad/fx_dragon_hazard_flamethrower_emitter_3p_md
a8f081b8723a5d8,dlc3/stalingrad/fx_dragon_hazard_flamethrower_emitter_3p_sm
5e113412aba7a88,dlc3/stalingrad/fx_dragon_hazard_flamethrower_smk
b7ce01cc41ee124,dlc3/stalingrad/fx_dragon_hazard_flamethrower_smk_md
e8a90f2e59bda97,dlc3/stalingrad/fx_dragon_hit_lava
eb993d67f78cc81,dlc3/stalingrad/fx_dragon_mouth_drips
a8e0872dcb7c203,dlc3/stalingrad/fx_dragon_mouth_drips_boss
19a91e05d3ac27d,dlc3/stalingrad/fx_dragon_mouth_drips_haz
623aae1d7ab4c7a,dlc3/stalingrad/fx_dragon_mouth_drips_tongue
8477ca513742886,dlc3/stalingrad/fx_dragon_mouth_drips_tongue_boss
ac6bf7f6041a732,dlc3/stalingrad/fx_dragon_mouth_drips_tongue_haz
bf319388cbb3bed,dlc3/stalingrad/fx_dragon_mouth_steam
7f825c0943b36da,dlc3/stalingrad/fx_dragon_mouth_steam_out
15da62b49fccac7,dlc3/stalingrad/fx_dragon_nose_steam
ac8895317bfccf5,dlc3/stalingrad/fx_dragon_shield_fire_1p
5705a557f01cc02,dlc3/stalingrad/fx_dragon_shield_fire_1p_ug
57045557f01a853,dlc3/stalingrad/fx_dragon_shield_fire_1p_up
acf955317c60007,dlc3/stalingrad/fx_dragon_shield_fire_3p
6fa3ac30652ad80,dlc3/stalingrad/fx_dragon_shield_fire_3p_ug
6fa51c30652d495,dlc3/stalingrad/fx_dragon_shield_fire_3p_up
cf9fed414b2c63e,dlc3/stalingrad/fx_dragon_shield_fireball
a462c9db9447acf,dlc3/stalingrad/fx_dragon_shield_fireball_ug
4fd3d6b28968755,dlc3/stalingrad/fx_dragon_shield_impact
e64e2d50ee20763,dlc3/stalingrad/fx_dragon_shield_impact_fire_ug
76173c977425322,dlc3/stalingrad/fx_dragon_shield_impact_ug
d7720dbbe5d3f04,dlc3/stalingrad/fx_dragon_strike_console_bluelight
7de0b2db121006,dlc3/stalingrad/fx_dragon_strike_console_bluelight_off
4d42f1ed00b5fa9,dlc3/stalingrad/fx_dragon_strike_console_elec
e4d6485c01abfbf,dlc3/stalingrad/fx_dragon_strike_console_elec_off
e1535da9c5e8888,dlc3/stalingrad/fx_dragon_strike_dust_shutter
ab322e2dea90ab3,dlc3/stalingrad/fx_dragon_strike_lock_box
fc8e710c5ac3dc9,dlc3/stalingrad/fx_dragon_strike_lock_box_off
2a6082bbebd63ac,dlc3/stalingrad/fx_dragon_strike_steam_off
83709a1df4ee920,dlc3/stalingrad/fx_dragon_transport_distort_lrg
596369c6409cff7,dlc3/stalingrad/fx_dragon_transport_dust_xlg
338e96c62fcabef,dlc3/stalingrad/fx_dragon_transport_saddle_jump
6b296849932b086,dlc3/stalingrad/fx_dragon_transport_step_dust_xlg
c7f1dd89fa23dbc,dlc3/stalingrad/fx_dragon_transport_wing_l_trail_smk
f980e641aeb6fae,dlc3/stalingrad/fx_dragon_transport_wing_r_trail_smk
dff681b8859237f,dlc3/stalingrad/fx_dragon_weak_point_bleeding
594f97367124280,dlc3/stalingrad/fx_dragon_weak_point_bleeding_belly
d7d7644a2c23523,dlc3/stalingrad/fx_dragon_wing_wind
5fc47f5c9ae559e,dlc3/stalingrad/fx_dragon_wing_wind_runner
37b835702ae0804,dlc3/stalingrad/fx_dragonstrike_fireball
503de93e311ed10,dlc3/stalingrad/fx_dragonstrike_fireball_boss
a235cf26d3a54a1,dlc3/stalingrad/fx_dragonstrike_fireball_ug
fd941fa239b3ff,dlc3/stalingrad/fx_dragonstrike_impact_1
65cb3f6314b5958,dlc3/stalingrad/fx_dragonstrike_impact_1_ug
5b1a9c1da0c36d,dlc3/stalingrad/fx_dragonstrike_impact_boss
33a3203d1c9e60a,dlc3/stalingrad/fx_dragonstrike_portal_flash
6b581e79b2de7aa,dlc3/stalingrad/fx_drop_pod_distortion
a850b423b9d5e7,dlc3/stalingrad/fx_drop_pod_elec_zmb_burst
449f5392172303d,dlc3/stalingrad/fx_drop_pod_exp_fail
f560b96c222d140,dlc3/stalingrad/fx_drop_pod_exp_success
3ded4647d563ec1,dlc3/stalingrad/fx_drop_pod_exp_success_flash
67700f66d662d15,dlc3/stalingrad/fx_drop_pod_exp_success_latch_puff
cfc2e930fa95f57,dlc3/stalingrad/fx_drop_pod_exp_success_light
e437d0167f463ef,dlc3/stalingrad/fx_drop_pod_exp_success_os
340887f21352866,dlc3/stalingrad/fx_drop_pod_exp_success_os_child
bfc3dbfc71f007c,dlc3/stalingrad/fx_drop_pod_glow_pick_up
b55cc22d8d7831,dlc3/stalingrad/fx_drop_pod_ground_marker
6fd6edfbb7b83a0,dlc3/stalingrad/fx_drop_pod_health_light_green
d847edde9dc50e0,dlc3/stalingrad/fx_drop_pod_health_light_red
1271dd37216c02d,dlc3/stalingrad/fx_drop_pod_health_light_yellow
cb85110f918b897,dlc3/stalingrad/fx_drop_pod_impact
82c4fdbd2eabcf8,dlc3/stalingrad/fx_drop_pod_smk_ground
c38a7b92e0779a5,dlc3/stalingrad/fx_drop_pod_smk_trail
8202d979190418b,dlc3/stalingrad/fx_drop_pod_zombie_soul
992a75a995d10ba,dlc3/stalingrad/fx_drop_pod_zombie_soul_src
c5e735a7689719b,dlc3/stalingrad/fx_drop_pod_zombie_soul_tgt
eba869b0989fc09,dlc3/stalingrad/fx_dust_door_blowing
70eea492e3bdea6,dlc3/stalingrad/fx_dust_dragon_takeoff_lg
70b0b492e382de2,dlc3/stalingrad/fx_dust_dragon_takeoff_md
fec04938d7a98dd,dlc3/stalingrad/fx_dust_fall_finger_trap
694163ac6ab9235,dlc3/stalingrad/fx_dust_fall_lg
696f93ac6ad96c5,dlc3/stalingrad/fx_dust_fall_md
f8eba36982746f4,dlc3/stalingrad/fx_dust_fall_md_impact
b87b821e654ba08,dlc3/stalingrad/fx_dust_fall_md_runner
6901c3ac6a7b390,dlc3/stalingrad/fx_dust_fall_sm
f887c88333558e9,dlc3/stalingrad/fx_dust_fall_sm_impact_lit
872bc2658f9a0b3,dlc3/stalingrad/fx_dust_fall_sm_loop
1bbae7f9271cc5f,dlc3/stalingrad/fx_dust_fall_sm_os
4f489e444a29a4a,dlc3/stalingrad/fx_dust_fall_xlg_int_os
1e6019f35b63362,dlc3/stalingrad/fx_dust_ground_swril_os
53075870f58b002,dlc3/stalingrad/fx_dust_ground_swril_runner
319d0d5dcb8c224,dlc3/stalingrad/fx_dust_impact_flinger_trap
f0e74f190cebaf5,dlc3/stalingrad/fx_dust_impact_med
2e5dcafa0deb417,dlc3/stalingrad/fx_dust_impact_ring
adf598819be1919,dlc3/stalingrad/fx_dust_impact_ring_xlg
5f6c43f994eaf1,dlc3/stalingrad/fx_dust_impact_ring_xxlg
a670ae525acb8c9,dlc3/stalingrad/fx_dust_impact_sewer_gate
a71871108a360a1,dlc3/stalingrad/fx_dust_impact_sm
dc84977307a9a89,dlc3/stalingrad/fx_dust_linger_100x100_light
e19a61bfac9809a,dlc3/stalingrad/fx_dust_linger_200x200
9f0d0765e88ff5,dlc3/stalingrad/fx_dust_motes_100x100_heavy
cf59230b8ed5705,dlc3/stalingrad/fx_dust_motes_300x300_heavy
ce81efb5acaa7f1,dlc3/stalingrad/fx_dust_trail_child_xlg
92441be667d9b4f,dlc3/stalingrad/fx_elec_spark_burst_blue_amb_cheap
2775887aa198657,dlc3/stalingrad/fx_elec_spark_mech_xxsm_blue_os
459b25e5608ad0a,dlc3/stalingrad/fx_elec_spark_mech_xxsm_loop
a0c228413290376,dlc3/stalingrad/fx_elec_spark_mech_xxsm_os
5666db62516afb9,dlc3/stalingrad/fx_elec_sparks_bounce_blue
e09faa86054e893,dlc3/stalingrad/fx_elec_sparks_burst_xsm_omni_blue_os
20384ae0dbda444,dlc3/stalingrad/fx_elec_sparks_loop_blue_1x1
a3764fb0ebcdcc6,dlc3/stalingrad/fx_elec_sparks_os
96eda2fabcabacf,dlc3/stalingrad/fx_elec_sparks_os_sm
c93ab207254974e,dlc3/stalingrad/fx_elec_sparks_runner
3e56cf23339c33,dlc3/stalingrad/fx_elec_sparks_single_arc
50b24089ae2e2eb,dlc3/stalingrad/fx_elec_sparks_sm_runner
37e6edfae4fbe2,dlc3/stalingrad/fx_elec_sparks_wire_pavlov
b145c6a22012603,dlc3/stalingrad/fx_elec_sparky_chest
c584c9c757eb1f6,dlc3/stalingrad/fx_elec_trap_stalingrad
8b484bbb62cce12,dlc3/stalingrad/fx_elec_wire_sparking_sm_os
31713ce381dbf28,dlc3/stalingrad/fx_elect_spark_finger_trap
16abce4a64ceae5,dlc3/stalingrad/fx_embers_ash_exterior
9ace6458fe3bf5b,dlc3/stalingrad/fx_embers_ash_exterior_transport
6d9a45c5053c6a1,dlc3/stalingrad/fx_embers_ceiling_lrg
a536939cf2bb2ad,dlc3/stalingrad/fx_embers_mech_igc
45baf7a3cc51a1a,dlc3/stalingrad/fx_embers_smk_smolder
e47652560e03e38,dlc3/stalingrad/fx_embers_smolder
4d61712379f1d37,dlc3/stalingrad/fx_exp_aa_tracer_area
8b96a2d5279cbc,dlc3/stalingrad/fx_exp_aa_tracer_os
26d505ee10851e6,dlc3/stalingrad/fx_exp_aerial_distant_sm
d10177866a1554f,dlc3/stalingrad/fx_exp_artillery_lg
d12f67866a35313,dlc3/stalingrad/fx_exp_artillery_md
d50217866d74a42,dlc3/stalingrad/fx_exp_artillery_sm
6009ef26120d900,dlc3/stalingrad/fx_exp_flak_os_transport
a7b6658d3c6f4db,dlc3/stalingrad/fx_exp_mortar_stalingrad_exp_lg_os
1b956eff368dbf5,dlc3/stalingrad/fx_exp_mortar_stalingrad_exp_lg_rnr
914aef2c30eec17,dlc3/stalingrad/fx_exp_mortar_stalingrad_exp_os
fb9ceb931a508,dlc3/stalingrad/fx_exp_mortar_stalingrad_exp_sm_os
ae9258573c48b8e,dlc3/stalingrad/fx_fire_car_vista
112d7a18887908f,dlc3/stalingrad/fx_fire_flames_rolling_lg_1_evb_xsm_haz
fa6b2e9b770441c,dlc3/stalingrad/fx_fire_fuel_wide_md_1_evb_md_haz
2c52d91fcfbb9b1,dlc3/stalingrad/fx_fire_fuel_wide_md_1_evb_sm_haz
477204b54830e8f,dlc3/stalingrad/fx_fire_fuel_wide_md_2_evb_md_haz
b5c3bb5d6b9ab92,dlc3/stalingrad/fx_fire_fuel_wide_sm_1_evb_xsm_haz
e32bf3dc6a6f80d,dlc3/stalingrad/fx_fire_fuel_wide_sm_1_evb_xsm_haz_amb
66018dd6ad84241,dlc3/stalingrad/fx_fire_generic_zmb_green
a992e0befa63786,dlc3/stalingrad/fx_fire_ground_fuel_lg
277fb572c6b0d79,dlc3/stalingrad/fx_fire_ground_line_sm
1c894220212e00e,dlc3/stalingrad/fx_fire_hot_sm
a0e67702d8a2eb9,dlc3/stalingrad/fx_fire_impact_15x15_boss
38da950611106a9,dlc3/stalingrad/fx_fire_inferno_tall_1_evb_lg_stalingrad
230463dad1b6205,dlc3/stalingrad/fx_fire_inferno_tall_1_evb_md_stalingrad
3272116533e353e,dlc3/stalingrad/fx_fire_inferno_tall_1_evb_sm_stalingrad
e88f445709f1e0,dlc3/stalingrad/fx_fire_inferno_tall_2_evb_md_stalingrad
206830329fa33be,dlc3/stalingrad/fx_fire_inferno_tall_evb_sm_stalingrad
8e63552f752e7a6,dlc3/stalingrad/fx_fire_lava_impact_smolder
e21d5e0e4b6e85a,dlc3/stalingrad/fx_fire_lava_impact_smolder_green
55ef2e4cc49538f,dlc3/stalingrad/fx_fire_lava_impact_smolder_green_child
3d40b80228022aa,dlc3/stalingrad/fx_fire_lava_impact_smolder_red
d0d0c76da6eecff,dlc3/stalingrad/fx_fire_lava_impact_smolder_red_child
d32bfc17ac793b7,dlc3/stalingrad/fx_fire_line_embers_100_stalingrad
fc360564cdc1d38,dlc3/stalingrad/fx_fire_line_lg_stalingrad
b2ab035caf6d0ee,dlc3/stalingrad/fx_fire_line_lg_vista
344ef745b3ebabc,dlc3/stalingrad/fx_fire_line_md
33ddc745b387bc5,dlc3/stalingrad/fx_fire_line_sm
b93d0b6d3eac44b,dlc3/stalingrad/fx_fire_line_xsm
fe2573676304776,dlc3/stalingrad/fx_fire_no_smky
a63c614ab5dadf8,dlc3/stalingrad/fx_fire_oil_water_md_vista
3d1097200794d2,dlc3/stalingrad/fx_fire_single_03_md_evb
7de13a939b1de9e,dlc3/stalingrad/fx_fire_smky
e7235259ecc96de,dlc3/stalingrad/fx_fire_spot_md
6e5d7c294dbce48,dlc3/stalingrad/fx_fire_spot_md_transport
12d231564b6586b,dlc3/stalingrad/fx_fire_spot_xxsm
5bb7a8f5717a53,dlc3/stalingrad/fx_fire_torso_zmb_green
f58109f62195552,dlc3/stalingrad/fx_fog_ambient_flat
7cbf3ba286de363,dlc3/stalingrad/fx_fog_dragon_amb_card
438e0b918803f4b,dlc3/stalingrad/fx_fog_ground
894211c78b6de3,dlc3/stalingrad/fx_fog_slow_lg
f7e0c35d967e567,dlc3/stalingrad/fx_fog_slow_xlg
da3ab80093fc723,dlc3/stalingrad/fx_fog_slow_xxlg
a6374bb98e2c4a0,dlc3/stalingrad/fx_footstep_dust
b621d7e0e2146c7,dlc3/stalingrad/fx_glow_blink_green_20_doorbuy
fc7e56e1115c07b,dlc3/stalingrad/fx_glow_blink_red_20_doorbuy
a42a591d8badd8d,dlc3/stalingrad/fx_glow_eye_red_stal
25d4dc6561dd584,dlc3/stalingrad/fx_glow_green_dragonstrike
a3a8d1e23f945b4,dlc3/stalingrad/fx_glow_red_dragonstrike
9806d4caf00d73e,dlc3/stalingrad/fx_glow_yellow_sophia
ef6d18038c74750,dlc3/stalingrad/fx_grave_stone_glow
bfc0858f412ffa,dlc3/stalingrad/fx_hazard_embers
3f8394ca600c6d8,dlc3/stalingrad/fx_hazard_embers_narrow
572335b5b933721,dlc3/stalingrad/fx_hazard_embers_walkway
1c7782eccaaaf2a,dlc3/stalingrad/fx_lantern_flame_stalingrad_nosmk
8bc8828d6d96eda,dlc3/stalingrad/fx_light_dragon_strike_invalid
4ffa6a22cce1c27,dlc3/stalingrad/fx_light_dragon_strike_valid
764dd8b5406bbd9,dlc3/stalingrad/fx_light_dragon_transport
72a33c6cd0c88,dlc3/stalingrad/fx_light_embers
73c24cd5d8db64a,dlc3/stalingrad/fx_light_embers_eye
3dc7c7d4769cc04,dlc3/stalingrad/fx_light_embers_large
8780ef30e1090fc,dlc3/stalingrad/fx_light_embers_small
af5117864ad8619,dlc3/stalingrad/fx_light_emergency_flash_loop_stalingrad
1752ac55394c20d,dlc3/stalingrad/fx_light_flare_sky_marker_red
a33e9c58475adad,dlc3/stalingrad/fx_light_spark
3d05c1493d93d2,dlc3/stalingrad/fx_light_sparky_chest
cb3f8dc3b62b608,dlc3/stalingrad/fx_liquid_bottle_spill_igc_sh030
ca2fadc3b54463b,dlc3/stalingrad/fx_liquid_bottle_spill_igc_sh080
f2d22f1c1b7f74f,dlc3/stalingrad/fx_main_anomoly_emp_pulse
a56821391441bea,dlc3/stalingrad/fx_main_anomoly_hit
efa95af801b55e0,dlc3/stalingrad/fx_main_anomoly_loop_trail
fe7513c54817f7,dlc3/stalingrad/fx_main_anomoly_loop_trail_talk
f44add80aa35774,dlc3/stalingrad/fx_main_carcass_embers
eaa616c89ea4bcf,dlc3/stalingrad/fx_main_dragon_shield_flames_green
aa3e9bc8883d4f3,dlc3/stalingrad/fx_main_dragon_shield_flames_red
5d6848b7c39df89,dlc3/stalingrad/fx_main_elec_switch
16cec888708ff93,dlc3/stalingrad/fx_main_elec_switch_activate
d55e919ab83d943,dlc3/stalingrad/fx_main_elec_switch_btm
dff30c1e19580a2,dlc3/stalingrad/fx_main_elec_switch_fail
fa75dfe8025d054,dlc3/stalingrad/fx_main_generator_off
2744c293123eea2,dlc3/stalingrad/fx_main_generator_on
3f003eb0a6b8acb,dlc3/stalingrad/fx_main_impact_success
1dffb2f697ace90,dlc3/stalingrad/fx_main_puff_ground
42e436babc380e8,dlc3/stalingrad/fx_main_puff_ground_burning
c01deba9404e31a,dlc3/stalingrad/fx_main_puff_safe
86e483aa1a9a5b6,dlc3/stalingrad/fx_main_raz_cage_floor
21167d81d8b9f12,dlc3/stalingrad/fx_main_raz_cage_magnet
91153a2e8f6781a,dlc3/stalingrad/fx_main_raz_eye_glow_friendly
7b6a62896e2b233,dlc3/stalingrad/fx_main_robot_beam_laser
61e126a4a49a994,dlc3/stalingrad/fx_main_robot_beam_light
a60f00e8c07b2ad,dlc3/stalingrad/fx_main_sentinel_drone_scanner
2ef57bdd3bd88c4,dlc3/stalingrad/fx_main_smk_generator
ca94095388ddf9c,dlc3/stalingrad/fx_main_spark_generator
24f887b2db94e0f,dlc3/stalingrad/fx_main_water_swirly
11f36a244bd61c6,dlc3/stalingrad/fx_main_water_swirly_child
2f742ce22f939f1,dlc3/stalingrad/fx_mech_dmg_spark
20bfddabf28c0e2,dlc3/stalingrad/fx_mech_dmg_spark_os2
20bfedabf28c295,dlc3/stalingrad/fx_mech_dmg_spark_os3
32c9168323ef232,dlc3/stalingrad/fx_mech_dmg_spark_steam
17ec791d475bd4c,dlc3/stalingrad/fx_mech_dust_impact_sb_landing
ff1aff1f4903663,dlc3/stalingrad/fx_mech_dust_impact_sb_takeoff
85702a69338747b,dlc3/stalingrad/fx_mech_escape_jump_exp_debris
b335d08fdd03111,dlc3/stalingrad/fx_mech_exhaust_sb_main
ada4d924f2c5130,dlc3/stalingrad/fx_mech_exhaust_sb_main_child
4f2e5ba96d5fe57,dlc3/stalingrad/fx_mech_exhaust_smk_top
4b2fb873ad1b8e7,dlc3/stalingrad/fx_mech_footstep_quadtank_concrete
7d8f02cf02ce5ca,dlc3/stalingrad/fx_mech_footstep_quadtank_mud
f8ec298a7a55177,dlc3/stalingrad/fx_mech_footstep_quadtank_mud_vign
9157362948419c3,dlc3/stalingrad/fx_mech_light_cabin_s_flicker_fast_nikolai
f6df48b5eee77b4,dlc3/stalingrad/fx_mech_light_cabin_s_flicker_slow_nikolai
3aa8cb9d8839a5b,dlc3/stalingrad/fx_mech_light_cabin_s_flicker_start_nikolai
9612bcc74245d07,dlc3/stalingrad/fx_mech_light_cabin_s_nikolai
e1300be4c6d45ae,dlc3/stalingrad/fx_mech_light_spot_front_s_nikolai
7aa69d6c326dffe,dlc3/stalingrad/fx_mech_light_spot_middle_s_nikolai
45c18bff327e456,dlc3/stalingrad/fx_mech_minigun_startup_sb
9f7ac9fa715c0b6,dlc3/stalingrad/fx_mech_sb_startup
da57f71916f953d,dlc3/stalingrad/fx_mech_shellejects_saw
502335d1649ade6,dlc3/stalingrad/fx_mech_vdest_heat_vent
ede1b4245950cf3,dlc3/stalingrad/fx_mech_vdest_heat_vent_child
5b05f633b3db19,dlc3/stalingrad/fx_mech_vdest_heat_vent_loop
464f1b48b10f820,dlc3/stalingrad/fx_mech_vdest_heat_vent_tell
32901cca2719941,dlc3/stalingrad/fx_mech_vdest_sb_dmg_arm_lf_2
a54ca304c929861,dlc3/stalingrad/fx_mech_vdest_sb_dmg_body_1
a54c7304c929348,dlc3/stalingrad/fx_mech_vdest_sb_dmg_body_2
a54c8304c9294fb,dlc3/stalingrad/fx_mech_vdest_sb_dmg_body_3
a54cd304c929d7a,dlc3/stalingrad/fx_mech_vdest_sb_dmg_body_4
ba8ebc59e13c5ac,dlc3/stalingrad/fx_mech_vdest_sb_dmg_leg_rt_3
ba8eac59e13c3f9,dlc3/stalingrad/fx_mech_vdest_sb_dmg_leg_rt_4
8fcd5ba9b23f61a,dlc3/stalingrad/fx_mech_vdest_smoke_column
d00fc8a0da31423,dlc3/stalingrad/fx_mech_wpn_cannon_impact
7428e2f4722a81b,dlc3/stalingrad/fx_mech_wpn_cannon_muz
5c0b39e19a3ad2e,dlc3/stalingrad/fx_mech_wpn_cannon_tell
370db456721c117,dlc3/stalingrad/fx_mech_wpn_cannon_trail
2b2d457373a47f,dlc3/stalingrad/fx_mech_wpn_harpoon_blinking
ec1fe51446072d,dlc3/stalingrad/fx_mech_wpn_harpoon_elec_child
ef0ea55e9647ba1,dlc3/stalingrad/fx_mech_wpn_harpoon_explo
ca25416ad1a7508,dlc3/stalingrad/fx_mech_wpn_harpoon_explo_vignette
33d7484cbb08071,dlc3/stalingrad/fx_mech_wpn_harpoon_ground_impact
110b07ffc2cbd32,dlc3/stalingrad/fx_mech_wpn_harpoon_impact_vignette
fb9afb18561d0af,dlc3/stalingrad/fx_mech_wpn_harpoon_muz
4ac4a6e3e93b49b,dlc3/stalingrad/fx_mech_wpn_harpoon_trail
71ef0c8a01fbe06,dlc3/stalingrad/fx_mech_wpn_harpoon_trail_vignette
8df8e0000efeb11,dlc3/stalingrad/fx_mech_wpn_raps_landing
10e538fbfd462e9,dlc3/stalingrad/fx_mech_wpn_raps_launcher_muz
940adc4669688e4,dlc3/stalingrad/fx_mech_wpn_raps_peel
15e093b1b6614ee,dlc3/stalingrad/fx_mech_wpn_raps_tread
526a7dd6a0f4c69,dlc3/stalingrad/fx_mg42_over_heat
72f190668c34de5,dlc3/stalingrad/fx_muz_break_md_3tri_1p_ug
83c897040eb063b,dlc3/stalingrad/fx_muz_break_md_3tri_3p_ug
3e0c95859082346,dlc3/stalingrad/fx_muz_fighter_dogfight
762955b9e83306a,dlc3/stalingrad/fx_muz_md_smg_ppsh_1p_ug
d8ff4b974f44f88,dlc3/stalingrad/fx_muz_md_smg_ppsh_3p_ug
a573b00c584f65a,dlc3/stalingrad/fx_muz_rocket_multi_1p_red
e6de6a50106f600,dlc3/stalingrad/fx_muz_rocket_multi_3p_red
2075f8ec7c7c11d,dlc3/stalingrad/fx_perk_doubletap_sta
e40343b7bf180bf,dlc3/stalingrad/fx_perk_juggernaut_sta
a9464776fba9447,dlc3/stalingrad/fx_perk_mule_kick_sta
6aba22406510062,dlc3/stalingrad/fx_perk_quick_revive_sta
46337b685ee32dd,dlc3/stalingrad/fx_perk_sleight_of_hand_sta
e6bb74c3ffb589d,dlc3/stalingrad/fx_perk_stamin_up_sta
f1b5580224bc4a8,dlc3/stalingrad/fx_player_screen_fire_embers_hazard
eae609aa5f62281,dlc3/stalingrad/fx_raygun_blackhole_dmg_loop
9241e4208d77b8a,dlc3/stalingrad/fx_raygun_l_1p_zmb
e48a7dba5217db1,dlc3/stalingrad/fx_raygun_l_audio
ebeac54dd679a42,dlc3/stalingrad/fx_raygun_l_projectile
5bec5bca36fcb28,dlc3/stalingrad/fx_raygun_l_projectile_blackhole_lg
9276b1933ecff28,dlc3/stalingrad/fx_raygun_l_projectile_blackhole_lg_base
87b32168ac9517a,dlc3/stalingrad/fx_raygun_l_projectile_blackhole_lg_hit
6069fbca3ad4039,dlc3/stalingrad/fx_raygun_l_projectile_blackhole_sm
c1014442023218f,dlc3/stalingrad/fx_raygun_l_projectile_blackhole_sm_base
f5172bc040e0cff,dlc3/stalingrad/fx_raygun_l_projectile_blackhole_sm_end
baefdbc14cc3283,dlc3/stalingrad/fx_raygun_l_projectile_blackhole_sm_hit
11f82b53ca8ec54,dlc3/stalingrad/fx_raygun_r_1p_red_zmb
24f45006db75ca0,dlc3/stalingrad/fx_raygun_r_1p_zmb
14d151b88b65ed6,dlc3/stalingrad/fx_raygun_r_3p_red_zmb
8762b8bd178417a,dlc3/stalingrad/fx_raygun_r_3p_zmb
a26c588773c7ef7,dlc3/stalingrad/fx_raygun_r_geotrail_green_doa
ccb22e5457b1937,dlc3/stalingrad/fx_raygun_r_geotrail_red_doa
d36a7bcf32c47d3,dlc3/stalingrad/fx_raygun_r_impact_red_zmb
4782c46f04ac113,dlc3/stalingrad/fx_raygun_r_impact_zmb
257e54b356a56e8,dlc3/stalingrad/fx_raz_cage_steam
7f6e8aeaa195659,dlc3/stalingrad/fx_raz_cage_steam_rnr
9f527a98fe52901,dlc3/stalingrad/fx_raz_dest_weak_point_exp
f3229cf638d7383,dlc3/stalingrad/fx_raz_dest_weak_point_exp_generic
8586e39c89de074,dlc3/stalingrad/fx_raz_dest_weak_point_sparking_loop
d4dc5577cf8f257,dlc3/stalingrad/fx_raz_dmg_weak_point
14420e70c2594fc,dlc3/stalingrad/fx_raz_eye_glow
5b339c1efc518c4,dlc3/stalingrad/fx_raz_mc_charge
2e3e18eb6ee2f25,dlc3/stalingrad/fx_raz_mc_muz_flash
16463011b6daa03,dlc3/stalingrad/fx_raz_mc_shockwave_projectile
6fd8e17f26ff1e6,dlc3/stalingrad/fx_raz_mc_shockwave_projectile_impact
440c9f6c44e7289,dlc3/stalingrad/fx_raz_mc_shockwave_projectile_tread_dust
a08d2a5090a5e47,dlc3/stalingrad/fx_ritual_key_soul_beam_stl_2_igc
9c683279ba35e76,dlc3/stalingrad/fx_ritual_key_soul_beam_stl_igc
1a9de53a05b13ac,dlc3/stalingrad/fx_ritual_key_soul_glow_stl_igc
d2a5595f9e37e65,dlc3/stalingrad/fx_ritual_key_soul_src_stl_igc
25230b0d79a7c80,dlc3/stalingrad/fx_ritual_key_soul_tgt_stl_igc
bf63075343db83a,dlc3/stalingrad/fx_sand_blowing_vista
d0519a4f68598e8,dlc3/stalingrad/fx_sentinel_drone_dest_arm
8d71368a20b6167,dlc3/stalingrad/fx_sentinel_drone_dest_camera_eye
6621f3d95c5d659,dlc3/stalingrad/fx_sentinel_drone_dest_core
4b53f3c46f7cf01,dlc3/stalingrad/fx_sentinel_drone_dmg_weak_point
ba75da0e041ab6f,dlc3/stalingrad/fx_sentinel_drone_energy_core_glow
45d2088056cdc0e,dlc3/stalingrad/fx_sentinel_drone_engine_idle
da82c6d5a9ef418,dlc3/stalingrad/fx_sentinel_drone_engine_smk_fast
66b31548df50465,dlc3/stalingrad/fx_sentinel_drone_exp_death
4c9bdef5f345c83,dlc3/stalingrad/fx_sentinel_drone_eye_camera_lens_glow
af8d8204cd08c52,dlc3/stalingrad/fx_sentinel_drone_ground_elec
2be9d8e3a47627a,dlc3/stalingrad/fx_sentinel_drone_scanner_light_glow
dc18b0f3af7875b,dlc3/stalingrad/fx_sentinel_drone_spawn_trail
64f17103d52de9e,dlc3/stalingrad/fx_sentinel_drone_suicide_shake
e0f7d88c390d60e,dlc3/stalingrad/fx_sentinel_drone_taser_charging
6ba625fada4377c,dlc3/stalingrad/fx_sentinel_drone_taser_fire_src
cead65f9f12fb85,dlc3/stalingrad/fx_sentinel_drone_taser_fire_tgt
d0822273331bef,dlc3/stalingrad/fx_sentinel_drone_taser_idle
b56275a5726fd9b,dlc3/stalingrad/fx_smk_column_mech_identifier
82cd9647ea03e28,dlc3/stalingrad/fx_smk_column_wind_slow_lg
874b3647eddb339,dlc3/stalingrad/fx_smk_column_wind_slow_sm
4954248cd2f6387,dlc3/stalingrad/fx_smk_dark_mech_vent_igc
a6ec82bca7a86be,dlc3/stalingrad/fx_smk_ember_md
2e528039dc2189e,dlc3/stalingrad/fx_smk_mech_top
24ecff8575116ed,dlc3/stalingrad/fx_smk_sm_cabin_outro
a797d5f8c11476f,dlc3/stalingrad/fx_smk_smolder_lg_windy
ff061dcdfa840,dlc3/stalingrad/fx_smk_smolder_med_windy
2ee8cd19809f583,dlc3/stalingrad/fx_smoke_light_lg
d96be647f76cf6f,dlc3/stalingrad/fx_sophia_detonate_blast
f5b5e3c8975652f,dlc3/stalingrad/fx_sophia_detonate_blast_lrg
8b81b6c91812e35,dlc3/stalingrad/fx_sophia_detonate_trail
5f6c81d463a34d,dlc3/stalingrad/fx_sophia_dust_floorwisps
47d27cf6a41c90c,dlc3/stalingrad/fx_sophia_elec_arc
66b50f21e4d014e,dlc3/stalingrad/fx_sophia_elec_arc_detach
9c42fb6157afdd0,dlc3/stalingrad/fx_sophia_elec_arc_glow
8da0f1b4a635f82,dlc3/stalingrad/fx_sophia_elec_arc_side
34b51f65b8209d0,dlc3/stalingrad/fx_sophia_elec_arc_sphere_lrg
bae1bf6577dcabd,dlc3/stalingrad/fx_sophia_elec_arc_sphere_med
c2a4c8cdbdb17ab,dlc3/stalingrad/fx_sophia_elec_explosion_detach
bd659e26e1946f4,dlc3/stalingrad/fx_sophia_elec_sparks_burst_sm
fb0576610881ceb,dlc3/stalingrad/fx_sophia_elec_sparks_burst_sm_os
85702f5fdbcebeb,dlc3/stalingrad/fx_sophia_elec_sparks_med
197028d37902297,dlc3/stalingrad/fx_sophia_elec_sparks_sm
9a5628568966eef,dlc3/stalingrad/fx_sophia_explosion_md
ba493256abc714c,dlc3/stalingrad/fx_sophia_pressure_burst
78f5c0668f8683e,dlc3/stalingrad/fx_sophia_sphere_burst
2c25692a4a67e63,dlc3/stalingrad/fx_stalingrad_vortex_end
5ad404316a954f8,dlc3/stalingrad/fx_stalingrad_vortex_forming
a457cfc52f54c2b,dlc3/stalingrad/fx_stalingrad_vortex_start_2
a457bfc52f54a78,dlc3/stalingrad/fx_stalingrad_vortex_start_3
3e07ba3ff25f2fc,dlc3/stalingrad/fx_steam_door
c858df36905e7c1,dlc3/stalingrad/fx_steam_leak_igc
9508bd792f27d4,dlc3/stalingrad/fx_steam_leak_igc_os
62369f79667c195,dlc3/stalingrad/fx_steam_leak_igc_os_v2
5bc38d79fd0505,dlc3/stalingrad/fx_steam_leak_top_igc
91423d290b47151,dlc3/stalingrad/fx_tracer_aa_vista
6c02d46ad14afd4,dlc3/stalingrad/fx_tracer_aa_vista_runner
ae3215e5a27a50,dlc3/stalingrad/fx_tracer_dogfight_yel
4585be1b004e445,dlc3/stalingrad/fx_trail_crossbow_ug
8a2aad2b6a702d8,dlc3/stalingrad/fx_trail_rocket_multi_launch_red
49b36032a68d800,dlc3/stalingrad/fx_trail_rocket_xm_puff_red
87bf4a0912cbe86,dlc3/stalingrad/fx_trail_rocket_xm_red
d3612ed60d8383e,dlc3/stalingrad/fx_transportation_land_dust_swirl
b716a5e9d6496a8,dlc3/stalingrad/fx_transportation_timeout_dust_swirl
5b794f523407d19,dlc3/stalingrad/fx_trap_robot_beam_laser_lib
ba3aef5819d40b8,dlc3/stalingrad/fx_trap_robot_beam_laser_src
73a82f59a61f5e9,dlc3/stalingrad/fx_trap_robot_beam_laser_tgt
4ef270dacef733f,dlc3/stalingrad/fx_trap_robot_finger_crush
db5cfac5733615a,dlc3/stalingrad/fx_trap_robot_laser_eyeglow
b5269774308ac68,dlc3/stalingrad/fx_trap_robot_laser_tankfac
364a1be1feae375,dlc3/stalingrad/fx_trap_robot_tgt
d76e330cc70002c,dlc3/stalingrad/fx_trap_robot_tgt_flame_licks
a3de26c2754139d,dlc3/stalingrad/fx_voice_log_blue
ffea633ce8923b6,dlc3/stalingrad/fx_water_bubbles_pipe_exit
6ba290f7e846e22,dlc3/stalingrad/fx_water_bubbles_sewer_flow_lrg
39696dbb6838c55,dlc3/stalingrad/fx_water_drip_edge_line_100
c0098a85e071042,dlc3/stalingrad/fx_water_drip_knee_igc
6d6cd517adef915,dlc3/stalingrad/fx_water_drip_line_100
3377b2683e4fe8d,dlc3/stalingrad/fx_water_drip_line_100_splash
aac50cfd566a93f,dlc3/stalingrad/fx_water_drip_single
cc82e1628f20327,dlc3/stalingrad/fx_water_drip_stream
8fd4a6ba6868bcf,dlc3/stalingrad/fx_water_drips_cabin_igc
7efaac3b837e5c7,dlc3/stalingrad/fx_water_splash_burst_lrg
99a4da9560854dd,dlc3/stalingrad/fx_water_stream_falling_splash
3417c57b3e765bd,dlc3/stalingrad/fx_water_stream_falling_thin
ddf61a1499aaf02,dlc3/stalingrad/fx_water_stream_pipe
de5d9e91876fc56,dlc3/stalingrad/fx_water_stream_sewer_splash_lrg
60cd7098349c895,dlc3/stalingrad/fx_water_stream_sewer_splashbase_xlg
b37df5846cc0c57,dlc3/stalingrad/fx_water_stream_sewer_spray_med
201de2192aedacd,dlc3/stalingrad/fx_water_stream_sewer_spray_os_lrg
4d89a2130a03403,dlc3/stalingrad/fx_water_stream_sewer_spray_os_xlg
ec97da874b6c122,dlc4/genesis/fx_apothicon_flight_trail
aad5c496defae5e,dlc4/genesis/fx_apothicon_fury_breath
4284798b540df2e,dlc4/genesis/fx_apothicon_fury_death
788d31f8fc59d3b,dlc4/genesis/fx_apothicon_fury_foot_amb
298aeae1303ce52,dlc4/genesis/fx_apothicon_fury_footstep
47e41cb9cc3a41c,dlc4/genesis/fx_apothicon_fury_footstep_ch
84003cb0a8dba3e,dlc4/genesis/fx_apothicon_fury_impact
b54146e47e228ed,dlc4/genesis/fx_apothicon_fury_melee_attack
17ac9a295b6b47a,dlc4/genesis/fx_apothicon_fury_mouth_hit_embers
d314439e74f9e0e,dlc4/genesis/fx_apothicon_fury_smk_body
1b5bcd09fbe10cb,dlc4/genesis/fx_apothicon_fury_spawn_in
dedf7034e66a46b,dlc4/genesis/fx_apothicon_fury_spawn_in_exp
80cd57d4eee7fe8,dlc4/genesis/fx_apothicon_fury_spawn_trail
4d1c5cfa668dcd0,dlc4/genesis/fx_apothicon_fury_spawn_trail_cheap
12cb6a25b7b7e7a,dlc4/genesis/fx_apothicon_fury_spawn_trail_cheap_c
75b94ebd7eb0149,dlc4/genesis/fx_apothicon_fury_teleport_glow
e566215bcdffaff,dlc4/genesis/fx_apothicon_fury_teleport_glow_base
5ed5ab4bdd3beda,dlc4/genesis/fx_apothicon_fury_teleport_impact
13f67505463f007,dlc4/genesis/fx_apothicon_fury_teleport_in
4f5f07f81d2448c,dlc4/genesis/fx_apothicon_fury_teleport_out
104a087a85c623a,dlc4/genesis/fx_apothicon_fury_trail_thin
424d941fe5634a,dlc4/genesis/fx_apothicon_fury_wisp_trail_wide
c72a99dc5f7092d,dlc4/genesis/fx_apothint_gas_ambient
c5a73059e44874e,dlc4/genesis/fx_apothint_gas_burst_pool
ad5e81db65ec149,dlc4/genesis/fx_apothint_gas_burst_pool_runner
4a57785580f1eb8,dlc4/genesis/fx_apothint_gas_empty
24dc9fa404a6c77,dlc4/genesis/fx_apothint_gas_fill_2
5b1b702b3836c44,dlc4/genesis/fx_apothint_gas_fill_2_start
24dc8fa404a6ac4,dlc4/genesis/fx_apothint_gas_fill_3
2b58d613bf9ab10,dlc4/genesis/fx_apothint_gas_fill_transition
fd73396975d0d41,dlc4/genesis/fx_apothint_gas_fill_upperlevel_1
c5e34c316c53e58,dlc4/genesis/fx_apothint_gas_flat_top
4b53198cb485185,dlc4/genesis/fx_apothint_gas_light
1e29b5b8511d951,dlc4/genesis/fx_apothint_gas_spurt
43341e1de75ab5,dlc4/genesis/fx_apothint_mucous_drip_liquid_100x100
bc71fca873aae1f,dlc4/genesis/fx_apothint_papnode_burst
33b14420c9c0b2c,dlc4/genesis/fx_apothint_papnode_burst_trail
eb2c880edbe2758,dlc4/genesis/fx_apothint_papnode_connector_leak
5dacc899176cc09,dlc4/genesis/fx_apothint_papnode_slime
4a29c9ab0f6bb50,dlc4/genesis/fx_apothint_papsack_bubbles
f6df0ba6a5442cf,dlc4/genesis/fx_apothint_papsack_water_rush
32d708eb2b112df,dlc4/genesis/fx_apothint_papsack_water_rush_splash
e39c8ffee53d921,dlc4/genesis/fx_apothint_slime_tendrils_slow_md
66f374c0717c1a2,dlc4/genesis/fx_apothint_water_drips_tunnel_lg
43066ebac65edfd,dlc4/genesis/fx_apothint_water_splash_ground_stream_drip
f7505ec4eeb413b,dlc4/genesis/fx_apothint_water_splash_stream_drip
53823f3522934f1,dlc4/genesis/fx_apothint_water_stream_drip
7621bdbccdd9288,dlc4/genesis/fx_apothint_wind_exhale_burst
45f10988bd86690,dlc4/genesis/fx_apothint_wind_exhale_loop
c7a6e4b152f2b8c,dlc4/genesis/fx_apothtrap_apothicon_dirt_chin_impact
70b113b2eef4750,dlc4/genesis/fx_apothtrap_apothicon_mouth
8e61f3852d8d2e0,dlc4/genesis/fx_apothtrap_apothicon_mouth_exhale
9cbd5ba639f6a25,dlc4/genesis/fx_apothtrap_apothicon_mouth_roar
54c6c962fb2b056,dlc4/genesis/fx_apothtrap_apothicon_mouth_saliva_beam_src
fd488963630dcff,dlc4/genesis/fx_apothtrap_apothicon_mouth_saliva_beam_tgt
3c1fc9bdf13275c,dlc4/genesis/fx_apothtrap_apothicon_mouth_saliva_trail
9d0c2f145ee0069,dlc4/genesis/fx_apothtrap_breath_dirt_ground
b3c3d56ce548c9c,dlc4/genesis/fx_apothtrap_elec_arcs_1_primary_origin
570478f08083a28,dlc4/genesis/fx_apothtrap_elec_arcs_1_primary_src
99fb8f206fe719,dlc4/genesis/fx_apothtrap_elec_arcs_1_primary_tgt
69ccb149e8611b4,dlc4/genesis/fx_apothtrap_elec_arcs_1_secondary_origin
f556940e33ae970,dlc4/genesis/fx_apothtrap_elec_arcs_1_secondary_src
aec3d40fbff9ea1,dlc4/genesis/fx_apothtrap_elec_arcs_1_secondary_tgt
e6a6f8f1d572b3d,dlc4/genesis/fx_apothtrap_elec_arcs_2_primary_src
7b2f38f2b767304,dlc4/genesis/fx_apothtrap_elec_arcs_2_primary_tgt
900e7465451f6c5,dlc4/genesis/fx_apothtrap_elec_arcs_2_secondary_src
2496b4662713e8c,dlc4/genesis/fx_apothtrap_elec_arcs_2_secondary_tgt
66ac216c548e68a,dlc4/genesis/fx_apothtrap_elec_arcs_3_primary_src
c2fae16a4fbd4eb,dlc4/genesis/fx_apothtrap_elec_arcs_3_primary_tgt
4f5352b70b44d86,dlc4/genesis/fx_apothtrap_elec_arcs_3_secondary_src
c84712b74ac596f,dlc4/genesis/fx_apothtrap_elec_arcs_3_secondary_tgt
8f62ccd562a3c1f,dlc4/genesis/fx_apothtrap_elec_arcs_4_primary_src
33158cd76777686,dlc4/genesis/fx_apothtrap_elec_arcs_4_primary_tgt
afaadc083f24f6b,dlc4/genesis/fx_apothtrap_elec_arcs_4_secondary_src
36a99c07ff8d47a,dlc4/genesis/fx_apothtrap_elec_arcs_4_secondary_tgt
ad5b54279562195,dlc4/genesis/fx_apothtrap_elec_arcs_all_primary_glow_attach
f017008733100d1,dlc4/genesis/fx_apothtrap_elec_arcs_all_primary_tgt
f4eea2002b6999a,dlc4/genesis/fx_apothtrap_elec_arcs_primary_face_impact
4d879bde67b45f3,dlc4/genesis/fx_apothtrap_elec_arcs_primary_face_impact_src
a4f65bddffb73e2,dlc4/genesis/fx_apothtrap_elec_arcs_primary_face_impact_tgt
5448697f1091358,dlc4/genesis/fx_apothtrap_elec_body_static
5a960ecb70c4eab,dlc4/genesis/fx_apothtrap_elec_face_static
1a71d2d1b075536,dlc4/genesis/fx_apothtrap_smk_rise
45a764aa4382fb4,dlc4/genesis/fx_arena_safe_area_end
c42422bc80a82d,dlc4/genesis/fx_arena_safe_area_loop
2cda9c8973fd26b,dlc4/genesis/fx_bgb_mindblown_heatup
c4ef13d1267ac9,dlc4/genesis/fx_bio_firefly_100
69376bc29fc2ab2,dlc4/genesis/fx_bossbattle_shield_off
8cf74d6a60e2b78,dlc4/genesis/fx_bossbattle_shield_on
c003fe6dffe9a6e,dlc4/genesis/fx_bossbattle_sophia_eye_beam_impact
a39c29f8f81217,dlc4/genesis/fx_bossbattle_sophia_eye_beam_streaks
2f78b9f8993735d,dlc4/genesis/fx_bossbattle_sophia_eye_muzzleflash
a4de5441821f792,dlc4/genesis/fx_bow_rune_impact_ug_fire_genesis
b4f89c56879c554,dlc4/genesis/fx_challenge_prizestone_base_glow
2607e83dc78e701,dlc4/genesis/fx_challenge_prizestone_base_open
d84fc936896e527,dlc4/genesis/fx_challenge_prizestone_skull_eyes_glow
7b1cefb3ef5267f,dlc4/genesis/fx_corrupteng_apothicon_fury_spawn_area
3b2ea1895c45965,dlc4/genesis/fx_corrupteng_apothicon_fury_spawn_area_end
c6c6c7b79565087,dlc4/genesis/fx_corrupteng_apothicon_fury_spawn_area_front
ab1ccbff99da1c,dlc4/genesis/fx_corrupteng_apothicon_fury_spawn_area_start
89987d140c9c3ba,dlc4/genesis/fx_corrupteng_apothicon_fury_spawn_barrage
9c47e10435c808a,dlc4/genesis/fx_corrupteng_beam_charge_1_src
f896a10230f6eeb,dlc4/genesis/fx_corrupteng_beam_charge_1_tgt
a113a3fb9eb01df,dlc4/genesis/fx_corrupteng_beam_charge_2_src
7b2663fdd1b6546,dlc4/genesis/fx_corrupteng_beam_charge_2_tgt
17e8e14d7ac2908,dlc4/genesis/fx_corrupteng_beam_charge_3_src
ca84214f013d5f9,dlc4/genesis/fx_corrupteng_beam_charge_3_tgt
18ea82c723dcd2d,dlc4/genesis/fx_corrupteng_beam_charge_4_src
b440c2c80b9b074,dlc4/genesis/fx_corrupteng_beam_charge_4_tgt
a606e4b8c73ab8d,dlc4/genesis/fx_corrupteng_beam_charge_end
bd424064de4079c,dlc4/genesis/fx_corrupteng_beam_discharge_1_src
20398063f5118a5,dlc4/genesis/fx_corrupteng_beam_discharge_1_tgt
e420e149ea2626d,dlc4/genesis/fx_corrupteng_beam_discharge_2_src
7f77214ad1e45b4,dlc4/genesis/fx_corrupteng_beam_discharge_2_tgt
9841a44d9d8337e,dlc4/genesis/fx_corrupteng_beam_discharge_3_src
1145644ddd1f267,dlc4/genesis/fx_corrupteng_beam_discharge_3_tgt
d49a022fe50ec1f,dlc4/genesis/fx_corrupteng_beam_discharge_4_src
784cc231e9e2686,dlc4/genesis/fx_corrupteng_beam_discharge_4_tgt
84ebcd633af1ecb,dlc4/genesis/fx_corrupteng_beam_discharge_end
ebaceb8017c0b8,dlc4/genesis/fx_corrupteng_beam_discharge_origin
d35a76c0d493f,dlc4/genesis/fx_corrupteng_death_energy_burst
995c0cd7453785d,dlc4/genesis/fx_corrupteng_elec_beam_1_le_src
64444cd8555e924,dlc4/genesis/fx_corrupteng_elec_beam_1_le_tgt
35140dc43a5a122,dlc4/genesis/fx_corrupteng_elec_beam_1_le_tgt_slide
66c84428d303653,dlc4/genesis/fx_corrupteng_elec_beam_1_ri_src
be3704286b06442,dlc4/genesis/fx_corrupteng_elec_beam_1_ri_tgt
d1d25cf69285b78,dlc4/genesis/fx_corrupteng_elec_beam_1_ri_tgt_slide
ac89bbc844ee9b2,dlc4/genesis/fx_corrupteng_elec_beam_charge_origin
53fe83598090258,dlc4/genesis/fx_corrupteng_elec_beam_discharge_le_src
d6bc35b0cdb789,dlc4/genesis/fx_corrupteng_elec_beam_discharge_le_tgt
db5a935d10e3140,dlc4/genesis/fx_corrupteng_elec_beam_discharge_origin
efc6fced8a0ff06,dlc4/genesis/fx_corrupteng_elec_beam_discharge_ri_src
68babcedc990aef,dlc4/genesis/fx_corrupteng_elec_beam_discharge_ri_tgt
564e4024cbdf03f,dlc4/genesis/fx_corrupteng_elec_burst_lg_os_charge
d558c959c5162fd,dlc4/genesis/fx_corrupteng_elec_burst_lg_os_discharge
2914a91b650f04d,dlc4/genesis/fx_corrupteng_energy_column_base_charge
48b00eb7f7ee9b3,dlc4/genesis/fx_corrupteng_energy_column_base_discharge
b73b07cc98f6936,dlc4/genesis/fx_corrupteng_energy_column_base_transition
ee833e049f4feb5,dlc4/genesis/fx_corrupteng_energy_column_charge
32fd0c15b46713b,dlc4/genesis/fx_corrupteng_energy_column_discharge
eb0b7cbd82cdf3e,dlc4/genesis/fx_corrupteng_energy_column_transition
3b6c16bee00eb81,dlc4/genesis/fx_corrupteng_exp_door
86db4fa4a35f33f,dlc4/genesis/fx_corrupteng_orb_charge
7bbc70fb37563fd,dlc4/genesis/fx_corrupteng_orb_discharge
89bb62501315130,dlc4/genesis/fx_corrupteng_orb_transition
839bf7e9d77c4b0,dlc4/genesis/fx_corrupteng_pillar_elec_blue
6da6dc8a8a72974,dlc4/genesis/fx_corrupteng_pillar_elec_blue_top
82f48d761790f3b,dlc4/genesis/fx_corrupteng_pillar_elec_red
9575fed4814340f,dlc4/genesis/fx_corrupteng_pillar_elec_red_top
1d43beff3823735,dlc4/genesis/fx_corrupteng_pillar_ember_top
b65b1a122212975,dlc4/genesis/fx_corrupteng_pillar_ember_top_red
b1bb3a0678cb63a,dlc4/genesis/fx_corrupteng_portal_loop
dac62d7fb320186,dlc4/genesis/fx_corrupteng_zombie_death_energy_trail_thick
e9a339bdcadcbba,dlc4/genesis/fx_corrupteng_zombie_death_energy_trail_thin
f5a3a1a68e052dd,dlc4/genesis/fx_corrupteng_zombie_soul_115
e94a0ff7153a6aa,dlc4/genesis/fx_darkarena_broiling_plasma
fee9e0a4d24987,dlc4/genesis/fx_darkarena_column_elec
110fac7e176ae5a,dlc4/genesis/fx_darkarena_column_fire
88203db9ff0c4ea,dlc4/genesis/fx_darkarena_column_light
ff841c295e1b3a6,dlc4/genesis/fx_darkarena_column_shadow
ad7b6417f6fc0f7,dlc4/genesis/fx_darkarena_elec_wall_arc_os
4a6223d0f964c3b,dlc4/genesis/fx_darkarena_elec_wall_arc_runner
bdde5453a701fd9,dlc4/genesis/fx_darkarena_elec_wall_crawl_attach
6fe7081fef6ffe3,dlc4/genesis/fx_darkarena_elec_wall_fall02_debris
a16a6bc181482fd,dlc4/genesis/fx_darkarena_elec_wall_fall_debris
4049d9adaf2cae4,dlc4/genesis/fx_darkarena_elec_wall_fall_debris_child
9ece2e3930b6398,dlc4/genesis/fx_darkarena_elec_wall_long_arc_runner
3e8315d2bdcc491,dlc4/genesis/fx_darkarena_elec_wall_rise_debris
e4a7d52a58e28b0,dlc4/genesis/fx_darkarena_elec_wall_rise_debris_child
d56374b74f70833,dlc4/genesis/fx_darkarena_elec_wall_tell
ec31689406408f2,dlc4/genesis/fx_darkarena_elec_wall_tell_child
a4900c77e5d3c95,dlc4/genesis/fx_darkarena_fire_lava_pool
f8c5c7d5ba0ba71,dlc4/genesis/fx_darkarena_fire_lava_pool_bubbles
288672d113b050,dlc4/genesis/fx_darkarena_fire_lava_pool_bubbles_child
edca9704f30dfa8,dlc4/genesis/fx_darkarena_fire_lava_pool_bubbles_child_shrink
74fb0a30994af8b,dlc4/genesis/fx_darkarena_fire_lava_pool_bubbles_shrink
edd310066dd4fd7,dlc4/genesis/fx_darkarena_fire_lava_pool_shrink
598dd3b810b8086,dlc4/genesis/fx_darkarena_fire_wall_lg_evb_end
7cc29650fb7d16f,dlc4/genesis/fx_darkarena_fire_wall_lg_evb_loop
db726dde49a0533,dlc4/genesis/fx_darkarena_fire_wall_lg_evb_start
27bd0428a3337d6,dlc4/genesis/fx_darkarena_fire_wall_md_evb_end
c7a8e5865a601bf,dlc4/genesis/fx_darkarena_fire_wall_md_evb_loop
5b78254ad6e72c3,dlc4/genesis/fx_darkarena_fire_wall_md_evb_start
6453d93df99ba5e,dlc4/genesis/fx_darkarena_fire_wall_md_evb_tell
47841ad65562853,dlc4/genesis/fx_darkarena_fire_wall_sm_evb_end
f4895d9a85428ac,dlc4/genesis/fx_darkarena_fire_wall_sm_evb_loop
526244ada9315d6,dlc4/genesis/fx_darkarena_fire_wall_sm_evb_start
a1f9914377c5039,dlc4/genesis/fx_darkarena_fire_wall_sm_evb_tell
fc4d879dcfcf38e,dlc4/genesis/fx_darkarena_fire_wall_stairs_sm_evb_end
4a11bd7c0fa23a7,dlc4/genesis/fx_darkarena_fire_wall_stairs_sm_evb_loop
9c6022aa1140ab,dlc4/genesis/fx_darkarena_fire_wall_stairs_sm_evb_start
a639f51b75989b3,dlc4/genesis/fx_darkarena_fire_wall_xsm_evb_tell
c1fa317b32573a9,dlc4/genesis/fx_darkarena_key_holder_01
c1fa017b3256e90,dlc4/genesis/fx_darkarena_key_holder_02
c1fa117b3257043,dlc4/genesis/fx_darkarena_key_holder_03
c1fa617b32578c2,dlc4/genesis/fx_darkarena_key_holder_04
3774b28eba01e0b,dlc4/genesis/fx_darkarena_key_holder_center
bf9cd6450e42ddd,dlc4/genesis/fx_darkarena_podium_unlocked
a3abf31f9defc36,dlc4/genesis/fx_darkarena_powerup_pillar
edd17648d42fd59,dlc4/genesis/fx_darkarena_shadow_pillar_energy
cebc5f1fb581234,dlc4/genesis/fx_darkarena_shadow_tornado_loop
6fe0f13ca28bbba,dlc4/genesis/fx_darkarena_sphere_energy_burst
f79ed2362870d26,dlc4/genesis/fx_debris_roof_float
1aa68a163207329,dlc4/genesis/fx_debris_roof_rise
21a4aeaeffd024f,dlc4/genesis/fx_door_buy_stairs_teleport
e050d14e32768fb,dlc4/genesis/fx_door_buy_undercroft_gate
f61d845d0f59d19,dlc4/genesis/fx_dust_fall_ceiling
dd9d10c474ff4dc,dlc4/genesis/fx_dust_fall_ceiling_os
6aac79cd187e42c,dlc4/genesis/fx_dust_linger_100x100
e06ce8b22ca2a82,dlc4/genesis/fx_dust_motes_fall_slow_xlrg
1e44b80f4b76d21,dlc4/genesis/fx_egg_lowering_glow_trail
1d98ac2ff4fba08,dlc4/genesis/fx_elec_teleporter_prong
b0dd282fa63d7ce,dlc4/genesis/fx_elec_teleporter_prong_noarc
d230952ce06305a,dlc4/genesis/fx_elec_teleporter_strike
60b354345cdd07c,dlc4/genesis/fx_elec_trap_body_shock
93a853bc8129eab,dlc4/genesis/fx_fire_torch_pitch
bdec469191b7c55,dlc4/genesis/fx_fog_ambient_flat_sm
d6e081811879cbe,dlc4/genesis/fx_gateworm_deposit
48e945c24209c95,dlc4/genesis/fx_gateworm_deposit_post
744c44fa8dcf73c,dlc4/genesis/fx_gateworm_deposit_pre
e9d62dbc920b687,dlc4/genesis/fx_gateworm_dissolve
5514a3760899929,dlc4/genesis/fx_gateworm_glow
da504ddb9d61a50,dlc4/genesis/fx_gateworm_slime
67cc3531dd69fa0,dlc4/genesis/fx_grandtour_darkarena_key_holder
42354cf52b4d7c,dlc4/genesis/fx_infused_115_airspace_barricade
ffe775809cbec,dlc4/genesis/fx_infused_115_airspace_barricade_rise
d8edb19abd550bb,dlc4/genesis/fx_jumppad_amb
4cdacbe1cdecf50,dlc4/genesis/fx_jumppad_cooldown
946866315a1b7ee,dlc4/genesis/fx_jumppad_launch
30e407cba0ff6d5,dlc4/genesis/fx_keeperprot_360_attack
f6b2d20a0ac59eb,dlc4/genesis/fx_keeperprot_cone_attack
b0416e9d9135081,dlc4/genesis/fx_keeperprot_cone_attack_hit
e744470186f8df7,dlc4/genesis/fx_keeperprot_cone_attack_hit_trails
c71cfe7290c652,dlc4/genesis/fx_keeperprot_cone_attack_hit_trails_os
4b38822151674ee,dlc4/genesis/fx_keeperprot_cone_attack_os
60caee9b21aa678,dlc4/genesis/fx_keeperprot_cone_attack_prj
12687ee80a6607b,dlc4/genesis/fx_keeperprot_energy_ball
a9c2ccde9cb3cd2,dlc4/genesis/fx_keeperprot_revive_kp
6c7a54755db97e4,dlc4/genesis/fx_keeperprot_revive_player
b9539844485344c,dlc4/genesis/fx_keeperprot_spawn
857eac87a4b1a56,dlc4/genesis/fx_keeperprot_spawn_tell
c74cc4a45b0db95,dlc4/genesis/fx_keeperprot_underlit_amb
da8bec00a6059ff,dlc4/genesis/fx_lgt_apoth_pulse_omni
7f1ea9cf1c065de,dlc4/genesis/fx_lgt_apoth_pulse_spot
7f89519c9f3986c,dlc4/genesis/fx_lgt_apoth_pulse_spot_fleshglow_01
7636ddfa88b57c1,dlc4/genesis/fx_lgt_apoth_pulse_spot_fleshglow_01_short
ecc5f2d29decc56,dlc4/genesis/fx_lgt_apoth_pulse_spot_fleshglow_01_wide
84239a2682472cd,dlc4/genesis/fx_lgt_apoth_pulse_spot_fleshglow_live
fd605fb3be78660,dlc4/genesis/fx_lgt_apoth_pulse_spot_fleshglow_ovary
b7c66a9b5455fdd,dlc4/genesis/fx_lgt_egg_volu
a8d9ec4aa9f8216,dlc4/genesis/fx_lgt_gen_fire_01
42f447b6ce3dda,dlc4/genesis/fx_lgt_gen_flicker_asylum
2931c9341224f34,dlc4/genesis/fx_lgt_gen_flicker_prison_stairspot
16eafbe1a5c0324,dlc4/genesis/fx_lgt_gen_flicker_trenches_spot
86c7854e3542e77,dlc4/genesis/fx_lgt_lanten_omni
971eb439a92e1d7,dlc4/genesis/fx_lgt_portal_onstart_volu_sheff
e641cad0b888f7f,dlc4/genesis/fx_lgt_shdw_wpn_lights
b05c8f1b74f5661,dlc4/genesis/fx_light_candle_flicker_genesis
930bfb33995aa59,dlc4/genesis/fx_light_candle_flicker_genesis_medium
590be8d0c3f619a,dlc4/genesis/fx_light_candle_flicker_genesis_spot
a1145d9a56e9f32,dlc4/genesis/fx_light_da_lightquest_danger
77be78b8a5458ac,dlc4/genesis/fx_light_da_lightquest_safe
1711e1264cb5bbe,dlc4/genesis/fx_light_turret_auto
29a23059fd06a9d,dlc4/genesis/fx_light_undercroft_flash_fast_gen
38e4bfb5e1a65d8,dlc4/genesis/fx_light_undercroft_flash_gen
ec88fe4cc6b234,dlc4/genesis/fx_margwa_attack_fire
248711d03212241,dlc4/genesis/fx_margwa_attack_fire_child
360ec0ebd022c73,dlc4/genesis/fx_margwa_attack_shadow_impact_exp
16f864312dafc67,dlc4/genesis/fx_margwa_attack_shadow_trail
646f45657db7e90,dlc4/genesis/fx_margwa_attack_tell_fire
7f9543d8b1eb618,dlc4/genesis/fx_margwa_attack_tell_shadow
d8b552155374cfb,dlc4/genesis/fx_margwa_explo_head_aoe_fire
50743dac1954777,dlc4/genesis/fx_margwa_explo_head_aoe_shadow
999c89dc40b02af,dlc4/genesis/fx_margwa_explo_head_fire
b76867493a0e613,dlc4/genesis/fx_margwa_explo_head_shadow
ffd3c6307aa88fa,dlc4/genesis/fx_margwa_footstep_fire
efe03953cc6bbef,dlc4/genesis/fx_margwa_footstep_fire_child
7eb786afc26a846,dlc4/genesis/fx_margwa_footstep_shadow
ec97f989519c55f,dlc4/genesis/fx_margwa_head_shot_fire
8df768f73a13823,dlc4/genesis/fx_margwa_head_shot_shadow
e2d2a377331cbff,dlc4/genesis/fx_margwa_portal_close_shadow
3a296e112a02f6d,dlc4/genesis/fx_margwa_portal_loop_shadow
dd6a533226cd91b,dlc4/genesis/fx_margwa_portal_open_shadow
a1bb3c90dc82e9d,dlc4/genesis/fx_margwa_roar_electricity
d643bd6853082c8,dlc4/genesis/fx_margwa_roar_fire
b443d427dca7ca8,dlc4/genesis/fx_margwa_roar_light
c0eb72662bf93e0,dlc4/genesis/fx_margwa_roar_shadow
758345905a0fe15,dlc4/genesis/fx_margwa_smash_impact_fire
b00fb24896c3d5c,dlc4/genesis/fx_margwa_smash_impact_fire_child
4705991502bd4f7,dlc4/genesis/fx_margwa_smash_impact_radius_child_fire
9f6f7a19266bf6b,dlc4/genesis/fx_margwa_smash_impact_radius_child_shadow
6ca235079e5f090,dlc4/genesis/fx_margwa_smash_impact_radius_emit_fire
d03ea9125e0f818,dlc4/genesis/fx_margwa_smash_impact_radius_emit_shadow
3bedb0bc96f6715,dlc4/genesis/fx_margwa_smash_impact_shadow
9ede2167cf4bd02,dlc4/genesis/fx_margwa_spawn
3f45c3653dd7890,dlc4/genesis/fx_margwa_spawn2
2dfbf9c573af623,dlc4/genesis/fx_margwa_spawn_fire
edc1539aab3e6c2,dlc4/genesis/fx_margwa_spawn_fire_child
89a2006c8dae1aa,dlc4/genesis/fx_margwa_spawn_fire_child_center
95dc03413702fa1,dlc4/genesis/fx_margwa_spawn_floor_decal
8e770f34d63824f,dlc4/genesis/fx_margwa_spawn_shadow
4d7f7e9bd6ffa06,dlc4/genesis/fx_margwa_spawn_shadow_child
ccbbd7aa4cd414e,dlc4/genesis/fx_margwa_spawn_shadow_child_center
b4991b304b24026,dlc4/genesis/fx_margwa_spawn_top
66743dd8001898a,dlc4/genesis/fx_maxis_essence
2c2a6702173894e,dlc4/genesis/fx_mech_spawn
e0156c6a0033abb,dlc4/genesis/fx_mech_spawn_child
70fab037e8241e5,dlc4/genesis/fx_mech_spawn_child_center
a53a8ffb02aff19,dlc4/genesis/fx_mech_spawn_child_elec
fc4bb9e79256e9,dlc4/genesis/fx_parasite_acid_drop_impact_red
d3b349eec9d2fa4,dlc4/genesis/fx_parasite_acid_spit_impact_red
4eb7682ad012f64,dlc4/genesis/fx_parasite_acid_spit_muz_red_3p
c302f318a8176d9,dlc4/genesis/fx_parasite_acid_spit_projectile_red
2a96729486611a4,dlc4/genesis/fx_parasite_exp_death_sm_red
c0b44a3bbfbb4fe,dlc4/genesis/fx_perk_doubletap
cf5419e47ea8107,dlc4/genesis/fx_perk_doubletap_sta
2890db6c9507228,dlc4/genesis/fx_perk_juggernaut
e9f803319738589,dlc4/genesis/fx_perk_juggernaut_sta
6696f4a85449290,dlc4/genesis/fx_perk_mule_kick
35ed2101b39a801,dlc4/genesis/fx_perk_mule_kick_sta
a2df1c48dd45e35,dlc4/genesis/fx_perk_quick_revive
af4c47cf64b56a8,dlc4/genesis/fx_perk_quick_revive_sta
24f49982ce71cf2,dlc4/genesis/fx_perk_sleight_of_hand
294690c01565c0b,dlc4/genesis/fx_perk_sleight_of_hand_sta
23eef4bfebfd05a,dlc4/genesis/fx_perk_stamin_up
15caddb147c6a3,dlc4/genesis/fx_perk_stamin_up_sta
d582c49787f4e92,dlc4/genesis/fx_quest_hope
97d2d5cce24e930,dlc4/genesis/fx_quest_key_charge
dc1034c62beb7e4,dlc4/genesis/fx_quest_key_open
8a1de4af1ba5d2f,dlc4/genesis/fx_quest_maxis_sophia_merge_beam_src
5d6ea4b148f6b56,dlc4/genesis/fx_quest_maxis_sophia_merge_beam_tgt
15bed39ed428a30,dlc4/genesis/fx_quest_toy_glow
8b3fcf3a3f7d6f2,dlc4/genesis/fx_quest_toy_glow_offset
8dad2bb66b8da7c,dlc4/genesis/fx_rune_glow_purple
788c71dd9c85afd,dlc4/genesis/fx_skullturret_active
249282125ee740b,dlc4/genesis/fx_skullturret_beam_impact
49068eba69f317e,dlc4/genesis/fx_skullturret_beam_reflect
94fd7af7e043cac,dlc4/genesis/fx_skullturret_beam_streaks
557e828d9fcbb2d,dlc4/genesis/fx_skullturret_eyes
1b7ea6147ea1e98,dlc4/genesis/fx_skullturret_muzzleflash
9a3e334d4245b7a,dlc4/genesis/fx_smk_ceiling_crawl_thick
9c1dc18b69a1d04,dlc4/genesis/fx_smk_ceiling_crossbeam_billow_thick
c12764ea7f2ed98,dlc4/genesis/fx_smk_column_short_indoor
89689eabdf97076,dlc4/genesis/fx_sophia_elec_charge
bb7f695009f8973,dlc4/genesis/fx_sophia_elec_charge_teleporter
cb15f277ea4a1bd,dlc4/genesis/fx_sophia_elec_transition
c2afd2b0b61d12b,dlc4/genesis/fx_steam_leak_lg
baeae2a92f38aa6,dlc4/genesis/fx_steam_leak_lg_runner
172b5b2da1b4b6,dlc4/genesis/fx_steam_leak_xxsm
fd10fd0e2e0990e,dlc4/genesis/fx_summon_circle_rune_glow
63664e242cc83f5,dlc4/genesis/fx_summoningkey_basin_charging
7f3514e0e51a7a3,dlc4/genesis/fx_summoningkey_basin_cooldown
cd5e504d8ac1b2,dlc4/genesis/fx_summoningkey_basin_fire_ready
444cac918cbfa69,dlc4/genesis/fx_summoningkey_basin_fire_start
e2c87ae636c1bd3,dlc4/genesis/fx_summoningkey_light_loop
8f7dcc0a74dc851,dlc4/genesis/fx_sun_115_flare_hero_md
23bc591942a43d2,dlc4/genesis/fx_sun_115_flare_hero_runner
8d5efc0a7310234,dlc4/genesis/fx_sun_115_flare_hero_sm
bb8e8a2e08d2f71,dlc4/genesis/fx_sun_115_flare_impact
d78c2ba5e280a22,dlc4/genesis/fx_sun_115_flare_impact_sm
c9ba4cd6e0a6724,dlc4/genesis/fx_sun_115_flare_trail_md_h
c9baacd6e0a7156,dlc4/genesis/fx_sun_115_flare_trail_md_v
252906377d9d843,dlc4/genesis/fx_sun_115_flare_trail_sm_v
513b17d996d906f,dlc4/genesis/fx_sun_115_flares
36697807ae09cdb,dlc4/genesis/fx_tesla_coil_elec_arcs_active
bab46a20d5919a8,dlc4/genesis/fx_tesla_shock_eyes_zmb_red
1ec46c9b2d7f569,dlc4/genesis/fx_tesla_trap_body_exp_red
4e37e6679175bc8,dlc4/genesis/fx_tesla_trap_body_shock_red
19e8ed77be49d96,dlc4/genesis/fx_voice_log_red
9558f6e39e32edd,dlc4/genesis/fx_water_splash_stream_drip
2fb357b9eb077,dlc4/genesis/fx_weapon_box_closed_glow_genesis
e9aa64868288215,dlc4/genesis/fx_weapon_box_marker_genesis
3bff6edd327eb63,dlc4/genesis/fx_weapon_box_open_glow_genesis
fc5cec30284e685,dlc4/genesis/fx_weapon_key_impact_fire_torso_zmb
6b548377d5e767f,dlc4/genesis/fx_weapon_key_melee_impact
24984abaa7ca15b,dlc4/genesis/fx_weapon_key_throw_impact
165bc41b728a0a6,dlc4/genesis/fx_weapon_key_throw_impact_ring
cbdefbe6cab3d28,dlc4/genesis/fx_weapon_key_trail
39b4a9f128a731,dlc4/genesis/fx_weapon_key_vm_glow_1p
40a0a9f12ea3e3,dlc4/genesis/fx_weapon_key_vm_glow_3p
93b1b1dc2c34497,dlc4/genesis/fx_weaponlocker_aura
573f1aca09b0c68,dlc4/genesis/fx_wisp_tendril_115_loop
6fdd614a764e546,dlc4/genesis/fx_wonderfizz_ball_lightning
7eafe88fb7d7834,dlc4/genesis/fx_wonderfizz_clouds
e1eacc88e97c8a0,dlc4/genesis/fx_wonderfizz_runner_1
e1eafc88e97cdb9,dlc4/genesis/fx_wonderfizz_runner_2
e1eaec88e97cc06,dlc4/genesis/fx_wonderfizz_runner_3
e1eb1c88e97d11f,dlc4/genesis/fx_wonderfizz_runner_4
2b83dc08c7d073e,dlc4/genesis/fx_zombie_shadow_ambient_trail
54933588c1346,dlc4/genesis/fx_zombie_shadow_damage
b22a1ea5264d4cb,dlc4/genesis/fx_zombie_shadow_death
841b4b649941523,dlc4/genesis/fx_zombie_shadow_trap_ambient
eebec8c08317140,dlc4/genesis/fx_zombie_shadow_trap_exp
d46bd35ac8532e3,dlc4/genesis_mov/fx_birds_vista_loop
26d991ad0ab0c1c,dlc4/mp_mini/fx_ant_death
b28c1e95c876b7c,dlc4/mp_mini/fx_debris_paper_mini
6a36ce869ddbe2e,dlc4/mp_mini/fx_fire_bbq_mini
cb3c22f48d53a7c,dlc4/mp_mini/fx_fire_firepit_mini
e4efd93bead98be,dlc4/mp_mini/fx_fire_line_pizza_box_mini
cd2a36645f632ac,dlc4/mp_mini/fx_fly_death
a626881c7591620,dlc4/mp_mini/fx_lenslare_grime_blue
63ccb1434205735,dlc4/mp_mini/fx_light_coffeemaker_lg
113f3da594e6a4e,dlc4/mp_mini/fx_smk_ashtray_huge_mini
b4d386a0d87c451,dlc4/mp_mini/fx_steam_beans_sm_mini
a7f26d9ec9fe31a,dlc4/mp_mini/fx_steam_hot_tub_mini
10071f17a622ce6,dlc4/mp_mini/fx_steam_ice_mini
4266e4a261e8f13,dlc4/mp_mini/fx_water_condense_2_liter_mini
7b2bb9dea5ab327,dlc4/mp_mini/fx_water_condense_beer_bottle
f84130438b9a502,dlc4/mp_mini/fx_water_condense_beer_bottle_runner
b662426e433f7df,dlc4/mp_mini/fx_water_condense_beer_can
af73c557cef35da,dlc4/mp_mini/fx_water_condense_beer_can_runner
4c9f43217eb80ac,dlc4/mp_outskirts/fx_dust_doorway_os
7f94e029af4820c,dlc4/mp_outskirts/fx_dust_doorway_runner
be17c100c6860ff,dlc4/mp_outskirts/fx_dust_floor_wisps
1388765c7f90f00,dlc4/mp_outskirts/fx_dust_ground_rattle
a77d780a7d68bc,dlc4/mp_outskirts/fx_dust_ground_swirl_os
5733c9c98add0dc,dlc4/mp_outskirts/fx_dust_ground_swirl_runner
435463c67168c87,dlc4/mp_outskirts/fx_dust_md
3174bf2c9618b22,dlc4/mp_outskirts/fx_dust_motes
8621980d7b79fcd,dlc4/mp_outskirts/fx_dust_slow_vista
d96dd7ccf3fcf46,dlc4/mp_outskirts/fx_dust_slow_xl_vista
6dce1a79b2cc2f4,dlc4/mp_outskirts/fx_elec_sparks_blue_burst_os
c0bf053b1273939,dlc4/mp_outskirts/fx_elec_sparks_blue_drip_os
92f21104493e81b,dlc4/mp_outskirts/fx_elec_sparks_blue_runner
6e4f8bc54bf34c8,dlc4/mp_outskirts/fx_elec_sparks_blue_sm_os
c879b98add9a70c,dlc4/mp_outskirts/fx_elec_sparks_robot_arm_runner
aac9bf53c3bd149,dlc4/mp_outskirts/fx_fog_thick_room_amb_100x100
d4bb8cdebaa08e9,dlc4/mp_outskirts/fx_fog_thick_room_amb_200x200
3432d34f230041c,dlc4/mp_outskirts/fx_fol_leaves_red_tree
106d87fa49db30c,dlc4/mp_outskirts/fx_fol_leaves_tree
fdf78a4adcd2d68,dlc4/mp_outskirts/fx_footstep_mp_siegebot_concrete
1609e79ed4bd8ba,dlc4/mp_outskirts/fx_footstep_mp_siegebot_dirt
7acf2c651160090,dlc4/mp_outskirts/fx_footstep_mp_siegebot_snow
1dbc6deb8731a58,dlc4/mp_outskirts/fx_lightning_cloud_vortex
5bb841fce914855,dlc4/mp_outskirts/fx_lightning_cloud_vortex_2
5bb831fce9146a2,dlc4/mp_outskirts/fx_lightning_cloud_vortex_3
5bb7e1fce913e23,dlc4/mp_outskirts/fx_lightning_cloud_vortex_4
a8078d26fdfd2a3,dlc4/mp_outskirts/fx_robot_arm_tip_idle
5c90abbb31aec70,dlc4/mp_outskirts/fx_snow_evaporate
5fd68113333e225,dlc4/mp_outskirts/fx_snow_evaporate_sm
659478c4a63328a,dlc4/mp_outskirts/fx_snow_evaporate_vista
d3045133d74ac97,dlc4/mp_outskirts/fx_snow_ground_rattle
23516dc59973f86,dlc4/mp_outskirts/fx_steam_tube
2157ee65cf9ae3,dlc4/mp_outskirts/fx_steam_vent
66c8b1a9d89fb87,dlc4/mp_outskirts/fx_turbine_red_light
7327dda4666b45,dlc4/mp_outskirts/fx_vortex_beam
c8cddee7753d673,dlc4/mp_outskirts/fx_vortex_beam_base
89952d6ef55ff51,dlc4/mp_outskirts/fx_vortex_beam_grow
abe8cef0edd9d1a,dlc4/mp_outskirts/fx_vortex_beam_pulse_os
fddbd17af9f69ca,dlc4/mp_outskirts/fx_vortex_beam_pulse_runner
29a0f1308941487,dlc4/mp_outskirts/fx_vortex_beam_shrink
465f1e4cc1a2f05,dlc4/mp_outskirts/fx_vortex_charging
7db2ced786f1018,dlc4/mp_outskirts/fx_vortex_energy_ball_explode
28adef7ca3de135,dlc4/mp_outskirts/fx_vortex_energy_ball_idle
9fe058aa6fe587,dlc4/mp_outskirts/fx_vortex_energy_ball_off_idle
81e3260c9bcc60,dlc4/mp_outskirts/fx_vortex_lightning
c424cc3c3d2b35e,dlc4/mp_outskirts/fx_vortex_outskirts
b32be6441995193,dlc4/mp_outskirts/fx_vortex_pulse
e906ffdc9452597,dlc4/mp_outskirts/fx_vortex_space_close
468b96708639d65,dlc4/mp_outskirts/fx_vortex_space_open
80603c7452c3525,dlc4/mp_outskirts/fx_water_drip_line_100
7c9fddabcb91487,dlc4/mp_ruins/fx_dust_glow_blue
ec1de84e9b12ba4,dlc4/mp_ruins/fx_embers_stone_channel_ruins
1809d605699b371,dlc4/mp_ruins/fx_embers_stone_channel_sm_ruins
115137e1a71fd92,dlc4/mp_ruins/fx_fire_candle_med_melt_on_ruins
894aa3e0630a9dd,dlc4/mp_ruins/fx_fire_candle_med_on_ruins
133d52f403f9b0e,dlc4/mp_ruins/fx_fire_candle_on_ruins
99682ccdc260d4f,dlc4/mp_ruins/fx_fire_candle_on_sm_ruins
67e166a6514e795,dlc4/mp_ruins/fx_fire_candle_on_sm_shrt_ruins
c028643f1d50e70,dlc4/mp_ruins/fx_fire_candle_sml_melt_on_ruins
94f36461780c43c,dlc4/mp_ruins/fx_fire_candle_tall_on_ruins
211e28f764d64b2,dlc4/mp_ruins/fx_fire_smolder_ground_low
676fe9e9618c0f2,dlc4/mp_ruins/fx_fire_smolder_ground_low_lg
38b5eb5c187bc1b,dlc4/mp_ruins/fx_fire_torch_ground_ruins
c950bbed15e3b7b,dlc4/mp_ruins/fx_fol_leaves_blowing_ground_gust
730c3534c1b7e33,dlc4/mp_ruins/fx_fol_leaves_blowing_ground_gust_flat
d1abded825d5cd6,dlc4/mp_ruins/fx_fol_leaves_blowing_ground_gust_runner
20523945d3fb4f6,dlc4/mp_ruins/fx_ghost_energy_armor_ruins
71cb3ee27dfbc57,dlc4/mp_ruins/fx_ghost_energy_armor_ruins_uw
4b98fe15b18d86a,dlc4/mp_ruins/fx_ghost_energy_ruins
8cf5f5da9e405bf,dlc4/mp_ruins/fx_ghost_energy_ruins_child
2cb54b66d2af8bb,dlc4/mp_ruins/fx_ghost_energy_ruins_sm
38bfea2d1ec3d7a,dlc4/mp_ruins/fx_ghost_energy_ruins_sm_child
cf0f040f74790b,dlc4/mp_ruins/fx_ghost_energy_ruins_still
723b10aae3742a5,dlc4/mp_ruins/fx_ghost_energy_ruins_still_md
55bd43680a95039,dlc4/mp_ruins/fx_ghost_energy_ruins_wind
57c3592df286f63,dlc4/mp_ruins/fx_ghost_energy_ruins_wind_vista
9fa2f3e7cf53663,dlc4/mp_ruins/fx_lensflare_sun_ruins
78d4e3f6e30c88b,dlc4/mp_ruins/fx_smk_fire_wispy_md
884185ddbcbef2f,dlc4/mp_ruins/fx_water_current_debris_ruins
a216f69b3c4e43,dlc4/mp_ruins/fx_water_current_mud_kickup_fast_ruins
f0f14e45c8fb76c,dlc4/mp_ruins/fx_water_current_mud_kickup_ruins
a707118ce9a23cc,dlc4/mp_ruins/fx_water_current_mud_kickup_slow_ruins
312be40838b2ed5,dlc4/mp_ruins/fx_water_drip_ruins
b84a1ed1b65654e,dlc4/mp_ruins/fx_water_drip_ruins_sm
fcc610a4ca9514f,dlc4/mp_ruins/fx_water_waterfall_spill_top_edge_ruins
1749b00ee2c8532,dlc4/mp_ruins/fx_water_waterfall_spill_top_gap_fill
951c52c6e108c85,dlc4/mp_ruins/fx_water_waterfall_spill_top_ruins
a95d889cc332000,dlc4/mp_ruins/fx_waterfall_base_ruins
715f728b6179bac,dlc4/mp_western/fx_bio_fly_western
4cf806ec78e24a9,dlc4/mp_western/fx_dust_motes_western
cddaf17ff38929f,dlc4/mp_western/fx_dust_wind_md_western
6edfd2bc6af5042,dlc4/mp_western/fx_dust_wind_sm_western
9769bc9d620cad4,dlc4/mp_western/fx_elec_sparks_western
22ccf5ff1964bde,dlc4/mp_western/fx_fol_wind_western
a28d5a009dc851f,dlc4/mp_western/fx_light_lantern_western_flame
be580c09f1d268c,dlc4/mp_western/fx_light_lantern_western_flame_sm
5aaac43c8fa04b4,dlc4/mp_western/fx_smk_train_western
c40d9e1cf9a552,dlc5/asylum/fx_blood_drip_impact
c031e234644162f,dlc5/asylum/fx_blood_ground_splash
ecc26e14418f354,dlc5/asylum/fx_blood_stream
10972e567c4eb29,dlc5/asylum/fx_dust_wind_md_gusty
a84f4fb89f3bb4c,dlc5/asylum/fx_elec_gp_wire_sparking_sm_anim_blue_v1
a84f7fb89f3c065,dlc5/asylum/fx_elec_gp_wire_sparking_sm_anim_blue_v2
c8ab4da6e8960dd,dlc5/asylum/fx_elec_lamp_spark_pop
20e9d09218046c,dlc5/asylum/fx_elec_lamp_spark_pop_rnr
b594066b5e9ee5,dlc5/asylum/fx_elec_sparks_burst_mix_breaker_sm
484b9dcdb8bc287,dlc5/asylum/fx_elec_sparks_sm_directional_os_blue
75cfc14c688a6a4,dlc5/asylum/fx_elec_sparks_sm_loop_light
243bb1e02d5db36,dlc5/asylum/fx_embers_ash_courtyard
7db4f67f34a1f2a,dlc5/asylum/fx_embers_ash_falling
e697f7387d62b56,dlc5/asylum/fx_embers_ash_falling_cover
53965d27bc3a60c,dlc5/asylum/fx_embers_ash_windows
26f52892ce16f79,dlc5/asylum/fx_embers_ash_windows_sm
88239062e29004e,dlc5/asylum/fx_fire_inferno_tall_2_evb_xsm_lf
71170050b406e8d,dlc5/asylum/fx_fog_vista_slow_xlg
d66aa05e1b428,dlc5/asylum/fx_perk_doubletap
cc64d2c4eaecd1b,dlc5/asylum/fx_power_off_elec_beam_low
ba1ce19ed9cf444,dlc5/asylum/fx_power_on_elec_beam
9d5c331bb20baf6,dlc5/asylum/fx_power_on_elec_glow
8bf46b330786bb6,dlc5/asylum/fx_smk_ceiling_crawl
5d9200799d115b7,dlc5/asylum/fx_smk_hallway
701b4b396f41d94,dlc5/asylum/fx_smk_hallway_sm
c5030dee2567489,dlc5/asylum/fx_sparks_tesla_on
dc38f679b7364bf,dlc5/asylum/fx_steam_hpressure_sm_light
f38e6460ec8076a,dlc5/asylum/fx_vomit_blood_loop
538b9a804692d88,dlc5/cosmo/fx_blackhole_zombie_breakup
1d436cf33d1d60e,dlc5/cosmo/fx_blood_drip_point
ac340c200064d07,dlc5/cosmo/fx_clouds_drift_sky_vista
54565b31117e0fc,dlc5/cosmo/fx_debris_breeze_pebble_trash
5881de59280a56f,dlc5/cosmo/fx_dust_motes_lamp_bb_sm
fe08b683eabb0c5,dlc5/cosmo/fx_elec_spark_ee_quad
e3e245d0268019d,dlc5/cosmo/fx_elec_sparks_bounce_blue
24f6ffb05d88a73,dlc5/cosmo/fx_elec_sparks_shower_burst
5103915c2e30c5a,dlc5/cosmo/fx_elec_sparks_shower_burst_loop
fa82909a384358f,dlc5/cosmo/fx_elec_sparks_sm_runner
65e0462009f49ad,dlc5/cosmo/fx_fire_crawl_card_sm
a65648001c5b93d,dlc5/cosmo/fx_fog_drift_sky
da45a5591ba0b10,dlc5/cosmo/fx_fog_ground_300x300
d335288e7bf3ecd,dlc5/cosmo/fx_fog_ground_slow
a13abb3dd5fe9ab,dlc5/cosmo/fx_fog_hanging_spot_indoor_md
73100cab6a3867e,dlc5/cosmo/fx_fog_hanging_spot_outdoor_md
4c391e36d2397ba,dlc5/cosmo/fx_fog_lamp_slow
5fdd129648abb54,dlc5/cosmo/fx_fog_lamp_tall_slow
de6292eeea7f5ed,dlc5/cosmo/fx_fog_lamp_tall_slow_dim
f3b62d0d48e3f36,dlc5/cosmo/fx_fog_lamp_tall_slow_vista
1f22e77792f1d70,dlc5/cosmo/fx_heat_distort_gantry_sm
624c83d00538260,dlc5/cosmo/fx_ice_clump_impact_sm
33fc67b82f694b2,dlc5/cosmo/fx_lensflare_flashlight
661e02f3111e9de,dlc5/cosmo/fx_lensflare_floodlight_xlg
742bc2d2bc7d5c3,dlc5/cosmo/fx_lgt_window_boxes_1
742bd2d2bc7d776,dlc5/cosmo/fx_lgt_window_boxes_2
8f69937489884b8,dlc5/cosmo/fx_light_ee_progress
98a47ca96c15e13,dlc5/cosmo/fx_light_red_vista_md
9c772ca96f55542,dlc5/cosmo/fx_light_red_vista_sm
3c3a55f1947c122,dlc5/cosmo/fx_smk_column_lg_slow_dark
5f31352e5dec7bb,dlc5/cosmo/fx_smk_lander_pad
234fcec99a5e6eb,dlc5/cosmo/fx_smk_lander_pad_debris
daaa491a3ef7700,dlc5/cosmo/fx_steam_leak_lg_loop
daeaede7b84d651,dlc5/cosmo/fx_steam_vent_floor_launchpad
f5b9fc4c7d809bb,dlc5/cosmo/fx_water_drip_stream
7088da6272f3448,dlc5/cosmo/fx_water_leak_squirt_sm
976f9b56b4382ec,dlc5/cosmo/fx_water_splash_stream_sm
132a0ae1d604e9a,dlc5/cosmo/fx_weather_lightning_cheap_lg
12e71ae1d5c15e6,dlc5/cosmo/fx_weather_lightning_cheap_md
e84f6358475b9a5,dlc5/cosmo/fx_weather_lightning_cheap_runner
cf9200625312c3b,dlc5/cosmo/fx_weather_lightning_cheap_tower_impact
39ff674ea8861f1,dlc5/cosmo/fx_zmb_blackhole_exit
f727230cb1f45de,dlc5/cosmo/fx_zmb_blackhole_flare_marker
51f853b7aaf415f,dlc5/cosmo/fx_zmb_blackhole_implode
52f78498e180419,dlc5/cosmo/fx_zmb_blackhole_looping
5d9b5f72685a978,dlc5/cosmo/fx_zmb_blackhole_trap_end
4ce5d3908106cf6,dlc5/cosmo/fx_zmb_blackhole_zombie_death
81aa69c7d562b28,dlc5/cosmo/fx_zmb_blackhole_zombie_flare
a8f7b8be2de2ccb,dlc5/cosmo/fx_zmb_blackhole_zombie_wisp
7ba04ff98af9127,dlc5/cosmo/fx_zmb_booster_condensation
3aff165d8837ee0,dlc5/cosmo/fx_zmb_csm_centrifuge_steam_blst
b61b0c8fe10908d,dlc5/cosmo/fx_zmb_csm_lander_pad_green
aad011010da62a4,dlc5/cosmo/fx_zmb_csm_lander_pad_green_lft
a96915f05a6d209,dlc5/cosmo/fx_zmb_csm_lander_pad_red
98f4bdbfebdbd50,dlc5/cosmo/fx_zmb_csm_lander_pad_red_lft
a1a85e5fa9994a6,dlc5/cosmo/fx_zmb_csm_lander_panel_green
893965df5e30e86,dlc5/cosmo/fx_zmb_csm_lander_panel_red
14a9c3db308907a,dlc5/cosmo/fx_zmb_csm_lander_post_green
601f459dc7582ca,dlc5/cosmo/fx_zmb_csm_lander_post_red
f2dcc860a2b7bc1,dlc5/cosmo/fx_zmb_csm_rocket_exp
9d743d326cf417b,dlc5/cosmo/fx_zmb_csm_rocket_exp_c
ce875fdd9ec9c94,dlc5/cosmo/fx_zmb_csm_rocket_pad_light
4bbd5b7b7bd0b65,dlc5/cosmo/fx_zmb_csm_rocket_top_exp
5389782d6413700,dlc5/cosmo/fx_zmb_elec_terminal_arc
741321bc75b377c,dlc5/cosmo/fx_zmb_elec_terminal_arc_broken_1
fe64893b8c3ff3b,dlc5/cosmo/fx_zmb_elec_terminal_arc_double_long
86e44c6e391355,dlc5/cosmo/fx_zmb_elec_terminal_bridge
72d0bc4ac4e2c8e,dlc5/cosmo/fx_zmb_elec_terminal_bridge_contact
f8ed93695c406ce,dlc5/cosmo/fx_zmb_elec_terminal_bridge_sm
378e5a799aad0c8,dlc5/cosmo/fx_zmb_gantry_coolant_burst_md
a1bd613f5515cb7,dlc5/cosmo/fx_zmb_gantry_coolant_md
b3a88e99711e43a,dlc5/cosmo/fx_zmb_gantry_coolant_xsm
337bb4e1cacec98,dlc5/cosmo/fx_zmb_light_centrifuge_top
e7ade2d5ff260cf,dlc5/cosmo/fx_zmb_monkey_death
534143d0a916289,dlc5/cosmo/fx_zmb_monkey_death_c
52af45b26379d73,dlc5/cosmo/fx_zmb_russian_rocket_smk
a53506ed86b3072,dlc5/cosmo/fx_zmb_trail_blackhole_low
988f166205cf32d,dlc5/cosmo/fx_zombie_ape_spawn_dust
a7642e7201107bb,dlc5/cosmo/fx_zombie_ape_spawn_trail
3e659066af2c994,dlc5/cosmo/fx_zombie_centrifuge_spark
2fde639828e0ee4,dlc5/cosmo/fx_zombie_lunar_lander_dust
b0ca40781024741,dlc5/cosmo/fx_zombie_lunar_lander_thruster_bellow
f3d6fb579c56412,dlc5/cosmo/fx_zombie_lunar_lander_thruster_leg
185fab2e69ffaaf,dlc5/cosmo/fx_zombie_nuke_distant
b542563b8faee26,dlc5/cosmo/fx_zombie_power_switch
2470115998387d7,dlc5/cosmo/fx_zombie_rocket_trap_heat_glow
7969ab59c82e8d5,dlc5/moon/fx_beacon_light_blue
dc507b26c3b17c4,dlc5/moon/fx_beacon_light_red
bbdd368f8268ff1,dlc5/moon/fx_bul_impact_blood_lowgrav
86c475e62a2d7af,dlc5/moon/fx_bul_impact_blood_lowgrav_lg
870265e62a68873,dlc5/moon/fx_bul_impact_blood_lowgrav_md
8ad515e62da7fa2,dlc5/moon/fx_bul_impact_blood_lowgrav_sm
ea2839bda0775ea,dlc5/moon/fx_digger_arm_beacons_all
a26465425827a4e,dlc5/moon/fx_digger_body_all
914d5b39e062134,dlc5/moon/fx_digger_light_beam
dd6c8170235f1d6,dlc5/moon/fx_digger_treadfx_fwd
7c3ce0315dcffed,dlc5/moon/fx_digger_treadfx_fwd_os
319a2173acde896,dlc5/moon/fx_digger_treadfx_rev
58b554cc6e162ad,dlc5/moon/fx_digger_treadfx_rev_os
e4e90a17964b9d,dlc5/moon/fx_dust_fall_sm_lowgrav
288e3f24502de68,dlc5/moon/fx_dust_fall_sm_lowgrav_os
21d40fe339f8e6a,dlc5/moon/fx_dust_rocket_launch_lg
21951fe339bc276,dlc5/moon/fx_dust_rocket_launch_md
e7590f17c840584,dlc5/moon/fx_dust_rocket_launch_xlg
d7440e7e525afbd,dlc5/moon/fx_dust_rocket_launch_xlg_lite
5d956082482537d,dlc5/moon/fx_dust_streaks_edge
c9d698f3d06bb06,dlc5/moon/fx_dust_streaks_edge_sm
ff87256506319f,dlc5/moon/fx_dust_vista_moon
a9817fe6e3b4f71,dlc5/moon/fx_dust_wind_light
f416c8dd2627c91,dlc5/moon/fx_earth_destroy_rocket
7e3cd96781803fb,dlc5/moon/fx_earth_destroy_rocket_1_c
f6b4a966aaa0d22,dlc5/moon/fx_earth_destroy_rocket_2_c
5e063966db255dd,dlc5/moon/fx_earth_destroy_rocket_3_c
e9f279c6608051d,dlc5/moon/fx_earth_destroy_rocket_3_c2
e9f269c6608036a,dlc5/moon/fx_earth_destroy_rocket_3_c3
4ab1c6628d617c9,dlc5/moon/fx_earth_destroy_rocket_boost
1cb93270d7909d,dlc5/moon/fx_earth_destroyed
529afd2596669bf,dlc5/moon/fx_earth_destroyed_c
2c070589ac7e37a,dlc5/moon/fx_elec_spark_blue_xlg_os
f0ae2d79e9ae691,dlc5/moon/fx_elec_spark_xlg_os
c57e2133ef1dd5c,dlc5/moon/fx_elec_sparks_digger
75b55aa2f0842e2,dlc5/moon/fx_elec_sparks_shower_burst_lowgrav
43af099045ab66d,dlc5/moon/fx_elec_sparks_shower_burst_lowgrav_loop
62433218a85205e,dlc5/moon/fx_elec_sparks_shower_burst_sm
611969fd14320c1,dlc5/moon/fx_elec_sparks_shower_burst_sm_loop
40ae37ff5a00f5,dlc5/moon/fx_elec_sparks_shower_burst_sm_lowgrav
4fe6def9fdc94e4,dlc5/moon/fx_elec_sparks_shower_burst_sm_lowgrav_loop
a3fd3f00ff303a9,dlc5/moon/fx_elec_sparks_spot_light
8444bec13cc666a,dlc5/moon/fx_embers_ash_wind_exterior_moon
aa94015c43eef8b,dlc5/moon/fx_embers_drip_vent_tunnels
216616bb6001f2e,dlc5/moon/fx_exp_nuke
447f9218997817,dlc5/moon/fx_exp_vista_runner
2e1805f889c23d2,dlc5/moon/fx_exp_xlg_vista
64ed9c5afa923bb,dlc5/moon/fx_fire_billow_vista_moon
79fcd75fab56f70,dlc5/moon/fx_fire_embers_smoke_ground
eae50ed737baa29,dlc5/moon/fx_fire_ground_md
4aa0ff28cc003b0,dlc5/moon/fx_fire_oil_md
7fd23ed2757019f,dlc5/moon/fx_fog_pyramid_open
30f1073c0f32664,dlc5/moon/fx_fol_leaves_tree_thin
757bba8ab810ce7,dlc5/moon/fx_footstep_dust_laika
f7f1574e8ff9934,dlc5/moon/fx_jetpack_trail
2168e3cd0f46a1b,dlc5/moon/fx_lensflare_light_lamp_warm
77eb909ab528f71,dlc5/moon/fx_lensflare_light_spot_cool
f42fe1ec6747486,dlc5/moon/fx_meteor_runner
f242f6d4b5e4e40,dlc5/moon/fx_meteor_trail
379e0ae3818ba15,dlc5/moon/fx_meteorite_debris
3bf4004a70ef84,dlc5/moon/fx_meteorite_debris_impact
ae003d2b8148a8a,dlc5/moon/fx_meteorite_debris_trail
ca991cb7b7fa75d,dlc5/moon/fx_moon_airlock_door_forcefield
a2d5b844889ebe9,dlc5/moon/fx_moon_airlock_hatch_forcefield
691d9d21fd2893c,dlc5/moon/fx_moon_biodome_breach_dirt
30a08ec9ba4d264,dlc5/moon/fx_moon_biodome_ceiling_breach
d6fdd69c0c0948b,dlc5/moon/fx_moon_body_dirt_billowing
125ecf58c5ba1d0,dlc5/moon/fx_moon_body_dust_falling
fe2802008a29601,dlc5/moon/fx_moon_breach_debris_room_os
64501e384e4cc7b,dlc5/moon/fx_moon_break_window
89827e2eca47733,dlc5/moon/fx_moon_button_console_glow
eb2d437b6cb80c8,dlc5/moon/fx_moon_ceiling_cave_collapse
5e9476b4b2abf67,dlc5/moon/fx_moon_ceiling_cave_dust
cee1acf0b291fa2,dlc5/moon/fx_moon_ceiling_cave_dust_os
44c071d3fe6e506,dlc5/moon/fx_moon_digger_ceiling_entry
37efa730dc6ce8f,dlc5/moon/fx_moon_digger_dig_dust
cd00a9a3c10d715,dlc5/moon/fx_moon_digger_dig_dust_base
793d9255174671c,dlc5/moon/fx_moon_digger_dig_dust_sm
9fa035e82a4467e,dlc5/moon/fx_moon_digger_panel_off
4e4d35041094284,dlc5/moon/fx_moon_digger_panel_on
93f6a584f2716e0,dlc5/moon/fx_moon_dirt_impact_med
4cc7bbdac465d6f,dlc5/moon/fx_moon_hand_dirt_burst
f6ab3074d39eebc,dlc5/moon/fx_moon_jump_pad_dust_ground
44310320310b26f,dlc5/moon/fx_moon_jump_pad_on
5adeecf80f452d7,dlc5/moon/fx_moon_jump_pad_pulse
d8122a8f5c9dd8f,dlc5/moon/fx_moon_jump_pad_thruster
a639858dd616c1c,dlc5/moon/fx_moon_jump_pad_thruster_sm
dc2126cba980e1b,dlc5/moon/fx_moon_pyramid_drop
c99cec72e4b5d27,dlc5/moon/fx_moon_pyramid_egg
205eb9c5ad44daa,dlc5/moon/fx_moon_pyramid_opening
ab5850f131216d1,dlc5/moon/fx_moon_pyramid_opening_fog
3b781fa0409586f,dlc5/moon/fx_moon_qbomb_explo_distort
d3340d3c2a29db2,dlc5/moon/fx_moon_soul_swap
779b4be296b5c3a,dlc5/moon/fx_moon_teleporter2_pad_start
af2834593108b93,dlc5/moon/fx_moon_teleporter_beam
6ab6b96dfa35efa,dlc5/moon/fx_moon_teleporter_pad_start
9fb5bbb764774fe,dlc5/moon/fx_moon_trap_switch_light_on_green
62d22e0cec6500e,dlc5/moon/fx_moon_tube_light
d3e5a0f01216c9a,dlc5/moon/fx_moon_vril_glow
521f719070846d,dlc5/moon/fx_motes_115_gas
f248fc6d50770f8,dlc5/moon/fx_quad_teleport_in
4e332dc064da1bd,dlc5/moon/fx_quad_teleport_out
8b89cc64b57161f,dlc5/moon/fx_smk_vista_wind_moon
192fb635fcd7356,dlc5/moon/fx_steam_100x100_fall
cdf2ec3b0bfd1ad,dlc5/moon/fx_steam_jet_airlock
e941723e3921277,dlc5/moon/fx_steam_line_400
d1ef859c242c38,dlc5/moon/fx_teleporter_core_prong
79ff604878b28c7,dlc5/moon/fx_teleporter_elec_strike_contact
1398a2fcfa9ddc6,dlc5/moon/fx_teleporter_elec_strike_core_lg_moon
84fa655a34cbf6,dlc5/moon/fx_teleporter_elec_strike_core_moon
449f0474a814fa1,dlc5/moon/fx_teleporter_elec_strike_md_os_moon
a99f0c83be13e7d,dlc5/moon/fx_teleporter_elec_strike_os_moon
b3e1910b794430c,dlc5/moon/fx_teleporter_elec_strike_sm_os_moon
d29836006d1f3fb,dlc5/moon/fx_teleporter_pad_strike_os
fe062ca403d1c48,dlc5/moon/fx_teleporter_prong
b28d46a405b550d,dlc5/moon/fx_teleporter_prong_sm
ec56f8b7de67153,dlc5/moon/fx_teleporter_prong_xsm
6184bfe5892d550,dlc5/moon/fx_water_bubbles_biodome_vat
f337b1d4fe9fa05,dlc5/moon/fx_water_drip_line_25
e11acc1f047f062,dlc5/moon/fx_water_drip_line_25_lowgrav
6c5a2d34a19c77a,dlc5/moon/fx_water_drip_point_1x1_physics_ground
1ee5462d328a53c,dlc5/moon/fx_water_drip_point_long_fast_lowgrav
38e83fc4f2eadbc,dlc5/moon/fx_water_drip_point_short_fast_lowgrav
ea7173c14eadd7b,dlc5/moon/fx_water_drip_point_short_fast_lowgrav_dis
689655f99263a3f,dlc5/moon/fx_water_drip_stream_lit
8a827a8a975e1da,dlc5/moon/fx_water_motes_lowgrav
ec60855dacdae5d,dlc5/moon/fx_water_sprinkler_biodome_broken
af0a7810c2c9184,dlc5/moon/fx_water_sprinkler_biodome_lowgrav_broken
42ed1e3c6c56beb,dlc5/moon/fx_water_sprinkler_biodome_lowgrav_os
648a11ef59d21d2,dlc5/moon/fx_water_sprinkler_biodome_os
a791f1e75a6a21e,dlc5/moon/fx_weather_elec_flash
c718b2313826eaa,dlc5/moon/fx_weather_elec_flash_beam_emit_slow
3a52c376512bcfb,dlc5/moon/fx_weather_elec_flash_beam_emit_slow_sm
8d3eb20a615b26d,dlc5/moon/fx_weather_elec_flash_beam_emit_slow_xsm
cffa59eeb937625,dlc5/moon/fx_weather_elec_flash_beam_ring_middle
eb1067afad0cbcc,dlc5/moon/fx_weather_elec_flash_beam_spiral_slow
dc0f05d64e421e3,dlc5/moon/fx_weather_elec_flash_beam_zigzag_slow
d729bf956a68d37,dlc5/moon/fx_weather_elec_flash_sm
2de3ac2891e9c98,dlc5/moon/fx_weather_elec_red_flash_beam_move_slow
5c5c9108b1ef23d,dlc5/moon/fx_weather_elec_red_flash_beam_move_slow_sm
cf961a99084c482,dlc5/moon/fx_weather_red_lightning_vista
2af9ffa104db67e,dlc5/moon/fx_zombie_phasing
cc28925cd7f2466,dlc5/mp_weapon/fx_muz_ballistic_smk_1p
cbc9d25cd7adab4,dlc5/mp_weapon/fx_muz_ballistic_smk_3p
7ad0bb4c6c22fb3,dlc5/prototype/fx_barrel_ignite
72f7a353d94b1ad,dlc5/prototype/fx_bio_birds_flock_veiled_ravens
19df3f04cadc753,dlc5/prototype/fx_dust_motes_100x100_zombie_sh
f10c0658aefc077,dlc5/prototype/fx_elec_gp_wire_sparking_xsml_thick_anim_blue
b485104b1c39064,dlc5/prototype/fx_elec_gp_wire_sparking_xsml_thick_anim_blue_lp
9e29768e6245c62,dlc5/prototype/fx_embers_slow_md_tall
e13d028f7a4ee9,dlc5/prototype/fx_fog_drift_slow_window
8f3d5ad780e2a4e,dlc5/prototype/fx_fog_ground_slow_300x300_bright
398351e4adf5ed9,dlc5/prototype/fx_fog_haze_fill
cba0681bc40f343,dlc5/prototype/fx_fog_haze_fill_vista
4c8e44d50fed71a,dlc5/prototype/fx_light_tower_warning_beacon
4edc81a20583e9c,dlc5/prototype/fx_smk_column_wind_slow_lg_dark
20f9761a136baa,dlc5/prototype/fx_smk_column_wispy_breeze_dark
8794cad20817115,dlc5/prototype/fx_wonder_fizz_lightning_all_interior
cbe02b38654291d,dlc5/sumpf/fx_bio_fly_dark_200x200
36b2e02c8b80ec6,dlc5/sumpf/fx_dust_swirl_flogger
740e81d9cb2b251,dlc5/sumpf/fx_elec_gen_idle_xsm
4f24dd52f24c372,dlc5/sumpf/fx_elec_gen_tip_sm
5945cf027dec777,dlc5/sumpf/fx_elec_sparks_bounce_blue
890dde14628d49,dlc5/sumpf/fx_elec_sparks_burst_xsm_omni_blue_os
81c705d32ff261b,dlc5/sumpf/fx_elec_sparks_burst_xsm_omni_blue_rnr
4aa732333ca83ef,dlc5/sumpf/fx_embers_ceiling
61221f1fb161472,dlc5/sumpf/fx_fire_ground_line_md
bfa2b0f7d08f1d4,dlc5/sumpf/fx_fog_ground_slow_300x300
256fafae20a9d52,dlc5/sumpf/fx_fog_ground_slow_lit_300x300
d06f12954e48b86,dlc5/sumpf/fx_fog_ground_wind_lt_150x150
62c831e569b04b4,dlc5/sumpf/fx_light_lanterns_sm
36eb4dcd8ac5300,dlc5/sumpf/fx_light_lanterns_spot
17e16910922cc57,dlc5/sumpf/fx_log_trap
807bfb51cb425,dlc5/sumpf/fx_marker_hut1_loop
411579642b33913,dlc5/sumpf/fx_perk_lottery_end
faa19a6f2aa27d4,dlc5/sumpf/fx_perk_lottery_flash
ba5e8cf74ce0a51,dlc5/sumpf/fx_perk_lottery_front
23e4d3d07d8d55b,dlc5/sumpf/fx_perk_lottery_smoke_side
3d7b66ad024d270,dlc5/sumpf/fx_perk_lottery_smoke_sides_anim
a59f5ce26a1317f,dlc5/sumpf/fx_smk_ceiling_crawl_thick_dark
813c228ad6db725,dlc5/sumpf/fx_smk_column_sm_slow_dark
9a8182c4ea2ab4a,dlc5/sumpf/fx_steam_meteor
794541aa96d3d0e,dlc5/sumpf/fx_water_surface_bubbles_md
7b6491aa98a10c3,dlc5/sumpf/fx_water_surface_bubbles_sm
629c94e4d5577b5,dlc5/sumpf/fx_water_surface_bubbles_xsm
c39b4b442692d9b,dlc5/temple/fx_fire_lantern_flame_mine_tracks
149ab3b1091ddc3,dlc5/temple/fx_fire_torch_pitch
1a25109f19a3808,dlc5/temple/fx_fire_torch_pitch_outdoor
5389efa34041db8,dlc5/temple/fx_fire_torch_pitch_sm
8957b79b98220f9,dlc5/temple/fx_fog_ground
15d4e6a5c698575,dlc5/temple/fx_fog_ground_flat
927521b0531c11b,dlc5/temple/fx_fog_ground_flat_var2
97a03269eff6166,dlc5/temple/fx_fog_ground_inside
2dd8e2932fd4d59,dlc5/temple/fx_fog_slow_lg_billboard_lg_sm_slow_dark
2914ba7cd3786e1,dlc5/temple/fx_fog_slow_lg_billboard_md_slow
81a920caec50f26,dlc5/temple/fx_fog_slow_lg_billboard_md_slow_dark
58374ac2f06f725,dlc5/temple/fx_fog_slow_lg_billboard_md_slow_dark_fade
1b9848ad89d8c91,dlc5/temple/fx_fog_slow_lg_billboard_md_slow_darker
a0582e7842a2159,dlc5/temple/fx_fog_slow_lg_billboard_xlg_slow
fc9d281ea386a82,dlc5/temple/fx_fog_slow_md_billboard_lg_slow_dark
30b2d24ad30a704,dlc5/temple/fx_fog_slow_md_billboard_lg_sm_slow
2a5df5c253e2bb1,dlc5/temple/fx_fog_slow_md_billboard_md_slow
7a6adbd5732dbd6,dlc5/temple/fx_fog_slow_md_billboard_md_slow_dark
a829e7fd4e758a9,dlc5/temple/fx_fog_slow_md_billboard_xlg_slow
da60108c7adb8be,dlc5/temple/fx_fog_slow_md_billboard_xlg_slow_dark
a9bcb10c1eb2d04,dlc5/temple/fx_fog_slow_sm_billboard_md_slow
2cccb99849dc0a9,dlc5/temple/fx_fog_slow_sm_billboard_md_slow_dark
71a8cb974552de4,dlc5/temple/fx_fog_slow_sm_billboard_md_slow_dark_fade
26af516b30f1736,dlc5/temple/fx_fog_slow_sm_billboard_xlg_slow
2aae53b26a3dd5b,dlc5/temple/fx_fog_slow_sm_billboard_xlg_slow_dark
7c9928c8a08f981,dlc5/temple/fx_leaves_fall_tall
81701e05c77da86,dlc5/temple/fx_leaves_fall_tall_dark
f971bfcb85fb2fd,dlc5/temple/fx_lensflare_lantern_filament
a90a7732edb5e6c,dlc5/temple/fx_lensflare_lantern_opaque
6861a9464f8f9fb,dlc5/temple/fx_motes_jungle_vista_md
bdee9bd167b0140,dlc5/temple/fx_motes_jungle_vista_md_dark
5df113b8106ee09,dlc5/temple/fx_moth_light_flutter
e1b65051b7b69d8,dlc5/temple/fx_perk_mule_kick
e40306ac0a8354,dlc5/temple/fx_water_fall_base_splash
773fafc428c6f1,dlc5/temple/fx_water_fall_base_splash_sm
94c703c54a747bc,dlc5/temple/fx_water_fall_base_splash_sm_dim
ed96aed7df8b330,dlc5/temple/fx_water_fall_base_splash_sm_dim_rock
cf248f1177309e7,dlc5/temple/fx_water_fall_long_thin_beam_move
4577ff9e8788f64,dlc5/temple/fx_water_fall_lower_temple
87ef64405928c39,dlc5/temple/fx_water_fall_rain
bce25e8b6b967cb,dlc5/temple/fx_water_fall_rocks
dd76dee1e32803e,dlc5/temple/fx_water_fall_top_temple
301e13e38ba238c,dlc5/temple/fx_water_fall_top_temple_wide
7cff92ed6bdadb2,dlc5/temple/fx_water_pipe_spill_lg
b5943e3b0cadb0,dlc5/temple/fx_water_splash_player
25aa0c14e798898,dlc5/temple/fx_water_temple_geyser_ready
6f91cf781924b20,dlc5/temple/fx_ztem_birds
58f809a376d03b3,dlc5/temple/fx_ztem_butterflies
23e343e86d0ca43,dlc5/temple/fx_ztem_cart_stop
c5b276235d2e1b5,dlc5/temple/fx_ztem_crystal_hit_fail
6dc91566d0c49c8,dlc5/temple/fx_ztem_crystal_hit_success
589cc8922908f04,dlc5/temple/fx_ztem_crystal_pause_fail
3a2d5711efc7ae3,dlc5/temple/fx_ztem_crystal_pause_success
c59dec6f33274cd,dlc5/temple/fx_ztem_crystal_trail
e342abcab90e174,dlc5/temple/fx_ztem_dest_wood_barrier
5237b6283dcaea0,dlc5/temple/fx_ztem_dragonflies_lg
67f51e916c3940,dlc5/temple/fx_ztem_drips
777e589621f4266,dlc5/temple/fx_ztem_dust_door_round
c9f246570f662df,dlc5/temple/fx_ztem_dust_door_round_waterfall
838a824dc0c8d83,dlc5/temple/fx_ztem_dust_impact_maze
6404c6662ad23c5,dlc5/temple/fx_ztem_dust_maze_raise
8dabaae0a9ab993,dlc5/temple/fx_ztem_dust_player_impact
8941c50f762dcc1,dlc5/temple/fx_ztem_dust_punji
2eade30df5cced4,dlc5/temple/fx_ztem_dust_punji_os
876b67085658581,dlc5/temple/fx_ztem_fireflies
1a46112e34ab492,dlc5/temple/fx_ztem_fountain_splash
75e35d26bdb45e7,dlc5/temple/fx_ztem_geyser
1446d846405f722,dlc5/temple/fx_ztem_geyser_os
b4b9491228bfdb5,dlc5/temple/fx_ztem_hot_sauce_end
bf57e17cf18251c,dlc5/temple/fx_ztem_hot_sauce_trail
8846aea017ad53e,dlc5/temple/fx_ztem_leak_flame_jet_os
26d1d157ab57836,dlc5/temple/fx_ztem_leak_flame_jet_runner
d22c690336db605,dlc5/temple/fx_ztem_leak_gas_jet
98e4e35632f9f5a,dlc5/temple/fx_ztem_leak_water_jet_os
67315e564f8e30a,dlc5/temple/fx_ztem_leak_water_jet_runner
634eea5e8fa4910,dlc5/temple/fx_ztem_meteor_shrink
c39612d3ef13639,dlc5/temple/fx_ztem_meteorite_big_shimmer
d692e4cdd40e40f,dlc5/temple/fx_ztem_meteorite_impact
52699c3238548dc,dlc5/temple/fx_ztem_meteorite_shimmer
40f8cbfb19cd70,dlc5/temple/fx_ztem_meteorite_small_shimmer
79d2cce452800b4,dlc5/temple/fx_ztem_meteorite_splash_run
91cd1e1451b6ada,dlc5/temple/fx_ztem_meteorite_tell
4c8b5faf61b6e2a,dlc5/temple/fx_ztem_meteorite_trail_big
9f645c2c889330e,dlc5/temple/fx_ztem_meteorite_trail_os
1853b59c1db4e0b,dlc5/temple/fx_ztem_monkey_shrink
169a1eb0ca8137,dlc5/temple/fx_ztem_moon_eclipse
c15495812757da8,dlc5/temple/fx_ztem_moon_eclipse_stream
bb6dc4eaa8068eb,dlc5/temple/fx_ztem_moon_eclipse_transition
4aa736ea5030c38,dlc5/temple/fx_ztem_napalm_zombie_end2
294118414236298,dlc5/temple/fx_ztem_napalm_zombie_exp
30f08b5ef9fe0af,dlc5/temple/fx_ztem_napalm_zombie_forearm
bcabb2fd0e35f75,dlc5/temple/fx_ztem_napalm_zombie_forearm_end
112fa453c0b26d4,dlc5/temple/fx_ztem_napalm_zombie_ground2
48e3ad96dc3f3e3,dlc5/temple/fx_ztem_napalm_zombie_heat
ce678afeff0596f,dlc5/temple/fx_ztem_napalm_zombie_impact2
3b5ee41072c8c60,dlc5/temple/fx_ztem_napalm_zombie_killed
ca48dfe996a51cd,dlc5/temple/fx_ztem_napalm_zombie_spawn7
c435a59cb2c9514,dlc5/temple/fx_ztem_napalm_zombie_torso
e4fa7c922f1acb6,dlc5/temple/fx_ztem_napalm_zombie_torso_end
6c7599799ee1761,dlc5/temple/fx_ztem_pap
413c99fe6991611,dlc5/temple/fx_ztem_pap_splash
a3f2ce084f7077a,dlc5/temple/fx_ztem_pap_stairs_splashes
877afaf14627306,dlc5/temple/fx_ztem_pap_warning
99b63381709ab33,dlc5/temple/fx_ztem_power_on
cb4e94f256e1aa3,dlc5/temple/fx_ztem_power_onb
bc3665a304437bc,dlc5/temple/fx_ztem_power_sparks
86c0ca5daaf7903,dlc5/temple/fx_ztem_sonic_zombie
ecabe6da483daa0,dlc5/temple/fx_ztem_sonic_zombie_attack
e7a38993b72ac2b,dlc5/temple/fx_ztem_sonic_zombie_spawn
7779e71fd5f6aad,dlc5/temple/fx_ztem_splash_exploder
af2e3e47a93d58b,dlc5/temple/fx_ztem_star_shooting_runner
f3bf1d3a7944c28,dlc5/temple/fx_ztem_tunnel_water_gush
825bf3d4f0378c,dlc5/temple/fx_ztem_tunnel_water_splash
309436c1c2a8a6c,dlc5/temple/fx_ztem_water_wake_exploder
2be8a2feb378e7c,dlc5/temple/fx_ztem_waterfall_mist_trap
2bedf010fe5c4cc,dlc5/temple/fx_ztem_waterfall_trap
85d320fd2409093,dlc5/temple/fx_ztem_waterfall_trap_h
a5d67302e096bbe,dlc5/temple/fx_ztem_waterslide_splashes
c626805bf480eda,dlc5/temple/fx_ztem_weak_sauce_end
ce84e92e2f7e733,dlc5/temple/fx_ztem_weak_sauce_trail
3c698256c3bda0d,dlc5/temple/fx_ztem_zombie_mini_drown
8ac47dff7d074c4,dlc5/temple/fx_ztem_zombie_mini_squish
e2d92e3a746c498,dlc5/temple/fx_ztem_zombie_torso_steam_runner
a66a0abb4fccc4,dlc5/theater/fx_difference_machine_theater
6553852e4bdddbc,dlc5/theater/fx_dust_motes_detail
aae2f64f8f830d2,dlc5/theater/fx_dust_motes_player_theater
de98f0b22a273ca,dlc5/theater/fx_dust_motes_theater
fed2f8b3ebc01ee,dlc5/theater/fx_elec_fx_elec_burst_hot_sm_rnr
916d3fac5a92cf9,dlc5/theater/fx_elec_trap_impact_theater
e395ea32f892975,dlc5/theater/fx_elec_trap_md_os_theater
3587298d2093f3e,dlc5/theater/fx_elec_trap_md_theater
211f23e3ff482c9,dlc5/theater/fx_elec_trap_os_theater
a2f16f7d6103d6f,dlc5/theater/fx_elec_trap_tall_os_theater
8580ee21e18f3b0,dlc5/theater/fx_elec_trap_tall_theater
d6b6caaa13e56ea,dlc5/theater/fx_elec_trap_theater
4836b260c799c7b,dlc5/theater/fx_fire_trap_debris
b3cb8fe4e01ccb,dlc5/theater/fx_fire_trap_distortion
79a2f351fce5ceb,dlc5/theater/fx_fire_trap_exp
a571454ee63081c,dlc5/theater/fx_fire_trap_exp_flames
43794f7eb337c10,dlc5/theater/fx_fire_trap_fireball_os
a0b694acc0d2935,dlc5/theater/fx_fire_trap_fireball_sm_os
e10599cd002b93c,dlc5/theater/fx_fire_trap_flames
7657d7c7a6b1aa3,dlc5/theater/fx_fire_trap_flames_os
73c9b7c7a484889,dlc5/theater/fx_fire_trap_flames_sm
7d396d67822cc2c,dlc5/theater/fx_fire_trap_flames_sm_os
6b5c776c6c26774,dlc5/theater/fx_fire_trap_ground_fire
f39bbdc278ee385,dlc5/theater/fx_fire_trap_ground_fire_burst
cf2811b76a4a00,dlc5/theater/fx_fire_trap_light
6ea813101d87afb,dlc5/theater/fx_fog_coolant_vent_sm
f696aa3ee7453ca,dlc5/theater/fx_fog_ground_light_slow_lg
bb9406d5915164d,dlc5/theater/fx_fog_ground_slow_lg
3bbb65e5422834,dlc5/theater/fx_fog_high_ceiling_flat
4432268f9d54bfe,dlc5/theater/fx_fog_projector
52f82367006dde2,dlc5/theater/fx_lensflare_projector
2916bf338935bd9,dlc5/theater/fx_lensflare_projector_near
d7743c78d1f5def,dlc5/theater/fx_projector_image_1
d7744c78d1f5fa2,dlc5/theater/fx_projector_image_2
d7745c78d1f6155,dlc5/theater/fx_projector_image_3
d773ec78d1f5570,dlc5/theater/fx_projector_image_4
6d85c4325fe6034,dlc5/theater/fx_quad_blood_impact_decal
b1dc8f8da63078f,dlc5/theater/fx_smk_smolder_md
41757da00710b7c,dlc5/theater/fx_teleport_cooldown
2a3a8d2bbb6f5c4,dlc5/theater/fx_teleport_flashback_kino
ecd654ce6246522,dlc5/theater/fx_teleport_flashback_kino_beam_move
cc0bf235dc36ca2,dlc5/theater/fx_teleport_flashback_kino_beam_move_lg
c08c6055a0f8c3b,dlc5/theater/fx_teleport_flashback_kino_beam_move_words1
c08c7055a0f8dee,dlc5/theater/fx_teleport_flashback_kino_beam_move_words2
738acc6ca84a7a5,dlc5/theater/fx_teleport_flashback_kino_beam_origin
fce70c5f5cf613,dlc5/theater/fx_teleport_flashback_kino_beam_origin_lg
3cd9b32ed3dec3c,dlc5/theater/fx_teleport_flashback_kino_cover
fb2f29579a2ca86,dlc5/theater/fx_teleport_initiate
81ef79eb9757712,dlc5/theater/fx_teleport_initiate_top
a8ad5ff75b85995,dlc5/theater/fx_teleport_player_flash
601ea38507d7182,dlc5/theater/fx_teleporter_ambient_core
eff0a1298334412,dlc5/theater/fx_teleporter_ambient_elec_crawl_core
8d3a4bc8070a3a7,dlc5/theater/fx_teleporter_elec_strike_prong
721ec8d619cfde2,dlc5/theater/fx_teleporter_elec_strike_prong_os
9da2c05767e0cc1,dlc5/theater/fx_teleporter_elec_strike_spark_contact
feb618319614912,dlc5/theater/fx_teleporter_elec_strike_spark_source
fbc120bc7e10a7c,dlc5/theater/fx_teleporter_prong
d4e9575f2aaf4e1,dlc5/theater/fx_teleporter_prong_interior
833da4ff315225a,dlc5/theater/fx_teleporter_prong_noarc
e45eb73b7d004e7,dlc5/theater/fx_water_drip_stream_theater
2d7713a5f47c3b6,dlc5/theater/fx_zombie_crawler_dust_roof
21d5cba2f7c9345,dlc5/theater/fx_zombie_crawler_roof_break
39afa04531eadcf,dlc5/theater/fx_zombie_crawler_roof_theater
a5c5aef9aa26d72,dlc5/theater/fx_zombie_packapunch
bf6d7ff383e2d41,dlc5/tomb/fx_115_drip_impact_sm
7521dba1a34eedb,dlc5/tomb/fx_115_generator_piston_gas
5cae68daaedd167,dlc5/tomb/fx_115_generator_progression_elec_ring_1_activating
7685158ab5a463f,dlc5/tomb/fx_115_generator_progression_elec_ring_1_idle
f52ac5356261248,dlc5/tomb/fx_115_generator_progression_elec_ring_2_activating
201ec288019c8f8,dlc5/tomb/fx_115_generator_progression_elec_ring_2_idle
906580f948d7c85,dlc5/tomb/fx_115_generator_progression_elec_ring_3_activating
d6b48c444ca8c65,dlc5/tomb/fx_115_generator_progression_elec_ring_3_idle
76bb9ec9cf8cb0e,dlc5/tomb/fx_115_generator_progression_elec_ring_4_activating
f4bc596b7c6a68e,dlc5/tomb/fx_115_generator_progression_elec_ring_4_idle
5b45f3aad70fae3,dlc5/tomb/fx_115_generator_progression_elec_ring_5_activating
3ac05358ffec7bb,dlc5/tomb/fx_115_generator_progression_elec_ring_5_idle
3b3ba130b86b204,dlc5/tomb/fx_115_generator_progression_elec_ring_6_activating
9b91a16dd423d84,dlc5/tomb/fx_115_generator_progression_elec_ring_6_idle
aa6e8da28714ca2,dlc5/tomb/fx_115_generator_progression_exhaust_front
a95004ced22391,dlc5/tomb/fx_115_generator_progression_exhaust_rear
d5d40fdcea2c148,dlc5/tomb/fx_115_generator_progression_exhaust_side
313ee5ea9fcbe0,dlc5/tomb/fx_115_generator_progression_red_light
4e991806def743c,dlc5/tomb/fx_115_generator_tesla_kill
ff23b71d5ae9ecb,dlc5/tomb/fx_115_generator_vat_bubbles
7ac00eb70a8b03e,dlc5/tomb/fx_115_robot_vat_bubbles
740ec7936bfd037,dlc5/tomb/fx_alcatraz_lightning_lg
76a20371b0e35b7,dlc5/tomb/fx_ash_falling_door_md
764dae63e1de208,dlc5/tomb/fx_beam_location_identify
53392a248677102,dlc5/tomb/fx_chamber_wall_impact
4c95cff38d0cdfb,dlc5/tomb/fx_clouds_crazyplace
99e28c949210914,dlc5/tomb/fx_clouds_vista_lg
4f2afff0930e31e,dlc5/tomb/fx_crusader_eyes
751c20cd13dae26,dlc5/tomb/fx_crusader_torso_loop
7ed68c49cccb8d0,dlc5/tomb/fx_dust_fall
302bd8b6e7499d3,dlc5/tomb/fx_dust_fall_lg_os
f0d20849fb1bd9f,dlc5/tomb/fx_dust_fall_os
d9502aafbc67ae7,dlc5/tomb/fx_dust_impact
4cbbec8e770d391,dlc5/tomb/fx_dust_linger_200x200_thin
1b629523041042b,dlc5/tomb/fx_dust_motes_115_disc
cca9f1780db8925,dlc5/tomb/fx_dust_motes_115_disc_fill
c92ca7ccd6130e7,dlc5/tomb/fx_dust_rattle_chamber_puzzle
1506f2c042b090a,dlc5/tomb/fx_dust_vent_swirl
fdb8bfa2abb4e02,dlc5/tomb/fx_elec_gp_wire_sparking_runner
74cbec0f33d196b,dlc5/tomb/fx_elec_monolith_coil_beam_shock
815dabfa6ebf542,dlc5/tomb/fx_elec_monolith_coil_beam_shock_02
c8c0732a6d1e260,dlc5/tomb/fx_elec_monolith_coil_beam_shock_contact
a48752165c83449,dlc5/tomb/fx_elec_monolith_coil_beam_shock_source
4cba8fa14b758d4,dlc5/tomb/fx_elec_monolith_coil_beam_slack_shock
a58056cd1342233,dlc5/tomb/fx_elec_monolith_coil_beam_slack_shock_02
cae8eb2869ad6bb,dlc5/tomb/fx_elec_monolith_tesla_arcing
81e44e101818f40,dlc5/tomb/fx_elec_monolith_tesla_arcing_sm
d6d28c24fbb5002,dlc5/tomb/fx_elec_sparks_bounce_blue
8a0d67fff2f24e3,dlc5/tomb/fx_elec_sparks_burst_blue_fall_sm
862b7432282a261,dlc5/tomb/fx_elec_sparks_burst_blue_runner
234a05fa1449360,dlc5/tomb/fx_elec_sparks_burst_blue_runner_z
9b07c3daa3d3956,dlc5/tomb/fx_elec_sparks_robot_cluster_lg
f8d9c3c10645c3f,dlc5/tomb/fx_elec_sparks_robot_cluster_lg_sm
9ad5d3daa3aced2,dlc5/tomb/fx_elec_sparks_robot_cluster_md
7f5ff61a4507bb3,dlc5/tomb/fx_elec_sparks_robot_cluster_md_sm
9333b988e594c2f,dlc5/tomb/fx_elec_sparks_robot_radial
a5a2a2027c95f63,dlc5/tomb/fx_elem_reveal_glow
b94eaa18b0567e,dlc5/tomb/fx_embers_burst_robot foot
621667592f3ce82,dlc5/tomb/fx_embers_ground_smoldering_xsm_1
621657592f3cccf,dlc5/tomb/fx_embers_ground_smoldering_xsm_2
12712cccbaecc73,dlc5/tomb/fx_embers_light_tall
72878f04757d7a0,dlc5/tomb/fx_embers_slow_md
3df3785d1c6d8a3,dlc5/tomb/fx_embers_vista_line_1000
38fa6de886d6fc1,dlc5/tomb/fx_exp_aa_tracer_os
1c821bf6e0ba800,dlc5/tomb/fx_exp_aerial_distant_sm_os
abdb287fd11cc88,dlc5/tomb/fx_exp_aerial_distant_sm_runner
93b28d04f89d192,dlc5/tomb/fx_fire_droplet_physx
72e49e327e33555,dlc5/tomb/fx_fire_ee_brazier
3465c40cbee8ccd,dlc5/tomb/fx_fire_fuel_wide_md_1_evb_md
44727967b023ead,dlc5/tomb/fx_fire_fuel_wide_sm_1_evb_xxsm_dir_vista
f536f8460385b4a,dlc5/tomb/fx_fire_impact_smolder
b8abcf4ac42a325,dlc5/tomb/fx_fire_inferno_tall_2_evb_md
f791b98d5b68591,dlc5/tomb/fx_fire_line_md_evb
4f4bfbf4b7a08b9,dlc5/tomb/fx_fire_smky
a5f51ec1ea83527,dlc5/tomb/fx_fire_smky_lg
9ee9097f5cf3654,dlc5/tomb/fx_fire_spot_slow_xxsm
8dc220db168c9b5,dlc5/tomb/fx_fire_torch_wall_lit_eva
9882ba6f24c112a,dlc5/tomb/fx_fire_vista_glow
e78639aa70abdf2,dlc5/tomb/fx_fire_vista_glow_cheap
2bcf3d4e635197a,dlc5/tomb/fx_fire_vista_glow_lg
311e9d4e67d487b,dlc5/tomb/fx_fire_vista_glow_sm
2b0998ad3c3b499,dlc5/tomb/fx_fog_ground_150x150
796eac1c1841141,dlc5/tomb/fx_fog_ground_lt_100x200
9010a09a75fab00,dlc5/tomb/fx_fog_ground_lt_100x200_fast
cad33a2fef63e89,dlc5/tomb/fx_fog_ground_lt_100x200_indoor
bf4a77a168e1e0c,dlc5/tomb/fx_fog_ground_lt_150x150
b27a44f75cef200,dlc5/tomb/fx_fog_ground_lt_200x200
df6c91d03ff8e37,dlc5/tomb/fx_fog_ground_lt_200x200_fast
669890c8969169a,dlc5/tomb/fx_fog_ground_lt_200x200_indoor
6c8b159c62dd9f8,dlc5/tomb/fx_fog_ground_vista_rise
1c6c07ed566c065,dlc5/tomb/fx_fog_int_tunnel_light_200x600
4b363fa08d3ebe5,dlc5/tomb/fx_fog_lamp_slow
281247eb54f970d,dlc5/tomb/fx_fog_statue
5b9c7c6f29a9d0d,dlc5/tomb/fx_fog_trench_edge_roll
f54f6ae0f33907,dlc5/tomb/fx_glow_biplane
ad095dcad8ed9e4,dlc5/tomb/fx_glow_biplane_trail
46e04696c8e4f60,dlc5/tomb/fx_glow_robot_eye
2ecfaf37beab7ab,dlc5/tomb/fx_heat_distortion_fire_lg
75f63a5e37a1ffa,dlc5/tomb/fx_lava_embers_burst
64b5050e9b74006,dlc5/tomb/fx_lava_heat_distort_100x100
78bc987e8976efb,dlc5/tomb/fx_lensflare_lantern
2396aab0f086475,dlc5/tomb/fx_lensflare_lantern_cool
8cb0c0f4ac81fe1,dlc5/tomb/fx_lensflare_lantern_warm
6da018b04fed8e3,dlc5/tomb/fx_lensflare_spotlight
34d5347ac2f6436,dlc5/tomb/fx_light_chamber_fire
c85c4d5921bf7a8,dlc5/tomb/fx_light_robot_foot_shafts
9d0e9dbd83c2ada,dlc5/tomb/fx_light_robot_vista_fire
4befaed5895e9d2,dlc5/tomb/fx_light_spot_fire_lg
4bb0bed58921dde,dlc5/tomb/fx_light_spot_fire_md
ac3dd56ba477d06,dlc5/tomb/fx_light_tank_headlightl_spots
f1eed3272cb4624,dlc5/tomb/fx_light_zep_tail_spot
fcfa95a076316fe,dlc5/tomb/fx_mud_burst_trench_edge
afb660dac05b2ee,dlc5/tomb/fx_mud_impact_tank
1f163e504ad2f02,dlc5/tomb/fx_one_inch_punch
8b64dd4b2f620a9,dlc5/tomb/fx_one_inch_punch_air
ed6554d1c0f8006,dlc5/tomb/fx_one_inch_punch_elec
4541c4260c30c23,dlc5/tomb/fx_one_inch_punch_fire
d069ad4d96052aa,dlc5/tomb/fx_one_inch_punch_ice
9ea581276981fad,dlc5/tomb/fx_one_inch_punch_impact
8a74da126cd0923,dlc5/tomb/fx_one_inch_punch_ug
da1351f67e816a1,dlc5/tomb/fx_portal_air
bf2279d02524f6e,dlc5/tomb/fx_portal_air_brick_flash
3e0296e37180fd,dlc5/tomb/fx_portal_air_brick_glow
9a036353bf8a754,dlc5/tomb/fx_portal_air_koentje
b19913e927b3d6e,dlc5/tomb/fx_portal_elec
20869ce5f6b617d,dlc5/tomb/fx_portal_elec_brick_flash
1b26bf985e34338,dlc5/tomb/fx_portal_elec_brick_glow
130cc346631d5df,dlc5/tomb/fx_portal_elec_koentje
d9e1833d4a805ab,dlc5/tomb/fx_portal_fire
10512b014541110,dlc5/tomb/fx_portal_fire_brick_flash
7755d58240be7e7,dlc5/tomb/fx_portal_fire_brick_glow
655956af70a6732,dlc5/tomb/fx_portal_fire_koentje
ca26c6ea0bc1de3,dlc5/tomb/fx_portal_generic_brick_dust
869f21f40b9c782,dlc5/tomb/fx_portal_ice
6c5a44c1ef1d7b1,dlc5/tomb/fx_portal_ice_brick_flash
2aa508d8e124f14,dlc5/tomb/fx_portal_ice_brick_glow
b2fdda1b8f0afb3,dlc5/tomb/fx_portal_ice_koentje
21bb1d1f9445228,dlc5/tomb/fx_pwr_up_blood
5d786fdbb953633,dlc5/tomb/fx_pwr_up_blood_overlay
a3598bb38a66753,dlc5/tomb/fx_pwr_up_blood_trail
94c6f6e5354aa4d,dlc5/tomb/fx_rain_impact
da44e7b40e4e789,dlc5/tomb/fx_smk_airplane_trail_vista
feae26e752b62af,dlc5/tomb/fx_smk_airplane_trail_vista_end
8bd15e3b684c00d,dlc5/tomb/fx_smk_ambient_int03
f1980e9f26a0895,dlc5/tomb/fx_smk_attic_crawl
a5f8d736304fc5,dlc5/tomb/fx_smk_ceiling_bend
f15e8fac99d87ff,dlc5/tomb/fx_smk_ceiling_fill
394197a366b86f3,dlc5/tomb/fx_smk_ceiling_fill_dense
eff31119516fb73,dlc5/tomb/fx_smk_ceiling_fill_thin
98b316a18de6b69,dlc5/tomb/fx_smk_column_wind_slow_lg_vista
c9ef2b567ff53e5,dlc5/tomb/fx_smk_column_wind_slow_md_blk_vista
b9d5ead8b7e3fbc,dlc5/tomb/fx_smk_fire_spot_dark_md
8f3859edcd23cc5,dlc5/tomb/fx_smk_fire_spot_md
8799ff0fa58b480,dlc5/tomb/fx_smk_fire_spot_xsm
b4ffce9fe2f6bc7,dlc5/tomb/fx_smk_linger_lg
87d941aeef7ab0b,dlc5/tomb/fx_smk_smolder_grnd_sm
f675f23c59f4e76,dlc5/tomb/fx_smk_smolder_lg_breeze
8e25b660a1a4de4,dlc5/tomb/fx_smk_smolder_lg_breeze_thin
92c3ae7ee33bf51,dlc5/tomb/fx_snow_ground_drift_100x200
b0a7475a10de510,dlc5/tomb/fx_snow_ground_drift_200x200
db3b41758450ad5,dlc5/tomb/fx_snow_ground_swirl_50x50_os
951b89e2630cab1,dlc5/tomb/fx_snow_ground_swirl_path_corner
f66ccf61a34e4ea,dlc5/tomb/fx_steam_leak_lg
3b5c48557bd3345,dlc5/tomb/fx_steam_leak_lg_runner
44290aaf030e9b2,dlc5/tomb/fx_steam_leak_lg_runner_sync_tankstation
7f0e12e4c6b31bd,dlc5/tomb/fx_steam_leak_xsm
666655ba0ff926e,dlc5/tomb/fx_steam_vent_floor_ring
e229f864cbecd6d,dlc5/tomb/fx_steam_vent_line_100
eeac982992f4ed9,dlc5/tomb/fx_steam_vent_sm_vista
ecf8f60ebea6791,dlc5/tomb/fx_teleport_1p
ed67b60ebf06443,dlc5/tomb/fx_teleport_3p
ca63ecc3dff5feb,dlc5/tomb/fx_teleport_arrive_3p
6a8bfacd4b42477,dlc5/tomb/fx_tomb_beacon_exp
e5dbb352bb016a,dlc5/tomb/fx_tomb_beacon_exp_impact
dbefabf41e66889,dlc5/tomb/fx_tomb_beacon_glow
e73d17acac1c82b,dlc5/tomb/fx_tomb_beacon_launch
57c9ef7deb09ecd,dlc5/tomb/fx_tomb_beacon_launch_c
262aaad2a59a58e,dlc5/tomb/fx_tomb_beacon_pullpin
b3c8f002ebaf704,dlc5/tomb/fx_tomb_beacon_trail
771a9a52d944663,dlc5/tomb/fx_tomb_capture_complete
53745cacd26d8f4,dlc5/tomb/fx_tomb_capture_light_green
af05c4386082a5,dlc5/tomb/fx_tomb_capture_light_red_tank
921193419e931d,dlc5/tomb/fx_tomb_challenge_fire
3a8e656c054bb37,dlc5/tomb/fx_tomb_chamber_dust_fall_lg_os
810513095a81186,dlc5/tomb/fx_tomb_chamber_dust_fall_runner_em
6f4018ba787ac38,dlc5/tomb/fx_tomb_chamber_dust_motes_300x300
900d0b44b7d63a2,dlc5/tomb/fx_tomb_chamber_fog_slow_xlg
9f47a03d2a31522,dlc5/tomb/fx_tomb_chamber_glow_blue
c13dc7be484f248,dlc5/tomb/fx_tomb_chamber_glow_purple
3627f836023cf82,dlc5/tomb/fx_tomb_chamber_glow_purple_c
42e5c3c5cd9e810,dlc5/tomb/fx_tomb_chamber_glow_purple_c2
4221255e798da1,dlc5/tomb/fx_tomb_chamber_glow_red
47ab67dc41bcc22,dlc5/tomb/fx_tomb_chamber_glow_yellow
1df6b2ced23b945,dlc5/tomb/fx_tomb_chamber_glow_yellow_trail
beadcd407e2bb23,dlc5/tomb/fx_tomb_chamber_ground_fog_300x300
a0767ad10784ab1,dlc5/tomb/fx_tomb_debris_blocker
892fc46a5e3c59,dlc5/tomb/fx_tomb_dieselmagic_doors_steam
688f2291d34f93f,dlc5/tomb/fx_tomb_dieselmagic_doors_steam_rotated
18cd3e8b05b63db,dlc5/tomb/fx_tomb_dieselmagic_portal
9cfe26018301563,dlc5/tomb/fx_tomb_dieselmagic_steam
70368a4f4c3a091,dlc5/tomb/fx_tomb_ee_beam
c898fab5c5566fd,dlc5/tomb/fx_tomb_ee_fists
a8c91d348b4d9be,dlc5/tomb/fx_tomb_ee_vortex
fc8dd1d72a94209,dlc5/tomb/fx_tomb_ee_vortex_idle
207f5feeb3bfb69,dlc5/tomb/fx_tomb_elem_reveal_air_glow
498efc504244824,dlc5/tomb/fx_tomb_elem_reveal_elec_glow
556dc20018d687f,dlc5/tomb/fx_tomb_elem_reveal_fire_glow
4d6ccea3a940e94,dlc5/tomb/fx_tomb_elem_reveal_ice_glow
da83e7c5227a0f8,dlc5/tomb/fx_tomb_emergence_spawn
59d58f2eb4e557e,dlc5/tomb/fx_tomb_explo_airplane
d7508e883d6209f,dlc5/tomb/fx_tomb_foot_warning_light_red
57b0c43efc2c8ec,dlc5/tomb/fx_tomb_magicbox_amb
99c521f4d1cf274,dlc5/tomb/fx_tomb_magicbox_amb_base
880709c230176e5,dlc5/tomb/fx_tomb_magicbox_amb_slab
a9e26ebc972fcab,dlc5/tomb/fx_tomb_magicbox_arrive
a80007180978d6,dlc5/tomb/fx_tomb_magicbox_beam_impact
5e8a9fd90e90732,dlc5/tomb/fx_tomb_magicbox_beam_src
6ec9f1c787bee05,dlc5/tomb/fx_tomb_magicbox_beam_tgt_left
4708ded2564e19e,dlc5/tomb/fx_tomb_magicbox_beam_tgt_right
6ad1ffe3b39d05b,dlc5/tomb/fx_tomb_magicbox_leave
f9224886acc2bfb,dlc5/tomb/fx_tomb_magicbox_lock
d772ec0ff3296d1,dlc5/tomb/fx_tomb_magicbox_lock_off
82b23ffdaec0d75,dlc5/tomb/fx_tomb_magicbox_lock_on
80100440bf72ef9,dlc5/tomb/fx_tomb_magicbox_off
6c902eaf8608c5d,dlc5/tomb/fx_tomb_magicbox_on
792a2a08623e7b4,dlc5/tomb/fx_tomb_magicbox_open
78df946b38e9e02,dlc5/tomb/fx_tomb_magicbox_portal
a846fa774fe71ec,dlc5/tomb/fx_tomb_magicbox_portal_c
8d6734d74caea61,dlc5/tomb/fx_tomb_marker
f70e760ad8ec048,dlc5/tomb/fx_tomb_marker_fl
8446729438b6fff,dlc5/tomb/fx_tomb_mech_death
ee500d2a847e11d,dlc5/tomb/fx_tomb_mech_dmg_armor
f9a06a2814e1740,dlc5/tomb/fx_tomb_mech_wpn_claw
c072d89c33c5fd1,dlc5/tomb/fx_tomb_mech_wpn_flamethrower
c349ba673e70a9e,dlc5/tomb/fx_tomb_mech_wpn_source
8f4c908853c8594,dlc5/tomb/fx_tomb_perk_machine_exhaust
43791f2cf1a4e0e,dlc5/tomb/fx_tomb_puzzle_air_smoke
d5daebc1b4a8f40,dlc5/tomb/fx_tomb_puzzle_air_smoke_c
19a3bf796af168c,dlc5/tomb/fx_tomb_puzzle_elec_sparks
460c5a290ee659e,dlc5/tomb/fx_tomb_puzzle_elec_sparks_c
f0ba63c454494f9,dlc5/tomb/fx_tomb_puzzle_elec_sparks_sm
1c11e4ae4f20a2f,dlc5/tomb/fx_tomb_puzzle_fire_exp_ash
5ae50e6efe69836,dlc5/tomb/fx_tomb_puzzle_fire_sacrifice
b3e7d74ba9068c1,dlc5/tomb/fx_tomb_puzzle_fire_torch
1757e114424e6d9,dlc5/tomb/fx_tomb_puzzle_fire_torch_drop_c
f8c2256cab46151,dlc5/tomb/fx_tomb_puzzle_fire_torch_drop_c2
846f51970a461f9,dlc5/tomb/fx_tomb_puzzle_ice_pipe_burst
454037caaffcfa5,dlc5/tomb/fx_tomb_puzzle_ice_wagon_extinguish
c7bcd049b9f1dbe,dlc5/tomb/fx_tomb_puzzle_ice_wagon_extinguish_sm
f73c1130a28ba17,dlc5/tomb/fx_tomb_puzzle_ice_wagon_ignite
f9466e40e296770,dlc5/tomb/fx_tomb_puzzle_plinth_trail
18d760a2c10f642,dlc5/tomb/fx_tomb_robot_dust
b6b78d53f74ba98,dlc5/tomb/fx_tomb_robot_eject_steam
68ab9ef134007ec,dlc5/tomb/fx_tomb_robot_eject_warning
abd443a86b161a8,dlc5/tomb/fx_tomb_robot_foot_dust_sm
53a5e78aad6a849,dlc5/tomb/fx_tomb_robot_steam_leg
2321c519de9d806,dlc5/tomb/fx_tomb_robot_steam_torso_left
7b0664c9af8cadb,dlc5/tomb/fx_tomb_robot_steam_torso_right
c75078bd8872fb4,dlc5/tomb/fx_tomb_screecher_vortex
c53d9f156a9764b,dlc5/tomb/fx_tomb_shovel_dig
4d21dcd91e040a0,dlc5/tomb/fx_tomb_sky_plane_tracers
e99a7d33097142e,dlc5/tomb/fx_tomb_veh_tank_exhaust
d5753550cf4141f,dlc5/tomb/fx_tomb_veh_tank_exhaust_overheat
b545d04a576a29f,dlc5/tomb/fx_tomb_veh_tank_treadfx_mud
c6850b148d68c66,dlc5/tomb/fx_tracer_aa_vista_burst_long
bba9a241d8a223a,dlc5/tomb/fx_tracer_aa_vista_burst_short
b0a39e125bfda50,dlc5/tomb/fx_tracer_aa_vista_burst_short_spread
386de0d3cb84514,dlc5/tomb/fx_tracer_aa_vista_burst_short_strafe
b59d056eddde219,dlc5/tomb/fx_tracer_aa_vista_runner
6740613f2f9f59e,dlc5/tomb/fx_tracer_airplane_vista_burst_long
256f8d5c58037cc,dlc5/tomb/fx_vortex_glow
98cea3ebf88f826,dlc5/tomb/fx_vortex_glow_bottom
8bccb39f6c5f58,dlc5/tomb/fx_water_drip_impact_ground
86ac673af0c1900,dlc5/tomb/fx_water_drip_line_100_ground
8ffe68278b2287e,dlc5/tomb/fx_water_drip_line_100_water
4846032f8a236d7,dlc5/tomb/fx_water_drip_point_1x1_physics_ground
49dfd50c0d3995f,dlc5/tomb/fx_weather_lightning_vista
3f07f7071f302db,dlc5/tomb/fx_weather_rain_camera
fcb4dc893593d30,dlc5/tomb/fx_weather_snow_camera
d284c6639499081,dlc5/tomb/fx_weather_vortex
3139a4cd9358e36,dlc5/tomb/fx_weather_vortex_elec_flash
273c25a41313eb2,dlc5/tomb/fx_weather_vortex_elec_flash_beam_emit_slow
27b5963e45547d3,dlc5/tomb/fx_weather_vortex_elec_flash_beam_emit_slow_sm
b4245bd321d4405,dlc5/tomb/fx_weather_vortex_elec_flash_beam_emit_slow_xsm
fdb777bfaabe28b,dlc5/tomb/fx_weather_vortex_elec_flash_beam_emit_slow_xxsm
b7c1d6c7cdc3818,dlc5/tomb/fx_weather_vortex_elec_flash_beam_move_ring_sm
ba4415842ea24e8,dlc5/tomb/fx_weather_vortex_elec_flash_beam_move_ring_xsm
d595af9cc372538,dlc5/tomb/fx_weather_vortex_elec_flash_beam_move_ring_xxsm
6aa5098956be010,dlc5/tomb/fx_weather_vortex_elec_flash_beam_move_slow
ce6d6057b17ea85,dlc5/tomb/fx_weather_vortex_elec_flash_beam_move_slow_sm
523224ffc94ce0b,dlc5/tomb/fx_weather_vortex_elec_flash_beam_move_slow_xsm
45ae6ea187515bd,dlc5/tomb/fx_weather_vortex_elec_flash_beam_move_slow_xxsm
882d0ba668a90fb,dlc5/tomb/fx_weather_vortex_elec_flash_beam_ring_bottom
30ce1df8f36819d,dlc5/tomb/fx_weather_vortex_elec_flash_beam_ring_middle
d86c16b70698603,dlc5/tomb/fx_weather_vortex_elec_flash_beam_ring_top
e66699f9dc0b54,dlc5/tomb/fx_weather_vortex_elec_flash_beam_spiral_slow
19e4eb34db2eb5b,dlc5/tomb/fx_weather_vortex_elec_flash_beam_zigzag_slow
59064655de16c5f,dlc5/tomb/fx_weather_vortex_elec_flash_sm
abbdd3e6dbd7bb9,dlc5/tomb/fx_weather_vortex_elec_flash_xsm
b5e54144ba5b7e7,dlc5/tomb/fx_weather_vortex_elec_flash_xxsm
afcb2f665989c18,dlc5/tomb/fx_weather_vortex_elec_noflash_beam_move_slow_sm
f865aaebb0810e8,dlc5/tomb/fx_weather_vortex_elec_noflash_beam_move_slow_xsm
47668e7e70f2938,dlc5/tomb/fx_weather_vortex_elec_noflash_beam_move_slow_xxsm
56ca688970ebcdd,dlc5/tomb/fx_weather_vortex_horizon
baada07f7ccb28,dlc5/tomb/fx_weather_vortex_horizon_elec_beam_branch
d4ee0920de123a2,dlc5/tomb/fx_weather_vortex_horizon_elec_beam_line
c72a10ca5b58be0,dlc5/tomb/fx_weather_vortex_horizon_elec_beam_zigzag
5b76b5079e66ef4,dlc5/tomb/fx_zmb_buildable_assemble_dust
57e328dfab36c0a,dlc5/zmb_traps/fx_fire_trap_med_loop
85c2cdf993bc6de,dlc5/zmb_traps/fx_zmb_cosmo_trap_fire_md
489f2251412576b,dlc5/zmb_weapon/fx_area_effect
75235875143d946,dlc5/zmb_weapon/fx_betty_impact_gen
e5bfd5882b8b045,dlc5/zmb_weapon/fx_c96_exp_impact
ad72f330125604e,dlc5/zmb_weapon/fx_explosion_betty_generic
23ffd030bfc4447,dlc5/zmb_weapon/fx_microwavegun_dw
54fc774d52777ba,dlc5/zmb_weapon/fx_microwavegun_dw_impact
7b85f044ece739b,dlc5/zmb_weapon/fx_microwavegun_dw_impact_ug
37e88d6948a6d94,dlc5/zmb_weapon/fx_microwavegun_dw_ring_emit
ed5096d2810824,dlc5/zmb_weapon/fx_microwavegun_dw_trail
9a9ba2b36e46101,dlc5/zmb_weapon/fx_microwavegun_dw_trail_ug
21079f1e99b3c0,dlc5/zmb_weapon/fx_microwavegun_dw_ug
be31c0e92a6f58b,dlc5/zmb_weapon/fx_microwavegun_dw_ug_world
dda89716f1c5f5c,dlc5/zmb_weapon/fx_microwavegun_dw_world
a488c81bd308460,dlc5/zmb_weapon/fx_microwavegun_impact
719b37d4ac32fd,dlc5/zmb_weapon/fx_microwavegun_impact_ug
22502030be5850e,dlc5/zmb_weapon/fx_microwavegun_lh
3b0a349080b5e99,dlc5/zmb_weapon/fx_microwavegun_lh_impact
9d91481431527e6,dlc5/zmb_weapon/fx_microwavegun_lh_impact_ug
f61f94ceb9064f9,dlc5/zmb_weapon/fx_microwavegun_lh_ring_emit
c029552fe528c09,dlc5/zmb_weapon/fx_microwavegun_lh_trail
ea62a73c293dd76,dlc5/zmb_weapon/fx_microwavegun_lh_trail_ug
5db10073d40e7bf,dlc5/zmb_weapon/fx_microwavegun_lh_ug
8a2f4c37127e204,dlc5/zmb_weapon/fx_microwavegun_lh_ug_world
ef2051595071009,dlc5/zmb_weapon/fx_microwavegun_lh_world
d3f2a54aefaec8e,dlc5/zmb_weapon/fx_microwavegun_trail
8c5fc4ccdbe0a3f,dlc5/zmb_weapon/fx_microwavegun_trail_ug
2b2628d1f670c83,dlc5/zmb_weapon/fx_microwavegun_view
c818e9c4289429c,dlc5/zmb_weapon/fx_microwavegun_view_ug
d6a1688e07352d6,dlc5/zmb_weapon/fx_microwavegun_world
e29b979f6655527,dlc5/zmb_weapon/fx_microwavegun_world_ug
24abde6c38de127,dlc5/zmb_weapon/fx_mystery_effect
8a27b3eeb441d32,dlc5/zmb_weapon/fx_one_inch_punch
8028ece954f3419,dlc5/zmb_weapon/fx_one_inch_punch_air
8a5ade50c80dcf6,dlc5/zmb_weapon/fx_one_inch_punch_elec
bf9f4ddfe1f1373,dlc5/zmb_weapon/fx_one_inch_punch_fire
d2cfbcebc73403a,dlc5/zmb_weapon/fx_one_inch_punch_ice
19a4f0886b913dd,dlc5/zmb_weapon/fx_one_inch_punch_impact
b81f760fd2cbe73,dlc5/zmb_weapon/fx_one_inch_punch_ug
614894f73f2e957,dlc5/zmb_weapon/fx_player_effect
c7f3aeae258b493,dlc5/zmb_weapon/fx_player_position_effect
98909c2a20a55a3,dlc5/zmb_weapon/fx_press
4522784eaaf6588,dlc5/zmb_weapon/fx_raygun2_bolt_emit
db9b060a20c73bf,dlc5/zmb_weapon/fx_raygun2_impact
6d06429be8314d6,dlc5/zmb_weapon/fx_raygun2_impact_flesh
c44e86a45b12b6d,dlc5/zmb_weapon/fx_raygun2_ug_bolt_emit
a6d54cec1ba4a4c,dlc5/zmb_weapon/fx_raygun2_ug_impact
56255c871f710c1,dlc5/zmb_weapon/fx_raygun2_ug_impact_flesh
b3fb0ae751ef7f7,dlc5/zmb_weapon/fx_raygun2_ug_view
ee965c95b1d744a,dlc5/zmb_weapon/fx_raygun2_ug_world
7e4d4cfc820ff90,dlc5/zmb_weapon/fx_raygun2_view
c89e6bbc102eab,dlc5/zmb_weapon/fx_raygun2_world
f99e07ac2a74ed,dlc5/zmb_weapon/fx_shrink_ray_impact
732491433772f1a,dlc5/zmb_weapon/fx_shrink_ray_impact_ug
e17bba02f1be63c,dlc5/zmb_weapon/fx_shrink_ray_muz_flash_1p
b97768395c52ed9,dlc5/zmb_weapon/fx_shrink_ray_muz_flash_1p_ug
e1ec7a02f22194e,dlc5/zmb_weapon/fx_shrink_ray_muz_flash_3p
2576ec321daaff,dlc5/zmb_weapon/fx_shrink_ray_muz_flash_3p_ug
784c2acff95d2a5,dlc5/zmb_weapon/fx_shrink_ray_trail
1617a2a7c6ef12,dlc5/zmb_weapon/fx_shrink_ray_trail_ug
ddae13b8994f6cf,dlc5/zmb_weapon/fx_shrink_ray_zombie_shrink
ef6e1246197efa0,dlc5/zmb_weapon/fx_shrink_ray_zombie_unshrink
2cc32e907de81c7,dlc5/zmb_weapon/fx_sizzle_blood_eyes
27a9e4455fdfec2,dlc5/zmb_weapon/fx_sizzle_blood_eyes_os
a47e116e2064049,dlc5/zmb_weapon/fx_sizzle_mist
21280223dff2419,dlc5/zmb_weapon/fx_sizzle_mist_a
2127d223dff1f00,dlc5/zmb_weapon/fx_sizzle_mist_b
cee414539164d46,dlc5/zmb_weapon/fx_sizzle_mist_low_g
295dce18520df2e,dlc5/zmb_weapon/fx_sizzle_mist_low_g_a
295dbe18520dd7b,dlc5/zmb_weapon/fx_sizzle_mist_low_g_b
2b78c91fb4d7680,dlc5/zmb_weapon/fx_staff_air_impact
14cc74ca1e82936,dlc5/zmb_weapon/fx_staff_air_impact_ug_miss
dfc61b2939aa581,dlc5/zmb_weapon/fx_staff_air_impact_ug_miss_trail
2299b8281f3ab65,dlc5/zmb_weapon/fx_staff_air_muz_flash_1p
d797d393a4ef036,dlc5/zmb_weapon/fx_staff_air_muz_flash_1p_rings_tread
1f5b47c36a2f398,dlc5/zmb_weapon/fx_staff_air_muz_flash_1p_rings_tread_c
4e31fa8fc384fd2,dlc5/zmb_weapon/fx_staff_air_muz_flash_1p_ug
230a78281f9de77,dlc5/zmb_weapon/fx_staff_air_muz_flash_3p
2388012d136b9d0,dlc5/zmb_weapon/fx_staff_air_muz_flash_3p_ug
d382518ff2e004f,dlc5/zmb_weapon/fx_staff_air_persistent
3a62064ccf1438f,dlc5/zmb_weapon/fx_staff_air_reload
8b7fabf119e0fcf,dlc5/zmb_weapon/fx_staff_charge
e796bb62209e5a6,dlc5/zmb_weapon/fx_staff_charge_air_lv1
1813f82b11b5f63,dlc5/zmb_weapon/fx_staff_charge_elec_lv1
58fcd55e4790b16,dlc5/zmb_weapon/fx_staff_charge_fire_lv1
67e323da6c5e2fd,dlc5/zmb_weapon/fx_staff_charge_ice_lv1
a1723e3cc949d07,dlc5/zmb_weapon/fx_staff_charge_ice_lv1 - Copy
c9cc3836f549d18,dlc5/zmb_weapon/fx_staff_charge_souls
c1ef7a930979311,dlc5/zmb_weapon/fx_staff_elec_fire_pulse
3e955cb64ad82c9,dlc5/zmb_weapon/fx_staff_elec_impact
5cafc7c83cd218f,dlc5/zmb_weapon/fx_staff_elec_impact_ug_hit_eyes
23a9bb258ff63e8,dlc5/zmb_weapon/fx_staff_elec_impact_ug_hit_torso
3ff6fd71d412b5f,dlc5/zmb_weapon/fx_staff_elec_impact_ug_miss
5b4e27414643338,dlc5/zmb_weapon/fx_staff_elec_muz_flash_1p
caf6cfd09144f75,dlc5/zmb_weapon/fx_staff_elec_muz_flash_1p_ug
5baee741468b34a,dlc5/zmb_weapon/fx_staff_elec_muz_flash_3p
6fe550f700cf14b,dlc5/zmb_weapon/fx_staff_elec_muz_flash_3p_ug
99e6292a9f9f59e,dlc5/zmb_weapon/fx_staff_elec_persistent
491182039ef557a,dlc5/zmb_weapon/fx_staff_elec_reload
f73ae120c331165,dlc5/zmb_weapon/fx_staff_elec_trail_bolt
590751b5ee8d1b7,dlc5/zmb_weapon/fx_staff_elec_trail_bolt_c
cda1cde2abac451,dlc5/zmb_weapon/fx_staff_elec_trail_bolt_cheap
487b0292e221ef8,dlc5/zmb_weapon/fx_staff_fire_equip
a7cf7719dbec15e,dlc5/zmb_weapon/fx_staff_fire_impact
21ae4e254c666bf,dlc5/zmb_weapon/fx_staff_fire_impact_ug_exp
aa533f84ebf0063,dlc5/zmb_weapon/fx_staff_fire_impact_ug_exp_1
a3b91459e1658fe,dlc5/zmb_weapon/fx_staff_fire_impact_ug_exp_loop
69858edcf4cd36c,dlc5/zmb_weapon/fx_staff_fire_impact_ug_exp_sm
8c75c77e2091bb,dlc5/zmb_weapon/fx_staff_fire_muz_flash_1p
42c0810c44d6394,dlc5/zmb_weapon/fx_staff_fire_muz_flash_1p_ug
8569c77e1a5ea9,dlc5/zmb_weapon/fx_staff_fire_muz_flash_3p
6a0b7a6ef218556,dlc5/zmb_weapon/fx_staff_fire_muz_flash_3p_ug
82f1702b5235889,dlc5/zmb_weapon/fx_staff_fire_persistent
ff9cf774b4fd431,dlc5/zmb_weapon/fx_staff_fire_reload
c0cb35e58863e1e,dlc5/zmb_weapon/fx_staff_fire_trail_bolt
d1383ba6acf7bee,dlc5/zmb_weapon/fx_staff_ice_exp
62d295db89ec5dd,dlc5/zmb_weapon/fx_staff_ice_impact
14330e36eb08529,dlc5/zmb_weapon/fx_staff_ice_impact_cheap
8c64c803a704010,dlc5/zmb_weapon/fx_staff_ice_impact_ug_hit
2cdc12d98937766,dlc5/zmb_weapon/fx_staff_ice_impact_ug_hit_decal
f8ba629b4341fd,dlc5/zmb_weapon/fx_staff_ice_impact_ug_miss_c
f7f93b8db7e810c,dlc5/zmb_weapon/fx_staff_ice_muz_flash_1p
f79f16e2101fc89,dlc5/zmb_weapon/fx_staff_ice_muz_flash_1p_ug
f869fb8db84b41e,dlc5/zmb_weapon/fx_staff_ice_muz_flash_3p
cb431d7f5e9686f,dlc5/zmb_weapon/fx_staff_ice_muz_flash_3p_ug
faf8e869ff792a,dlc5/zmb_weapon/fx_staff_ice_persistent
ba67c1a266bc10e,dlc5/zmb_weapon/fx_staff_ice_reload
c9288b92be47c39,dlc5/zmb_weapon/fx_staff_ice_trail_bolt
dfba53783ba92f0,dlc5/zmb_weapon/fx_staff_revive_muz_flash_1p
e02b13783c0c602,dlc5/zmb_weapon/fx_staff_revive_muz_flash_3p
b7757e8840c466a,dlc5/zmb_weapon/fx_thundergun_knockback_ground
40db591522f59ed,dlc5/zmb_weapon/fx_trail_c96
3cf052087f2fb2b,dlc5/zmb_weapon/fx_twist
ab3cab6e194c68e,dlc5/zmb_weapon/fx_zap_shock_dw
482bf63cb63890b,dlc5/zmb_weapon/fx_zap_shock_eyes_dw
467ac63cb4ca10a,dlc5/zmb_weapon/fx_zap_shock_eyes_lh
4bc9f63cb94caf2,dlc5/zmb_weapon/fx_zap_shock_eyes_ug
a98d5b6e17e1187,dlc5/zmb_weapon/fx_zap_shock_lh
a79bab6e1633317,dlc5/zmb_weapon/fx_zap_shock_ug
7385b10feededd3,dlc5/zmb_weapon/fx_zmb_trail_doll_blue
ae7e0f89275166e,dlc5/zmb_weapon/fx_zmb_trail_doll_green
db069757083bbfe,dlc5/zmb_weapon/fx_zmb_trail_doll_red
2d839f6169fc6f3,dlc5/zmb_weapon/fx_zmb_trail_doll_yellow
5eeff95557b66b0,dlc5/zmhd/fx_blood_drops_decal_emit
f82fe814f33ae27,dlc5/zmhd/fx_blood_splat_wall
e6ad4b16e2c20e8,dlc5/zmhd/fx_blood_streak_wide_emit
e472aa1ed924c0e,dlc5/zmhd/fx_decal_scorch_fire_md
d8243bfd2a7cf66,dlc5/zmhd/fx_dest_fire_vert
1f81238b12c382a,dlc5/zmhd/fx_dust_ceiling_impact_lg_mdbrown
1d756742826c204,dlc5/zmhd/fx_dust_impact_plume_small
63ab1f20810d572,dlc5/zmhd/fx_elec_player_md
60ad6f207e7f08f,dlc5/zmhd/fx_elec_player_sm
532e78b09d487e6,dlc5/zmhd/fx_elec_player_torso
570b3017ebad3d2,dlc5/zmhd/fx_elec_spark_bounce_blue_lg
65d7d81308713fe,dlc5/zmhd/fx_elec_spark_emit
113fb2185c4426b,dlc5/zmhd/fx_elec_sparking_oneshot
b6ea972f72804fd,dlc5/zmhd/fx_elec_wire_spark_burst
c91be869ace5572,dlc5/zmhd/fx_elec_wire_spark_burst_xsm
cfaba8cc77d01da,dlc5/zmhd/fx_elec_wire_spark_dl_oneshot
dd2560107f0cfc4,dlc5/zmhd/fx_exp_rocket_debris_trail
67d23166cdd0f66,dlc5/zmhd/fx_exp_rocket_debris_trail_c
fe5b82fdfc6df7f,dlc5/zmhd/fx_flesh_gib_fatal_01
70343e506525ffe,dlc5/zmhd/fx_flesh_hit_splat
999fe1bc1d10d9a,dlc5/zmhd/fx_footstep_dust
a0cc41a2561946d,dlc5/zmhd/fx_geotrail_jet_contrail
ccb4fd7b1ce4d6c,dlc5/zmhd/fx_insect_swarm_lg
d248902a7fa44e0,dlc5/zmhd/fx_lensflare_stagelight
5825b2fd7c20268,dlc5/zmhd/fx_lensflare_theater_projector
57ed7dfb7d50cc1,dlc5/zmhd/fx_lgt_cosmo_fire_omni
cd94fce78054a82,dlc5/zmhd/fx_lgt_electric_crackle_lifetime_01
3aa9d6bfcbfccf4,dlc5/zmhd/fx_lgt_electric_crackle_zspwn_02
3aa9e6bfcbfcea7,dlc5/zmhd/fx_lgt_electric_crackle_zspwn_03
3aa9b6bfcbfc98e,dlc5/zmhd/fx_lgt_electric_crackle_zspwn_04
c3ab849aa59d44e,dlc5/zmhd/fx_lgt_electric_group_01
c3ab749aa59d29b,dlc5/zmhd/fx_lgt_electric_group_02
c3ab649aa59d0e8,dlc5/zmhd/fx_lgt_electric_group_03
60cc67d9e878f3a,dlc5/zmhd/fx_mp_dlc4_roof_spill
df1aa27d0c4adc,dlc5/zmhd/fx_mp_light_corona_bulb_ceiling
d5aa9fb996575cc,dlc5/zmhd/fx_mp_ray_spotlight_xlg
6769dadb9155bb1,dlc5/zmhd/fx_mp_star_shooting
28b1ead4822afed,dlc5/zmhd/fx_mp_star_shooting_debris
9c9b89fc9df8fb0,dlc5/zmhd/fx_mp_star_shooting_debris_chunks
65db3b1797ce3a9,dlc5/zmhd/fx_mp_star_shooting_debris_chunks_burst
3f1c4f53f55e371,dlc5/zmhd/fx_mp_star_shooting_geotrail
d4885310154506e,dlc5/zmhd/fx_null
8051aa90767c2de,dlc5/zmhd/fx_perk_daiquiri
2f97347d9d183e6,dlc5/zmhd/fx_perk_doubletap
45715d99f2bab20,dlc5/zmhd/fx_perk_juggernaut
b8ee76f670f2fa6,dlc5/zmhd/fx_perk_lottery_4
afd0338d289c616,dlc5/zmhd/fx_perk_lottery_start
6b08cc0664b7538,dlc5/zmhd/fx_perk_mule_kick
38e97d9bae86c0d,dlc5/zmhd/fx_perk_quick_revive
26b6a2d88379aba,dlc5/zmhd/fx_perk_sleight_of_hand
5be4ccd077d4b82,dlc5/zmhd/fx_perk_stamin_up
2ac285cc54dc335,dlc5/zmhd/fx_perk_widows_wine
f98f680445bec6c,dlc5/zmhd/fx_pipe_steam_md
9b02a08f434deac,dlc5/zmhd/fx_quad_teleport_in
8df4536d9c99f59,dlc5/zmhd/fx_quad_teleport_out
c3e64de85883f6,dlc5/zmhd/fx_russian_rocket_exhaust_zmb
d797a78d6bec639,dlc5/zmhd/fx_steam_burst_elem1
445f3681662d1a1,dlc5/zmhd/fx_trail_blood_streak
739e3c4506740eb,dlc5/zmhd/fx_water_splash_single_md
52eb5f4f2330fa5,dlc5/zmhd/fx_wmd_sr71_vapor_vent_elem1
61c73ada74ff10f,dlc5/zmhd/fx_wonder_fizz_light_green
c1647c9579fcd33,dlc5/zmhd/fx_wonder_fizz_light_red
58e338760e88864,dlc5/zmhd/fx_wonder_fizz_light_yellow
57cecc91e77e084,dlc5/zmhd/fx_zapper_powerbox_on
af68a2b2a83792c,dlc5/zmhd/fx_zbarrier_wall_debris_fall_emitter
e99cb718f743110,dlc5/zmhd/fx_zbarrier_wall_debris_fall_os
19340ab675bab7d,dlc5/zmhd/fx_zbarrier_wall_impact_os
98d70b4cee0d112,dlc5/zmhd/fx_zmb_elec_burst_heavy_os_int
cc4f8df1d9b22b6,dlc5/zmhd/fx_zmb_elec_shower_os
3332c2a43e20ab7,dlc5/zmhd/fx_zmb_elec_shower_sm_os
3cd1be834556cda,dlc5/zmhd/fx_zmb_elec_spark_burst_loop
f81a69121b93c9b,dlc5/zmhd/fx_zmb_monkey_eyes
a04dbe8f6680414,dlc5/zmhd/fx_zmb_monkey_ground_hit
fa92cebad435537,dlc5/zmhd/fx_zombie_auto_turret_light
201910c5a51ff52,dlc5/zmhd/fx_zombie_bloodsplat
9b4a00bdfe0232a,dlc5/zmhd/fx_zombie_bloodspurt
a63c3f0cd0f866f,dlc5/zmhd/fx_zombie_coast_marker
b0e346936f97bea,dlc5/zmhd/fx_zombie_coast_marker_fl
aa79678765ed8d4,dlc5/zmhd/fx_zombie_couch_effect
1d59fec04a2756,dlc5/zmhd/fx_zombie_couch_effect_c
c85294da67a3a2f,dlc5/zmhd/fx_zombie_dog_breath
d6eb9cf3b20c348,dlc5/zmhd/fx_zombie_dog_explosion
b59d222066dfc41,dlc5/zmhd/fx_zombie_elec_gen_idle
1ada322509ce426,dlc5/zmhd/fx_zombie_elec_gen_on
711f19c9140fed0,dlc5/zmhd/fx_zombie_elec_trail
ea501a833c4d025,dlc5/zmhd/fx_zombie_eye_single_blue
45c349a8f7407d4,dlc5/zmhd/fx_zombie_quad_gas_nova6
f533d6f9b9579be,dlc5/zmhd/fx_zombie_quad_trail
4625efd9a2a847d,dlc5/zmhd/fx_zombie_wire_spark
4d1199b934cd09b,dlc5/zmhd/fx_zombie_zapper_light_green
8c380e99774e84f,dlc5/zmhd/fx_zombie_zapper_light_red
d0eeded5b7a4495,dlc5/zmhd/fx_zombie_zapper_powerbox_on
6a90e088692db15,dlc5/zmhd/fx_zombie_zapper_wall_control_on
1b5e0ce8148abc,dlc5/zmhd/fx_ztem_meteorite_splash_trail_os
c98d6085c2c8c70,dlc5/zmhd/fx_ztem_zombie_torso_steam_os
6354d94937313c6,dlc5/zmhd/theater/fx_quad_blood_impact_decal
ba7a7ee0ce85299,dlc6/fx_muz_an94_1p
baeb3ee0cee85ab,dlc6/fx_muz_an94_3p
a1545566a016305,dlc6/fx_muz_break_md_2arc_1p
a1b51566a05e317,dlc6/fx_muz_break_md_2arc_3p
d07dd05ff326341,dlc6/mp_redwood_ice/fx_lantern_glow
ff8b8e9452b5594,dlc6/mp_redwood_ice/fx_snow_cabin_ceiling
4d51cfe697d6bc7,dlc6/mp_redwood_ice/fx_snow_ground_wind
e4c203c9788bfa1,dlc6/mp_redwood_ice/fx_snow_ground_wind_area
337ac51fa2feb04,dlc6/mp_redwood_ice/fx_snow_windy_lg
57962acce211b03,dlc6/mp_redwood_ice/fx_snow_windy_vect
9dff7d127bb53b7,dlc7/fx_muz_china_lake_1p
9d8ebd127b520a5,dlc7/fx_muz_china_lake_3p
755dd859bac346f,dlc7/mp_veiled_heyday/fx_dust_linger_heyday
7ce9660196bf873,dlc7/mp_veiled_heyday/fx_frozen_jet_heyday
2f8544b4973f066,dlc7/mp_veiled_heyday/fx_frozen_steam_heyday
9452c97fb61d994,dlc7/mp_veiled_heyday/fx_light_card_heyday
43d0446de6b3ec6,dlc7/mp_veiled_heyday/fx_light_ray_lg_thin_heyday
1190942b3e71a23,dlc7/mp_veiled_heyday/fx_rain_heyday
b01f8942504144b,dlc7/mp_veiled_heyday/fx_rain_heyday_splash
7b6ec663d8c7009,dlc7/mp_veiled_heyday/fx_steam_area_heyday
af88defbd7d54d3,dlc7/mp_veiled_heyday/fx_steam_ground_heyday
b7587e8c775bd0b,dlc7/mp_veiled_heyday/fx_waterpipe_heyday_splash_sm
eb6cd257b3f2260,donut/fx_muz_blast_1p
542eb4a1347f279,donut/fx_muz_blast_1p_new
ebdd9257b455572,donut/fx_muz_blast_3p
4625afaab0099f4,donut/fx_raygun_trail_ring_emit_ug_zmb
cc171687c6f3403,donut/fx_raygun_trail_ring_emit_zmb
125fb437109a14b,donut/fx_sword_slam_hhhh_1p
de62535092d4fb8,donut/fx_sword_trail_hhhh_1p
a2791324fa6ab66,donut/horsemann_death
e4b01547f5ec9bb,donut/horsemann_spawn
4d2f1db80172b16,electric/fx_ability_elec_sensory_ol_human
f19a29b3b07507d,electric/fx_ability_elec_sensory_ol_weapon
c8eceddd104eff3,electric/fx_ability_elec_startup_amws
a54e35ac27ac4a3,electric/fx_ability_elec_startup_raps
dc8488b8e884e29,electric/fx_ability_elec_startup_robot
c674c73cf9c5084,electric/fx_ability_elec_startup_wasp
285064b7c3d7bb9,electric/fx_ability_elec_strike_generic
5cbf85e1cde1cc6,electric/fx_ability_elec_strike_impact
d265917b27d2468,electric/fx_ability_elec_strike_short_human
21c89faa078cd89,electric/fx_ability_elec_strike_short_robot
64893dc21922c9c,electric/fx_ability_elec_strike_short_warlord
859500f6ba78764,electric/fx_ability_elec_strike_short_wasp
2887ce88da86808,electric/fx_ability_elec_strike_trail
1f8c3caa01c7e85,electric/fx_ability_elec_surge_short_amws
1d2dcb013a19287,electric/fx_ability_elec_surge_short_pamws
9b2c066755f3d5d,electric/fx_ability_elec_surge_short_raps
f2bd8c5bb300b77,electric/fx_ability_elec_surge_short_robot
a180daf4946a6bf,electric/fx_ability_elec_surge_short_robot_optim
c6ca6244dff4edf,electric/fx_ability_elec_surge_short_turret
b9c9729b449f05c,electric/fx_ability_elec_surge_short_upgrade_amws
87500a1f3918aec,electric/fx_ability_elec_surge_short_upgrade_pamws
7d002ac7835a674,electric/fx_ability_elec_surge_short_upgrade_raps
c5a51ce90cf388,electric/fx_ability_elec_surge_short_upgrade_robot
6e674cbc948c3aa,electric/fx_ability_elec_surge_short_upgrade_turret
3e05dd61b511487,electric/fx_ability_elec_surge_short_upgrade_wasp
ab75d3ccfc9a7ee,electric/fx_ability_elec_surge_short_wasp
1580ca60a61ccd2,electric/fx_ability_elec_surge_trail
2f6a14444d0ef7a,electric/fx_ability_servo_shortout_robot
54b0dc430d8c30a,electric/fx_arc_weld_prop_3d_printer
2474eb2b70a739c,electric/fx_arc_weld_sm
cd2e1977545d60d,electric/fx_elec_ability_rapid_strike_robot
47b04ea28f8b311,electric/fx_elec_apt_utility_room_os
dfed7131c0abf11,electric/fx_elec_arc_loop_prologue
579355b84011ae5,electric/fx_elec_arc_loop_sm_02_prologue
c2f1556a63da768,electric/fx_elec_arc_loop_sm_prologue
79dd411a280475,electric/fx_elec_arc_med_loop_hacktower
d18b0c60474fb3,electric/fx_elec_arc_robot_event_blkstn
8734b56c79b67c9,electric/fx_elec_arc_spark_veng
75dd0cc116d146f,electric/fx_elec_arm_sparks_igc_lotus
3222c291fd31331,electric/fx_elec_birth_tree_arc_large
9db79cfee62bbe4,electric/fx_elec_birth_tree_arc_large_os
689ff74a7f3e6c,electric/fx_elec_birth_tree_arc_strike
a5f8600d8a1677a,electric/fx_elec_birth_tree_arcs
810181238b20a3c,electric/fx_elec_bolt_rail_anim_zmb_zod
b9e707a572fbf22,electric/fx_elec_burst_child_monitor_lotus
b66ed66b37f4d2f,electric/fx_elec_burst_lg_x180_os
7dab9df72feb53b,electric/fx_elec_burst_lg_z270_os
511ef70938e0cc2,electric/fx_elec_burst_med_monitor_lotus
da39249c8c9d57d,electric/fx_elec_burst_xlg_monitor_lotus
614b40391ceed78,electric/fx_elec_burst_xlg_prologue
d8745db980a00b6,electric/fx_elec_burst_xxlg_zdo
e92f42a6fcfb3b4,electric/fx_elec_dmg_robot_helper_zod_zmb
c42985271b6ba4,electric/fx_elec_emp_machines_nworld
ad7c6e01c4a0bcc,electric/fx_elec_enemy_juiced_shotgun
a80eda11254742b,electric/fx_elec_geotrail
cc1cef1c0f7800b,electric/fx_elec_geotrail_large
c66da64fa935922,electric/fx_elec_gp_wire_sparking_sml_anim
cc336d46095e23,electric/fx_elec_gp_wire_sparking_sml_anim_v2
13c8857dd563ee,electric/fx_elec_gp_wire_sparking_xsml_anim
dbd8ea3a5341131,electric/fx_elec_gp_wire_sparking_xsml_anim_loop
326ea207f021727,electric/fx_elec_gp_wire_sparking_xsml_anim_v2
acdf7f9f5de2462,electric/fx_elec_gp_wire_sparking_xsml_anim_v2_os
326e9207f021574,electric/fx_elec_gp_wire_sparking_xsml_anim_v3
d1b16be961fc85c,electric/fx_elec_gp_wire_sparking_xsml_thick_anim
a34070f575b025d,electric/fx_elec_gp_wire_sparking_xsml_thick_anim_v2
a34060f575b00aa,electric/fx_elec_gp_wire_sparking_xsml_thick_anim_v3
d97ca53307fbe53,electric/fx_elec_gunship_dmg_1
202d0eccfb6fda6,electric/fx_elec_gunship_dmg_1_os
89aba4dae9354fa,electric/fx_elec_igc_arm_spark_lotus
c2ac9e060a9ae45,electric/fx_elec_igc_arm_spark_os_lotus
4dfe851a90622df,electric/fx_elec_laser_cutter
4488e3f95631345,electric/fx_elec_laser_cutter_smk
c7a32ccc2901612,electric/fx_elec_lightning_fold_infection
c7749038a6a9132,electric/fx_elec_mainframe_wire_trail_os_zmb
67b3da04191ceff,electric/fx_elec_mainframe_wire_trail_zmb
e94d60566deef43,electric/fx_elec_missle_fall_prologue
de7a5e4675bfdfc,electric/fx_elec_model_wires_metal_recessed_sm
bb5902991d7cc3e,electric/fx_elec_nuke_tree_arcs
2e93e6280a5b97f,electric/fx_elec_rail_1_os_zod_zmb
ecf94df27ecb610,electric/fx_elec_rail_2_os_zod_zmb
6504a251d5588d1,electric/fx_elec_robot_arm_doctor
b63e61177c06d57,electric/fx_elec_robot_burst_stand_down_lotus
d9b9cffbac987b2,electric/fx_elec_robot_joint_os
b7317d734f7b5d2,electric/fx_elec_robot_joint_runner
62ad76bb6e5b554,electric/fx_elec_robot_stand_down_lotus
678f498c93a0087,electric/fx_elec_spark_burst_igc_sgen_timelapse
62dd99beaa373f0,electric/fx_elec_spark_burst_igc_sgen_timelapse_zneg
a43e49d22aa8efb,electric/fx_elec_spark_elevator_biodomes
1ae33eaf87a5588,electric/fx_elec_spark_gib_robot_limb_left
11f6f7b725c1f5b,electric/fx_elec_spark_gib_robot_limb_rt
f6c6afc14014ab9,electric/fx_elec_spark_loop_sm
9e65018f0ec8f2f,electric/fx_elec_sparks_barge_roof_blue_blkstn
8d8e7427fee925d,electric/fx_elec_sparks_barge_roof_orange_blkstn
579ec2d5c6e12c,electric/fx_elec_sparks_big_screen
e84a750b74d12f9,electric/fx_elec_sparks_boat_scrape_biodomes
ce3301081a72aa4,electric/fx_elec_sparks_bounce_blue
122ad2e2d014e20,electric/fx_elec_sparks_bounce_blue_md
3ba6da13f7cd498,electric/fx_elec_sparks_bounce_blue_optim
330ca79b8a1e801,electric/fx_elec_sparks_bounce_blue_pale
c433004ae6500fa,electric/fx_elec_sparks_bounce_lg_blue
22e3058315f2984,electric/fx_elec_sparks_bounce_lg_orange
8280429148f8174,electric/fx_elec_sparks_bounce_md_orange
591c83db500d042,electric/fx_elec_sparks_bounce_orange
dc37e3ac98bf426,electric/fx_elec_sparks_bounce_orange_saturated
dd603b9f2caa9e1,electric/fx_elec_sparks_bounce_sm_blue
12e56bbb8b7fce1,electric/fx_elec_sparks_bounce_sm_blue_optim
3af7f472d1051e7,electric/fx_elec_sparks_bounce_sm_orange
1081a84f4f68775,electric/fx_elec_sparks_bounce_white
ac4e1a8ee0e0c80,electric/fx_elec_sparks_burst_blue
c133c510e5bb33,electric/fx_elec_sparks_burst_blue_fall_amb
c2213c5297cf558,electric/fx_elec_sparks_burst_blue_fall_lng
40e7d6d975d935b,electric/fx_elec_sparks_burst_blue_fall_lng_runner
c52eb0fa92d6e54,electric/fx_elec_sparks_burst_blue_optim
b45f2fddcc605c6,electric/fx_elec_sparks_burst_blue_sm_physx
326777c549f7f65,electric/fx_elec_sparks_burst_lg
846c2eb7d0ad760,electric/fx_elec_sparks_burst_lg_os
ab12148e5c1dbea,electric/fx_elec_sparks_burst_med_os_doa
320a724109f374b,electric/fx_elec_sparks_burst_orange_train
d4f079395198b80,electric/fx_elec_sparks_burst_orng_chunk
1344ee927c58415,electric/fx_elec_sparks_burst_orng_fall_amb_drip
e1ee597653678a6,electric/fx_elec_sparks_burst_orng_fall_lng
a389559316b9161,electric/fx_elec_sparks_burst_orng_fall_lng_runner
3c3d46d0c44a583,electric/fx_elec_sparks_burst_orng_smk_em
5f735536baadfec,electric/fx_elec_sparks_burst_sm_circuit
e06543b1bef0233,electric/fx_elec_sparks_burst_sm_circuit_os
c321d219acf41b2,electric/fx_elec_sparks_burst_sm_fuse_box
fc215919ecce5ac,electric/fx_elec_sparks_burst_sm_omni_blue_os
907402036f045a6,electric/fx_elec_sparks_burst_sm_orange_os
2747c870437598f,electric/fx_elec_sparks_burst_sm_physx
24c14b393bb051f,electric/fx_elec_sparks_burst_sm_physx_delay
217b58d89ce10ee,electric/fx_elec_sparks_burst_sm_physx_delay_fast
2a6aab805dbd13a,electric/fx_elec_sparks_burst_sm_physx_os
a4c7982418541de,electric/fx_elec_sparks_burst_sm_physx_os_delay
8b373327aacfc4d,electric/fx_elec_sparks_burst_sm_physx_os_delay_long
87efd97c211742e,electric/fx_elec_sparks_burst_sm_physx_wind
7b35e442da7fb35,electric/fx_elec_sparks_burst_xlg
c73dc58b03e7b50,electric/fx_elec_sparks_burst_xlg_os
f34a2de61d88b9c,electric/fx_elec_sparks_burst_xsm_omni_blue_os
e3daf2f9f904a30,electric/fx_elec_sparks_burst_xsm_omni_blue_os_optim
97e99f20788efda,electric/fx_elec_sparks_burst_xsm_omni_orange_os
cacb2f41c7bdb1a,electric/fx_elec_sparks_circuit_md
42f7bdc59bcac56,electric/fx_elec_sparks_control_box_chinatown
7737a979944e389,electric/fx_elec_sparks_control_box_os_chinatown
55720008c31e762,electric/fx_elec_sparks_dir_blue_os
3a61c7509e6d67d,electric/fx_elec_sparks_dir_sm_os_orange
a30a59aca24c5bb,electric/fx_elec_sparks_dir_sm_os_y_blue
6a9973a9cf6de4a,electric/fx_elec_sparks_dir_wire_sm_orange
695c613e80fd26,electric/fx_elec_sparks_directional_blue
b01507f65956186,electric/fx_elec_sparks_directional_blue_prologue
47d7c60dbb7c558,electric/fx_elec_sparks_directional_orange
7f9d2669939fd15,electric/fx_elec_sparks_directional_os_blue
815b6ccf0ee19f4,electric/fx_elec_sparks_directional_os_neg_y_orange
f20984120720563,electric/fx_elec_sparks_directional_os_orange
5ebc5ad05befbb0,electric/fx_elec_sparks_directional_os_spire
1c26b848da7bf3f,electric/fx_elec_sparks_directional_os_y_orange
646dda31ebe3b2,electric/fx_elec_sparks_directional_sm_os_neg_x_orange
1d4895c4f2d3a27,electric/fx_elec_sparks_directional_sm_os_neg_y_orange
906fa09b7b5cb98,electric/fx_elec_sparks_directional_sm_os_orange
91ecd1313dd2dc8,electric/fx_elec_sparks_directional_sm_os_y_orange
127b417a174d1e5,electric/fx_elec_sparks_directional_spire
c7d4fcd83956622,electric/fx_elec_sparks_directional_station_ramses
a57571b96356f77,electric/fx_elec_sparks_hunter_fan
f4ae3d1d445fb3a,electric/fx_elec_sparks_hunter_fan_crashed
208bbb85a792550,electric/fx_elec_sparks_int_spire
d23b7cd4d05371f,electric/fx_elec_sparks_int_spire_os
4ad6363024c0923,electric/fx_elec_sparks_lg_wire_blue
36c5b3afa7fa31d,electric/fx_elec_sparks_line_100
5a4e7c8773d7ade,electric/fx_elec_sparks_line_arch
b000c4bc8ea3137,electric/fx_elec_sparks_line_spiral
875d735fbf995d9,electric/fx_elec_sparks_loop_blue_1x1
ef8501bc1fecd7d,electric/fx_elec_sparks_loop_orange_10x10
4f29b50a8040287,electric/fx_elec_sparks_loop_orange_1x1
2f78bf0dd11ede4,electric/fx_elec_sparks_monitor_dest
395f7c74a68dd36,electric/fx_elec_sparks_plane_sm_02_os
7c31553909b937e,electric/fx_elec_sparks_plane_sm_02_runner
5845ccd9937253b,electric/fx_elec_sparks_plane_sm_os
c80d48e3b064bd7,electric/fx_elec_sparks_plane_sm_runner
cc6696117b2549c,electric/fx_elec_sparks_sizzle_sm_orange
1a1b04abb853756,electric/fx_elec_sparks_sizzle_sm_orange_nophysx
75a75dbf78d5c8a,electric/fx_elec_sparks_sm_burst_blackstation
e761f8eb47b9ce9,electric/fx_elec_sparks_sm_burst_blackstation_os
fc2d7c94bcfc1ed,electric/fx_elec_sparks_sm_directional_blue
93e815ab1501b8b,electric/fx_elec_sparks_sm_directional_orange
da65d54fed6b57f,electric/fx_elec_sparks_sm_directional_orange_china
68eaa12bf065022,electric/fx_elec_sparks_sm_directional_os_orange
58e67ffc1bbcdba,electric/fx_elec_sparks_sm_drip_os
613573cee1fa36b,electric/fx_elec_sparks_sm_drip_os_blue
af482b2ef8cf981,electric/fx_elec_sparks_sm_drip_sing_blackstation
62c4c50d2b49394,electric/fx_elec_sparks_sm_drip_sing_blackstation_os
68826ae26353d0e,electric/fx_elec_sparks_sm_int_factory_zmb
a1c2e74f40b9a13,electric/fx_elec_sparks_sm_int_os_factory_zmb
3ad8e189a8de4aa,electric/fx_elec_sparks_sm_wire_blue
c04fb8391dd08fe,electric/fx_elec_sparks_sm_wire_blue_underwater_sgen
c79643f5b83abd9,electric/fx_elec_sparks_sm_wire_control_box
898669ca389679c,electric/fx_elec_sparks_sm_wire_control_box_os
41628610285f5b4,electric/fx_elec_sparks_sm_wire_orange
4b5e833948c0e1a,electric/fx_elec_sparks_sm_wire_tall_blue
6ba345ff97993a4,electric/fx_elec_sparks_sm_wire_tall_orange
fb112a2f00edc5b,electric/fx_elec_sparks_train_light_blue_sm_burst
33391f546f7cf37,electric/fx_elec_sparks_train_lights_blue_sm
eaf8383670690c6,electric/fx_elec_sparks_train_lights_parent
b05f9ee6773378e,electric/fx_elec_sparks_veiled
748cd4e47c1226c,electric/fx_elec_sparks_vtol_wing
7df0eaf2460bbb0,electric/fx_elec_sparks_wire_hanging_sub_ramses
b7c894165232a21,electric/fx_elec_static_tv_china
58b07839674a866,electric/fx_elec_static_tv_sm_china
50208c79edb237e,electric/fx_elec_synapse_storm_arc_all
2d6ca844c2856cf,electric/fx_elec_synapse_storm_arcs
ca8a3bfe9547c32,electric/fx_elec_synapse_storm_arcs_hero_01
3ae47c02d6303d2,electric/fx_elec_synapse_storm_arcs_hero_01_all
ca8a2bfe9547a7f,electric/fx_elec_synapse_storm_arcs_hero_02
6c8958f698f7e33,electric/fx_elec_synapse_storm_arcs_hero_02_all
ff46f4d768bf7df,electric/fx_elec_taylor_server_interface
493121bbf4507fa,electric/fx_elec_taylor_server_interface_flash
e013171ddf456ed,electric/fx_elec_veh_dmg_weakspot
a66d1bd3dc617b,electric/fx_elec_warlord_damage_1
a66e1bd3dc632e,electric/fx_elec_warlord_damage_2
ad7475941ad83e9,electric/fx_elec_warlord_lower_damage_1
ad7445941ad7ed0,electric/fx_elec_warlord_lower_damage_2
d5dc86ef6b23ee6,electric/fx_elec_wire_sparking_sm_blue_loop
63d8ab51fc98bdd,electric/fx_elec_wire_sparking_sm_blue_loop_os
8485e0907a612b2,electric/fx_elec_wire_sparking_sm_blue_os
8c22f5d7ef712d0,electric/fx_sparks_burst_dir_lg_x_blue_os
e6727f557c1c41f,electric/fx_sparks_burst_dir_md_z030_orange_os
bd2283d114956cb,electric/fx_sparks_burst_dir_md_z135_orange_os
fd60a8c5562c5a3,electric/fx_sparks_burst_dir_md_z225_orange_os
2cef753fdc0aa83,electric/fx_sparks_burst_dir_md_z270_blue_os
645964a145ebacd,electric/fx_sparks_burst_dir_sm_x_blue_os
d5153a6cb483d8c,electric/fx_sparks_burst_dir_sm_z030_orange_os
2d22cbc6116485c,electric/fx_sparks_burst_dir_sm_z225_orange_os
8d1ab9a272e5483,electric/fx_sparks_burst_drip_sm_blue
3233a00bba1f14d,electric/fx_sparks_burst_drip_sm_orange
b73e3239c6b1de8,electric/fx_sparks_burst_line_lg_blue_hunter
a50881e390de075,electric/fx_sparks_burst_line_lg_orange_hunter_inverse
7f6afb186ed010c,electric/fx_sparks_burst_line_sm_blue_random
bec7357e81ba1d8,electric/fx_sparks_burst_line_sm_blue_random_lotus
4da4d7850825797,electric/fx_sparks_burst_line_sm_blue_random_lotus_os
7eb4223ec48999c,electric/fx_sparks_burst_line_sm_orange_lotus
aa4f76d88090762,electric/fx_sparks_burst_line_sm_orange_random
5a0dcc0309ade43,electric/fx_sparks_burst_line_xlg_orange_ferris_wheel
68163a8cca34b08,electric/fx_sparks_burst_line_xlg_orange_ferris_wheel_inverse
402257ee4cc9436,electric/fx_sparks_burst_line_xsm_orange_lotus
a003f06765a924c,electric/fx_sparks_door_turrethallway_biodome
cae8a2bea96e4bf,electric/fx_sparks_igc_spike_rip
9ff53ded5171e84,electric/fx_sparks_lg_orange_scrape_bridge_lotus
6af4f8c0b091542,electric/fx_sparks_lg_orange_scrape_debris_lotus
90cc1557d97a18d,electric/fx_sparks_lg_orange_scrape_shop_lotus
6030ac369030551,electric/fx_sparks_lg_orange_scrape_wall_lotus
49212979d8a8732,electric/fx_sparks_md_orange_scrape_debris_lotus
3d59b0c825cec89,electric/fx_sparks_md_orange_scrape_grate_vent_kick_lotus
47fe0ca005efee0,electric/fx_sparks_mobile_wall_ramses
458d16c48c8f126,electric/fx_sparks_mobile_wall_ramses02
af9c3a1e6905857,electric/fx_sparks_scrape_metal_md
c2fa772cc271cc7,electric/fx_sparks_scrape_metal_md_debris
c67fc60203b4aa3,electric/fx_sparks_trail_smk_sm_blue
19c13723ee2c858,electric/fx_sparks_truckflip_scrape_ramses
cc6fbc703deab61,electric/fx_sparks_warlord_foot_left_slide_left
78af2cde4034a42,electric/fx_sparks_warlord_foot_left_slide_right
95a7b35331f50b0,electric/fx_sparks_warlord_foot_right_slide_left
ece8eaee84e3405,electric/fx_sparks_warlord_foot_right_slide_right
3ed3760f1dd126e,electric/fx_sparks_zipline
d8cee891e8c61e8,electric_taser_beam_1
c8131abcd0f57ce,electrical/fx_elec_player_md
8d3c0772f39160d,env/electrical/fx_elec_wire_spark_burst
504d5808992cc4e,env/electrical/fx_elec_wire_spark_burst_blue
ab53e219dafa06a,env/electrical/fx_elec_wire_spark_dl_oneshot
d7bf16134887667,env/fire/fx_ash_embers_light
66829c0608eca7e,env/fire/fx_embers_falling_sm
de9032a79bf9abe,env/fire/fx_fire_150x600_tall_distant
75f694eec793bfb,env/fire/fx_fire_column_creep_sm
4c8ba1bb93f7f6d,env/fire/fx_fire_column_creep_xsm
1b215791b0bae89,env/fire/fx_fire_debris_xsmall
683de8797c275a3,env/fire/fx_fire_win_nsmk_0x35y50z
46d942c3dccafd5,env/fire/fx_static_fire_md_ndlight
bf50ef91abfe978,env/fire/fx_static_fire_sm_ndlight
3c364b45c0ac50c,env/light/fx_dlight_fire_glow
b9091044a5aeea3,env/light/fx_glow_hanginglamp
29ebf759eb5c6d9,env/light/fx_light_god_ray_sm_single
e4b81b23bb6b3a,env/light/fx_light_god_rays_dust_motes
613d26c31a4df4d,env/light/fx_ray_ceiling_amber_dim_sm
cb6cd2bd1c71237,env/smoke/fx_fog_low_floor_sm
c5d0b6abc2344fe,env/smoke/fx_fog_low_thick_sm
b91e8dc14cc01b9,env/smoke/fx_fog_rolling_thick_zombie
1f35d3edfd45d9b,env/smoke/fx_pipe_steam_md
af1498d262c82a7,env/smoke/fx_smoke_brush_smolder_md
124401a9729525,env/smoke/fx_smoke_crater_w
c2cc9c93ebd8b3d,env/smoke/fx_smoke_door_top_exit_drk
a87fb78d378c770,env/smoke/fx_smoke_hallway_faint_dark
81b424e3d35949e,env/water/fx_water_drips_hvy
98c053ee32cd1f2,env/water/fx_water_leak_runner_100
a278a5853e5f4f4,explosions/bo_grenade_explosion
14b2bbdb47e78d,explosions/fx_ability_exp_immolation
418dec1657207d0,explosions/fx_ability_exp_ravage_core
75281a402c4db04,explosions/fx_ability_exp_ravage_core_optim
21b31ab0f44255f,explosions/fx_ability_exp_ravage_core_upgrade
d8795bec89aa449,explosions/fx_exp_arena_billboard01_ramses
fe786c398841a4c,explosions/fx_exp_arena_billboard01_ramses_runner
ffbcb212573724e,explosions/fx_exp_arena_billboard02_ramses
4ccce958947ca49,explosions/fx_exp_arena_billboard02_ramses_runner
28495b67679f423,explosions/fx_exp_barn_reverse_infection
f451fcf29deb4ab,explosions/fx_exp_barn_reverse_infection_quick
cb6c662bed22c55,explosions/fx_exp_boat_biodome
c68992447973696,explosions/fx_exp_bomb_collar_blkstn
5146504768c835f,explosions/fx_exp_bomb_demo_mp
4326491af3312e1,explosions/fx_exp_bridge_debris_burst_lg
ab3a547bb100ad2,explosions/fx_exp_bridge_debris_burst_lg_inverse
5f7d030e8895ca7,explosions/fx_exp_bridge_dest_prologue
21ef210a2d7a530,explosions/fx_exp_bridge_rocket_burst
dbff5ccb147e92b,explosions/fx_exp_bridge_rocket_burst_inverse
26f97ef056d204b,explosions/fx_exp_buildings_01_reverse_infection
a18540de5303c9a,explosions/fx_exp_ca_igc_veng
594e934af9d6a9b,explosions/fx_exp_cauldron_crash
398167114462a61,explosions/fx_exp_cauldron_fall
5555b9b7116bd1e,explosions/fx_exp_cauldron_spill
f7e655bf9da7dfa,explosions/fx_exp_church_transition_infection
1e72e2120bb5f42,explosions/fx_exp_cin_rocket_lotus
1d213bb600cc70b,explosions/fx_exp_concrete_wall
a92018506c82d3b,explosions/fx_exp_crate_fall_biodomes
bcc11756461514d,explosions/fx_exp_dead_system
fdb5930a25ed212,explosions/fx_exp_debris_metal_md
6c1a9464aba2f64,explosions/fx_exp_debris_smoke_metal_lrg_blackstation
35da0ddb1f69f51,explosions/fx_exp_dest_barrel_concussion_lg
3ab96ddb238afa4,explosions/fx_exp_dest_barrel_concussion_sm
55d7000d1c17198,explosions/fx_exp_dest_barrel_concussion_sm_optim
b9cf2baf0364b36,explosions/fx_exp_dest_barrel_elec_lg
b69f8baf00afbcf,explosions/fx_exp_dest_barrel_elec_sm
68d6fec13f7c202,explosions/fx_exp_dest_barrel_lg
6ab75ec1410c9c3,explosions/fx_exp_dest_barrel_sm
f0a9c8fd86c06ec,explosions/fx_exp_dirt_blackstation
3a58e9161cb1fe0,explosions/fx_exp_discgun_default
af10139d3230d01,explosions/fx_exp_dni_raven_reveal
11a07e70e90c17,explosions/fx_exp_dni_raven_reveal_move
987060a77648285,explosions/fx_exp_dome_biodomes
dd59b07c2ea8004,explosions/fx_exp_drone_death
5cb16cf62687045,explosions/fx_exp_elec_robot_stand_down_lotus
13e06012d7577d7,explosions/fx_exp_elvsft_biodome
dae9c219cda8cf6,explosions/fx_exp_emp_lg_nworld
92694fdbabae8fd,explosions/fx_exp_emp_siegebot_veng
be67dc62929b433,explosions/fx_exp_engine_hit_tower
5a99eb176affd8d,explosions/fx_exp_equipment_lg
57656ffbb60eeef,explosions/fx_exp_ferris_wheel_rocket_hit
d98da461c88838f,explosions/fx_exp_fire_tendrils
4692cbba2ecd6dd,explosions/fx_exp_firebug
8478dcff579c74b,explosions/fx_exp_generic_aerial_lg
5e9948faaa119fe,explosions/fx_exp_generic_aerial_lg_looping
848c5b481575126,explosions/fx_exp_generic_lg
9f7e089edd68089,explosions/fx_exp_grenade_concrete
a2258603fd7408a,explosions/fx_exp_grenade_concussion
735ddfee8dfedc7,explosions/fx_exp_grenade_default
ad3d83edae4d96f,explosions/fx_exp_grenade_dirt
fb8eddf36744ff0,explosions/fx_exp_grenade_emp
c42b8374c1d1e8,explosions/fx_exp_grenade_flshbng
e492b7d3c96ffb2,explosions/fx_exp_grenade_flshbng_smk
2d16f11e5b5775e,explosions/fx_exp_grenade_glass
10a99f12003721,explosions/fx_exp_grenade_metal
7c599df0cf33aec,explosions/fx_exp_grenade_mud
92e0d911f8eaa7c,explosions/fx_exp_grenade_sand
ee9c3b85a22ec90,explosions/fx_exp_grenade_semtex_concrete
91b84390c7be2c4,explosions/fx_exp_grenade_semtex_default
96b54367da53272,explosions/fx_exp_grenade_semtex_dirt
265c8f77a744d9,explosions/fx_exp_grenade_semtex_glass
db95ec64c227926,explosions/fx_exp_grenade_semtex_metal
5c8d7480f25493b,explosions/fx_exp_grenade_semtex_mud
8ca9576a3d02819,explosions/fx_exp_grenade_semtex_sand
859c776e2b4b658,explosions/fx_exp_grenade_semtex_snow
5ced19a3eb910f2,explosions/fx_exp_grenade_semtex_wood
cad1f754df8b993,explosions/fx_exp_grenade_smoke
326d52a7bd445c7,explosions/fx_exp_grenade_smoke_light_flare
2f90959987ee632,explosions/fx_exp_grenade_smoke_nworld
ddb33910703b7e5,explosions/fx_exp_grenade_snow
eec0ceed2911e0,explosions/fx_exp_grenade_spark_bounce
ba002c60c7df2a0,explosions/fx_exp_grenade_surface_concrete_child
80edce8b04c83ee,explosions/fx_exp_grenade_surface_dirt_child
d0b57b57251cea3,explosions/fx_exp_grenade_surface_glass_child
a13f030e0e87128,explosions/fx_exp_grenade_surface_metal_child
f70a83cc8eeae11,explosions/fx_exp_grenade_surface_mud_child
a77a5c19fe46ef1,explosions/fx_exp_grenade_surface_sand_child
aaa61732a862904,explosions/fx_exp_grenade_surface_snow_child
9de41f37c2406ca,explosions/fx_exp_grenade_surface_wood_child
f190015ac9ded95,explosions/fx_exp_grenade_water
206d75150c2464e,explosions/fx_exp_grenade_water_shllw
60fafe2e7ced71c,explosions/fx_exp_grenade_water_surface_deep
50119b00da36293,explosions/fx_exp_grenade_wood
b23ef2bd528d594,explosions/fx_exp_gtower_market2_biodome
27357c0e2ae9c2,explosions/fx_exp_guard_tower_biodome
2aa13b7e53ad975,explosions/fx_exp_gunship_damage_01_lotus
85773a2c9f50aec,explosions/fx_exp_gunship_damage_02_lotus
193cef28a735217,explosions/fx_exp_headpopper_biodome
e7fc2cc3105da5b,explosions/fx_exp_house_inner_reverse_infection
b36fa21bb39e349,explosions/fx_exp_hunter_crash_bridge
feea28c577a5828,explosions/fx_exp_hunter_crash_bridge_child
9d7eecce994a30a,explosions/fx_exp_hunter_crash_impact_bridge
f1b62b9c8899e0c,explosions/fx_exp_hunter_crash_impact_bridge_below
324029371656758,explosions/fx_exp_hunter_crash_wasps
4099c5fdbb0bbe1,explosions/fx_exp_hunter_crash_wasps_burst
fa86469795dc8df,explosions/fx_exp_hunter_crash_wasps_burst_lg
f7c6e6979389ef2,explosions/fx_exp_hunter_crash_wasps_burst_sm
7c372717656599a,explosions/fx_exp_igc_rocket_newworld
b2294c59025d747,explosions/fx_exp_impact_ferriswheel_biodomes
daaebf3a33d1a49,explosions/fx_exp_impact_supertree_biodome
305822bd2c4fd7e,explosions/fx_exp_impact_xlrg_biodomes
2d78991a41b935f,explosions/fx_exp_lightning_fold_infection
a5a34c76e5a6833,explosions/fx_exp_lotus_shed_01
93d4e2d7ecc640f,explosions/fx_exp_lt_moving_shop_fall
e1400d8eb099023,explosions/fx_exp_macv_grenade
9faff96489b2088,explosions/fx_exp_metal_dir_md_evb
5dbe3775d2af969,explosions/fx_exp_metal_dir_sm_evb
e18a9aa32388326,explosions/fx_exp_missile_bldg_blkstn
163bf41db1399a6,explosions/fx_exp_missle_drop_prologue
185858e9da8cc61,explosions/fx_exp_missle_drop_prologue_runner
345bd05f3bb1179,explosions/fx_exp_molotov_lotus
e1977113fd9cf12,explosions/fx_exp_molotov_nearcam_veng
482b5e7c5d97c18,explosions/fx_exp_molotov_upstairs_veng
4cdc880b57011a3,explosions/fx_exp_molotov_ven
739cfe3be8bcbb6,explosions/fx_exp_mortar_ramses_vista
40f68d686ef1a91,explosions/fx_exp_mortar_ramses_vista_runner
6bb12f2ae888292,explosions/fx_exp_mortar_snow
ac5a3c172d0d853,explosions/fx_exp_mortar_snow_reverse
2f8011e6c00b9bb,explosions/fx_exp_mortar_snow_reverse_quick
87c51d5d962b17b,explosions/fx_exp_mortar_veng
511393848fa4ed6,explosions/fx_exp_mortar_veng_runner
cfb8cce40c28410,explosions/fx_exp_nuke_full_inf
2887dd13686bdb5,explosions/fx_exp_oil_tanker_biodome
d176dbf7ac25b0,explosions/fx_exp_outpost_biodomes
f496a7eef243032,explosions/fx_exp_phosphorus_prologue
3c49a8496374bd1,explosions/fx_exp_plane_cockpit_prologue
854caa4c27fcb3c,explosions/fx_exp_plane_crash_child_prologue
c3b37cefdaaab2b,explosions/fx_exp_plane_crash_prologue
359ce954ae41e73,explosions/fx_exp_plane_hanger_prologue
f64db352745884f,explosions/fx_exp_plane_prologue
149d8d173f1ca5f,explosions/fx_exp_plane_tail_2_prologue
ce2c034c25b1ac6,explosions/fx_exp_plane_tail_3_prologue
f1c2b5d2094d784,explosions/fx_exp_plane_tail_prologue
4ddf0253af32847,explosions/fx_exp_quadtank_death_01
4ddf1253af329fa,explosions/fx_exp_quadtank_death_02
4ddf2253af32bad,explosions/fx_exp_quadtank_death_03
5c214253bb55db8,explosions/fx_exp_quadtank_death_sm
7b07ac4ba7ebf41,explosions/fx_exp_robot_background_runner_prologue
e65512d53222c6f,explosions/fx_exp_robot_helper_os_zod_zmb
9a3176dffaddbe4,explosions/fx_exp_robot_helper_zod_zmb
97f5b94974ff987,explosions/fx_exp_robot_stage3_evb
3abe4a9ce6abd32,explosions/fx_exp_robot_torso_death
3878c9071a5d7d9,explosions/fx_exp_rocket_concrete
755604207b2a97a,explosions/fx_exp_rocket_concrete_sm
b9b30c262bffc37,explosions/fx_exp_rocket_default
8afe14dcc393fe5,explosions/fx_exp_rocket_default0
8afe04dcc393e32,explosions/fx_exp_rocket_default1
32ac000d4bb1514,explosions/fx_exp_rocket_default_sm
cb9656979e4ec2c,explosions/fx_exp_rocket_default_sm0
622e5f2e98262ff,explosions/fx_exp_rocket_dirt
34a6822d5740eac,explosions/fx_exp_rocket_dirt_sm
2cd68e35793df09,explosions/fx_exp_rocket_drone_sm
d0bcc3f8b6b0080,explosions/fx_exp_rocket_emp
c1601c7ead14b0e,explosions/fx_exp_rocket_glass
3c9398dbd200e47,explosions/fx_exp_rocket_glass_sm
55b4293e80d5bf1,explosions/fx_exp_rocket_metal
4a54185b46cc3a2,explosions/fx_exp_rocket_metal_sm
811983f647078fc,explosions/fx_exp_rocket_mud
baca75f14a61a49,explosions/fx_exp_rocket_mud_sm
26e05c87d492b2b,explosions/fx_exp_rocket_quadtank_default
53f22e0d096130f,explosions/fx_exp_rocket_quadtank_truck_sgen
dd03c4d7fd1976c,explosions/fx_exp_rocket_sand
2d1651290965e19,explosions/fx_exp_rocket_sand_sm
c7a279ab079a9cb,explosions/fx_exp_rocket_scaffold_nworld
27d824d6746db35,explosions/fx_exp_rocket_snow
6ad89ef9210ee,explosions/fx_exp_rocket_snow_sm
347360218ebff93,explosions/fx_exp_rocket_water_lg
b4b48701e0e6843,explosions/fx_exp_rocket_wood
267e256c11fa138,explosions/fx_exp_rocket_wood_sm
223788bf20768a8,explosions/fx_exp_safehouse_corner
d3abf096bc5d6ae,explosions/fx_exp_safehouse_entrance_veng
84390173d8673d4,explosions/fx_exp_safehouse_window_veng
b82645ba96231b5,explosions/fx_exp_sentry_turret
f4b9b495b3beab5,explosions/fx_exp_shell_napalm_entity_infection
2b68826841ac261,explosions/fx_exp_shell_napalm_infection
d826333175c7e8e,explosions/fx_exp_shell_napalm_spawner_infection
f491fb8c8f61ce0,explosions/fx_exp_ship_damage_os
999de595a8a98b5,explosions/fx_exp_ship_damage_os_sm
44ce216ae7df468,explosions/fx_exp_ship_damage_runner
fcfb56c4c9998a6,explosions/fx_exp_sky_bridge_lotus
fa4e863bb7fb2e6,explosions/fx_exp_sky_bridge_tower2_lotus
85dd29fae5ba3c8,explosions/fx_exp_smk_tendril_mid_md
83bcf9fae3eb849,explosions/fx_exp_smk_tendril_mid_sm
5188c4ecf32ea05,explosions/fx_exp_smk_tendril_sm_os_evb
e539c369bf9454e,explosions/fx_exp_smoke_wood_lg
f1db8d788a7d416,explosions/fx_exp_spike_launcher
e62f505ce69901c,explosions/fx_exp_spike_launcher_default
bd1f8aee411950e,explosions/fx_exp_spike_launcher_metal
7fdb9e660b02541,explosions/fx_exp_spike_launcher_sand
2c730567c4d8791,explosions/fx_exp_tigertank_death
294d9bba9ae3d5d,explosions/fx_exp_torso_blood_infection
e015a7c63e71507,explosions/fx_exp_torso_blood_infection_decal_ch
7cb26d1f85c51b4,explosions/fx_exp_tower_biodome
76bfd799ed6a3e0,explosions/fx_exp_train_car
aa0016982ef47f,explosions/fx_exp_train_car_impact
b75e295b44be23f,explosions/fx_exp_train_car_nworld
db4f4e33cba5096,explosions/fx_exp_truck_slomo_nworld
b14ecd0bc3ae63b,explosions/fx_exp_underwater_depth_charge
495403bbb7aac3d,explosions/fx_exp_underwater_depth_charge_sgen
96b1e2c4d887b50,explosions/fx_exp_underwater_lg
966fb2c4d845700,explosions/fx_exp_underwater_md
97c282c4d96ff81,explosions/fx_exp_underwater_sm
95349a89e929370,explosions/fx_exp_vtol_crash
e248e715200c5fc,explosions/fx_exp_vtol_crash_ramses
46cc943381688b9,explosions/fx_exp_vtol_crash_trail_prologue
3e879e90f1f4a5a,explosions/fx_exp_vtol_hanger_prologue
a219f3eaf3f3dc7,explosions/fx_exp_vtol_rocket_hit
9a59db47de5e7eb,explosions/fx_exp_vtol_super_tree_hit
d0b9363fdf5cb7e,explosions/fx_exp_wall_01_reverse_infection
e41dbe6b80cee6f,explosions/fx_exp_warlord_death
bb882a0f710e54,explosions/fx_prop_exp
97bcbd01d5264cc,explosions/fx_vexp_amws_death
e78af902f84621e,explosions/fx_vexp_hunter_death
25670e2704e7d7e,explosions/fx_vexp_hunter_death_lotus
33f1c72c245cd37,explosions/fx_vexp_hunter_death_sm
9eef066aa3a7d35,explosions/fx_vexp_hunter_trail_death
82419efd8a55584,explosions/fx_vexp_raps_death
b8d696874f5459a,explosions/fx_vexp_raps_death_core
f0de9b1a6b91cbc,explosions/fx_vexp_raps_death_mp
4945fecbb8c1cca,explosions/fx_vexp_raps_death_side
c39a8d85abbd3d3,explosions/fx_vexp_siegebot_sm_death
ae48cd052305455,explosions/fx_vexp_siegebot_sm_ground_death
e27aa600ae32a4d,explosions/fx_vexp_truck_pickup
f342c455f8dc8d5,explosions/fx_vexp_truck_pickup_smk_prologue
d1762b71e878ae7,explosions/fx_vexp_wasp_death
b81b5593e113a12,explosions/fx_vexp_wasp_gibb_death
f3eee77ec4aa7c4,explosions/fx_vexp_wasp_impact_aerial
3015cfaf6c037b,explosions/fx_zmb_phdflopper_exp
d0c78e4fabd4cd,fire/fx_ability_fire_immolation_amws
99765a67fda4492,fire/fx_ability_fire_immolation_body_amws
de3896633f5bd7e,fire/fx_ability_fire_immolation_dyn_wasp
bae630cd8deaa5f,fire/fx_ability_fire_immolation_pamws
bc4342f5ab4cbd5,fire/fx_ability_fire_immolation_raps
c5bd105b4c26486,fire/fx_ability_fire_immolation_wasp
255ba1e54330098,fire/fx_ability_fire_immolation_wing_wasp
21e3bf58470d90,fire/fx_cigar_ash_emit
de87c1b5b3ba900,fire/fx_cigar_getting_lit
83c4a724a8bc2a2,fire/fx_cigar_getting_lit_puff
54630507e0e7718,fire/fx_cigar_getting_lit_puff_biodome
7276bec462cbf14,fire/fx_cigar_lit_ambient
41f85a5985c4c10,fire/fx_cigar_put_out
f78dbdb198618d3,fire/fx_ember_pop_directional_sm_os
c04173f4cbcc86c,fire/fx_embers_blowing_staging_ramses
d649f5ec4e142c3,fire/fx_embers_blowing_vengeance
467a0f65f413f58,fire/fx_embers_blowing_xlg
e17b16964d6f610,fire/fx_embers_burst
346a36730a5444,fire/fx_embers_burst_optim
4ded5dfda008dd3,fire/fx_embers_burst_runner
70402262abf338,fire/fx_embers_crash_site_embers_havoc
924c15473b6112,fire/fx_embers_gmply_blocker_havoc
fc188e63ddaf91b,fire/fx_embers_ground_blowing_sm
4d382d59a53c259,fire/fx_embers_ground_blowing_sm_slow
e0a351ee8aec5c1,fire/fx_embers_ground_smoldering_sm_lotus
72400b2bdd144c,fire/fx_embers_interior_crash_site
5131da9ff96c807,fire/fx_embers_plane_engine
3660e9cf6389d45,fire/fx_embers_slow_lg
369319cf63b0e95,fire/fx_embers_slow_md
cde4ab6c4d47895,fire/fx_embers_slow_xlg
318337357e7662f,fire/fx_embers_smk_smolder_sm
783acf50c9897c7,fire/fx_embers_tower_int_prologue
3e22f3dfa5865c4,fire/fx_embers_tower_int_prologue_sm
c69f21c6fec1b0c,fire/fx_embers_tree_staging_ramses
2c7e31d6d1a05e8,fire/fx_embers_vengeance
27c8654094fc27d,fire/fx_embers_water_surface
a85ff5bcb0e38d,fire/fx_embers_xxxlg_dni_tree_os
3264064b69e379c,fire/fx_fire_ai_human_arm_left_loop
d6bae1020e84f95,fire/fx_fire_ai_human_arm_left_loop_mature
49c0dfc4e9b9630,fire/fx_fire_ai_human_arm_left_loop_optim
e6f4e4a972d06c8,fire/fx_fire_ai_human_arm_left_os
5b5717d41bf2409,fire/fx_fire_ai_human_arm_right_loop
60e3ce240f5de06,fire/fx_fire_ai_human_arm_right_loop_mature
add9b0cc7ac129,fire/fx_fire_ai_human_arm_right_loop_optim
eaecfcc1a3a09cd,fire/fx_fire_ai_human_arm_right_os
4ddab395d383bba,fire/fx_fire_ai_human_hand_vm
31b87ae069e4535,fire/fx_fire_ai_human_hand_vm_loop
463e096a87aced0,fire/fx_fire_ai_human_hand_vm_startup
c6130695c09e008,fire/fx_fire_ai_human_head_loop
6a5e42321e9ce31,fire/fx_fire_ai_human_head_loop_mature
47bd6cbf9b6499c,fire/fx_fire_ai_human_head_loop_optim
4fe6ff9d8fa6894,fire/fx_fire_ai_human_head_os
264d8a6991a0e4b,fire/fx_fire_ai_human_hip_left_loop
ccd08b488865e7c,fire/fx_fire_ai_human_hip_left_loop_mature
bd45606613fbec3,fire/fx_fire_ai_human_hip_left_loop_optim
42e7d311cb1a6b7,fire/fx_fire_ai_human_hip_left_os
8bc6bfb468e7c6c,fire/fx_fire_ai_human_hip_right_loop
cea97ec7ffac5c5,fire/fx_fire_ai_human_hip_right_loop_mature
b7eabc1ec57f660,fire/fx_fire_ai_human_hip_right_loop_optim
d3b9763bc6ff598,fire/fx_fire_ai_human_hip_right_os
ba4983732f054c2,fire/fx_fire_ai_human_leg_left_loop
62d631af75d0377,fire/fx_fire_ai_human_leg_left_loop_mature
1a47225f2efdaee,fire/fx_fire_ai_human_leg_left_loop_optim
b2a6dfed00570ee,fire/fx_fire_ai_human_leg_left_os
b0059cda7f0cd3f,fire/fx_fire_ai_human_leg_right_loop
3dbafc44208300,fire/fx_fire_ai_human_leg_right_loop_mature
b1483933f77b187,fire/fx_fire_ai_human_leg_right_loop_optim
a97eab188a194eb,fire/fx_fire_ai_human_leg_right_os
800b9a24c2a4719,fire/fx_fire_ai_human_torso_loop
604282858b6c36,fire/fx_fire_ai_human_torso_loop_mature
7232cdd58066699,fire/fx_fire_ai_human_torso_loop_optim
e6a8ab128ef3cdd,fire/fx_fire_ai_human_torso_os
c6752b810234484,fire/fx_fire_ai_human_waist_loop
d656b1aba2905b0,fire/fx_fire_ai_human_waist_os
1df56c69d76c9ad,fire/fx_fire_ai_robot_arm_left_loop
c7030a96b93f451,fire/fx_fire_ai_robot_arm_left_os
b8bd64da995678e,fire/fx_fire_ai_robot_arm_right_loop
accab88e7ebb39a,fire/fx_fire_ai_robot_arm_right_os
21a0e4fc3d5c81,fire/fx_fire_ai_robot_head_loop
83fa74b40b14b85,fire/fx_fire_ai_robot_head_os
d34003c3e798773,fire/fx_fire_ai_robot_leg_left_loop
d2be0483f4b0b1f,fire/fx_fire_ai_robot_leg_left_os
9e6f1ed93427834,fire/fx_fire_ai_robot_leg_right_loop
f773d423fd77c20,fire/fx_fire_ai_robot_leg_right_os
e3e9a4d3d7ca3c6,fire/fx_fire_ai_robot_torso_loop
17a02aa9da46d92,fire/fx_fire_ai_robot_torso_os
3cfa824679c4465,fire/fx_fire_ambient_vista_xsm_havoc
f299421c14a2694,fire/fx_fire_apc_bridge_prologue
dbde174a7bc0f56,fire/fx_fire_apc_end_prologue
cd3a87e85f55650,fire/fx_fire_atrium_lg
5d55ffd98db1655,fire/fx_fire_atrium_med
66d71fdd8a082b6,fire/fx_fire_atrium_xlg
e04b29378048794,fire/fx_fire_backdarft_ambient_veng
a1ddf28569a43b8,fire/fx_fire_backdraft_md
56ff7526cb92519,fire/fx_fire_backdraft_sh_veng
a67dc2856d87719,fire/fx_fire_backdraft_sm
93800f8c1c8cb6f,fire/fx_fire_background_evc_ramses
51d417727088f4f,fire/fx_fire_background_lg_evc_ramses
2dfb4e3458e5143,fire/fx_fire_background_md_evc_ramses
7fcb1b1441320ec,fire/fx_fire_background_sm_evc_ramses
7f2dbf416649695,fire/fx_fire_banner_crawl_med_evb
2a5fb3d0ea52ffe,fire/fx_fire_barrel
a218498e4d34093,fire/fx_fire_barrel_30x30
5fa8a863e831c7a,fire/fx_fire_barrel_30x30_eva
46e34898d4b0502,fire/fx_fire_barrel_embers_30x30
28297c1d3463682,fire/fx_fire_barrel_embersmoke_30x30
f1c86a5dab6cc61,fire/fx_fire_barrel_factory_zmb
9beef8f1d5624c2,fire/fx_fire_barrel_infec
f28f270ba816e6f,fire/fx_fire_barrel_sparse
653628091d6d22,fire/fx_fire_blow_out_window
9676becc98235a1,fire/fx_fire_body_veng
52f6588284e128f,fire/fx_fire_building_burn_flicks_warm_1000
995016fc1f37b3c,fire/fx_fire_building_burn_flicks_warm_2000
838677cad00e962,fire/fx_fire_building_burn_inferno_250
c55e4bd02a6c6d5,fire/fx_fire_building_burn_smolder_cool_500
5d3275269002c8f,fire/fx_fire_building_burn_smolder_warm_1000
a38c33a02a5953c,fire/fx_fire_building_burn_smolder_warm_2000
96e88ef0bce3c19,fire/fx_fire_building_burn_smolder_warm_500
96c44ef031c845e,fire/fx_fire_building_burn_smolder_warm_750
8348100a4b62352,fire/fx_fire_building_burn_smolder_warm_v2_1000
c4bb80a1ddfffdc,fire/fx_fire_building_side_spire
8433cd2ff2d6709,fire/fx_fire_building_veng
304f0f409db36cd,fire/fx_fire_candle_flame_flicker_med
f87540755e83c3d,fire/fx_fire_candle_flame_infection
40f18a0dde1388e,fire/fx_fire_candle_flame_med
15d2910909896ff,fire/fx_fire_candle_flame_tall
d72e640cf78415b,fire/fx_fire_candle_med_melt_on
5637521c63cc472,fire/fx_fire_candle_med_on
7c78492cf688755,fire/fx_fire_candle_on
822c48418e82ce,fire/fx_fire_candle_on_sm
c1eca41eb29dfe7,fire/fx_fire_candle_ritual_zod_zmb
a19b31d407a7615,fire/fx_fire_candle_sml_melt_on
25b7a88a3199f65,fire/fx_fire_candle_tall_on
40e8a2217d34f82,fire/fx_fire_car_vista
b0b64cda1f990ff,fire/fx_fire_cauldron_groundspark_01
44c08faf6dca1da,fire/fx_fire_cauldron_groundspark_child
979846b8678d74e,fire/fx_fire_ceiling_crawl_anim1
fc968e20837fc6d,fire/fx_fire_ceiling_crawl_lg_aquifer
1e548f8be8383b6,fire/fx_fire_ceiling_crawl_lg_eva
2a35dad150c8a22,fire/fx_fire_ceiling_crawl_md_eva
2a35cad150c886f,fire/fx_fire_ceiling_crawl_md_evb
1b80e706a308905,fire/fx_fire_column_embers_large
e7f8f820a24487e,fire/fx_fire_corner_bld_ramses
376e79012fd4dfb,fire/fx_fire_crash_player_block_lg
38b0fe43a043b6c,fire/fx_fire_crash_player_block_line
58945d7581118ad,fire/fx_fire_crash_player_block_nosm
6aea712cdc2ab81,fire/fx_fire_curve_evb
3930ceef3490b0e,fire/fx_fire_debris_attach_beam_veng
71551d27db700bc,fire/fx_fire_debris_attach_lg_eva
4f008ac3dea3090,fire/fx_fire_debris_attach_sm
c682b4af1b2c765,fire/fx_fire_debris_attach_xlg_evb
6f362cfdb55573a,fire/fx_fire_dni_tree_limb_trail
86b4068f62f5b65,fire/fx_fire_door_backdrop
6bb4b7814713dc3,fire/fx_fire_droplet_physx
63b443e2afcda35,fire/fx_fire_droplet_physx_c
454ed173a640e63,fire/fx_fire_droplet_physx_lotus
39b20d3d4e44ce3,fire/fx_fire_droplet_physx_windy_bridge_lotus
b1fff05f94333e2,fire/fx_fire_droplet_sm_factory_zmb
7a9c4742f9b1cd4,fire/fx_fire_droplet_sm_sector
a6339ee790deb4d,fire/fx_fire_droplet_vista_physx
10db2968ccfbc89,fire/fx_fire_embers_150x150
1e1c5203c4699e5,fire/fx_fire_embers_debris_sm
7a2ea297512daf4,fire/fx_fire_embers_debris_sm_2
4fd9b49f2f6a071,fire/fx_fire_embers_elevator_shaft_2600_1400_3400
c249f6e7559eded,fire/fx_fire_embers_rattle
7a55c13df7ced0b,fire/fx_fire_embers_rattle_lg
e2e24b5415c78cc,fire/fx_fire_embers_rubble_10x10
9c7e613b93d36a4,fire/fx_fire_engine_evb
8440d70a7751557,fire/fx_fire_exhaust_flaming_evb
66e901368555dd5,fire/fx_fire_falling_sm_veng
f41a8e671a07719,fire/fx_fire_fireplace_infec
937bcb51c611d8,fire/fx_fire_flames_rolling_lg_1_evb_lg
8f98cb51c25a48,fire/fx_fire_flames_rolling_lg_1_evb_md
6d95cb51a56ec9,fire/fx_fire_flames_rolling_lg_1_evb_sm
346bb7b914da677,fire/fx_fire_flames_rolling_lg_1_evb_xsm
d4245f81c2ddde0,fire/fx_fire_flames_rolling_lg_1_evb_xxlg
ce64ff81bdf9031,fire/fx_fire_flames_rolling_lg_1_evb_xxsm
7918bd69c712ec9,fire/fx_fire_flames_rolling_lg_1_evc_lg
743fd91fef72042,fire/fx_fire_floor_lrg_nosmoke_newworld
7e45ecda433ae20,fire/fx_fire_fuel_wide_md_1_evb_lg
7e07bcda42ff690,fire/fx_fire_fuel_wide_md_1_evb_md
78868cda3e56071,fire/fx_fire_fuel_wide_md_1_evb_sm
9d47d15ccfccbb,fire/fx_fire_fuel_wide_sm_1_evb_md
a422d15cd5ac8a,fire/fx_fire_fuel_wide_sm_1_evb_sm
5e393fa83c7f8c2,fire/fx_fire_fuel_wide_sm_1_evb_sm_dir_slow
8e381c0e9d5e95e,fire/fx_fire_fuel_wide_sm_1_evb_xsm
5a4b95ccd19bb2,fire/fx_fire_fuel_wide_sm_1_evb_xsm_dir
5276aded4245cbe,fire/fx_fire_fuel_wide_sm_1_evb_xsm_dir_slow
9eb77d96c55908e,fire/fx_fire_fuel_wide_sm_1_evb_xxsm_dir
4010bcd9d094c82,fire/fx_fire_fuel_wide_sm_1_evb_xxsm_dir_slow
2bb5c497c3e2e58,fire/fx_fire_furiousfeet_boost_doa
2f3d00cfc64d81e,fire/fx_fire_furiousfeet_os_zdo
11044cbac9450a4,fire/fx_fire_gas_hob_ring
b9247f0fd5833e4,fire/fx_fire_gas_pipe_china
5ed12c6a09a6a99,fire/fx_fire_gas_pipe_md_eva
7c07910d68fc123,fire/fx_fire_gas_pipe_newworld
d7900b3bb74d5ec,fire/fx_fire_gas_pipe_prologue
1213c6b187ad548,fire/fx_fire_gas_pipe_ramses
f24078db8f99048,fire/fx_fire_gas_pipe_sm_eva
d9bc3e91902fb8e,fire/fx_fire_gas_pipe_sm_eva_ven
f0599a376cf256d,fire/fx_fire_gas_spill_veng
83fd06d4ffac9f1,fire/fx_fire_gas_spill_water_med_sgen
9006d260f3cf2cd,fire/fx_fire_gas_spill_water_sm_sgen
aedee19ca46a0f0,fire/fx_fire_gate_root_zur
6797d39b8542143,fire/fx_fire_glass_window_spire
b5cae47aca8575c,fire/fx_fire_ground_blast_md
8f071ca2d44576b,fire/fx_fire_ground_blast_xsm
3fce6c017764da2,fire/fx_fire_ground_fuel_lg
3f8f7c0177281ae,fire/fx_fire_ground_fuel_md
2d18ceb6b11da90,fire/fx_fire_ground_fuel_md_ven
41aecc0178f5563,fire/fx_fire_ground_fuel_sm
6afe04f150bc472,fire/fx_fire_ground_lg_os
7f9846d50eb8e08,fire/fx_fire_ground_md_evc_ramses
dbe852980aa65fe,fire/fx_fire_ground_md_os
c733ecbe898fdf9,fire/fx_fire_ground_rubble_50x50
d4ddcfe7cf512e0,fire/fx_fire_ground_rubble_embers_50x50
589e9faa5c4f98,fire/fx_fire_ground_rubble_sm_50x50
c967baf775b57fb,fire/fx_fire_ground_sm_eva
9250e9852c15273,fire/fx_fire_ground_sm_evc_ramses
1f7f3fea32d5649,fire/fx_fire_ground_sm_os
77593a61a4dd01a,fire/fx_fire_ground_spot_md_evb
1af58a28bfd036,fire/fx_fire_gtower_roof_market_biodome
344502a6b400bd8,fire/fx_fire_heart_burn_zurich
6f09b8817f57329,fire/fx_fire_high_res_prologue
ecbb0ee2ce16216,fire/fx_fire_hole_garage_zurich
94da83cf5317b09,fire/fx_fire_hot_drip
6527ff553d0426e,fire/fx_fire_hot_drip_dth
99b30160e1ede9e,fire/fx_fire_hot_drip_dth_prologue
5ebb95f82cd5f2f,fire/fx_fire_hot_drip_prologue
106a276f09be7c6,fire/fx_fire_hot_embers
190c5fd9e4a87de,fire/fx_fire_hot_embers_drift
e9eb3534a6ba78d,fire/fx_fire_hot_embers_drift_volume
3b9fda19f8897c5,fire/fx_fire_hot_embers_drift_volume_dense
7574b05915b8928,fire/fx_fire_hot_embers_fall_vista
271b63ffa04b81f,fire/fx_fire_hot_lg
274d53ffa0722a3,fire/fx_fire_hot_md
244c03ff9dddb32,fire/fx_fire_hot_sm
dfae2ce531d82a8,fire/fx_fire_hunter_ceiling_ramses
295fc066dcac93c,fire/fx_fire_hunter_crashed_engine_wreckage
2fe57efc1861d77,fire/fx_fire_hunter_engine_windy_bridge_lotus
6e500d6ffc904ba,fire/fx_fire_igc_molotov_lotus
d6e5417282dc6e3,fire/fx_fire_impact_15x15
dc06baef5259243,fire/fx_fire_impact_15x15_lotus
336d10841c2bc3c,fire/fx_fire_impact_15x15_windy_fast_lotus
c2cee5fceb145b1,fire/fx_fire_impact_embers
a65c1700ee20fda,fire/fx_fire_inferno_burst_short_1_evb_lg_os
552f81aa7113455,fire/fx_fire_inferno_burst_tall_1_evb_lg_os
1947fe7da789362,fire/fx_fire_inferno_fuel_md_evb_line_inverse
e0210daf0f77c29,fire/fx_fire_inferno_fuel_sm_eva_line
163e1046e45ce2f,fire/fx_fire_inferno_rolling_xsm_evb_inverse
c2c8fd12c6f119c,fire/fx_fire_inferno_rubble_md
f75f37b6dbd74bb,fire/fx_fire_inferno_tall_1_evb_lg
f78e27b6dbf8daf,fire/fx_fire_inferno_tall_1_evb_md
f9acd7b6ddc5066,fire/fx_fire_inferno_tall_1_evb_sm
ff6a4bbdaeb33d2,fire/fx_fire_inferno_tall_1_evb_xsm
df09134dab2773b,fire/fx_fire_inferno_tall_1_evb_xxlg
7d37d3b1d7bc820,fire/fx_fire_inferno_tall_2_evb_lg
7cf9a3b1d781090,fire/fx_fire_inferno_tall_2_evb_md
b2be472b76e3fff,fire/fx_fire_inferno_tall_2_evb_xsm
e81f9ed97cb32c8,fire/fx_fire_inferno_tall_2_evb_xxlg
a4069b9295d6dae,fire/fx_fire_inferno_tall_2_evb_xxxlg
6f6891fd09d2bc9,fire/fx_fire_inferno_tall_thick_1_evb_lg
6fa6c1fd0a0e359,fire/fx_fire_inferno_tall_thick_1_evb_md
4ce9b0f18e832e1,fire/fx_fire_inferno_tall_thick_1_evb_xlg
b33645207b8b603,fire/fx_fire_inferno_tall_thin_1_evb_lg
b36535207bacef7,fire/fx_fire_inferno_tall_thin_1_evb_md
b226e5207aa53ce,fire/fx_fire_inferno_tall_thin_1_evb_sm
e863dd69443764c,fire/fx_fire_lamp_hurricane
7993e76bc0a0c29,fire/fx_fire_lantern_flame_flicker
b6a3581e38b8779,fire/fx_fire_line_100_eva
3c005b11db3a9dd,fire/fx_fire_line_100_eva_lotus
b6a3281e38b8260,fire/fx_fire_line_100_evb
d4e0350a888fd74,fire/fx_fire_line_100_evb_lotus
fadf5cf7f036fa1,fire/fx_fire_line_100_evc_ramses
7c48c4b77153aee,fire/fx_fire_line_100_light_eva
1e4cf72e3b82f65,fire/fx_fire_line_100_light_sm_eva
fb8935ff3d6773c,fire/fx_fire_line_100_lotus
e5a6da7f7c6c5ae,fire/fx_fire_line_100_windy_bridge_lotus
eb0f58c9f239c0c,fire/fx_fire_line_25
1546d01701ccb6f,fire/fx_fire_line_25_evc
18649cb001ccf05,fire/fx_fire_line_50_eva
a2c1afe6bd1e3e1,fire/fx_fire_line_50_eva_lotus
82d74453f16e078,fire/fx_fire_line_50_evb_lotus
1a3e01ebf48320d,fire/fx_fire_line_50_evc_ramses
c6d876a0e1b2605,fire/fx_fire_line_door
bec47ea36111ac9,fire/fx_fire_line_embers_100
3992bf9df10d51b,fire/fx_fire_line_embers_1000
e52820e12eca767,fire/fx_fire_line_embers_25
e6a070e13006847,fire/fx_fire_line_embers_50
2febec697bd5d0d,fire/fx_fire_line_embers_50_slow
e5ff50e12f7f52c,fire/fx_fire_line_embers_60
4a99ea7dc4ab20,fire/fx_fire_line_lg_evb
4a9aea7dc4acd3,fire/fx_fire_line_lg_evc
691c2be44c36ad9,fire/fx_fire_line_lg_vista_evc
df5d48c9e8470c8,fire/fx_fire_line_md
ea14b06d2f48b50,fire/fx_fire_line_md_evb
ea14c06d2f48d03,fire/fx_fire_line_md_evc
5af7d2ec29dc3e2,fire/fx_fire_line_md_veng_eva
dd3d18c9e678549,fire/fx_fire_line_sm
efdf4cbf0880c91,fire/fx_fire_line_sm_evb
efdf3cbf0880ade,fire/fx_fire_line_sm_evc
a14c4f0ff19e1f7,fire/fx_fire_line_xsm
fee583fe870ea13,fire/fx_fire_line_xsm_evb
fee573fe870e860,fire/fx_fire_line_xsm_evc
56e5da20385be6c,fire/fx_fire_line_xsm_prologue_eva
56e60a20385c385,fire/fx_fire_line_xsm_prologue_evb
452b054be630bed,fire/fx_fire_line_xsm_slow_evb
3590f7e819d09b,fire/fx_fire_line_xsm_veng_eva
54eee2ff5d52389,fire/fx_fire_line_xxsm_evb
33457dd1cb2231f,fire/fx_fire_line_xxsm_slow_evb
22045c807902d72,fire/fx_fire_lotus_roof_01
22044c807902bbf,fire/fx_fire_lotus_roof_02
22043c807902a0c,fire/fx_fire_lotus_roof_03
d376884b64423b1,fire/fx_fire_match_flame_zod
69c02dcc5337add,fire/fx_fire_mobile_shop_lotus
7e1b87e5f4532e6,fire/fx_fire_mobile_shop_lotus_v2
800f6892cdcabb6,fire/fx_fire_molotov_emit
509bff5ee0e482c,fire/fx_fire_molotov_ground_ven
69ce4825ed58c5e,fire/fx_fire_molotov_igc_slow
d7aa74dc484ec82,fire/fx_fire_molotov_ven
481dee4226711b0,fire/fx_fire_monitor_groundsparks
125ce7ab04b49ae,fire/fx_fire_oil_lrg
2aea475c375290e,fire/fx_fire_oil_swamp_line_biodome
c1183ce076e38ca,fire/fx_fire_oil_tanker_biodome
9b7c5a4639d9188,fire/fx_fire_oil_water_large_vista
a61a0531603e9ac,fire/fx_fire_oil_water_md_vista
46ec5f8804beb90,fire/fx_fire_pipe_havok
137dc57219bdc65,fire/fx_fire_place_outdoor_stronghold
156d0a443e985f8,fire/fx_fire_place_stronghold
f675659fd37d1b5,fire/fx_fire_place_stronghold_2
c94462ce5e00f7a,fire/fx_fire_plane_debris_lg
c91172ce5dd89c6,fire/fx_fire_plane_debris_md
d3c8f4afdd6ad14,fire/fx_fire_plane_debris_xlg
aa5fd221f6699e3,fire/fx_fire_rocket_trail_emit_veiled
e2e1207c1ea3a2f,fire/fx_fire_rocket_trail_veiled
8bde164bdea9c7a,fire/fx_fire_rocket_veiled
e66f3929ba7fdb7,fire/fx_fire_rolling_inferno_ceiling_lotus
51cc7baf20f50c3,fire/fx_fire_rolling_inferno_mobile_shop
4355d609f4ee7d,fire/fx_fire_rooftop_ramses
6bcc43ccd0434c9,fire/fx_fire_root_burning_lg_y_os
24cc3182aff3d2,fire/fx_fire_root_burning_lg_z_os
1ebecf413ad2805,fire/fx_fire_root_burning_md_os
2c245811c6627be,fire/fx_fire_rubble_windy_md
b1653f78f490538,fire/fx_fire_safehouse_outside_veng
93f3214c008031,fire/fx_fire_side_lrg
425411f8ee375c1,fire/fx_fire_single_loop
b03fcd20d9c4df2,fire/fx_fire_single_loop_01_sm_evb
c1788d699c91ca6,fire/fx_fire_single_loop_01_xsm_evb
d1ffc66ac2c52b9,fire/fx_fire_single_loop_02_sm_evb
72af0822003b226,fire/fx_fire_single_loop_03_lg_evc
ee9806aafefc269,fire/fx_fire_single_loop_03_md_evb
ee97f6aafefc0b6,fire/fx_fire_single_loop_03_md_evc
b6b67e3c7f03f74,fire/fx_fire_single_loop_03_sm_evb
1657c025d8285e,fire/fx_fire_single_loop_04_md_evb
6b19aface65f33,fire/fx_fire_single_loop_04_sm_evb
24a7ba059f26b16,fire/fx_fire_single_loop_05_sm_evb
4d7cd773abf9e6d,fire/fx_fire_single_loop_06_sm_evb
893802aaf00745,fire/fx_fire_single_loop_07_md_evb
893702aaf00592,fire/fx_fire_single_loop_07_md_evc
bca9b3e24d9a848,fire/fx_fire_single_loop_07_sm_evb
f5e51cb54cb191a,fire/fx_fire_single_loop_08_md_evb
f5e52cb54cb1acd,fire/fx_fire_single_loop_08_md_evc
301d30c818b07,fire/fx_fire_single_loop_08_sm_evb
f41a057a8f92ad9,fire/fx_fire_single_loop_evb
bf518816a08f70b,fire/fx_fire_single_md_eva
c7adbbf9d9d8836,fire/fx_fire_smky_med_vengeance
f35a2ad02bfe07e,fire/fx_fire_smolder_ground_low_slow_sm_evb
1beb60ffd4f6fa6,fire/fx_fire_spot_md_evb
1beb70ffd4f7159,fire/fx_fire_spot_md_evc
6c4fdb89e45008,fire/fx_fire_spot_sm_evc
d8dee81669f63b1,fire/fx_fire_spot_xsm_evb
d8ded81669f61fe,fire/fx_fire_spot_xsm_evc
c4518829a2c70d4,fire/fx_fire_tall_veng
42bbff037d543e3,fire/fx_fire_tank_dmg_infec_md
ff841b388aae216,fire/fx_fire_torch_ethiopia
24fa82674af0910,fire/fx_fire_torch_prologue
bc048d4c525780a,fire/fx_fire_torch_tiki
8f15ecd078beb87,fire/fx_fire_tower_bossbattle_lotus
64d858ae57b44eb,fire/fx_fire_tower_fall_prologue
32277e4f75f5f5e,fire/fx_fire_trail_copcar_veng
b7da0d14582d74e,fire/fx_fire_trail_destruct_sm
b4c7db0ed8136ae,fire/fx_fire_trail_exp
7589d6d3a67b00f,fire/fx_fire_trail_oil_tanker_trailer_biodome
a1a7b74bc2aafb6,fire/fx_fire_trail_tendrils
31d8daa67db7b,fire/fx_fire_trail_tendrils_oil_tanker_biodome
51a0dd01e6f7dee,fire/fx_fire_trail_train_rear
1cde51978f0bbd9,fire/fx_fire_tree_fire_prologue
45d63dbc5fd6012,fire/fx_fire_veh_crash_site_sm
cbb26531a3b6ce6,fire/fx_fire_vehicle_blue_sector
bfaac9ed28ddc6c,fire/fx_fire_vehicle_burn_tower_lrg
f1103fae8440502,fire/fx_fire_vehicle_cheap
f891cf312f09711,fire/fx_fire_vehicle_sector
6942b46a0cd29a0,fire/fx_fire_ven_embers_drift_cafe
8980070c72f7676,fire/fx_fire_vine_burning
52d1e0de8b289d6,fire/fx_fire_vine_burning_y
7a08b39ba50cb5a,fire/fx_fire_vine_gate_zur
70ebfdd1293be00,fire/fx_fire_vista_gmply_blocker_havoc
e1f5b644266a995,fire/fx_fire_vista_gmply_blocker_havoc_sm
cd147029dd08c9,fire/fx_fire_vista_lg
d0f77029e0c059,fire/fx_fire_vista_md
882e662152081bd,fire/fx_fire_vista_window_100x100_zmb
131b9bdbbc88ba8,fire/fx_fire_vista_window_200x100_zmb
d1a5f11d2e9b90,fire/fx_fire_vista_xxxlg_eva
4dc48f9cd355a54,fire/fx_fire_vtol_engine_windy_bridge_lotus
d2d63bdafde137f,fire/fx_fire_vtol_side_staging_ramses
491c939bebc1c08,fire/fx_fire_vtol_station_ramses
b6458b33ddd5c2b,fire/fx_fire_vtol_wing_windy_bridge_lotus
99b0fb626599223,fire/fx_fire_wall_crawl_1_card_evb_lg
99dfeb6265bab17,fire/fx_fire_wall_crawl_1_card_evb_md
98a19b6264b2fee,fire/fx_fire_wall_crawl_1_card_evb_sm
37c3a82eecb7ba7,fire/fx_fire_wall_crawl_1_card_evb_xlg
a2edff7f67b651f,fire/fx_fire_wall_crawl_lg_eva
13b30c6031b8d63,fire/fx_fire_wall_crawl_md_eva
13b31c6031b8f16,fire/fx_fire_wall_crawl_md_evb
7b5bb55d52cdb8b,fire/fx_fire_wall_crawl_sm_evb
1ee9a16e95b5d40,fire/fx_fire_wall_crawl_veng_pr
f3aaa0ece7f07f2,fire/fx_fire_wall_md
326d63b8175d9fb,fire/fx_fire_wall_moving_infection_city
e66783234db7a34,fire/fx_fire_wall_moving_veng
987ec78d621d466,fire/fx_fire_wall_sh_ex_igc
3b6c3b54eefc48d,fire/fx_fire_window_100x100
d88abe89b8c4ebd,fire/fx_fire_window_50x100
7da9e897304929c,fire/fx_fire_window_embers_100x100
b73fb4f4775a8be,fire/fx_fire_window_embers_50x100
57f050c162957c9,fire/fx_fire_xlrg_evb_ven_cafe
67a6918d76b5d93,fire/fx_flame_lantern
235abdd023bf2ef,fire/fx_flame_lantern_side
eb920ac494c0d2c,fire/fx_ground_oil_fire_havok_lg
eaf2aac4943c9a5,fire/fx_ground_oil_fire_havok_sm
62fc75025baca60,fire/fx_inferno_column_lg_eva
4c06914eb524f3f,fire/fx_inferno_column_lg_eva_line
b1ec83ea41ac,fire/fx_inferno_column_thin_lg_eva
5d6d22e52c50a33,fire/fx_inferno_column_thin_lg_eva_line
ebac156f557e3a8,fire/fx_inferno_column_xlg_eva
8dd2353dd75666c,fire/fx_inferno_rage_lg_evb_line_inverse
8d6af7d34301209,fire/fx_inferno_rage_md_eva
aceb05d42f30590,fire/fx_inferno_rage_md_eva_line
c8f5a137277a34a,fire/fx_inferno_rage_md_eva_v2
109f78f568efc4d,fire/fx_inferno_rage_md_eva_v2_line
9e6a2ac9c5823b2,fire/fx_inferno_rage_md_eva_v2_line_close
9ddc5f939910a3b,fire/fx_inferno_rage_md_evb_v2_line_inverse
12f9b102bfcbd87,fire/fx_inferno_rage_sm_eva_line
cbb406ddc97e6c1,fire/fx_inferno_rage_sm_eva_v2
61456473ca56231,fire/fx_inferno_rage_sm_evb
44a76872282cb92,fire/fx_inferno_rage_sm_evb_v2
688454ff0604d07,fire/fx_inferno_rage_xlg_eva
2815f0048cdc678,fire/fx_inferno_rage_xlg_eva_v2
b20a1a2d71a7f2d,fire/fx_inferno_rolling_sm_eva_line
6894d672f030f83,fire/fx_inferno_rolling_xsm_eva_line
c7cefa263800f5,fire/fx_vfire_wasp_crash
b93987319fba55,fire/fx_vfire_wasp_wing_crash
ceddd1f906cc8dc,fog/fx_fog_100_radius
a734a4c74d3db43,fog/fx_fog_100_radius_light
30834fddc12d43f,fog/fx_fog_100_radius_verylight
8e7652080eff546,fog/fx_fog_amb_infection_blkstation_igc
b74f90f45ad11d2,fog/fx_fog_ambient_crevase_havoc
3213dcae27e524d,fog/fx_fog_ambient_flat_02_prologue
a638eef80a8c1b0,fog/fx_fog_ambient_flat_prologue
65c1c86841cd5c8,fog/fx_fog_ambient_ground_prologue
39db43bb4087d03,fog/fx_fog_ambient_int_stronghold
f41eae80971c332,fog/fx_fog_ambient_lg_prologue
b97534bdf4f49ce,fog/fx_fog_ambient_md_prologue
340586b25912071,fog/fx_fog_ambient_sm_prologue
fdceb31742f97f1,fog/fx_fog_ambient_small_25_veng
fb1c30018096f3f,fog/fx_fog_ambient_tunnel_prologue
a2dd8040edec88a,fog/fx_fog_ambient_tunnel_sm_prologue
af94e3cff03dfc4,fog/fx_fog_ambient_ven_cafe_burning
a74086abe707674,fog/fx_fog_ambient_ven_cafe_main
720915d8d5180fb,fog/fx_fog_ambient_xsm_prologue
5c7b04d406b30ec,fog/fx_fog_atrium_base_cover
b11a359e1c00c99,fog/fx_fog_blow_xsm
99da442df0f9b60,fog/fx_fog_blow_xsm_in_sun
64a625b3d02847e,fog/fx_fog_building_card_anim1
64a615b3d0282cb,fog/fx_fog_building_card_anim2
64a605b3d028118,fog/fx_fog_building_card_anim3
eac3524e0ea878d,fog/fx_fog_building_tops_xlg_apt
fc0830215cd552a,fog/fx_fog_building_tops_xlg_dist_apt
4b2fab8c1bcf6f4,fog/fx_fog_building_tops_xlng_dist_apt
3af8ecc0f957786,fog/fx_fog_cloud_fallaway_islands_billboard
2ed1ff23dd21e19,fog/fx_fog_cloud_virus_china
eae91187cc64c1b,fog/fx_fog_coolant_ai_tower_collapse_linger_sgen
c9a34b1d78c4b3,fog/fx_fog_coolant_ai_tower_collapse_sgen
187d367400deb3d,fog/fx_fog_coolant_ai_tower_collapse_shatter_sgen
697851647e31138,fog/fx_fog_coolant_fall_lg
693a21647df59a8,fog/fx_fog_coolant_fall_md
dc08c4d28933125,fog/fx_fog_coolant_fall_md_short
fa21e3c947ffcdf,fog/fx_fog_coolant_ground_drop_sm
bdd1df3576dc9d6,fog/fx_fog_coolant_ground_drop_sm_wide_rt
4e22c06da4aae1a,fog/fx_fog_coolant_ground_md_slow
d39d5cfbb04e256,fog/fx_fog_coolant_ground_slow
52589fd9774ee99,fog/fx_fog_coolant_ground_sm_slow
77f92e8bbbac914,fog/fx_fog_coolant_ground_sm_slow_lf
71a70e8bb658f1c,fog/fx_fog_coolant_ground_sm_slow_rt
e75f0d6bd88719a,fog/fx_fog_coolant_jet_pallas_sgen
21e89334354cfb2,fog/fx_fog_coolant_leak_lg
21b9a334352b6be,fog/fx_fog_coolant_leak_md
1d08f334312b893,fog/fx_fog_coolant_leak_sm
8a2b4d8b8c4183b,fog/fx_fog_coolant_release_column_sgen
186558e0d1f3f92,fog/fx_fog_coolant_vent_lg
183668e0d1d269e,fog/fx_fog_coolant_vent_md
1385b8e0cdd2873,fog/fx_fog_coolant_vent_sm
a7cffa0da135952,fog/fx_fog_detail_25x25
3f65ecbc5ec67ad,fog/fx_fog_fast_light_blackstation
cf9f0ef8f2ca53c,fog/fx_fog_fast_light_factory_zmb
32a935665d4ff3a,fog/fx_fog_forrest_floor_cover
511fa167e1f0e23,fog/fx_fog_forrest_floor_cover_bright
8fb445fa244753a,fog/fx_fog_garage_veng
66a2bd67dfa1044,fog/fx_fog_green_igc_sgen_timelapse
cf59c8338d2bbe6,fog/fx_fog_ground_100x100
eebaf8630e0b87c,fog/fx_fog_ground_100x100_hvy
600ebca4d751336,fog/fx_fog_ground_200x200
d83ad246f672e16,fog/fx_fog_ground_300x300
4dc90cee9d69933,fog/fx_fog_ground_breeze_vista_roll
3b4cec3e2c1d302,fog/fx_fog_ground_breeze_vista_roll_fast
f00eda0fc71cfb4,fog/fx_fog_ground_fast_300x300_bright
e55316ca5cf00d2,fog/fx_fog_ground_flat_rolling_fast_md
4d78573bcf7bccd,fog/fx_fog_ground_flat_rolling_fast_md_in_sun
affd46246189949,fog/fx_fog_ground_flat_rolling_fast_sm_tri
aa9944c0e19c691,fog/fx_fog_ground_flat_rolling_md
5e091e2ab05d441,fog/fx_fog_ground_flat_rolling_md_1
d5141dd79e8756f,fog/fx_fog_ground_flat_rolling_slow_md
f1c02cb8c1fb8de,fog/fx_fog_ground_flat_rolling_slow_md_in_sun
d732cdd7a053826,fog/fx_fog_ground_flat_rolling_slow_sm
5e5db7ab62f9951,fog/fx_fog_ground_flat_rolling_slow_sm_in_sun
531d24da90caad2,fog/fx_fog_ground_gust_sm
2ac686fa35cf59c,fog/fx_fog_ground_gust_sm_c
abf2ea79a87371c,fog/fx_fog_ground_hvy_200x200
5caa31a5dca9ab5,fog/fx_fog_ground_hvy_wind_200x200
a3e29864670092f,fog/fx_fog_ground_lg
431a507b9ccb1a5,fog/fx_fog_ground_light_sub_ramses
ce13d73344ce996,fog/fx_fog_ground_light_wind_150x150
8f689cdde74c606,fog/fx_fog_ground_lite_md_spire
675685be5ad894a,fog/fx_fog_ground_low_rolling
c0deba9cc05295,fog/fx_fog_ground_low_rolling_in_shadow
537e0fa970f5705,fog/fx_fog_ground_low_rolling_stairs
3bd70d06ded8e3e,fog/fx_fog_ground_low_rolling_stairs_bright
6d9ae582d5a90b2,fog/fx_fog_ground_low_rolling_stairs_dark
72c7415847f0028,fog/fx_fog_ground_low_rolling_stairs_long
1afe3011fac806f,fog/fx_fog_ground_md_spire
4e7a1cf4530af9b,fog/fx_fog_ground_midground_breeze_hvy_lg
5c2f7891c88f09a,fog/fx_fog_ground_oneshot
35e219fd8433738,fog/fx_fog_ground_rolling_150x150
125c2e7c9c497ec,fog/fx_fog_ground_rolling_300x300
7123d78d4462aa9,fog/fx_fog_ground_rolling_fast_150x150
3ec1990f26a8a79,fog/fx_fog_ground_rolling_slow
c56debae104ced1,fog/fx_fog_ground_rolling_slow_thin
9a1a970f23464c,fog/fx_fog_ground_slow_300x300
5150783f3c482c9,fog/fx_fog_ground_slow_300x300_bright
81a84f395e5a1e9,fog/fx_fog_ground_slow_em_lg_doa
64651a50c463f56,fog/fx_fog_ground_slow_newworld
d6221dcae5f24e9,fog/fx_fog_ground_slow_prologue
1cb4cb3c1a691ed,fog/fx_fog_ground_thick_lg
4a3a748b5397771,fog/fx_fog_ground_vista_climb
8c8eb0e66273ce5,fog/fx_fog_ground_vista_lg
2952d2cbb705c6f,fog/fx_fog_ground_vista_roll
4449b596f43bae4,fog/fx_fog_ground_vista_roll_veng_alley
737bd89ed75ce10,fog/fx_fog_ground_white_300x300
d2c04d7d8699333,fog/fx_fog_ground_wind_150x150
3fa5c3807c0a64e,fog/fx_fog_ground_wind_lt_150x150
479681cf7ac5316,fog/fx_fog_ground_wind_lt_sm
8d91a06ebf06368,fog/fx_fog_ground_wisps_lt_sm_slow
f89d19558abb52,fog/fx_fog_ground_wisps_md
abf23cb843ccaa8,fog/fx_fog_hall_rain_gust_hvy_lg
5135f48596a1726,fog/fx_fog_hall_rain_hvy_lg
ba73a4e33121ed7,fog/fx_fog_hanger_prologue
c91442369b70344,fog/fx_fog_hanger_tunnel_prologue
b4990ed7a0b77b8,fog/fx_fog_hanging_bright_in_shadow
7b52a8fba30bb0f,fog/fx_fog_hanging_inside
bf17d304911dd99,fog/fx_fog_hanging_light
1cfa94e18738026,fog/fx_fog_hanging_light_in_shadow
4a0c3a213ab47d,fog/fx_fog_humid_md_slow
ff02a01ecc10c0d,fog/fx_fog_humid_xlg_slow
bcb01a3c1f95cba,fog/fx_fog_int_light_havok
4b10cd9041c82c7,fog/fx_fog_int_slow_havok
63dba5ecaf08002,fog/fx_fog_int_slow_light
53fd7b1770d9242,fog/fx_fog_int_slow_light_lg
4af8b366ba19cec,fog/fx_fog_int_slow_stronghold
927035f7506c36f,fog/fx_fog_jeep_stuck_prologue
5e36a0cf3cde088,fog/fx_fog_lamp_slow
3680f405ab3a724,fog/fx_fog_lamp_slow_ext
a27ebc2bb46841f,fog/fx_fog_lamps_lg
9faf5c2bb1fa732,fog/fx_fog_lamps_sm
d24fa7e9c5f8e18,fog/fx_fog_lamps_thick_sm
ac8b716e198b197,fog/fx_fog_light_lt_apt
4c188adbc59f834,fog/fx_fog_light_lt_apt_sm
84d81b5081dfa71,fog/fx_fog_light_lt_havoc
98a048e40cf4ee2,fog/fx_fog_light_md_apt
2a470b7215d6d58,fog/fx_fog_lightgreen_igc_sgen_timelapse
95285adf36919d7,fog/fx_fog_mist_sinkhole_blackstation
a024f1402dae2d5,fog/fx_fog_pit_lg_apt
2dd937f435c5805,fog/fx_fog_pit_md_apt
bb927b3c4570eba,fog/fx_fog_post_rain_vengeance
f3b9485681cc4c5,fog/fx_fog_robot_horde_prologue
40af1dc6f7d83bd,fog/fx_fog_rolling_sentry_reveal
95edf662daa94b6,fog/fx_fog_sign_light_int
52f6ba14cbd986b,fog/fx_fog_slow_lg_billboard_md
3a87627716bde40,fog/fx_fog_slow_lg_billboard_md_xslow_in_sun
9738249047b1438,fog/fx_fog_slow_lg_billboard_sm_xslow
750011d7449fb13,fog/fx_fog_slow_lg_billboard_sm_xslow_in_sun
c962ce75ab324dc,fog/fx_fog_slow_lg_card_lg
f744efb4842e8fb,fog/fx_fog_slow_md_billboard_md
8a985e22a758e4c,fog/fx_fog_slow_md_card_lg
57ebe4deabb242a,fog/fx_fog_slow_md_card_xlg
eabe6b34e26fc44,fog/fx_fog_slow_sm_billboard_md
4d6f3ad6a596c7d,fog/fx_fog_slow_sm_card_lg
85f8294d890433c,fog/fx_fog_slow_wide_lg_card_lg
8c18c94d8e31e95,fog/fx_fog_slow_wide_lg_card_sm
7f467ec5f649c5b,fog/fx_fog_slow_wide_lg_card_xsm
7c0239ea02aa125,fog/fx_fog_slow_wide_md_card_sm
7185d89fb60b32b,fog/fx_fog_slow_wide_md_card_xsm
17452ec8d97ad98,fog/fx_fog_slow_wide_sm_card_sm
bdca9f4b172cd68,fog/fx_fog_slow_wide_sm_card_xsm
4fd92de279cc98,fog/fx_fog_still_vista_far_md
786904e85c736ab,fog/fx_fog_still_vista_near_md
603b1be97947fca,fog/fx_fog_super_tree_base
b9f384867945760,fog/fx_fog_thick_100x100
fb8bb1de50ed3cc,fog/fx_fog_thick_250x250
beaa5ff4403829d,fog/fx_fog_thick_vista_breeze_climb_xlg
b2e81f89d95cc83,fog/fx_fog_thick_vista_breeze_xlg
5edea4d1f515932,fog/fx_fog_ven_ground_slow_300x300_cafe
5cd168ed219a599,fog/fx_fog_vent_fast_sm
5b84fe7335e5104,fog/fx_fog_water_flat_rolling_fast_lg_tri
d99fa44b5196da0,fog/fx_fog_water_flat_rolling_fast_md_tri
2d64023205f4e41,fog/fx_fog_water_flat_rolling_fast_sm_tri
27cac676fb94b3e,fog/fx_fog_window_chinatown
cc21d70d210e73e,fog/fx_fog_zipline_base_lg_biodomes
bdedefe92e6d8a9,fog/fx_fog_zipline_base_lg_biodomes_in_sun
4ce01d641b12e4c,fog/fx_fog_zipline_lg_biodomes
712985da476ae33,fog/fx_fog_zipline_lg_biodomes_light
fc90e84d2ee7eb8,fog/fx_gas_fall_md
276ddc88b0055a2,fog/fx_gas_fill_infection
84e0217581b8f82,fog/fx_gas_fill_zurich
eb9ff2c131f9bc3,fog/fx_gas_flow_doorway_infection
b3deb59cc71e520,fog/fx_mist_door_blowing
6709c526cb52697,fog/fx_mist_door_blowing_fast
5e340ea39908f8e,fog/fx_mist_ground_fog_biodomes
3abc7998f4b9afa,fog/fx_steam_100x100_fall
1bb48ee7bfd4cbc,fog/fx_steam_100x100_ground
60bde5d884dc79b,fog/fx_steam_100x100_ground_unlit
83ebc170ddb4584,fog/fx_steam_100x100_ground_ven_thick
5cbc0c173d3efa0,fog/fx_steam_50x50
51a04f041be2290,fog/fx_steam_door_vacuum_prologue
416c04d7bab123e,foliage/fx_fol_burgandy_grnd_cover
ad35fe3f793d897,foliage/fx_fol_bush_rattle
5bede116c4251af,foliage/fx_fol_dry_brush_fall_rattle
f54de7b21236561,foliage/fx_fol_dry_brush_ground_rattle
76a7941bd8c0890,foliage/fx_fol_floating_dead_leaves
41ef19a1e71c0bd,foliage/fx_fol_flowers_purple_ethiopia
9dbd6704b36f2c4,foliage/fx_fol_flowers_purple_rattle
761db586b25743d,foliage/fx_fol_flowers_rattle
9a381c58be5ecd0,foliage/fx_fol_flowers_red_ethiopia
96755ca5c9a6479,foliage/fx_fol_flowers_red_rattle
c78c152bca04ed9,foliage/fx_fol_flowers_red_stronghold
bdd99138d188bbe,foliage/fx_fol_flowers_white_ethiopia
97eeac1354a79ff,foliage/fx_fol_flowers_yellow_ethiopia
989c70146de2db6,foliage/fx_fol_flowers_yellow_rattle
19976e3f0bca25d,foliage/fx_fol_flowers_yellow_veiled
2ffe438af457d52,foliage/fx_fol_flowing_dead_leaves
d575484027599e0,foliage/fx_fol_grass_fall_lng_int_windy
c40e97433774d4b,foliage/fx_fol_grass_rattle
6971aec9904011e,foliage/fx_fol_ground_dry_rattle
5e6815cbd4451c3,foliage/fx_fol_ground_orange_rattle
7e17d187b45e400,foliage/fx_fol_ground_rattle
6e24f60574132a7,foliage/fx_fol_ground_rattle_brown
9eee3b1b534cd52,foliage/fx_fol_leaves_fall_lng_int_windy
716e4287119efd1,foliage/fx_fol_leaves_fall_rattle
1d04138a47371ab,foliage/fx_fol_leaves_fall_redwood
3d37f7569ebb5b1,foliage/fx_fol_leaves_fall_stronghold
bfccfbbd9f1c9fd,foliage/fx_fol_leaves_tree_fall_ethiopia
6ea3bb36bf61a77,foliage/fx_fol_leaves_tree_fall_md
6d656b36be59f4e,foliage/fx_fol_leaves_tree_fall_sm
257ef5ab9990e0d,foliage/fx_fol_leaves_tree_havoc
797dfa9a0165625,foliage/fx_fol_leaves_tree_metro
ff9bf0f9dc2a2d6,foliage/fx_fol_leaves_tree_metro_yellow
df675da237091d6,foliage/fx_fol_leaves_tree_veng
77fe9215981d74e,foliage/fx_fol_leaves_tree_wind_veiled
5d36c0ed490606d,foliage/fx_fol_leaves_vine_fall_line_md_wind_sgen
973cb95795d76cc,foliage/fx_fol_leaves_vine_fall_line_sm_wind_sgen
ec584ae6048145e,foliage/fx_fol_leaves_vine_fall_lng_int_sm_nophys
c60d0b5b78afba4,foliage/fx_fol_leaves_vine_fall_lng_line_100
3ca032420da5eb,foliage/fx_fol_leaves_vine_fall_lng_line_100_wind
c013f71ffcd1f41,foliage/fx_fol_leaves_vine_fall_lng_line_40
3587c6f4d320fb8,foliage/fx_fol_leaves_vine_fall_single_int
734ce6e131ca11a,foliage/fx_fol_leaves_vine_ground_wind
b3239096871d3ef,foliage/fx_fol_needles_fall_redwood
36f8ff0fad1a935,foliage/fx_fol_palm_fronds_fall
73159a917bc0d23,foliage/fx_fol_palm_fronds_fall_lg
b12720aaa4305d1,foliage/fx_fol_vine_leaves_fall_wall_md_lf
d2b80b024c1a79f,frost_iceforge/blue_zombie_eyes
13a8c8454ee9e9e,frost_iceforge/green_zombie_eyes
689382d5321685,frost_iceforge/orange_zombie_eyes
62f65264707415f,frost_iceforge/pink_zombie_eyes
151c7b8ef4a1411,frost_iceforge/purple_zombie_eyes
e2e61b27e1e6efe,frost_iceforge/red_zombie_eyes
f8605382a68c190,frost_iceforge/white_zombie_eyes
4222bcca4467936,fx_deployed_shield_destroyed
57f2df3f25b0cc5,fx_ee_apothigod_beam_impact_zod_zmb
8ef744b9bcd56e3,fx_fungus_pod_ambient_lg_zod_zmb
7fd575c01710764,fx_mpd_fire
963c226eb09df61,fx_one_inch_punch_melee
8d3cdbd40d0d9dc,fx_one_inch_punch_orb
8bb627f5f63807b,fx_one_inch_punch_zombie_glow
8fc1891b7be90f8,fx_pack_a_punch_castle_light
c5958811c906a89,fx_pack_a_punch_light
fd0e5fc4b297bdf,harry/blundersplat/fx_blundersplat_blink
ce3b5c8f27c3642,harry/blundersplat/fx_blundersplat_exp
c2f5228b3102cbf,harry/blundersplat/fx_blundersplat_exp_bounce
b15ca7580bb6931,harry/blundersplat/fx_blundersplat_impact
57d47fe49a4d530,harry/blundersplat/fx_blundersplat_muzzleflash
8c5b5ff10391a6e,harry/blundersplat/fx_blundersplat_muzzleflash_3p
98ac8ff10e0826d,harry/blundersplat/fx_blundersplat_muzzleflash_ug
e76a1bd49b533bd,harry/blundersplat/fx_blundersplat_muzzleflash_ug_3p
3c1f50118940c91,harry/blundersplat/fx_blundersplat_trail
bca492e1c1ce734,harry/chaos_box/fx_chaos_box_arrive
45565055b6e73f9,harry/chaos_box/fx_chaos_box_blood_drip
b4a4da8b7949ba0,harry/chaos_box/fx_chaos_box_blood_impact
95d088dacced335,harry/chaos_box/fx_chaos_box_blood_mouth
e60ba26b8d96cf5,harry/chaos_box/fx_chaos_box_closed_glow
a261a161b7c5a64,harry/chaos_box/fx_chaos_box_debris_glow
d7971694f6fbbd5,harry/chaos_box/fx_chaos_box_eye_blue
ff887ea43143dd8,harry/chaos_box/fx_chaos_box_eye_blue_no_lf
fbdc3f708b80dca,harry/chaos_box/fx_chaos_box_leave
cf75da67cbd55fc,harry/chaos_box/fx_chaos_box_leave_end
affe8e2a5ddc75f,harry/chaos_box/fx_chaos_box_lid_drips
9cb562674038a50,harry/chaos_box/fx_chaos_box_lid_glow
cb4af3c75dd415d,harry/chaos_box/fx_chaos_box_marker
9459b64a1d3ae5,harry/chaos_box/fx_chaos_box_open_glow
dbaf6f9189e0f90,harry/chaos_box/fx_chaos_box_skull
f65f389e7d9f08e,harry/claymore/fx_claymore_laser
7dbfed67775aaae,harry/fire_trap/fx_fire_trap_med_loop
e8e61e4c4b555aa,harry/galvaknuckles/fx_taser_knuckles_impact
daf8792920218c1,harry/galvaknuckles/fx_taser_knuckles_impact_blood
3b2dc7ca1a0bdb8,harry/galvaknuckles/fx_taser_knuckles_raise
4acc4ed382cb336,harry/magmagat/fx_magmagat_aoe
1dcabf875a9a28c,harry/magmagat/fx_magmagat_droplets
69ac64a1d2ea5e8,harry/magmagat/fx_magmagat_explode
5ff613e2176eb9d,harry/magmagat/fx_magmagat_impact
bd38c68db3b5403,harry/magmagat/fx_magmagat_impact_decal
fa256107ad85bf,harry/magmagat/fx_magmagat_press_fire
b42e338ed238694,harry/magmagat/fx_magmagat_press_fire_light
6b7a37fa1cd389e,harry/magmagat/fx_magmagat_press_fire_new
29193a7a4798051,harry/magmagat/fx_magmagat_press_sparks
1c5c56a25624299,harry/magmagat/fx_magmagat_press_steam
61104f3bb626669,harry/magmagat/fx_magmagat_press_steam_centre
305bc0c634fec96,harry/magmagat/fx_magmagat_press_steam_sides
ecd99dfb8b2c4cf,harry/magmagat/fx_magmagat_side_sparks
94dd3f8d6c528f9,harry/magmagat/fx_magmagat_trail_bolt
f76194ac36f13bc,harry/motd_mysterybox/fx_motd_marker
668f1633f2f8333,harry/motd_mysterybox/fx_motd_marker_fl
9628e962262fda5,harry/motd_mysterybox/fx_motd_mystery_box_closed_light
40236f4bf2f7788,harry/motd_mysterybox/fx_motd_mystery_box_loop
672b60f2cfbf21,harry/motd_mysterybox/fx_motd_mystery_box_open_light
5303ca3a322304d,harry/motd_mysterybox/fx_motd_mystery_box_pandora
1fef692e6e6d9d,harry/motd_mysterybox/fx_motd_mystery_box_use
448c4395647cf4d,harry/mpd/fx_mpd_fire
83138c354b1bbc1,harry/mpd/fx_mpd_lightning
6d0e7a4456534cb,harry/mpd/fx_mpd_tube
ccb1c47f63030ad,harry/mpd/fx_mpd_tube_glow
f4d130a77589105,harry/one_inch_punch/fx_one_inch_punch_melee
3f04025e0743d30,harry/one_inch_punch/fx_one_inch_punch_orb
edcc572894a56f7,harry/one_inch_punch/fx_one_inch_punch_zombie_glow
a7ad9e262d602b,harry/phd_flopper/fx_phd_flopper_trail
6469bdc94b38f4f,harry/shield/fx_deployed_shield_destroyed
7a13e49cac8303e,harry/sliquifier/fx_sliquifier_aoe
3bc45c5e70ae4b0,harry/sliquifier/fx_sliquifier_explode
e11da6d4ef196c8,harry/sliquifier/fx_sliquifier_impact_aoe_child
d13cf582d68cf,harry/sliquifier/fx_sliquifier_impact_decal_ground
16b447a27521bb3,harry/sliquifier/fx_sliquifier_impact_drop
3b4417a3c1a27eb,harry/sliquifier/fx_sliquifier_muz_1p
ffdaec14ec29f52,harry/sliquifier/fx_sliquifier_muz_gas_flash_1p
b411c11363ce33d,harry/sliquifier/fx_sliquifier_muz_smk_1p
4530b8bfce0ed2c,harry/sliquifier/fx_sliquifier_sizzle
dafe3e6a092d9ca,harry/sliquifier/fx_sliquifier_tracer
87e3f4fc108f2af,harry/tomahawk/fx_tomahawk_charge
bb7c5abc817fc28,harry/tomahawk/fx_tomahawk_charge_ug
5c386a2b818a81a,harry/tomahawk/fx_tomahawk_glow
770863a59cfccbb,harry/tomahawk/fx_tomahawk_glow_ug
8dab32daad76b55,harry/tomahawk/fx_tomahawk_impact
53ea61096d29f22,harry/tomahawk/fx_tomahawk_impact_ug
3462370c7c8611d,harry/tomahawk/fx_tomahawk_trail
a914084b487516,harry/tomahawk/fx_tomahawk_trail_charged
cd02e30e690cea,harry/tomahawk/fx_tomahawk_trail_ug
cc87ac20b4ce1ea,harry/tombstone/fx_tombstone_grave_glow
95d1b88a144458f,harry/vulture_aid/fx_perk_vulture_drops_glow
93bb6142e2e0ba2,harry/vulture_aid/fx_vulture_aid_green_mist
c9c260eb26ec47c,harry/vulture_aid/fx_vulture_aid_powerup_glow_blue
cb2174168955c13,harry/vulture_aid/fx_vulture_aid_powerup_glow_green
2a008d0146fa557,harry/vulture_aid/fx_vulture_aid_powerup_glow_red
f087d58e6ad6238,harry/vulture_aid/fx_vulture_aid_powerup_glow_yellow
e45a783ca815ece,harry/vulture_aid/fx_vulture_aid_waypoint_deadshot_daiquiri
800dfd86106d6be,harry/vulture_aid/fx_vulture_aid_waypoint_double_tap
32a6a0a4ed9536,harry/vulture_aid/fx_vulture_aid_waypoint_electric_cherry
ea26ed2769eb83e,harry/vulture_aid/fx_vulture_aid_waypoint_elemental_pop
c0c00ad6f22b468,harry/vulture_aid/fx_vulture_aid_waypoint_gobble_gum
f9dd8d859256b4f,harry/vulture_aid/fx_vulture_aid_waypoint_juggernog
cec26c6c7beff37,harry/vulture_aid/fx_vulture_aid_waypoint_mule_kick
84ecbd340a3b9c0,harry/vulture_aid/fx_vulture_aid_waypoint_mystery_box
1e581c17056eabb,harry/vulture_aid/fx_vulture_aid_waypoint_pack_a_punch
9f529d4084bcf14,harry/vulture_aid/fx_vulture_aid_waypoint_phd_flopper
d0ededac751938,harry/vulture_aid/fx_vulture_aid_waypoint_quick_revive
435002451f3a715,harry/vulture_aid/fx_vulture_aid_waypoint_rifle
607569e6a98c93e,harry/vulture_aid/fx_vulture_aid_waypoint_skull
214271366d6530c,harry/vulture_aid/fx_vulture_aid_waypoint_speed_cola
5bcfc0304be70ed,harry/vulture_aid/fx_vulture_aid_waypoint_stamin_up
f52f48d28ac4bac,harry/vulture_aid/fx_vulture_aid_waypoint_tombstone
ebd7a618b57d5fb,harry/vulture_aid/fx_vulture_aid_waypoint_vulture_aid
9ca6a99c31fe7ff,harry/vulture_aid/fx_vulture_aid_waypoint_whos_who
d0f5abf8b95e66,harry/vulture_aid/fx_vulture_aid_waypoint_widows_wine
32fc107e7ac4f2b,harry/vulture_aid/fx_vulture_aid_waypoint_wonderfizz
24357a10b31e4a3,harry/whos_who/fx_whos_who_bled_out
106f8dd04b91972,harry/whos_who/fx_whos_who_revived
b5b9edfa4adadd,harry/wonderfizz/fx_wonderfizz_bottle_glow
11dfa486f0c6655,harry/wonderfizz/fx_wonderfizz_sparks
2c8270cc6afcc28,harry/zm_perks/fx_perk_daiquiri
6f82e448481eb9f,harry/zm_perks/fx_perk_daiquiri_light
5f0fe719fbeab68,harry/zm_perks/fx_perk_doubletap
e9e26ea7eb69adf,harry/zm_perks/fx_perk_doubletap_light
4cef20eec78959c,harry/zm_perks/fx_perk_electric_cherry_light
db1396a058398a1,harry/zm_perks/fx_perk_elementalpop_light
28193ce43073ea2,harry/zm_perks/fx_perk_juggernaut
e5b6c53207c9dc1,harry/zm_perks/fx_perk_juggernaut_light
43005907d1f6882,harry/zm_perks/fx_perk_mule_kick
d6a948bbf88f4e1,harry/zm_perks/fx_perk_mule_kick_light
b216fc32d8dd675,harry/zm_perks/fx_perk_phdflopper_light
c18c5f991095953,harry/zm_perks/fx_perk_quick_revive
3a0a2f6411f82a8,harry/zm_perks/fx_perk_quick_revive_light
79997fe74619788,harry/zm_perks/fx_perk_sleight_of_hand
d164a1dedc1d53f,harry/zm_perks/fx_perk_sleight_of_hand_light
232479c0fa64790,harry/zm_perks/fx_perk_stamin_up
5d925e3c5910de7,harry/zm_perks/fx_perk_stamin_up_light
75a4f37c3f4be6,harry/zm_perks/fx_perk_tombstone_light
74a009784e51755,harry/zm_perks/fx_perk_vulture_aid_light
139295d081462af,harry/zm_perks/fx_perk_whos_who_light
c5f733dad4b78b,harry/zm_perks/fx_perk_widows_wine
836ed1f3f24fc40,harry/zm_perks/fx_perk_widows_wine_light
33c6ec911706c10,harry/zm_traps/fx_trap_acid_rain
efbaf760cef426f,harry/zm_traps/fx_trap_acid_rain_impact
1333b1f4d06db29,harry/zm_traps/fx_trap_centrifuge_light
59aa72a4cdd73b5,harry/zm_traps/fx_trap_flinger
4d5646be1502e16,harry/zm_traps/fx_trap_gate_impact
7ee3f91bf4f83ac,hit_fx/fx_shellejects_rifle_hit
efa43bd4922c3d9,hit_fx/fx_shellejects_rifle_resting_hit
4f253d50543a250,hit_fx/fx_shellejects_shotgun_hit
f1c33acef933a55,hit_fx/fx_shellejects_shotgun_resting_hit
4e6ff460f32bab,impacts/fx_ability_rapid_strike_flesh
9d50e17ffb8435d,impacts/fx_ability_rapid_strike_robot
df5b8110228b8a5,impacts/fx_anchor_impact_hndrix_blkstn_igc
5b1a292a50c947b,impacts/fx_anchor_impact_plyr_blkstn_igc
1eef80cd4848905,impacts/fx_body_fall_hit_veng
afc5e7b1eb2f3d0,impacts/fx_bounce_equip_dust
704f51dcbda1163,impacts/fx_bounce_equip_water
618b5463c248896,impacts/fx_bul_impact_armor_body_fatal
fa1425266028adb,impacts/fx_bul_impact_armor_body_fatal_exit
61ba85d86357413,impacts/fx_bul_impact_armor_body_nonfatal
16a556cce8fb8b4,impacts/fx_bul_impact_armor_body_nonfatal_exit
f1f6ba9fb9ace3c,impacts/fx_bul_impact_armor_head_fatal
13794d772b59d99,impacts/fx_bul_impact_armor_head_fatal_exit
dc986e00ac2d9b1,impacts/fx_bul_impact_armor_head_nonfatal
f343db65affbe62,impacts/fx_bul_impact_armor_head_nonfatal_exit
1f397376b81d9ef,impacts/fx_bul_impact_blood_body_fatal
131f579011d1c20,impacts/fx_bul_impact_blood_body_fatal_exit
6625aa55314c5ed,impacts/fx_bul_impact_blood_body_fatal_exit_uw
34562ec25b8cc5e,impacts/fx_bul_impact_blood_body_fatal_exit_zmb
77a297c324504a6,impacts/fx_bul_impact_blood_body_fatal_reverse
857bf41d47ef138,impacts/fx_bul_impact_blood_body_fatal_uw
78305dc2c5de1b1,impacts/fx_bul_impact_blood_body_fatal_zmb
28a3261269ae724,impacts/fx_bul_impact_blood_body_nonfatal
cb8aec83594b921,impacts/fx_bul_impact_blood_body_nonfatal_exit
eb4c5feb40ada9e,impacts/fx_bul_impact_blood_body_nonfatal_exit_uw
5abf6cba47cef8f,impacts/fx_bul_impact_blood_body_nonfatal_exit_zmb
1828697486e3ad1,impacts/fx_bul_impact_blood_body_nonfatal_uw
c076b1035f766d2,impacts/fx_bul_impact_blood_body_nonfatal_zmb
a6c8939fd3f3427,impacts/fx_bul_impact_blood_corpse_fatal
fb95e7a3a01475c,impacts/fx_bul_impact_blood_corpse_nonfatal
f7d12b0d29df7d7,impacts/fx_bul_impact_blood_exit_dark
9a3523dca5d85fd,impacts/fx_bul_impact_blood_head_fatal
5d71c3a3cd5a62e,impacts/fx_bul_impact_blood_head_fatal_exit
74a6ea5931e1a4f,impacts/fx_bul_impact_blood_head_fatal_exit_uw
b3f91590a9a0420,impacts/fx_bul_impact_blood_head_fatal_exit_zmb
799efc3f1140c56,impacts/fx_bul_impact_blood_head_fatal_meat_trail
f82c78914067d3a,impacts/fx_bul_impact_blood_head_fatal_uw
dc1d8ed318e4ffb,impacts/fx_bul_impact_blood_head_fatal_zmb
c5784d3454a0cba,impacts/fx_bul_impact_blood_head_nonfatal
e0458126fbd1c1f,impacts/fx_bul_impact_blood_head_nonfatal_exit
158ae43c2fa4e68,impacts/fx_bul_impact_blood_head_nonfatal_exit_uw
f0a162467a1aea1,impacts/fx_bul_impact_blood_head_nonfatal_exit_zmb
c5639e3f8bddf6b,impacts/fx_bul_impact_blood_head_nonfatal_uw
92fb05f9231f5bc,impacts/fx_bul_impact_blood_head_nonfatal_zmb
432def739066ead,impacts/fx_bul_impact_blood_warlord_head_exit_igc
9a9838bcdc2836d,impacts/fx_bul_impact_blood_warlord_knee_igc
94b628715d14fb1,impacts/fx_bul_impact_blood_warlord_knee_linger_igc
440526c9a6e31de,impacts/fx_bul_impact_blood_warlord_shoulder_igc
e98cb0e0be52531,impacts/fx_bul_impact_body_armor_lg
b35af891deeb706,impacts/fx_bul_impact_boss_body_fatal
4b8335a65c1f48b,impacts/fx_bul_impact_boss_body_fatal_exit
e3f93b14798cde3,impacts/fx_bul_impact_boss_body_nonfatal
de66d6d85437104,impacts/fx_bul_impact_boss_body_nonfatal_exit
ce146d3986d734c,impacts/fx_bul_impact_boss_head_fatal
33b23142184b7a9,impacts/fx_bul_impact_boss_head_fatal_exit
976d38995f82261,impacts/fx_bul_impact_boss_head_nonfatal
64f9fe57a63a952,impacts/fx_bul_impact_boss_head_nonfatal_exit
23d261706bc60a1,impacts/fx_bul_impact_concrete_hero_minigun
7fe7aa9ee15df48,impacts/fx_bul_impact_concrete_lg
84654a9ee535459,impacts/fx_bul_impact_concrete_sm
a018fb4bf0206a7,impacts/fx_bul_impact_concrete_uw_lg
99f89b4beaf321a,impacts/fx_bul_impact_concrete_uw_sm
52be6202e170b2e,impacts/fx_bul_impact_concrete_uw_xsm
37ba9bfca408b2e,impacts/fx_bul_impact_concrete_xlg
f5fb081c8120fd5,impacts/fx_bul_impact_concrete_xlg_vtol_minigun_lotus_loop
6608bcbbc607b0,impacts/fx_bul_impact_concrete_xlg_vtol_minigun_lotus_loop_os
6525305665a0f10,impacts/fx_bul_impact_concrete_xlg_vtol_zipline_lotus
37f9fbfca446307,impacts/fx_bul_impact_concrete_xsm
c06876d0f297776,impacts/fx_bul_impact_concrete_xtreme
9cf5c957867faf5,impacts/fx_bul_impact_default_hero_minigun
2bcc840fc0b3c0c,impacts/fx_bul_impact_default_lg
2b2d240fc02f885,impacts/fx_bul_impact_default_sm
d101fa5cd13ef7b,impacts/fx_bul_impact_default_uw_lg
d35f9a5cd347e26,impacts/fx_bul_impact_default_uw_sm
9e6c56c0c123aea,impacts/fx_bul_impact_default_xlg
9cebb6c0bfd980b,impacts/fx_bul_impact_default_xsm
9743c53e524543a,impacts/fx_bul_impact_default_xtreme
cdef8ee694997a3,impacts/fx_bul_impact_dirt_hero_minigun
d70de1ff8fdeee6,impacts/fx_bul_impact_dirt_lg
daae41ff92f715f,impacts/fx_bul_impact_dirt_sm
90601c442398dc1,impacts/fx_bul_impact_dirt_uw_lg
8e7f7c442207f34,impacts/fx_bul_impact_dirt_uw_sm
ef787c252cafac,impacts/fx_bul_impact_dirt_uw_xsm
d800d54531285a8,impacts/fx_bul_impact_dirt_xlg
dc7e754534ffab9,impacts/fx_bul_impact_dirt_xsm
e9cae4b8720efc4,impacts/fx_bul_impact_dirt_xtreme
1dc313d5ffe2463,impacts/fx_bul_impact_energy_pistol
da54d085bfcb20f,impacts/fx_bul_impact_energy_pistol_entity
5e92c500a517068,impacts/fx_bul_impact_energy_pistol_entity_robot
4c6def0ce0c7f35,impacts/fx_bul_impact_energy_pistol_entity_robot_uw
2e40aa84fb0bf18,impacts/fx_bul_impact_energy_pistol_entity_uw
4f7320e78dcd8c,impacts/fx_bul_impact_energy_pistol_uw
de554543a1c7cef,impacts/fx_bul_impact_energy_pistol_water_surface
899ff4c1ede9b3e,impacts/fx_bul_impact_energy_shotgun
e5ff74e54889fec,impacts/fx_bul_impact_energy_shotgun_entity
174bf04faf09a13,impacts/fx_bul_impact_energy_shotgun_entity_robot
6d44dd2c2e49f0c,impacts/fx_bul_impact_energy_shotgun_entity_robot_ug
91f49f015fbeb59,impacts/fx_bul_impact_energy_shotgun_entity_robot_ug_uw
6d45dd2c2e4ba3c,impacts/fx_bul_impact_energy_shotgun_entity_robot_uw
d0d84f8ecce4fa9,impacts/fx_bul_impact_energy_shotgun_entity_ug
da691a4e1716526,impacts/fx_bul_impact_energy_shotgun_entity_ug_uw
d0d74f8ecce3479,impacts/fx_bul_impact_energy_shotgun_entity_uw
76e73c534e1c1cf,impacts/fx_bul_impact_energy_shotgun_ug
9c2d4ee3a05dcd8,impacts/fx_bul_impact_energy_shotgun_ug_uw
76e63c534e1a69f,impacts/fx_bul_impact_energy_shotgun_uw
f89d35196869e0e,impacts/fx_bul_impact_glass_hero_minigun
327579dbedaa863,impacts/fx_bul_impact_glass_lg
99c5c9cc6672436,impacts/fx_bul_impact_glass_omni_brwn_sm
c18c38f0411108c,impacts/fx_bul_impact_glass_omni_sm
ac5fa0401ccac24,impacts/fx_bul_impact_glass_omni_xsm
316619dbecc462e,impacts/fx_bul_impact_glass_sm
9ca1a8ed0ee9052,impacts/fx_bul_impact_glass_uw_lg
97b208ed0aac633,impacts/fx_bul_impact_glass_uw_sm
157290b15084ce7,impacts/fx_bul_impact_glass_xlg
f4230b14b3c55a,impacts/fx_bul_impact_glass_xsm
bbb4b1e9cdf3569,impacts/fx_bul_impact_glass_xtreme
566f72794f50fad,impacts/fx_bul_impact_gravel_hero_minigun
e9c86d8b0ccbf54,impacts/fx_bul_impact_gravel_lg
e5b80d8b0951e2d,impacts/fx_bul_impact_gravel_sm
893cb61615b7ee3,impacts/fx_bul_impact_gravel_uw_lg
882d561614d1cae,impacts/fx_bul_impact_gravel_uw_sm
7f749343058dd12,impacts/fx_bul_impact_gravel_xlg
7a94f343016c5f3,impacts/fx_bul_impact_gravel_xsm
3bfc0bfb31df67b,impacts/fx_bul_impact_gun_ship_child
3ccaedd5705b6ca,impacts/fx_bul_impact_gun_ship_engines
7b5e8dae54d7809,impacts/fx_bul_impact_gun_ship_trail
7759c5fdd88c512,impacts/fx_bul_impact_heavy_body_fatal
71c2ac454e42597,impacts/fx_bul_impact_heavy_body_fatal_exit
4c6dc6eb6d5929f,impacts/fx_bul_impact_heavy_body_nonfatal
f7007b301e85690,impacts/fx_bul_impact_heavy_body_nonfatal_exit
bb3f9710a6415c8,impacts/fx_bul_impact_heavy_head_fatal
e4b612db9ee3595,impacts/fx_bul_impact_heavy_head_fatal_exit
d7a1fef30941eed,impacts/fx_bul_impact_heavy_head_nonfatal
3535a49b41b3f5e,impacts/fx_bul_impact_heavy_head_nonfatal_exit
80944cd9b786eff,impacts/fx_bul_impact_hero_minigun_core
601a45600de1df,impacts/fx_bul_impact_metal_hero_minigun
47a059549a71d12,impacts/fx_bul_impact_metal_lg
42c0b95496505f3,impacts/fx_bul_impact_metal_sm
3e4a9885ea1f139,impacts/fx_bul_impact_metal_spark_bounce
cc339dc6716e04e,impacts/fx_bul_impact_metal_tower_core_sgen
c0f2d168effa77d,impacts/fx_bul_impact_metal_uw_lg
bd623168ecfd138,impacts/fx_bul_impact_metal_uw_sm
834c154c3d6e988,impacts/fx_bul_impact_metal_uw_xsm
a48e5abebe52b2c,impacts/fx_bul_impact_metal_xlg
e15dce40be8f1ed,impacts/fx_bul_impact_metal_xlg_shield_blkstn_igc
a3eefabebdce7a5,impacts/fx_bul_impact_metal_xsm
4aa718947573110,impacts/fx_bul_impact_metal_xtreme
281a58c959d7e00,impacts/fx_bul_impact_mud_hero_minigun
f610a74bd2396c9,impacts/fx_bul_impact_mud_lg
f0c1074bcdb60fc,impacts/fx_bul_impact_mud_sm
8335e5d015003e1,impacts/fx_bul_impact_mud_xlg
815545d0136f554,impacts/fx_bul_impact_mud_xsm
9cde6727cc7e738,impacts/fx_bul_impact_nailgun_concrete_xsm
ecc6dd79d3c229c,impacts/fx_bul_impact_nailgun_core_xsm
1ffc0e8aa7cf44a,impacts/fx_bul_impact_nailgun_default_xsm
c92c7bc7cd14d56,impacts/fx_bul_impact_nailgun_dirt_xsm
30154979321be3f,impacts/fx_bul_impact_nailgun_glass_xsm
4fa6abe1700a154,impacts/fx_bul_impact_nailgun_gravel_xsm
4c1df799f1e8228,impacts/fx_bul_impact_nailgun_metal_xsm
3eea5398861061,impacts/fx_bul_impact_nailgun_mud_xsm
86f8946c9c5618d,impacts/fx_bul_impact_nailgun_sand_xsm
869e9caf5b41178,impacts/fx_bul_impact_nailgun_snow_xsm
594abe8351a9592,impacts/fx_bul_impact_nailgun_wood_xsm
27893bb3e3ceec2,impacts/fx_bul_impact_prologue
9b7fb95125a540c,impacts/fx_bul_impact_pwr_armor_lg
edba2c4fcaf6b53,impacts/fx_bul_impact_robot_body_fatal
e20d6f45cd443f4,impacts/fx_bul_impact_robot_body_fatal_exit
ceb6b8de42abe28,impacts/fx_bul_impact_robot_body_nonfatal
d537beeeb8b1a35,impacts/fx_bul_impact_robot_body_nonfatal_exit
795dd548a2f4661,impacts/fx_bul_impact_robot_head_fatal
336a418dc9e9552,impacts/fx_bul_impact_robot_head_fatal_exit
f1447088543441e,impacts/fx_bul_impact_robot_head_nonfatal
44ad8307dd8a823,impacts/fx_bul_impact_robot_head_nonfatal_exit
4931c0b954e43b6,impacts/fx_bul_impact_sand_hero_minigun
d6e8929f30e9adb,impacts/fx_bul_impact_sand_lg
d946329f32f2986,impacts/fx_bul_impact_sand_sm
eaed24863f3b95f,impacts/fx_bul_impact_sand_xlg
e82dc4863ce8f72,impacts/fx_bul_impact_sand_xsm
b2ac7087e512642,impacts/fx_bul_impact_shtgun_juiced_ammo
3870ccbca24a8f9,impacts/fx_bul_impact_snow_hero_minigun
7a1fa5dab665750,impacts/fx_bul_impact_snow_lg
7b3045dab74db81,impacts/fx_bul_impact_snow_sm
403902a77a535b6,impacts/fx_bul_impact_snow_xlg
3d0962a7779e64f,impacts/fx_bul_impact_snow_xsm
fe4a0beedad38e,impacts/fx_bul_impact_snow_xtreme
e0096e150933469,impacts/fx_bul_impact_thin_metal_hero_minigun
7e19de89295c760,impacts/fx_bul_impact_thin_metal_lg
785a7e8924779b1,impacts/fx_bul_impact_thin_metal_sm
cf32530b26a50c6,impacts/fx_bul_impact_thin_metal_xlg
d2d2b30b29bd33f,impacts/fx_bul_impact_thin_metal_xsm
b23310163b42c49,impacts/fx_bul_impact_warlord_shield_blkstn_igc
11cc27787e47413,impacts/fx_bul_impact_water_hero_minigun
a0aaa3398efd136,impacts/fx_bul_impact_water_lg
9d7b03398c481cf,impacts/fx_bul_impact_water_sm
2af42ac7d5d73f8,impacts/fx_bul_impact_water_xlg
28a5cac7d3e83e9,impacts/fx_bul_impact_water_xsm
226a9246d2ccfb4,impacts/fx_bul_impact_water_xtreme
a854e7b286ba4f3,impacts/fx_bul_impact_wood_hero_minigun
edbf876c56c71d6,impacts/fx_bul_impact_wood_lg
ea8fe76c541226f,impacts/fx_bul_impact_wood_sm
52571e687720df1,impacts/fx_bul_impact_wood_uw_lg
57367e687b41e44,impacts/fx_bul_impact_wood_uw_sm
95112b86243f2bc,impacts/fx_bul_impact_wood_uw_xsm
ef79ed11521f718,impacts/fx_bul_impact_wood_xlg
ed2b8d115030709,impacts/fx_bul_impact_wood_xsm
83ea02ffaa7d1fc,impacts/fx_clone_impact
e6eb903e5fb1791,impacts/fx_dead_laser_impact
c1f22db5ea8e746,impacts/fx_discgun_impact_blood_fatal
51c38535b81eb62,impacts/fx_discgun_impact_concrete
f22a2735044212,impacts/fx_discgun_impact_default
57c6f3322e27cec,impacts/fx_discgun_impact_dirt
307c1eb25fbabbf,impacts/fx_discgun_impact_glass
1421641add71c80,impacts/fx_discgun_impact_metal
8b5d51d16e6cc45,impacts/fx_discgun_impact_mud
30f199e7c07ee9f,impacts/fx_discgun_impact_sand
9ed539e7f695876,impacts/fx_discgun_impact_snow
42d5d54d2320f5a,impacts/fx_discgun_impact_underwater_default
c2e436c3e9337a4,impacts/fx_discgun_impact_underwater_dirt
15959c13db4d644,impacts/fx_discgun_impact_wood
3e37423c9a6285e,impacts/fx_dome_glass_break_biodome
363b5c4cfbac8e8,impacts/fx_dud_m203
ae35a0efbea3d6b,impacts/fx_falling_hangar_collapse
6df2299822606ae,impacts/fx_falling_hangar_collapse_impact
a9824cd53ce907,impacts/fx_falling_shop_impact_1_lotus
6c1711969f351f1,impacts/fx_falling_shop_impact_3_lotus
4c03ef01c059ca9,impacts/fx_flesh_headpopper_biodome
7f9dec719d955bc,impacts/fx_flesh_hit
35144f277929fbe,impacts/fx_flesh_hit_knife
81407d338dda0d0,impacts/fx_flesh_hit_knife_lg_zmb
4d55f4dfc0455f8,impacts/fx_flesh_hit_knife_noblood
97962df3088cb9a,impacts/fx_flesh_hit_knife_widows_zmb
f4f7d3d49485130,impacts/fx_flesh_hit_knife_zmb
383ebacbe890f0a,impacts/fx_glass_focused_break_sgen
53331d788be2385,impacts/fx_glass_kick_sgen
3680dc994815b10,impacts/fx_glass_shatter_grnd_md
64394a07644616,impacts/fx_hero_impact_grvity_spk_concrete
3f7c54b93356636,impacts/fx_hero_impact_grvity_spk_default
f4710904d2d0dd,impacts/fx_hero_impact_grvity_spk_dust
8b81aaead4ed82a,impacts/fx_hero_impact_grvity_spk_snow
fecd0bde97a31ae,impacts/fx_impact_blast_decal_spawner_lg
6626716a754f9bc,impacts/fx_impact_table_biodomes
865f57f450c5951,impacts/fx_knife_impact_assassination_back
c2b91ae6a5981e7,impacts/fx_laser_impact_default_loop
5b036c24bb78e70,impacts/fx_light_ceiling_impact_dust
328b1cd6ffc20c6,impacts/fx_lightning_gun_impact
1dca459c28526cf,impacts/fx_lightning_gun_impact_sm
533d5b1370da209,impacts/fx_lightning_gun_impact_taunt
818653eb948450a,impacts/fx_lightning_gun_impact_water
1a313155dcc5f57,impacts/fx_melee_impact_shock_baton
1ad863c4efae640,impacts/fx_melee_impact_shock_baton_uw
1e6c655cf41d84c,impacts/fx_object_dirt_impact_md
8f18ca15a8d64ba,impacts/fx_proj_impact_water_lg
94682a15ad593bb,impacts/fx_proj_impact_water_sm
e9d3cfd60bd0428,impacts/fx_punch_mouth_igc_infection
5edc22200d6fd9,impacts/fx_quadtank_trophy_impact
25452efdb936890,impacts/fx_raps_impact_intro_01
ac473babc79b35f,impacts/fx_raps_impact_intro_01_os
45990967144f05f,impacts/fx_rock_impact_crumble
7eb037b93ffba42,impacts/fx_server_room_glass_break_biodome
50333b2814d0e99,impacts/fx_spike_launcher_plant
81530c505302bb9,impacts/fx_truck_impact_dust_md
492c1e4182f58bf,impacts/fx_warlord_breach_glass_biodomes
e3eb8ede7c7894,killstreaks/fx_agr_damage_smoke
db48787012410f1,killstreaks/fx_agr_damage_sparks
c3165ca74df7184,killstreaks/fx_agr_damage_state
8105b7c2766ec7c,killstreaks/fx_agr_drop_box
cb1baff1c0233cc,killstreaks/fx_agr_emp_stun
d3f52fcb9e4c4d3,killstreaks/fx_agr_emp_stun_os
ea69708c7dd0896,killstreaks/fx_agr_explosion
bd7a9909f6c7014,killstreaks/fx_agr_explosion_decal
fa727ff9fae267f,killstreaks/fx_agr_explosion_no_dmg
fb42895177789b2,killstreaks/fx_agr_gun_flash_1p
fae1c95177309a0,killstreaks/fx_agr_gun_flash_3p
ce116cdcbea2c3f,killstreaks/fx_agr_rocket_exp
cbcb459759403fe,killstreaks/fx_agr_rocket_flash_1p
cb6a859758f83ec,killstreaks/fx_agr_rocket_flash_3p
48706067877635c,killstreaks/fx_agr_rocket_trail
26550886e2876c5,killstreaks/fx_agr_vlight
d5bae2ad1c8d0ae,killstreaks/fx_air_drop_marker_gold
c4a5c6dc0a72d3f,killstreaks/fx_air_drop_marker_red
eedac5e82556195,killstreaks/fx_air_drop_marker_white
ed803bdff658e96,killstreaks/fx_care_package_thruster
1228f862397daff,killstreaks/fx_care_package_thruster_dust
925d8a9260ba7c9,killstreaks/fx_cuav_lights
68a68f1311f7ae8,killstreaks/fx_dart_death_exp
aabcbfafa7d8593,killstreaks/fx_dart_thruster
4287b88c83fd728,killstreaks/fx_dart_thruster_sm
609f6120e6e5c27,killstreaks/fx_drgnfire_damage_state
ffd42b756b47a6f,killstreaks/fx_drgnfire_explosion
9f52480c57ffd2d,killstreaks/fx_drgnfire_impact_sparks
65b8aa9a11ace44,killstreaks/fx_drgnfire_light_green_1p
66276a9a120caf6,killstreaks/fx_drgnfire_light_green_3p
43454ccd72b4da6,killstreaks/fx_drgnfire_light_red_3p
61f3716fb1d1cbd,killstreaks/fx_drgnfire_rotor_wash_runner
9f90f9670407483,killstreaks/fx_drone_hunter_lights
dedaf65d8e3230b,killstreaks/fx_ed_lights_green
94881a9c15f323f,killstreaks/fx_ed_lights_red
e30f85cd986e5cc,killstreaks/fx_emp_core
2ab6131bf519139,killstreaks/fx_emp_damage_sparks
ab501ed848cfd3c,killstreaks/fx_emp_damage_sparks_os
78d1dcbef461b77,killstreaks/fx_emp_exp_death
4850d6396813b2e,killstreaks/fx_emp_explosion
f08a03b93370e05,killstreaks/fx_emp_explosion_equip
5bb583b86dd5ffb,killstreaks/fx_gi_robot_exp
c1236cd7c5702b9,killstreaks/fx_hatr_exp
98c2249785cea75,killstreaks/fx_heli_chaff
e675085ad7d8d6e,killstreaks/fx_heli_chaff_flare
8fde0a61a27d4aa,killstreaks/fx_heli_chaff_trail
1ec8c77f20b1632,killstreaks/fx_heli_exp_debri_trail
ec53460f513b73,killstreaks/fx_heli_exp_flak
94fd6c13d7e0d44,killstreaks/fx_heli_exp_lg
94cf3c13d7c08b4,killstreaks/fx_heli_exp_md
97bd0c13da33dfd,killstreaks/fx_heli_exp_sm
3f6556d37fdd605,killstreaks/fx_heli_exp_smk_trail
ddd7f7a47d0b4c5,killstreaks/fx_heli_exp_streamer1
ddd7c7a47d0afac,killstreaks/fx_heli_exp_streamer2
ddd7d7a47d0b15f,killstreaks/fx_heli_exp_streamer3
6edbdef9c9f95ff,killstreaks/fx_heli_raps_exp_lg
6c1c7ef9c7a6c12,killstreaks/fx_heli_raps_exp_sm
74d29ea44abcf9e,killstreaks/fx_heli_raps_exp_trail
36eddeae7db5f3c,killstreaks/fx_heli_smk_trail_engine
c63986525f9e957,killstreaks/fx_heli_smk_trail_engine_33
c74956526085771,killstreaks/fx_heli_smk_trail_engine_66
78e9f7cad3981e0,killstreaks/fx_heli_smk_trail_tail
54038b68fed1c3,killstreaks/fx_hellstorm_trail
e2aceebf886e05b,killstreaks/fx_ls_exhaust_afterburner
5222bb0df3996de,killstreaks/fx_ls_exp_bomb
ed89a8d8c34a871,killstreaks/fx_ls_exp_bomb_tendril_emit
a666f017d8c697d,killstreaks/fx_ls_exp_bomb_tendril_emit_quick
d6ba0ea02ff4c47,killstreaks/fx_ls_trail_bomb
6c5ab17b9773294,killstreaks/fx_mship_burner
b630537273c72ec,killstreaks/fx_mship_burner_mp
f1bf2d51dc4eeb4,killstreaks/fx_mship_death
c82aaf255bdae54,killstreaks/fx_mship_death_exp
f1d44009bb4439b,killstreaks/fx_mship_lights
1eba9105afa6bd2,killstreaks/fx_mship_smk_emit_child
149863f7693585f,killstreaks/fx_mship_smk_emit_child_2
16dfb2a48cbb490,killstreaks/fx_mship_smk_trail_1_mp
9c15425667d247,killstreaks/fx_mship_smk_trail_2_mp
686d14a089ba368,killstreaks/fx_mship_smk_trail_b1
686d44a089ba881,killstreaks/fx_mship_smk_trail_b2
a1e7b0660a65460,killstreaks/fx_mship_tendril_emit
659e9e5a9e2b89c,killstreaks/fx_mship_turret_damage_1
518b046b857159f,killstreaks/fx_predator_exp
404c40f29c60ff9,killstreaks/fx_predator_exp_lg
385f175f22b82be,killstreaks/fx_predator_exp_tendril_emit
218b538f20eabbc,killstreaks/fx_predator_trail
4388638c61a2d6c,killstreaks/fx_predator_trigger
bf5789f5cdba448,killstreaks/fx_raps_lights
f0130699e05d75f,killstreaks/fx_raps_lights_scaled
119a05c66d20cca,killstreaks/fx_rcxd_emp_exp
11ade5c1706ce3,killstreaks/fx_rcxd_exp
a30517b5b061223,killstreaks/fx_rcxd_lights_blinky
b794ac3c1c84a43,killstreaks/fx_rcxd_lights_grn
cc307c3f974b689,killstreaks/fx_rcxd_lights_red
6cc802f9bbe61ad,killstreaks/fx_rcxd_lights_solid
4bbc83f6a954c6,killstreaks/fx_rcxd_rotor_wash
db31dff7dd1138d,killstreaks/fx_rcxd_rotor_wash_rt
2ced897ec80e554,killstreaks/fx_rcxd_treadfx_concrete
d3c6af97b60c6a1,killstreaks/fx_rcxd_treadfx_concrete_child
cbee528091698ce,killstreaks/fx_rcxd_treadfx_dirt
12797bc68ceae3b,killstreaks/fx_rcxd_treadfx_dirt_child
5db7a3d405f32de,killstreaks/fx_rcxd_treadfx_water
dd553f0c0190c2b,killstreaks/fx_rcxd_treadfx_water_child
dc37cdf9f8543ec,killstreaks/fx_rolling_thunder_exp
793a4b7299acebc,killstreaks/fx_rolling_thunder_thruster_trails
5008c5a0854e270,killstreaks/fx_sc_lights_grn
952c35a6e0465e6,killstreaks/fx_sc_lights_red
7f12a8850a85b23,killstreaks/fx_sentinel_disabled_water_1p
fee81b0aad0ce10,killstreaks/fx_sentinel_exp
ab40e641efec97d,killstreaks/fx_sentinel_exp_2
d066ebad8ad5d0c,killstreaks/fx_sentinel_lights
8d202d085cbd32e,killstreaks/fx_sentinel_smoke
1285df10e85e9ce,killstreaks/fx_sentinel_tendril_os
44efc94c4e7e7a7,killstreaks/fx_sentry_damage_state
54c77d1b27c08e0,killstreaks/fx_sentry_death_state
88e675276059702,killstreaks/fx_sentry_disabled_spark
37801e70ad752ec,killstreaks/fx_sentry_disabled_spark_c
50d1e9e092eea3,killstreaks/fx_sentry_emp_stun
39b29d06fb9b5b7,killstreaks/fx_sentry_exp
b8780feddb5f724,killstreaks/fx_sg_damage_state
1359d2b9bf49c59,killstreaks/fx_sg_death_state
a1263dbffaea239,killstreaks/fx_sg_distortion_cone_ash
19653c13044e91a,killstreaks/fx_sg_distortion_cone_ash_sm
5501731ca0d356c,killstreaks/fx_sg_emp_stun
d17717422ff3986,killstreaks/fx_sg_exp
3eda6442a5c1d53,killstreaks/fx_supply_drop_smoke
3e3d8aabbb080d7,killstreaks/fx_uav_bunner
dfbb944551c7c5f,killstreaks/fx_uav_damage_trail
793606e9975c654,killstreaks/fx_uav_exp
98d37bb70385398,killstreaks/fx_uav_lights
5ad5fa219eaa81f,killstreaks/fx_vtol_exhaust_engine
dc40a0386e5cb6d,killstreaks/fx_vtol_exp
91255acc865a9fc,killstreaks/fx_vtol_exp_smoke_trail
dedbfa1570bd549,killstreaks/fx_vtol_exp_smoke_trail_sm
cd78d1a5f80f97,killstreaks/fx_vtol_lights
ee533892820d279,killstreaks/fx_vtol_lights_grn
703cc88bf6acf5f,killstreaks/fx_vtol_lights_red
34be810b7f57d6f,killstreaks/fx_vtol_supply_exhaust_engine
fbef72a1d601e87,killstreaks/fx_vtol_supply_lights
3a1323ffa7f61e3,killstreaks/fx_vtol_thruster
ef45c7e7e6e52a8,lens_flares/fx_lf_zmb_tranzit_bus_headlight
60aee39b534bf5d,lensflares/fx_lensflare_bulb_purple
ec0bbf55f3f7cd0,lensflares/fx_lensflare_bulb_white
ef928b0801f990,lensflares/fx_lensflare_fire_grime
1842620392fb3c5,lensflares/fx_lensflare_fluorescent
c3380807bb2965,lensflares/fx_lensflare_fluorescent_china
35a37b1745e7096,lensflares/fx_lensflare_fluorescent_light_china
66902796c61bbe,lensflares/fx_lensflare_grime01
cde9204360f5ba7,lensflares/fx_lensflare_light_apartments
1b44cbafef28aee,lensflares/fx_lensflare_light_apartments_2
fa5759e99e262be,lensflares/fx_lensflare_light_bulb_basic
522098832a5cbd9,lensflares/fx_lensflare_light_bulb_direction
d0900fe9e6c8423,lensflares/fx_lensflare_light_china
a60261df4b08d51,lensflares/fx_lensflare_light_cool_china
6cc5625d7764f68,lensflares/fx_lensflare_light_cool_china_2
2c3dd9b1a8e2e3f,lensflares/fx_lensflare_light_cool_lg
7d55a54106157a1,lensflares/fx_lensflare_light_cool_spire
3c5b28dbd7bc0bb,lensflares/fx_lensflare_light_cool_xlg
603c8a2da4b27af,lensflares/fx_lensflare_light_glow_metro
d3ee9308ae2c56a,lensflares/fx_lensflare_light_grime_lg
d3afa308adef976,lensflares/fx_lensflare_light_grime_md
b926205f9f42ddf,lensflares/fx_lensflare_light_grime_md_yellow
3f609c3b22a98e9,lensflares/fx_lensflare_light_metro
d1e75698239578c,lensflares/fx_lensflare_light_nani
887a674b78154e1,lensflares/fx_lensflare_light_red_lg
2a722f4d14da622,lensflares/fx_lensflare_light_sector
5d9d937c12d1d8,lensflares/fx_lensflare_light_spot
c7d6eee331e3496,lensflares/fx_lensflare_light_spot_tall
370159b9a274cdf,lensflares/fx_lensflare_light_square
68f132ede4c8417,lensflares/fx_lensflare_light_square_apt
44a8007999230f1,lensflares/fx_lensflare_light_square_havoc
4a054fdbcf36c3b,lensflares/fx_lensflare_light_warm_displaced
1f8d5410c8fedf3,lensflares/fx_lensflare_light_warm_lg
254df410cde5d9e,lensflares/fx_lensflare_light_warm_sm
a89ed08a49b77c4,lensflares/fx_lensflare_light_yellow_lg
d605fdb01b226e,lensflares/fx_lensflare_sentry_prol
22e679c079f94e9,lensflares/fx_lensflare_sniper_glint
401e5da1a3bcd24,lensflares/fx_lensflare_spotlight_bright
dd582caca8da08a,lensflares/fx_lensflare_tower_white_vista
40fd723744993ba,lensflares/fx_lensflare_tranzit_bus
7e193e9905b018,lensflares/fx_lensflare_tranzit_bus2
9e7d14765fa535f,lensflares/fx_lensflare_warm_flicker
65208defc8efc4,lensflares/fx_lf_fire_grime_infection_sarah_talking_head
cbcb18be21ede4d,lensflares/fx_lf_headlights_gen
c58a986ba046af8,lhlaser
6bf5a64b84dc5b1,lhtest
4ec1c252c269d99,lhtest2
1a35a9f8c081fea,light/fx_ability_glow_chest_ravage_core
6425ceaee7254ec,light/fx_ability_glow_vm_hand_ravage_core
ef7de70c2693ba8,light/fx_ability_light_chest_immolation
6c44064f2636801,light/fx_ambient_fire_flashing
86d56930c90085b,light/fx_ambient_welding_flash
d5681e393aa3175,light/fx_bastogne_plasma_hole_volumetric
2aebf2de29dc77e,light/fx_bastogne_plasma_volumetric
87ae796c1e466dc,light/fx_beam_fold_infection
c1cf630365c1b75,light/fx_beam_friendly_flash_in_infection
aac1a9e5f93a251,light/fx_beam_ink_fold_infection
ba6469af232654f,light/fx_beam_marker_kreuger
82411caead4cd50,light/fx_beam_sarah_marker_bright
336f13eb4683112,light/fx_beam_sarah_marker_dim
76183f3b676fc3a,light/fx_beam_training_marker_green
15716baa343958a,light/fx_beam_training_marker_red
6489a795c46945a,light/fx_biodomes_beacon
b9b4335ff723487,light/fx_biodomes_paper_lantern_red_balloon
9e9872be6c51f7f,light/fx_biodomes_paper_lantern_red_flat
a1b45eed3b3685c,light/fx_biodomes_underwater_light
8c3314ac297122b,light/fx_birthofai_plasma_volumetric
e09cd75fa321552,light/fx_blackstation_anchor
1261229b5ef21fa,light/fx_blackstation_lighting_fade
e96bd73dd4bf87e,light/fx_blackstation_lighting_flash
5fb9144e1132087,light/fx_blackstation_pier_lgt
dd696c08505f1aa,light/fx_corvus_chest_light02_zurich_igc
2971c50f1ff4f44,light/fx_corvus_chest_light_zurich_igc
636b65d1dbd4d39,light/fx_corvus_hands_light_zurich_igc
e7c9ccc67e57dcb,light/fx_glow_blink_green_5
577f2112c9e0b89,light/fx_glow_blink_red_10
81cf689294c4eaf,light/fx_glow_blink_red_5
cbb6f6918c7e902,light/fx_glow_blink_tree_01
cbb6e6918c7e74f,light/fx_glow_blink_tree_02
cbb6d6918c7e59c,light/fx_glow_blink_tree_03
cbb6c6918c7e3e9,light/fx_glow_blink_tree_04
cbb6b6918c7e236,light/fx_glow_blink_tree_05
a08b1639ad2f6e2,light/fx_glow_blink_tree_bottom
5def905969a33d6,light/fx_glow_blink_tree_bottom_small
5069ae796ba99a4,light/fx_glow_camera_interview_ramses
9d8b5238854a24c,light/fx_glow_citylight_close_ven_roof
3fd8e90f2620eea,light/fx_glow_citylight_distant_lg
413323eaf68bb8f,light/fx_glow_citylight_fire_lg
bcd37c6f78a9496,light/fx_glow_citylight_med_ven_roof
a886358d9a36713,light/fx_glow_citylight_ven_cafe_interior
d3b127dd1ef5588,light/fx_glow_collectible_blue
6e2cc65c0b0474a,light/fx_glow_collectible_gold
70113395edd59d1,light/fx_glow_collectible_white
537f2c4f5251a30,light/fx_glow_end_igc_zurich
cce1af56e9249c2,light/fx_glow_green_antenna
83eade9daea33ed,light/fx_glow_orb_grow_tank_church_infection
f04c27b634bdf3f,light/fx_glow_orb_shrink_tank_church_infection
bf7a5c77751233,light/fx_glow_quadtank_turret_vent
688eb01eba10f1d,light/fx_glow_robot_control_gen_1_head
dda49a78d7bd9b2,light/fx_glow_robot_control_gen_2_head
c6e7b867e9235f9,light/fx_glow_ven_citylight_fire_lg
2ee7412235dd162,light/fx_glow_ven_entrance_gym_backdrop
2b87ac4655001e1,light/fx_glow_ven_sniper_gym_backdrop
d121217f7c2f768,light/fx_glow_ven_sniper_parking_backdrop
1fe6eab30a6ffe4,light/fx_glow_white_antenna
6867ab2bce28c3c,light/fx_inf_cathedral_lightning
353a357c0bdb369,light/fx_infection_nuke_tree_streaks
8cf9a94eaadec7a,light/fx_infection_nuke_tree_twinkle
aad5b5234a5b600,light/fx_interrogation_transition
753ce3a153a9bef,light/fx_light_amber_alarm
432a14454fcc79b,light/fx_light_ammo_resupply
4f9ad82dc34b170,light/fx_light_barrel_fire_factory_zmb
2a021255beb5db2,light/fx_light_barrel_fire_factory_zmb_strong
8de257b706c1371,light/fx_light_barrel_fire_zod_01
259071a836f3989,light/fx_light_beacon_sat
ebd36bed9de51e6,light/fx_light_beam_thruster_engine
1a19b6bc7d1a98a,light/fx_light_birth_tree_arc_strike
359fcf626f0652a,light/fx_light_blackstation_barge_flicker
fda55b3253a2301,light/fx_light_blackstation_streetlight_2on
5784bb3440f9423,light/fx_light_blackstation_streetlight_4on
fd9bca6d714f41a,light/fx_light_blackstation_streetlight_4on_02
e89410e0f0f8378,light/fx_light_blackstation_streetlight_4on_flicker
25675efc0eef3ee,light/fx_light_blink_com_sq_turq
b0899539c4cd70b,light/fx_light_blink_com_strip_green
abea4612185c63f,light/fx_light_blink_com_strip_red
83858342f7ed439,light/fx_light_blink_fast_wasp_tower
156f7f70c5d3070,light/fx_light_body_glow_warlord
a2e23bce9a92723,light/fx_light_button_green_traincar_zod_zmb
1bac13f46c7169b,light/fx_light_button_red_train_zod_zmb
4fcacda308c954,light/fx_light_button_yellow_traincar_zod_zmb
9ce6f900cf09079,light/fx_light_cabin_siege_flicker_fast_theia
a2a660089deb616,light/fx_light_cabin_siege_flicker_slow_theia
7eff8d544012d41,light/fx_light_cabin_siege_flicker_start_theia
bb97e277d689375,light/fx_light_cabin_siege_theia
50c2a3588d2d42,light/fx_light_cairo_arm01_05
7bc6599867b7975,light/fx_light_cairo_cigarette
bdba1d2039c2671,light/fx_light_cairo_gurney
32a8b13a6579605,light/fx_light_cairo_operating_mobile2
eb4e1611618bc3e,light/fx_light_cairo_operating_mobile_long2
97e0664ed4d7cfd,light/fx_light_candle_blackstation
bab2b0e2e4afe56,light/fx_light_candle_bright_zod
531302f9d669b84,light/fx_light_candle_cathedral
c4ecde8ee5a2477,light/fx_light_candle_church
5f3dd86a1d35bc9,light/fx_light_candle_ramses
d5baf12eb6f0555,light/fx_light_candle_temple
34a057d1cf70f03,light/fx_light_candle_temple_lg
9ef61e1912451d9,light/fx_light_candle_zod
939d5b788b83c2d,light/fx_light_ceiling_fire_factory_zmb
ceb967fdc2fc4ca,light/fx_light_cone_metro_med
6720ca9c8c0b228,light/fx_light_cone_metro_sm
8ee444f34b4ad22,light/fx_light_cone_no_dlight
32c772519db8535,light/fx_light_crane_blackstation
9da0551acc3c30c,light/fx_light_depth_charge
accc236170da4bc,light/fx_light_depth_charge_inactive
2e5560419b9c47b,light/fx_light_depth_charge_warning
df4f94449af7875,light/fx_light_doa_flashlight
532cb93422c95e,light/fx_light_doa_pickup_glow_blue
de2c2a1d02dbd44,light/fx_light_doa_pickup_glow_gold
ec769175099ddd1,light/fx_light_doa_pickup_glow_green
ab0ad5b5f029f4d,light/fx_light_doa_pickup_glow_red
3c275c0a0f634c3,light/fx_light_doa_pickup_glow_white
b4cd871f047ad3f,light/fx_light_drone_hunter_group
482f25a882c604c,light/fx_light_drone_mapper_glow
992d3fa13fb63b8,light/fx_light_drone_mapper_scan
863b23221b3a899,light/fx_light_drone_quadtank_idle
1c3b80722fe8b9a,light/fx_light_dyn_ambient_flicker_blue
c9dab90aafa77f6,light/fx_light_electric_flicker_ramses_theatre
533b21ec1ad4b28,light/fx_light_electric_short_mp_chinatown
8db69e9e4c5e5a8,light/fx_light_elevator_button_biodomes
cad2e89864d28bf,light/fx_light_elevator_exp01
cad2f89864d2a72,light/fx_light_elevator_exp02
7f30e6045be9870,light/fx_light_emergency_flare_red
b85d9ddb7063aa,light/fx_light_emergency_flare_red_ven_small
c0ac7a5a7cee12a,light/fx_light_emergency_flash
785a53a8a8dd885,light/fx_light_emergency_flash_loop
766d3b965aca3f7,light/fx_light_emergency_flash_night
f26e03c1f0dabe7,light/fx_light_emergency_flash_raps_igc_ramses
6f9ff0ab6831f97,light/fx_light_emergency_flash_spot
bed7fe23dd10201,light/fx_light_emergency_red_blackstation
2838ab6a8e05777,light/fx_light_eye_glow_warlord
21bc1544fa74b9f,light/fx_light_eye_robot_54i
431e0ca31d38099,light/fx_light_fire_atrium_lotus
9a94f5b6b6f7c3a,light/fx_light_fire_atrium_lotus_sm
208c1c683995442,light/fx_light_fire_atrium_lotus_spot
8c06474add783b8,light/fx_light_fire_barrel_soft
50c997dc6656b1d,light/fx_light_fire_building_blackstation
2c44b896f68637b,light/fx_light_fire_chest_zombie
fe6dfb31cb4301f,light/fx_light_fire_dist
f62795819716dd1,light/fx_light_fire_doa
56e8c1dc74f566c,light/fx_light_fire_ethiopia
f2a4852be8574fe,light/fx_light_fire_firebreak
5bde0233346bb5c,light/fx_light_fire_flicker_city_barren
9e25c7a8c032023,light/fx_light_fire_flicker_noshad_small
95d3a04b273fde1,light/fx_light_fire_frontend_battery
b3c5d5777d665e0,light/fx_light_fire_havoc
a3079060a7cdb0c,light/fx_light_fire_inf_cath_sm
16cc3b1fef3b4cf,light/fx_light_fire_infection_sarah_battle
9c66611606f78d4,light/fx_light_fire_infection_vtol
7e6f7c0d5e1d5d9,light/fx_light_fire_prol_defend_lg
f7aaa3e1c85f7bb,light/fx_light_fire_prol_tarmac_lg
f9f843e1ca4d366,light/fx_light_fire_prol_tarmac_sm
df69fe6ca072e1d,light/fx_light_fire_prol_tower_sm
f1531a5bd5f360a,light/fx_light_fire_ramses
cfdb776bdbe458c,light/fx_light_fire_ven_barracks_01
cfdba76bdbe4aa5,light/fx_light_fire_ven_barracks_02
2324157b75cbcbd,light/fx_light_fire_xsm
3d0e2fee9c3ee2b,light/fx_light_fireball
735a0549a887539,light/fx_light_firetruck_flash_blue
3403ced660bf95c,light/fx_light_firetruck_flash_blue_runner
654ca986249bfe6,light/fx_light_firetruck_flash_blue_runner_wide
d8da1c62c331f84,light/fx_light_firetruck_flash_front
fddce52c1b31bb7,light/fx_light_firetruck_flash_front_runner
1693f38fa67dc88,light/fx_light_firetruck_flash_red
e364e7c32f58a6b,light/fx_light_firetruck_flash_red_runner
9deb253e23e0e33,light/fx_light_firetruck_flash_red_runner_wide
38e7d3904ea2648,light/fx_light_firetruck_flash_top
b847da6d69fe3e9,light/fx_light_firetruck_spill_blue
9afd3b4c4543758,light/fx_light_firetruck_spill_red
97128eb4e52d98c,light/fx_light_flare_flareup_sgen
f905feb882fb014,light/fx_light_flare_ground
968287193d6fa8,light/fx_light_flare_ground_no_shadows
7c358f41f2654a4,light/fx_light_flare_ground_sgen
f977c871bada473,light/fx_light_flare_moving_sgen
9ee90076347c0d6,light/fx_light_flashing_red_dock_china
1d57cfc6aee683,light/fx_light_flashing_red_factory_zmb
32aa89b32b1ee04,light/fx_light_flashing_red_lg_china
4c4efa6ffad1dfb,light/fx_light_flicker_lamp_blackstation
7749a82e3187271,light/fx_light_flicker_lotus_bathroom
fcc97d80be8d87f,light/fx_light_flickering_hat_light
6b819466fea4af3,light/fx_light_flickering_hat_light_sodium
6f1a8190c699e7a,light/fx_light_flickering_hat_light_sparks
37af86090acca74,light/fx_light_ground_fire_spot_factory_zmb
586321c095c7097,light/fx_light_gunship_frontspot_pair
bb8a07ac6d7d9d4,light/fx_light_gunship_wing_front
e3416ac2f47f348,light/fx_light_headlight_firetruck
cb452f451b5e2cd,light/fx_light_headlight_flickering
a70a6908023185e,light/fx_light_headlight_generic
aad65b316a75be6,light/fx_light_headlight_generic_lo
5d9c752ec9d1180,light/fx_light_headlight_restarting
16afc45daf93111,light/fx_light_headlight_truck_pickup
3ddd41531861a18,light/fx_light_huge_fire_zod
f2fa2a4ea87def7,light/fx_light_humanlabdeath_flashlight
f65641a377c64b8,light/fx_light_igc_exp_gettofreeway_ramses2
ee5fe275c095758,light/fx_light_infection_sarah_blue
86a53edfddce22c,light/fx_light_infection_vtol_blinking
212d5ee652f86d1,light/fx_light_insanity_elemental_01
30b05856ed8774a,light/fx_light_jet_beacon
7509b54b57a61fe,light/fx_light_jet_belly
3baf3725258a2e9,light/fx_light_jet_landing
cdfb5c6763a6503,light/fx_light_jet_wing_left
147efbfbb51998c,light/fx_light_jet_wing_right
12eaf69b8400030,light/fx_light_jet_wingstrobe
5dd943722505131,light/fx_light_landingspot_vtol_array
8a57e4577280eb3,light/fx_light_landingspot_vtol_dropship
fda507d7c711c90,light/fx_light_landingspot_vtol_dropship_bright
a5812c750177d6e,light/fx_light_lantern_blackstation
d46f7773ff8dec5,light/fx_light_lantern_factory_higher_zmb
f215a08cc37cc89,light/fx_light_lantern_factory_zmb
d6b5c8dacbd4b9f,light/fx_light_lantern_factory_zmb_spot_2
d6b5b8dacbd49ec,light/fx_light_lantern_factory_zmb_spot_3
d6b5a8dacbd4839,light/fx_light_lantern_factory_zmb_spot_4
a600a7773c3cf07,light/fx_light_lightning_test_distant
80d426d5e1d11d6,light/fx_light_lotus_oh_flicker
ebf03ff65355ff7,light/fx_light_mobile_armory
9326e0a65393dc2,light/fx_light_monkey_pod_idle
fb500cae897d475,light/fx_light_mp_banzai_candle
a4b96a11c007808,light/fx_light_mp_banzai_candle_02
307c94b7040775f,light/fx_light_mp_fireplace_01
538bb6787cd1bd4,light/fx_light_mp_infection_candles
52105696d18c26a,light/fx_light_mp_infection_lantern
b32d50a82983c0d,light/fx_light_mp_infection_lantern_02
6c9bfc64eec5cb1,light/fx_light_mp_infection_lantern_near
3c4ac80cea9e5d4,light/fx_light_mp_infection_lantern_near_02
574f298f88b255b,light/fx_light_mp_metro_monitor_set
bdb715d73e5a081,light/fx_light_mp_metro_panel_flash_01
30ea60d685cb1f0,light/fx_light_mp_metro_panel_flash_01_spill
bdb6e5d73e59b68,light/fx_light_mp_metro_panel_flash_02
bdb6f5d73e59d1b,light/fx_light_mp_metro_panel_flash_03
a2c6fcfa57e5eeb,light/fx_light_pap_key
15c48693155aba5,light/fx_light_pap_key_on
7095a322f799159,light/fx_light_police_car_01
de88b7f361321d5,light/fx_light_police_car_02_cin
792524f7c6fef1,light/fx_light_prol_emerg_flash_attach
d18774ebc527101,light/fx_light_prol_emerg_flash_ctltower_fast
4cb6d8c69cceecd,light/fx_light_prol_emergency_flash_sm
add61f9d1a70dcf,light/fx_light_prol_emergency_flash_sm_nofl
d94fdc3a64da05a,light/fx_light_prol_emergency_flash_wide
d115bf9abaaa830,light/fx_light_prol_floorinset_flicker
eb5fbf7b3fc30ff,light/fx_light_prol_pulse_slow_red
bb7bdba9aba161d,light/fx_light_prol_sputter_topspot
bbc4c9e8dbdd2fa,light/fx_light_prol_sputter_wallspot
8ce0808c312b813,light/fx_light_punchapunch_tubes
a6fdc471499b8a9,light/fx_light_quadtank_headlights
83a1e0b8e8f7218,light/fx_light_quadtank_headlights_low
aa11f031ad374ff,light/fx_light_quadtank_mlrs_turret
54fa6aa0685ff7c,light/fx_light_quadtank_turret
b3db78f92908e85,light/fx_light_ray_lg_thin_soft_lg_veiled
51bdcb103f70b63,light/fx_light_ray_lg_thin_soft_veiled
9c8e3b6f35b8261,light/fx_light_ray_lg_veng
5db76505e393f49,light/fx_light_ray_work_light
4383c749c1649c9,light/fx_light_ray_xlg_thin_soft_veiled
8d4bcf3682fa0bf,light/fx_light_red flash_sml_sector
be484c62eeae1fe,light/fx_light_red_lantern_blackstation
97a7fc263e8b63c,light/fx_light_red_spike_charge_os
4e2938cbf856e57,light/fx_light_red_train_track_warning
1a45a27c359a97,light/fx_light_robot_horde_fog_light
543fbc65a656a83,light/fx_light_robot_set_base
6c355d2e51adf7a,light/fx_light_robot_set_base_blink
911deba03df78a,light/fx_light_robot_set_base_blink_lg
6d1d55dddf812bd,light/fx_light_robot_set_base_lg
68072fe634841,light/fx_light_robot_set_blink_lg_yellow
99999d14f95c3da,light/fx_light_robot_set_blink_xlg_red
4d512b39483f47f,light/fx_light_robot_set_blink_xlg_yellow
2c5fc8694dabb4d,light/fx_light_robot_set_blink_yellow
cc4655c9eaa8b4,light/fx_light_robot_set_lg_yellow
621b74bc87fdbe6,light/fx_light_robot_set_yellow
2b6a6b821404f55,light/fx_light_sat_relay_yellow
f6f2f481feb3e71,light/fx_light_search_spectre
2cd4795e7b97959,light/fx_light_search_spectre_back
df893033cc846a6,light/fx_light_sgen_dayroom2_flicker
83539abd883e954,light/fx_light_sgen_dayroom_rectangle_flicker
cb804cf29e5b91a,light/fx_light_sgen_deconroom
dfa78222ba564db,light/fx_light_sgen_deconroom_v2
7a0ff9e52ac0431,light/fx_light_sgen_dniroom_flicker
582ffe67c040d54,light/fx_light_sgen_monkeylab
354c29817cf0136,light/fx_light_sgen_silo_flicker
84c2bf2d452681d,light/fx_light_siegebot_int_panel
25b8688907f0297,light/fx_light_siegebot_int_roof
edc2e8917093d11,light/fx_light_siegebot_spotlight
5090cd291f44300,light/fx_light_spark_chest_zombie
d12cd47041690d4,light/fx_light_spark_chest_zombie_optim
6c7d9a5f0c5df63,light/fx_light_sparking_prol
c6868e541550f94,light/fx_light_spot_siege_theia
3395fcd22c8246b,light/fx_light_sputter_green
6a4f331048239e6,light/fx_light_taillight_generic
f520fc0ef472454,light/fx_light_tmilitary_03_tablet
4aa09b27ba0420b,light/fx_light_tmilitary_03warm_tablet
359dcbf309ecd2b,light/fx_light_troops_doortop
dc2faf4ac977bb1,light/fx_light_troops_int
958f277b921a0a3,light/fx_light_tube_heat_distort
96f9f0e5efcc63b,light/fx_light_turnsig_apc_china
470914094ec48aa,light/fx_light_turnsig_apc_rear_china
335a85ae87fedee,light/fx_light_turret_auto
eb9c04a1e17554f,light/fx_light_turret_sentry_spot
e8a8cf6a5a46ca2,light/fx_light_veh_amws
f13753d22b8de6f,light/fx_light_veh_amws_single
e95220b71a53e8e,light/fx_light_veh_pamws
698d84a3ee37135,light/fx_light_veh_wasp
abe50302902d6f6,light/fx_light_veh_wasp_rocket
6f2be1c43c43b10,light/fx_light_ven_apt_fire
58221cb6aa7fdf,light/fx_light_ven_apt_fire_02
c32a94ab4b354c1,light/fx_light_ven_emergency_red
c5da75473c55ce4,light/fx_light_ven_emergency_red_02
847889d4a611094,light/fx_light_ven_fire_quadbattle
e938f985943a001,light/fx_light_ven_fire_strip
121500e3d79b2c5,light/fx_light_ven_lamp_flicker_01
a79806f9e9389f,light/fx_light_ven_office_flicker_01
3a1fa32362fe3d3,light/fx_light_ven_quadbattle_pulse
9214c1238e765ca,light/fx_light_ven_quadbattle_pulse_02
9214d1238e7677d,light/fx_light_ven_quadbattle_pulse_03
921461238e75b98,light/fx_light_ven_quadbattle_pulse_04
d195db9dcebe98,light/fx_light_ven_safehouse_fire_03
d19cdb9dceca7d,light/fx_light_ven_safehouse_fire_04
d19bdb9dcec8ca,light/fx_light_ven_safehouse_fire_05
6f74c76cca05023,light/fx_light_ven_sign_pulse_01
8c28ac80c0f3fe8,light/fx_light_ven_temple_blink_md
f68bfd602522b0a,light/fx_light_ven_temple_fire_lg
7b7a83fdee4d410,light/fx_light_ven_truck_hazzard
3697e33cd97facc,light/fx_light_vtol_beacon
5ad810459f1259c,light/fx_light_vtol_cockpit_spill
3401afb47fee044,light/fx_light_vtol_tail_array
9e64ea16c7819dd,light/fx_light_vtol_wing_left
91496fa2b963216,light/fx_light_vtol_wing_right
bc1d0f2e151f5fe,light/fx_light_vtol_wingstrobe
b408cccf0e37deb,light/fx_light_window_fire
1b2a199498ac3a1,light/fx_light_yellow_flicker
d4c2a77f6ca52c9,light/fx_light_yellow_flicker2
88e939f1891b88e,light/fx_light_zm_crane_light
50ba60ba24b1d08,light/fx_light_zm_fire_omni_1
de85dc4c5a2a628,light/fx_light_zm_fire_omni_10
de85ec4c5a2a7db,light/fx_light_zm_fire_omni_11
de85fc4c5a2a98e,light/fx_light_zm_fire_omni_12
de860c4c5a2ab41,light/fx_light_zm_fire_omni_13
50ba90ba24b2221,light/fx_light_zm_fire_omni_2
50ba80ba24b206e,light/fx_light_zm_fire_omni_3
50bab0ba24b2587,light/fx_light_zm_fire_omni_4
50baa0ba24b23d4,light/fx_light_zm_fire_omni_5
50bad0ba24b28ed,light/fx_light_zm_fire_omni_6
50bac0ba24b273a,light/fx_light_zm_fire_omni_7
50b9f0ba24b1123,light/fx_light_zm_fire_omni_8
50b9e0ba24b0f70,light/fx_light_zm_fire_omni_9
7a2b515bb526b1d,light/fx_light_zm_fire_spot_1
be4e0ed4d0c1d77,light/fx_light_zm_fire_spot_10
be4dfed4d0c1bc4,light/fx_light_zm_fire_spot_11
be4e2ed4d0c20dd,light/fx_light_zm_fire_spot_12
be4e1ed4d0c1f2a,light/fx_light_zm_fire_spot_13
be4dced4d0c16ab,light/fx_light_zm_fire_spot_14
be4dbed4d0c14f8,light/fx_light_zm_fire_spot_15
be4deed4d0c1a11,light/fx_light_zm_fire_spot_16
be4dded4d0c185e,light/fx_light_zm_fire_spot_17
be4d8ed4d0c0fdf,light/fx_light_zm_fire_spot_18
be4d7ed4d0c0e2c,light/fx_light_zm_fire_spot_19
7a2b215bb526604,light/fx_light_zm_fire_spot_2
bdaceed4d03aa5c,light/fx_light_zm_fire_spot_20
bdacfed4d03ac0f,light/fx_light_zm_fire_spot_21
bdad0ed4d03adc2,light/fx_light_zm_fire_spot_22
bdad1ed4d03af75,light/fx_light_zm_fire_spot_23
bdacaed4d03a390,light/fx_light_zm_fire_spot_24
bdacbed4d03a543,light/fx_light_zm_fire_spot_25
7a2b315bb5267b7,light/fx_light_zm_fire_spot_3
7a2b015bb52629e,light/fx_light_zm_fire_spot_4
7a2ae15bb525f38,light/fx_light_zm_fire_spot_6
7a2af15bb5260eb,light/fx_light_zm_fire_spot_7
7a2ac15bb525bd2,light/fx_light_zm_fire_spot_8
7a2ad15bb525d85,light/fx_light_zm_fire_spot_9
57760c585112468,light/fx_light_zm_freighter_green
80516b5502d2cf,light/fx_light_zm_furnace_flicker
cdd566173cc83e7,light/fx_light_zm_furnace_flicker2
bd35da9476d6022,light/fx_light_zm_tomb_robot_foot
2321edf0ec5a95b,light/fx_light_zm_tomb_spot_gen_piston_blue
a9b84fa311f7b5,light/fx_light_zm_tomb_spot_gen_vat_blue_pulse
ab78d3d69a4a6b6,light/fx_light_zod_portal_on
a087960fc03cbbc,light/fx_light_zod_shadowman_appear
9a44b37edbdec6b,light/fx_lightning_dock_01
66d10374fea680d,light/fx_lightning_flash_loop
b1d7a1eaacb20fd,light/fx_lightning_test_small_2
b9eba1eab3908a7,light/fx_lightning_test_smaller
1905bb23d2b61ea,light/fx_lotus2_emergency_red
4db172bbf65785,light/fx_lotus_emergency_flash
f0a33a9b2891d6f,light/fx_muzl_flash_hendricks_blkstn_igc
5cf7bcd5f51e5ad,light/fx_newworld_subway_electrical_flicker
2f06a0dadf24b4f,light/fx_newworld_subway_electrical_flicker02
2f0690dadf2499c,light/fx_newworld_subway_electrical_flicker03
474a479528c7f45,light/fx_newworld_trainshadows
6a81aae8150ed5c,light/fx_omni_frontend_cp_flicker
ffb5948527f0ca8,light/fx_omni_frontend_cp_flicker_red
c1b0afbed4fbadc,light/fx_omni_frontend_cp_flicker_warm
3b69a8b3bba8b90,light/fx_omni_low_sh_cairo
ceec76ad7928909,light/fx_sgen_emergency_blueflash
6d59067fab40fec,light/fx_sgen_emergency_blueflash_long
8616f9e96184971,light/fx_sgen_emergency_blueflash_small
8aba1ad31222dcc,light/fx_sgen_emergency_whiteflash
b866ee986af5d6d,light/fx_sgen_emergency_whiteflash_shadow
211bec3f8ffa00,light/fx_sgen_emergency_whiteflash_small
ccc941f31030a42,light/fx_sgen_light_floor_chargingstation
403650ca3d768ae,light/fx_sgen_light_floorflash
9b22bd87609023c,light/fx_sgen_light_lowflicker
76963324e7ddbfa,light/fx_sgen_light_roofflash
b7f3e1390279702,light/fx_sgen_operatingtable
3333834da493eb9,light/fx_sgen_scannerlight
77d4d915b64392d,light/fx_sgen_scannerlight_xcam
97618bbff985ed3,light/fx_sh_cairo_gunrack_slide
32f0fdf90da8747,light/fx_sh_cairo_lamp_bunk_omni
9273a2e4a03fb4b,light/fx_spot_emergency_red_300
35898fea29040c1,light/fx_spot_low_factory_zmb
c6b6e735f9dbf2e,light/fx_sprite_lotus_redflare
c5db21b54343a2a,light/fx_temp_glow_cookie_crumb_sgen
7e4148a15942a35,light/fx_underwater_led_flash
33bbf0159e194c8,light/fx_underwater_led_flash_02
33bc00159e1967b,light/fx_underwater_led_flash_03
ae033cac5ee9bfa,light/fx_zurich_emergency_whiteflash
cffd2faab18c7ab,light/fx_zurich_emergency_whiteflash_right
ae93fdab8834d79,lighthouse
5cf89ac180f0223,lihgt_zombie_damage_fx
c29270f134b88b9,madgaz/wunderfizz_2/fx_perk_madgaz_wunderfizz_finish
73441ad3072a66d,madgaz/wunderfizz_2/fx_perk_madgaz_wunderfizz_in_use
d9f71a5f1e32c32,madgaz/wunderfizz_2/fx_perk_madgaz_wunderfizz_light
55104e057ba325f,maps/ber2/fx_smk_plume_xlg_slow_blk_w
9b2b44b373d6071,maps/ber2/fx_smoke_fill_indoor
ad349a395a84f20,maps/mp_maps/fx_mp_fire_rubble_small_column
f3e4463041c166d,maps/mp_maps/fx_mp_fire_rubble_small_column_smldr
95fc546f9eaa6c6,maps/mp_maps/fx_mp_fire_tree_trunk
38c3a8655ffad0c,maps/mp_maps/fx_mp_flies_carcass
d2f48a53a77b3a1,maps/mp_maps/fx_mp_insect_swarm
a1c83d52995bfc,maps/mp_maps/fx_mp_insects_lantern
840109213b15feb,maps/mp_maps/fx_mp_magma_splat01
840119213b1619e,maps/mp_maps/fx_mp_magma_splat02
56ecab0888c0046,maps/mp_maps/fx_mp_magma_splat_sky_lg
fbec8434199d79c,maps/mp_maps/fx_mp_smoke_column_tall
26ee22e581454da,maps/mp_maps/fx_mp_smoke_fire_column_short
30c4f0ec86e3775,maps/mp_maps/fx_mp_water_drip
55670c95a560aa3,maps/mp_maps/fx_mp_water_drips_hvy_long
aa6391414281f5c,maps/mp_maps/fx_mp_water_spill
cf4671e85134a77,maps/mp_maps/fx_mp_water_spill_long
319fb5912bd2112,maps/mp_maps/fx_mp_water_spill_splash
8ad274212edec2,maps/mp_maps/fx_mp_water_spill_splatter
355297685e58bd5,maps/mp_maps/fx_mp_water_splash_small
aa343e34c1ea95c,maps/zombie/fx_dust_ceiling_impact_lg_mdbrown
27cfc6e0923ebd,maps/zombie/fx_zm_asylum_fire_lg
2af2c6e094b00d,maps/zombie/fx_zm_asylum_fire_md
fedc5c6e060b578,maps/zombie/fx_zm_asylum_fire_sm
a80855d0827964,maps/zombie/fx_zm_asylum_fire_tree
e6ad57e0be0fd87,maps/zombie/fx_zm_asylum_godray_md
39f49c0284866f6,maps/zombie/fx_zm_asylum_ray_fire
b8d5edf4523c764,maps/zombie/fx_zm_asylum_ray_fire_thin
2eddbc7794ef0b8,maps/zombie/fx_zm_asylum_water_leak
e451f9100c9786,maps/zombie/fx_zm_proto_fire_detail
ee5e969bf4a3d50,maps/zombie/fx_zm_swamp_light_glow_green
daf5f8cbef22d,maps/zombie/fx_zmb_tranzit_bus_brakelights
318d8504c637639,maps/zombie/fx_zmb_tranzit_bus_fire_driving
e2d2a5693590f05,maps/zombie/fx_zmb_tranzit_bus_flashing_lights
2b103c662c9f1f5,maps/zombie/fx_zmb_tranzit_bus_fog_intersect
5fa5304b5e27eb0,maps/zombie/fx_zmb_tranzit_bus_hatch_bust
bd414e8ec4f5605,maps/zombie/fx_zmb_tranzit_bus_headlight
ec462b596bbf661,maps/zombie/fx_zmb_tranzit_bus_headlight_wtf
1ff4040daf7808e,maps/zombie/fx_zmb_tranzit_bus_turnsignal_left
350e67692e5f303,maps/zombie/fx_zmb_tranzit_bus_turnsignal_right
bb8898fe0dd3069,maps/zombie/fx_zombie_body_wtr_billow_smpf
4bfd88d2b89a6ec,maps/zombie/fx_zombie_body_wtr_burst_smpf
893bd70011c8d7c,maps/zombie/fx_zombie_body_wtr_falling
dfd08a7991f08b4,maps/zombie/fx_zombie_debris_removal
67bd76067730879,maps/zombie/fx_zombie_elec_trail_oneshot
ba7de462864708d,maps/zombie/fx_zombie_factory_marker
df14755b818b7b4,maps/zombie/fx_zombie_factory_marker_fl
86a23357d009405,maps/zombie/fx_zombie_lght_marker_hut1
9d33e99c0379baa,maps/zombie/fx_zombie_light_elec_room_on
e8cc7a60395e4e0,maps/zombie/fx_zombie_light_glow_green
a864b7a5b80f620,maps/zombie/fx_zombie_light_glow_red
6e5fccd000125f6,maps/zombie/fx_zombie_theater_lightboard_green
f181e2dc9a1ed56,maps/zombie/fx_zombie_theater_lightboard_red
8e68b766c81bbec,maps/zombie/fx_zombie_theater_projector_beam
ff4939da28f1e5d,maps/zombie/fx_zombie_theater_screen_0
ff4929da28f1caa,maps/zombie/fx_zombie_theater_screen_1
ff4919da28f1af7,maps/zombie/fx_zombie_theater_screen_2
ff4909da28f1944,maps/zombie/fx_zombie_theater_screen_3
f92fc6e2c44d120,maps/zombie_tomb/fx_tomb_capture_exhaust_back
b10eb35eddbd7d7,maps/zombie_tomb/fx_tomb_capture_progression
a54284b94321b64,maps/zombie_tomb/fx_tomb_mech_dmg_sparks
591a38f8a6a881a,maps/zombie_tomb/fx_tomb_mech_dmg_steam
2c49d0039a8c0b7,maps/zombie_tomb/fx_tomb_mech_jump_landing
76d90694f2512dc,maps/zombie_tomb/fx_tomb_player_weather_rain
dedaa9939e04496,misc/fx_purple_crystal
efdd55a4efc914,misc/fx_zombie_bloodsplat
7837c56153a5860,misc/fx_zombie_bloodspurt
cffeaac2f8c86eb,misc/fx_zombie_elec_gen_idle
8eb5cb884591948,misc/fx_zombie_elec_gen_on
285e8b73c1a455a,misc/fx_zombie_eye_single
1face090c212589,misc/fx_zombie_grain_cloud
e8a6c65421c388e,misc/fx_zombie_perk_lottery
429e40f0e885815,misc/fx_zombie_perk_lottery_4
e0e130bdb4f84eb,misc/fx_zombie_zapper_powerbox_on
102da3457c504e9,pcf2efx/portal_projectile__muzzle_portalgun_sfm
ef97748c49a6f05,pcf2efx/portal_projectile__portal_1_projectile_3rdperson
fe641003db693b8,pcf2efx/portal_projectile__portal_1_projectile_ball
2670bf6eb15289,pcf2efx/portal_projectile__portal_1_projectile_ball_3rdperson
1e805fb0872e5fd,pcf2efx/portal_projectile__portal_1_projectile_fiber
5d95a68421f98c1,pcf2efx/portal_projectile__portal_1_projectile_stream
51a8af0efde919c,pcf2efx/portal_projectile__portal_1_projectile_stream_pedestal
4e10e539e5ab6da,pcf2efx/portal_projectile__portal_1_success
5942fd621b63d6a,pcf2efx/portal_projectile__portal_2_projectile_3rdperson
ea3ca5b01794b9d,pcf2efx/portal_projectile__portal_2_projectile_ball
986002772b8a28c,pcf2efx/portal_projectile__portal_2_projectile_ball_3rdperson
b6713deb23824ca,pcf2efx/portal_projectile__portal_2_projectile_fiber
bc997c807c2f48,pcf2efx/portal_projectile__portal_2_projectile_stream
9d1cc84202cf0cb,pcf2efx/portal_projectile__portal_2_projectile_stream_pedestal
587368f70668153,pcf2efx/portal_projectile__portal_2_success
81c85f4da3cbad9,pcf2efx/portal_projectile__portal_badsurface
c1d1d84156b5670,pcf2efx/portal_projectile__portal_badsurface_fallback
36b8e3325745838,pcf2efx/portal_projectile__portal_projectile_ball
b2eb37acfe7cb7d,pcf2efx/portal_projectile__portal_projectile_fiber
dd7aa882dc19141,pcf2efx/portal_projectile__portal_projectile_stream
83a84a31624eb5a,pcf2efx/portal_projectile__portal_success
fbd6dc1fcad571,pcf2efx/portal_projectile__portal_weapon_cleanser
ba7de48d058ed35,pcf2efx/portal_projectile__portal_weapon_cleanser_fibers
ddd8ba8c6a9e487,pcf2efx/portal_projectile__portal_weapon_cleanser_glow
89d130c048bf84f,player/fx_ai_corvus_arm_left_loop
d6a5ece1913b218,player/fx_ai_corvus_arm_right_loop
f1b4d3cf9f41c5f,player/fx_ai_corvus_head_loop
f8de846566c8950,player/fx_ai_corvus_hip_left_loop
40e9ef7496c24f5,player/fx_ai_corvus_hip_right_loop
cd438d95620e14d,player/fx_ai_corvus_leg_left_loop
fa908ffdb7b8eae,player/fx_ai_corvus_leg_right_loop
7862fb3a7a08990,player/fx_ai_corvus_torso_loop
25a86c1e4fc13e9,player/fx_ai_corvus_waist_loop
225a14c222cdb1c,player/fx_ai_dni_rez_in
704eda7f3e85539,player/fx_ai_dni_rez_in_arm_left_clean
4b19c8e12facca0,player/fx_ai_dni_rez_in_arm_left_dirty
981cd0853ff8166,player/fx_ai_dni_rez_in_arm_right_clean
8c5750887b3dbe3,player/fx_ai_dni_rez_in_arm_right_dirty
6653574b590c821,player/fx_ai_dni_rez_in_head_clean
391a6723a27b668,player/fx_ai_dni_rez_in_head_dirty
bcf817809dd37e3,player/fx_ai_dni_rez_in_hero_clean
b98f81fc6eb2970,player/fx_ai_dni_rez_in_hip_left_clean
347a036b361e769,player/fx_ai_dni_rez_in_hip_left_dirty
a3ef0fb2bfee245,player/fx_ai_dni_rez_in_hip_right_clean
8b468e4dd57f864,player/fx_ai_dni_rez_in_hip_right_dirty
6bd224487cf1663,player/fx_ai_dni_rez_in_leg_left_clean
e60e1777ece4616,player/fx_ai_dni_rez_in_leg_left_dirty
efa3112fc076a0,player/fx_ai_dni_rez_in_leg_right_clean
58e4b278104b5b9,player/fx_ai_dni_rez_in_leg_right_dirty
89779c70f7115be,player/fx_ai_dni_rez_in_torso_clean
ae001cb8d0e3cfb,player/fx_ai_dni_rez_in_torso_dirty
c1fecc9ccb76269,player/fx_ai_dni_rez_in_waist_clean
94b5dc7514c9db0,player/fx_ai_dni_rez_in_waist_dirty
eeb57eff8444e72,player/fx_ai_dni_rez_out_arm_left_clean
b2347f89dd67fd7,player/fx_ai_dni_rez_out_arm_left_dirty
2ac08f3a42a7e6f,player/fx_ai_dni_rez_out_arm_right_clean
4e3f0ad1126629a,player/fx_ai_dni_rez_out_arm_right_dirty
e28662ba49cbdef,player/fx_ai_dni_rez_out_clean
6470575e073d22,player/fx_ai_dni_rez_out_head_clean
39a205f6359d4a7,player/fx_ai_dni_rez_out_head_dirty
d85754f5ea30e17,player/fx_ai_dni_rez_out_hip_left_clean
fbd7d08cb9f28a2,player/fx_ai_dni_rez_out_hip_left_dirty
d1fec4bc4fe069c,player/fx_ai_dni_rez_out_hip_right_clean
7a65d6157f25c1d,player/fx_ai_dni_rez_out_hip_right_dirty
ed50e6bc317f2aa,player/fx_ai_dni_rez_out_krueger_limb
67cdd8e87c73b01,player/fx_ai_dni_rez_out_krueger_torso
eef108dc3220184,player/fx_ai_dni_rez_out_leg_left_clean
76973ef0b66585,player/fx_ai_dni_rez_out_leg_left_dirty
14f67f2a4535a31,player/fx_ai_dni_rez_out_leg_right_clean
fd616d8c41f7558,player/fx_ai_dni_rez_out_leg_right_dirty
7ab24320af57a47,player/fx_ai_dni_rez_out_torso_clean
cf22bec132260b2,player/fx_ai_dni_rez_out_torso_dirty
48f7cd76a55738,player/fx_ai_dni_rez_out_waist_clean
8729fdedd62e131,player/fx_ai_dni_rez_out_waist_dirty
7ad87db359374a9,player/fx_ai_dni_rez_out_wolf_dirty
1f06d3dc31cc73e,player/fx_ai_marker_body_kreuger
ac2166d3a1d42bb,player/fx_ai_raven_dissolve_torso
be90cf76fea8aae,player/fx_ai_raven_juke_out
27ae09a62485fd7,player/fx_ai_raven_juke_out_arm_le
23df89a6214da81,player/fx_ai_raven_juke_out_arm_ri
197695b1f04d641,player/fx_ai_raven_juke_out_leg_le
1b9615b1f21af0f,player/fx_ai_raven_juke_out_leg_ri
ce4a2978a92f23b,player/fx_ai_raven_teleport
80ee119a3b90063,player/fx_ai_raven_teleport_in
44590c28ecf09d1,player/fx_ai_raven_teleport_out_arm_le
3fa88c28e8f10bf,player/fx_ai_raven_teleport_out_arm_ri
78cc64655608323,player/fx_ai_raven_teleport_out_leg_le
734b6465515f21d,player/fx_ai_raven_teleport_out_leg_ri
b197dd5c549ae0e,player/fx_ai_sarah_marker_body
5d1d79197009f1e,player/fx_dni_mesh_trail_clean
640365a48622ecb,player/fx_dni_mesh_trail_raven_base
9434eca74b77691,player/fx_dni_mesh_trail_raven_wide
da2d61945870bac,player/fx_dni_mesh_trail_thin_clean
b52d7fcaa596179,player/fx_dni_mesh_trail_tube_clean
49aed4b79fb14c0,player/fx_loot_taunt_battery_05_dust
57f1a797af6d3c0,player/fx_loot_taunt_battery_05_smk_gun
307eb3efdd0f6d4,player/fx_loot_taunt_e_firebreak_03_fire
9cf8a1d9df719ac,player/fx_loot_taunt_e_firebreak_03_start
d7855ed6aba35ab,player/fx_loot_taunt_e_prophet_02
f20073172ce9771,player/fx_loot_taunt_e_reaper_main_03
51bdf98a20941,player/fx_loot_taunt_e_ruin_speed_burst
eadb2e771640f6d,player/fx_loot_taunt_e_ruin_speed_emitter
914456ad462e484,player/fx_loot_taunt_e_ruin_speed_sm_emitter
5d0bfc62ec9eb54,player/fx_loot_taunt_e_spectre_03_smoke
2065929541eceb1,player/fx_loot_taunt_e_spectre_03_sparks
292a554143ca33b,player/fx_loot_taunt_outrider_talon_lights
37b4ca95f7f8695,player/fx_plyr_ability_emergency_reserve_1p
d336a981b2395c1,player/fx_plyr_ability_emergency_reserve_decal
5c14002602a5405,player/fx_plyr_ability_repulsor_armor
91b5fd474890e8c,player/fx_plyr_ability_screen_blur_overdrive
276d891dff1f743,player/fx_plyr_breath_steam_1p
f8246253b065be3,player/fx_plyr_breath_steam_1p_lotus
26fec91dfebfa91,player/fx_plyr_breath_steam_3p
23ac7d600c1e0a5,player/fx_plyr_breath_steam_3p_lotus
bb56d8eee07c7ef,player/fx_plyr_clone_reaper_appear
8ea923f15d92df7,player/fx_plyr_clone_reaper_orb
b4f0d8619175345,player/fx_plyr_clone_vanish
6b01fc82c0af3fc,player/fx_plyr_debris_tanker_ride_landing_igc
855e0cbdd57a301,player/fx_plyr_emp_sparks
5ac86ea7873ad61,player/fx_plyr_flashback_demat
52f3269e7e2c264,player/fx_plyr_flashback_direc_indicator_blue
13456d4e87de9ed,player/fx_plyr_flashback_flash_yllw
27db9f080c2816a,player/fx_plyr_flashback_trail
2f38aed644b5555,player/fx_plyr_flashback_trail_impact
a405ae9edfd4243,player/fx_plyr_flying_tracker_l
89ca07f655764df,player/fx_plyr_flying_tracker_lf
a4058e9edfd3edd,player/fx_plyr_flying_tracker_r
895d07f655197c1,player/fx_plyr_flying_tracker_rf
3f6b8e41ad5800b,player/fx_plyr_footstep_dust
30d00918797c285,player/fx_plyr_footstep_dust_dirt
e1f4928eda5daad,player/fx_plyr_footstep_snow_windy_em
37a202a54dce6d9,player/fx_plyr_footstep_tracker
d4e9c144d6083a,player/fx_plyr_footstep_tracker_l
7cd6d502ead693c,player/fx_plyr_footstep_tracker_l_zmb
fd18f67f7b03454,player/fx_plyr_footstep_tracker_lf
10b1317a7e7a582,player/fx_plyr_footstep_tracker_lf_zmb
d4cbc144d5d540,player/fx_plyr_footstep_tracker_r
8ddabdb5cc7c0be,player/fx_plyr_footstep_tracker_r_zmb
f6b5f67f7592f92,player/fx_plyr_footstep_tracker_rf
e8eab758cf38424,player/fx_plyr_footstep_tracker_rf_zmb
16c9670f76c0924,player/fx_plyr_ghost_trail_feet_nworld
bdfacbd7eb5a29f,player/fx_plyr_ghost_trail_feet_os_nworld
620d9de15ba9d57,player/fx_plyr_ghost_trail_nworld
9feb90617a1688c,player/fx_plyr_hand_wallrun_dust
10cf6cc61f206fa,player/fx_plyr_heat_wave
8ccbe32224fedae,player/fx_plyr_heat_wave_1p
60b74e69822596f,player/fx_plyr_heat_wave_distortion_volume
8a493e9d8f52d04,player/fx_plyr_heat_wave_distortion_volume_air
60ce006609fcc8d,player/fx_plyr_heat_wave_limb_burn
24213aeb33e6e4d,player/fx_plyr_jump_dust
86861bdafdca6bb,player/fx_plyr_jump_dust_dirt
eef96000a576560,player/fx_plyr_land_dust_dirt_xlg
c2ad9f02f0b7cea,player/fx_plyr_land_dust_lg
c26eaf02f07b0f6,player/fx_plyr_land_dust_md
5e847e3f8e16f1a,player/fx_plyr_land_dust_md_dirt
f7ef41fb4ea4904,player/fx_plyr_land_dust_xlg
d54c7b4dbbe4ac9,player/fx_plyr_pwr_armor_break
8fb712b67443fe3,player/fx_plyr_rejack_geo_trail
7317476fb648f69,player/fx_plyr_rejack_light
4f2530f358749b0,player/fx_plyr_rejack_smoke
30ddbe3d24a4a7c,player/fx_plyr_rejack_trail_impact_shrt
c3ccd79c65ef0f5,player/fx_plyr_revive
b37c4f9d591b721,player/fx_plyr_revive_demat
ccf0877311698c4,player/fx_plyr_revive_mat
a8bdf514c526bfd,player/fx_plyr_screen_wind_blkstn_anchor_os
2afb4d9449aa0c1,player/fx_plyr_screen_wind_blkstn_anchor_runner
ad8a105aa6952e6,player/fx_plyr_screen_wind_blkstn_se_os
c9a50c1b23af96e,player/fx_plyr_screen_wind_blkstn_se_runner
c75022429dd978f,player/fx_plyr_screen_wind_blkstn_tanker_os
5ed62a6505e43c3,player/fx_plyr_screen_wind_blkstn_tanker_runner
a04e1af9d456a5d,player/fx_plyr_shock_field
228c9a39c2e2a5f,player/fx_plyr_shock_field_1p
c2bdd1a0a6d0f52,player/fx_plyr_slide_3p_dust
3cc988327dcc0a6,player/fx_plyr_slide_3p_dust_dirt
612fe007263a3c,player/fx_plyr_speed_distort_lg_emitter
9e9bde0745910a5,player/fx_plyr_speed_distort_sm_emitter
c7abde375d2bfaf,player/fx_plyr_speed_distort_sm_os
500e41a4f3408e9,player/fx_plyr_swim_bubbles_body
ceb5fbfbbed94dc,player/fx_plyr_swim_bubbles_body_blkstn
48fd79cf2a26ddb,player/fx_plyr_swim_splash_foot
bbabd1af1f96da,player/fx_plyr_swim_splash_hand
7b11ac110f88641,player/fx_plyr_tablet_activation
9dc68733f89cc8,player/fx_plyr_tablet_activation_loop
14333c5eea11ec6,player/fx_plyr_water_body_decal
2f96312d63ba7a2,player/fx_plyr_water_jump_in_bubbles_1p
43f11075e114f81,player/fx_plyr_water_jump_out_splash_1p
a010423e6fa7449,player/fx_plyr_water_knee_decal
5311e630275e825,player/fx_plyr_water_splash_md
52a4163027004f0,player/fx_plyr_water_splash_sm
a861b7d87f68697,portal_3p
c28c2f84d701457,portal_shortcut_closed
8fe0d209560d13f,portal_shortcut_open
d96e66d66fd6dd6,redcritfx
8a877789d824fd5,sg4y/flashlight/flashlight_loop
bdd237b9393fb45,sg4y/flashlight/flashlight_loop_view_moths
48a420c97eb72,sg4y/flashlight/flashlight_loop_world
e3bf74fb06e91ab,shadow_zombie_damage_fx
3f2021bd1ed79cc,skye_efx/iw8_efx/fx_iw8_kar98k_shell_eject
8371247302869fd,skye_efx/iw8_efx/fx_iw8_kar98k_shell_eject_resting
1e7f7a4ea3af076,skye_efx/t9_efx/fx_t9_nailgun_impact_base
98b4e08b49bdee8,skye_efx/t9_efx/fx_t9_nailgun_impact_concrete
9f10e63fee1265c,skye_efx/t9_efx/fx_t9_nailgun_impact_default
14e72d58d8e323a,skye_efx/t9_efx/fx_t9_nailgun_impact_dirt
585abcb7f224b51,skye_efx/t9_efx/fx_t9_nailgun_impact_glass
2d8931992161ac,skye_efx/t9_efx/fx_t9_nailgun_impact_gravel
5d0af020d85594e,skye_efx/t9_efx/fx_t9_nailgun_impact_metal
73a4fae858ea853,skye_efx/t9_efx/fx_t9_nailgun_impact_mud
3ea6522020a6281,skye_efx/t9_efx/fx_t9_nailgun_impact_sand
79ac721f1585a10,skye_efx/t9_efx/fx_t9_nailgun_impact_snow
c41141025da8aa,skye_efx/t9_efx/fx_t9_nailgun_impact_wood
6d53ffc94fdba38,skye_efx/t9_efx/fx_t9_nailgun_trail
ba9ac03b07e828b,smoke/fx_ability_smoke_screen
9a3f74e629b899c,smoke/fx_ability_smoke_screen_upgraded
8b1f14dbee3c606,smoke/fx_smk_ai_human_arm_left_os
2109b01c6632763,smoke/fx_smk_ai_human_arm_right_os
3154256452f0e4e,smoke/fx_smk_ai_human_head_os
ed4e502c3110d11,smoke/fx_smk_ai_human_hip_left_os
a0207d55db47f5a,smoke/fx_smk_ai_human_hip_right_os
b6cb4088b69f764,smoke/fx_smk_ai_human_leg_left_os
1f1ddda7b8d9a21,smoke/fx_smk_ai_human_leg_right_os
d473b665cd2d7c7,smoke/fx_smk_ai_human_torso_loop
4994f29c0de20f3,smoke/fx_smk_ai_human_torso_os
589b7f3afc1703e,smoke/fx_smk_ai_human_waist_os
607308ba1d75201,smoke/fx_smk_ai_kane_head
b984780bc1cbfa4,smoke/fx_smk_ambient_battle_dmg
43472935672caa1,smoke/fx_smk_ambient_battle_dmg_sm
5888de551702e27,smoke/fx_smk_ambient_cieling_newworld
ea3c474b35b55af,smoke/fx_smk_ambient_exterior_spire
61027d757df47b4,smoke/fx_smk_ambient_factory_newworld
32e0bf06b332608,smoke/fx_smk_ambient_hanger_buildup
6f7b8b1f76bee38,smoke/fx_smk_ambient_int02_spire
12a70413b05f5c7,smoke/fx_smk_ambient_int03_spire
4648720d74dea5a,smoke/fx_smk_ambient_int_spire
29f7990b9957d3,smoke/fx_smk_ambient_interior2_prologue
223c13d6ca77d53,smoke/fx_smk_ambient_interior_prologue
d72919b234ba73c,smoke/fx_smk_ambient_interior_top_med
fb8d3cfafd164f6,smoke/fx_smk_ambient_puff_spire
e815fda298501e5,smoke/fx_smk_ambient_soft
e469f888c8d0a0e,smoke/fx_smk_ambient_thick_prologue
de2a31766087e6e,smoke/fx_smk_ambient_thick_prologue_lg
1510ad96e7df239,smoke/fx_smk_ambient_vent_newworld
5a4f6ba509d7f2a,smoke/fx_smk_ambient_vent_sm_newworld
af42d49acce2896,smoke/fx_smk_ambient_vista_wind_effected
df31e54ecc5bc7f,smoke/fx_smk_ambient_vista_wind_effected_sm
5aa32deee76b08c,smoke/fx_smk_ambient_vtol_prologue
30d4235dbf0988d,smoke/fx_smk_apart_veng
77cdb708da3917b,smoke/fx_smk_apc_damage_sm
f1767f1e9b1382d,smoke/fx_smk_barrel_30x30
3c0b691e18e02be,smoke/fx_smk_barrel_dark_light
edb56ee652246d3,smoke/fx_smk_barrel_light
d73b7404f01cc02,smoke/fx_smk_barrel_tall
88e0b113df5ef6c,smoke/fx_smk_barrel_thin_windy
c8903c0a017fcb3,smoke/fx_smk_barrel_windy_dark
f41061716027f8f,smoke/fx_smk_big_hole_ramses
bec823889c7aa7e,smoke/fx_smk_blast_smoulder_havoc
bef16a8771a1efd,smoke/fx_smk_blast_smoulder_havoc_light
1342692d8523998,smoke/fx_smk_blowing_dark_veng
fdddb833d615aa1,smoke/fx_smk_blowing_igc_veng
a5be3dd94874289,smoke/fx_smk_blowing_vengeance
724d5d509ade359,smoke/fx_smk_building_burn_smolder_warm_1000
c4ee1ddfce3754a,smoke/fx_smk_building_burn_smolder_warm_2000
69da5f8398455bd,smoke/fx_smk_building_burn_smolder_warm_5000
a355cac7b7f7c1a,smoke/fx_smk_building_side_black_lotus
e1a31bb02333a42,smoke/fx_smk_bul_barrage_biodome
6d9530d8b253fba,smoke/fx_smk_car_crush_ramses
d9f4bc5455df304,smoke/fx_smk_ceiling_crawl_factory_zmb
cdc975589075c2d,smoke/fx_smk_ceiling_crawl_havoc
d9dc524504690,smoke/fx_smk_ceiling_crawl_shadow
7696e62dba76676,smoke/fx_smk_ceiling_crawl_veng
c26380d943df4c9,smoke/fx_smk_chimney_house_infec_sm
aaed935a53fcf1e,smoke/fx_smk_chimney_house_infection
211d69966f7d9e8,smoke/fx_smk_chimney_house_infection_far
b432b9935befef1,smoke/fx_smk_chimney_house_infection_xsm
b0e646058922fcb,smoke/fx_smk_chimney_metro_coffee_shop
8a9d1a5adceae48,smoke/fx_smk_chimney_sm
84e0be0eda1fd70,smoke/fx_smk_cigar_ash_tray_lit
797fceed878871,smoke/fx_smk_cigar_ashtray_ethiopia
15cd188a5c0d21,smoke/fx_smk_cigar_emit_child
b1e0e8b2d7e85da,smoke/fx_smk_cigar_exhale
e80d405e002142c,smoke/fx_smk_cigar_exhale_custom
2c04d60f1443b4b,smoke/fx_smk_cigar_exhale_custom_02
2c04c60f1443998,smoke/fx_smk_cigar_exhale_custom_03
14e537bffebaffb,smoke/fx_smk_cigar_linger_room_sh_cairo
df774266f971754,smoke/fx_smk_cigar_lit
71a05f2a60e6972,smoke/fx_smk_cigar_lit_biodome
a0f0d86d13d5769,smoke/fx_smk_cigar_room_sh_cairo
1bc17a8271ac097,smoke/fx_smk_cigarette_ashtray_int_ramses
b16812cd990acf,smoke/fx_smk_cloud_whisp
e441034f363cbcb,smoke/fx_smk_coffee_cup
24718119d105be4,smoke/fx_smk_column_end_prologue
3dad76666c9e992,smoke/fx_smk_column_wind_slow_lg_dark
60309eeb203615a,smoke/fx_smk_column_wind_slow_lg_tall_dark
cf3424af065b1e0,smoke/fx_smk_column_wind_slow_sm
e78c2d5f45517cd,smoke/fx_smk_column_wind_slow_sm_short
5efa7ef7e5d3f3,smoke/fx_smk_column_wind_slow_sm_tall_dark
be50cd339ab4efa,smoke/fx_smk_column_wind_slow_sm_vista
530bd56177f76d7,smoke/fx_smk_column_wind_slow_white_lg
481d18f46691c4d,smoke/fx_smk_column_wind_slow_white_lg_vista
a7774eec4a78d18,smoke/fx_smk_column_wind_slow_white_sm_tall
24de920e77897b2,smoke/fx_smk_column_wind_slow_white_sm_tall_vista
9f23b5b8c21ce22,smoke/fx_smk_column_wind_sm
e78c8f1165e65bf,smoke/fx_smk_column_wind_sm_dark
706c8ffcc049a0f,smoke/fx_smk_column_wind_sm_short
bafb0b7d99584e0,smoke/fx_smk_corner_bld_ramses
75c48ae763510b5,smoke/fx_smk_corner_bld_ramses_sm
bedbb246614f905,smoke/fx_smk_crashed_veh_dmg
60f6a6b66b5c9de,smoke/fx_smk_crashed_veh_dmg_sm
920ad3a67bd8647,smoke/fx_smk_crater_smoulder
6c5cec706acb76,smoke/fx_smk_dark_vista_lg
9c6b756c22d2d65,smoke/fx_smk_detail_spark_trail_sh_cairo
5a201d33c8641a1,smoke/fx_smk_dmg_trail_puff_lg_emitted_os
31cf2228c3ca512,smoke/fx_smk_dmg_trail_puff_sm_emitted_os
8245bd8a93f4d38,smoke/fx_smk_dmg_trail_puff_white_sm_emitted_os
edd57d0af96d748,smoke/fx_smk_door_cracked
dc44f72272d7a4e,smoke/fx_smk_door_side
dc3ac283f75ffe8,smoke/fx_smk_door_spire
9884d4e214b9f8d,smoke/fx_smk_drop_ship_dmage_lrg
a0710aabaffe6c9,smoke/fx_smk_elevator_ambient_spire
d596de02ae6fff3,smoke/fx_smk_elevator_door_spire
bbe9a20bba25259,smoke/fx_smk_elevatorshaft_biodomes
9f17d606194d221,smoke/fx_smk_engine_trickle
68e089bfc1324cb,smoke/fx_smk_explode_lg
59156965625fe20,smoke/fx_smk_field_lg
58d739656224690,smoke/fx_smk_field_md
e42364f2115d803,smoke/fx_smk_field_md_static
6e668a7b8fdc06c,smoke/fx_smk_flat_atmo_veng
716b4b31451fa0c,smoke/fx_smk_furnace
dc804f42eb9ceb8,smoke/fx_smk_generator_exhaust
d5c10d63d30c101,smoke/fx_smk_glass_window_spire
1aa47cffcca02dd,smoke/fx_smk_goh_death_breath_veng
8b71824502af07,smoke/fx_smk_grenade_nworld_igc
f8d28abbd29647e,smoke/fx_smk_ground_cauldron
4b4b585da29736b,smoke/fx_smk_ground_rubble_50x50
1f3b943de95081,smoke/fx_smk_ground_rubble_thick_50x50
2e6a3f2dedd1b33,smoke/fx_smk_hand_access_drive
c85e4052921a851,smoke/fx_smk_hang_inside_veh_crash
64cef6a07c985ce,smoke/fx_smk_hang_inside_veh_crash_light
302229e05ed0f8,smoke/fx_smk_hole_infection
484e370ae4f2dea,smoke/fx_smk_hot_ground_fast_md
eeecbd8c869ee9,smoke/fx_smk_hot_ground_md
102cfbd8c9716ac,smoke/fx_smk_hot_ground_sm
7e14953c3b4e4b0,smoke/fx_smk_hunter_crash_trail_child
8ba3aef858c4565,smoke/fx_smk_hunter_crash_trail_child_sm
6026c557534aa19,smoke/fx_smk_hunter_crash_trail_small
6a76622bfceca85,smoke/fx_smk_hunter_trail_lotus
eb79a80625893f5,smoke/fx_smk_idle_cauldron
640d1c344f4a4d1,smoke/fx_smk_incense_ramses
51d53fd0906bd9,smoke/fx_smk_int_spire
53d9add54ed67cd,smoke/fx_smk_interior_start_prologue
baf33e53e623c58,smoke/fx_smk_light_wall_hole_crawl
3c8bfa96cec2fdf,smoke/fx_smk_line_150
315f794dcef68aa,smoke/fx_smk_line_25_black
918c4453e9352c9,smoke/fx_smk_line_60
b53ea8a875532e5,smoke/fx_smk_linger_gtower_market_biodome
a3df7f99d921f76,smoke/fx_smk_linger_phouse_biodome
5f50509b81b8048,smoke/fx_smk_low_staging_ramses
47d26b0a8e996c,smoke/fx_smk_middistant_plume_veng
a06c10391b4460d,smoke/fx_smk_plume_16000_slow_black
5d862e73f3a8532,smoke/fx_smk_plume_4000_slow_black
f48fc51f0de4d3,smoke/fx_smk_prologue_lg
f7bec51f106a87,smoke/fx_smk_prologue_md
14f99c51f5aa17e,smoke/fx_smk_prologue_sm
bc3231f69b38ccc,smoke/fx_smk_puff_volume_varied_card_1_md_bright
46d6b14248d716f,smoke/fx_smk_puff_volume_varied_card_1_xlg
9d938f5d62ed3cd,smoke/fx_smk_puff_volume_varied_card_2_lg_bright
ce18d0bf0189530,smoke/fx_smk_puff_volume_varied_card_2_md
8f6d7489dff5fa6,smoke/fx_smk_puff_volume_varied_card_2_xlg
803206cb4794ef,smoke/fx_smk_puff_volume_varied_card_2_xlg_bright
c9c044e8794368a,smoke/fx_smk_puff_volume_varied_card_3_lg_bright
b3f412249224be9,smoke/fx_smk_puff_volume_varied_card_3_xlg
4f4785c97044642,smoke/fx_smk_puff_volume_varied_card_3_xlg_bright
ba33cefb631eff7,smoke/fx_smk_puff_volume_varied_card_4_lg_bright
f4740f909d566aa,smoke/fx_smk_puff_volume_varied_card_4_md
b57592bf4c447d0,smoke/fx_smk_puff_volume_varied_card_4_xlg
a326511be702f9d,smoke/fx_smk_puff_volume_varied_card_4_xlg_bright
ef79b881f76f304,smoke/fx_smk_quadtank_vent_dmg_1
ef79e881f76f81d,smoke/fx_smk_quadtank_vent_dmg_2
f19e5c45157e815,smoke/fx_smk_rect_light
35dc7e87fa45a9f,smoke/fx_smk_red_ambient_ext_veng
c299f09180d8de1,smoke/fx_smk_robot_arm_doctor_sh
d6202dfd674c682,smoke/fx_smk_rolling_dense_pillar_md
d9ee7dfd6a846bf,smoke/fx_smk_rolling_dense_pillar_sm
c5c295177630ed3,smoke/fx_smk_rolling_inferno_lg
d3d0ed59fa8b743,smoke/fx_smk_rooftop_ramses
5237589c5645460,smoke/fx_smk_rubble_cin_start_ramses
b08cbfac18600fc,smoke/fx_smk_rubble_low_station_ramses
334798332799188,smoke/fx_smk_rubble_lt_sm
8d24c1d16c7d628,smoke/fx_smk_rubble_lt_sm_slow
48e6843641ab943,smoke/fx_smk_rubble_md_ambient_ramses
f3f383ff0bec512,smoke/fx_smk_rubble_md_ramses
f0cd42e9f175ca7,smoke/fx_smk_rubble_md_station_ramses
4b40a307451b23d,smoke/fx_smk_rubble_sm_ramses
f9f5f55a6d18f7d,smoke/fx_smk_rubble_sm_ramses2
cfa170c573a1398,smoke/fx_smk_rubble_sm_station_ramses
3ee1998443e196,smoke/fx_smk_shed_md
2ac69984330aab,smoke/fx_smk_shed_sm
2c8ed246429471c,smoke/fx_smk_ship_dmg_tricke
e380b632b760f1b,smoke/fx_smk_ship_dmg_vista_large
8608d5241089e01,smoke/fx_smk_site_crash_trickle_sm
a5186edda06e874,smoke/fx_smk_sm_spire
87ebb98174a850c,smoke/fx_smk_smolder02_spire
b67abfdf8eeeec2,smoke/fx_smk_smolder_lg
cf6325d37e5bd64,smoke/fx_smk_smolder_lg_light_biodomes
7bb9831079d81b8,smoke/fx_smk_smolder_lg_windy
f9d99bea30a4aba,smoke/fx_smk_smolder_sm_wind
d5d76f3451c93ee,smoke/fx_smk_smolder_spire
dd75d01cee8c813,smoke/fx_smk_smolder_thin_veng
707544745acb742,smoke/fx_smk_smoulder_car
882ebe46edfc1b4,smoke/fx_smk_solder_iron_contact_sh_cairo
84dc4af38cc59f9,smoke/fx_smk_solder_iron_sh_cairo
bbd4fd8ff1654b0,smoke/fx_smk_spot_100_black
a853d26ee1a8f2,smoke/fx_smk_suction_engine_prologue
451a72a9c7e7ad2,smoke/fx_smk_suction_exhaust_prologue
265d6aae21e3ecb,smoke/fx_smk_super_tree_pipes_smolder
d630046a1fd1533,smoke/fx_smk_tank_dmg_infec
69fd959368ab02,smoke/fx_smk_tendril_md_gray_lt_os
3fb9f8d2ffdfa37,smoke/fx_smk_tendril_md_os
48140285f416f59,smoke/fx_smk_thick_bossbattle_lotus
78f4fee6ae076a9,smoke/fx_smk_tower_bossbattle_lotus
5407b864e9145fb,smoke/fx_smk_tower_ceiling_prologue
eef4a3eb373a99e,smoke/fx_smk_tower_interior_base_lotus
f470e375415a872,smoke/fx_smk_tower_interior_top_lotus
2c46332e0adddc7,smoke/fx_smk_trail_vtol_engine_burning
e05224610d9c99c,smoke/fx_smk_trail_vtol_engine_soft
686fab73c77e2fc,smoke/fx_smk_truck_flip_dust
e6f3b0264573f51,smoke/fx_smk_truckflip_trail_ramses
e9fbd5359fec648,smoke/fx_smk_tunnel_buildup_prologue
4c37aef95d4ff82,smoke/fx_smk_tv_spire
e94f7cca9f307df,smoke/fx_smk_veh_amws_transform
fe80b43e67d51ff,smoke/fx_smk_vehicle_sector
814823bacb2dad6,smoke/fx_smk_vehicle_sector_2
6a0ded9777f477a,smoke/fx_smk_vista_ambient_ramses
c7f0b160ebc6452,smoke/fx_smk_vista_blocker_01_ramses
dbfe19611eda30b,smoke/fx_smk_vista_lg
d24ce684461de9,smoke/fx_smk_vista_lg_ramses
ceba9083ef930ad,smoke/fx_smk_vista_md_ramses
d77fb9611b01996,smoke/fx_smk_vista_sm
a9f78c992172096,smoke/fx_smk_vista_sm_ramses
89827d2aeecbc2,smoke/fx_smk_vista_sm_spire
5eabb2bfe206848,smoke/fx_smk_vista_thick_sh_cairo
923720f99a1fe3d,smoke/fx_smk_vista_thick_sh_havoc
1e7e2003b36dccf,smoke/fx_smk_vista_xlg
227ec003b6cd1c2,smoke/fx_smk_vista_xsm
7053394a586174f,smoke/fx_smk_vista_xsm_2
9792bd284f035dc,smoke/fx_smk_vol_500_veng
8ee30e5f981257e,smoke/fx_smk_vtol_crash_grounded_infection
383a40dabfb8168,smoke/fx_smk_vtol_engine_prologue
7156e49b5d08676,smoke/fx_smk_vtol_engine_staging_ramses
2cc9759def66803,smoke/fx_smk_vtol_hanger_prologue
8524c9d908ba103,smoke/fx_smk_vtol_igc_alley_infection
60c8ef6a519e9e4,smoke/fx_smk_vtol_igc_alley_push_infection
8c364a9921cdca1,smoke/fx_smk_vtol_igc_cargo_amb_ramses
101d2388657321,smoke/fx_smk_vtol_igc_hatch_open_ramses
a114251d79769da,smoke/fx_smk_vtol_igc_hatch_ramses
2114c36ec45db9d,smoke/fx_smk_vtol_staging_ramses
ee8472a4dae26ae,smoke/fx_smk_vtol_tall_station_ramses
318374ee390e9ea,smoke/fx_smk_white_extinguish
76a9e63dc6fa71,smoke/fx_smk_white_ground
8b6df421328f74a,smoke/fx_smk_white_ground_spot
7991b37f93a6e67,smoke/fx_smk_white_lg_geotrail
778a90cbd013153,smoke/fx_smk_white_md_geotrail
11d45babceeb187,smoke/fx_smk_window_100x100_black
94fdd343dc7259b,smoke/fx_smk_window_50x100_black
3c76d40f6e5622,smoke/fx_smk_window_boards_zmb
c11ab95ff410b61,smoke/fx_smk_window_sm
cd76880cf08f064,smoke/fx_smk_window_windswept_spire
568d4ec8a0a429d,smoke/fx_smk_xlg_staging_ramses
60a110adef07642,smoke/fx_smk_xlg_vista_vengeance
ffbf61aac1c420c,smoke/fx_smk_xsm_spire
3f356048352e4de,smoke/fx_smoke_slow_rise_veng
cd07c31033bdf6f,smoke/fx_trail_smk_robot_dyn_piece_sm
be5c7664534a22d,snow/fx_snow_crumble_cave_down_infection
b4f49eefe4a6354,snow/fx_snow_crumble_cave_infection
8e326534a07e212,snow/fx_snow_crumble_impact_sm
65531f17e384762,snow/fx_snow_crumble_island
347057062b01791,snow/fx_snow_crumble_island_os
f2e984f07cf726f,snow/fx_snow_fall_ice_crash
625c5e6d8d713c6,snow/fx_snow_fall_ice_os
2b153d2b6da4466,snow/fx_snow_fall_rattle
419c368a94602b7,snow/fx_snow_floating_wfa
4bed6ede2ebad8f,snow/fx_snow_ground_burst_building_xlg
d0074d56281522c,snow/fx_snow_ground_burst_lg
a1825d0834d7833,snow/fx_snow_ground_chunks_rattle
c86901d881f60d8,snow/fx_snow_ground_pipe_zurich
7908e90bf551bd0,snow/fx_snow_ground_rattle
6115b908c77db27,snow/fx_snow_ground_wind_fast_lotus
46d6279c14b8fb9,snow/fx_snow_ground_wind_fast_md
1e0fb47a69b6e54,snow/fx_snow_ground_wind_md
cc12fbdf5488b50,snow/fx_snow_impact_lg
cbd0cbdf5446700,snow/fx_snow_impact_md
44126e9252ac7d7,snow/fx_snow_impact_train_igc
c1033a7587fbfa8,snow/fx_snow_player_aqu_loop
42354433ae00ea7,snow/fx_snow_root_wall_zurich
4e5f356e2948b8a,snow/fx_snow_train_flap
1ad30123c3ac29b,snow/fx_snow_train_flap_sm
7adb1a60e45595e,snow/fx_snow_train_kickup
6f82050ee57ee57,snow/fx_snow_train_kickup_right
dab1340be9855bc,snow/fx_snow_train_robot_fall_impact
6cfa870eb549e07,snow/fx_snow_tree_crumble_50
59d6970ea501964,snow/fx_snow_tree_crumble_os
b01dec53a246e36,snow/fx_snow_truck_tire_kickup
bad565d5d174a3,snow/fx_snow_wfa_ground_fall1
7cb6cd79b2a7f6e,snow/fx_snow_wfa_ground_fall1_scripted
bad665d5d17656,snow/fx_snow_wfa_ground_fall2
deee9c2e3697cb0,snow/fx_snow_wfa_ground_fall_front
b656ebe3fac803,snow/fx_snow_wfa_ground_fall_front_scripted
5f3abfc9a587783,snow/fx_snow_wfa_ground_rise1
f4e2a236ef8ff0e,snow/fx_snow_wfa_ground_rise1_scripted
5f3acfc9a587936,snow/fx_snow_wfa_ground_rise2
20306558b03f1a8,snow/fx_snow_wfa_trees
b7414605c5542f5,spiki/perks/blaze_phase/fx_blaze_phase_charge_1
b7411605c553ddc,spiki/perks/blaze_phase/fx_blaze_phase_charge_2
b7412605c553f8f,spiki/perks/blaze_phase/fx_blaze_phase_charge_3
42bf5d1238e4c62,spiki/perks/blaze_phase/fx_blaze_phase_explode
9c19038ec2fa187,spiki/perks/blaze_phase/fx_blaze_phase_trail
1730e17bf181026,spiki/perks/fx_machine_bandolier_bandit
4a46ae52a158aeb,spiki/perks/fx_machine_blaze_phase
5e05ff96ff591af,spiki/perks/fx_machine_deadshot
f9b979b41222389,spiki/perks/fx_machine_death_perception
e829304a9a42205,spiki/perks/fx_machine_doubletap
ef31ff08cdc5c52,spiki/perks/fx_machine_electric_cherry
cd9f8097e985d3a,spiki/perks/fx_machine_elemental_pop
16b6875cc2485d5,spiki/perks/fx_machine_jug
f491b133854a322,spiki/perks/fx_machine_mulekick
c231af92b6892dd,spiki/perks/fx_machine_phdflopper
14400204f88d28,spiki/perks/fx_machine_revive
5bc1961ff84d2e9,spiki/perks/fx_machine_speedcola
35aaf34ff5d8d7e,spiki/perks/fx_machine_staminup
a6dba5458921240,spiki/perks/fx_machine_tombstone
93d10e9e684bfe4,spiki/perks/fx_machine_vultureaid
f5dc590110be09c,spiki/perks/fx_machine_whoswho
dc72af3d330b83e,spiki/perks/fx_machine_widows
f39e64ab4141903,spiki/perks/fx_phd_explode
dd72806e0bde8bc,spiki/perks/vultureaid/fx_drop
110c83f31a1d36a,spiki/perks/vultureaid/stink_dropped
a0739b1081d42e6,spiki/perks/vultureaid/stink_zombie
8ead25e1c63c855,spiki/perks/vultureaid/waypoint_bgb
bfaec7148b1af43,spiki/perks/vultureaid/waypoint_cherry
a5514899906e0b8,spiki/perks/vultureaid/waypoint_deadshot
eaa695e35e20200,spiki/perks/vultureaid/waypoint_doubletap
f75c390d181f0c6,spiki/perks/vultureaid/waypoint_juggernog
1ac999c7d941429,spiki/perks/vultureaid/waypoint_mulekick
e5af2185b88d684,spiki/perks/vultureaid/waypoint_mysterybox
97fcc4483c55622,spiki/perks/vultureaid/waypoint_packapunch
df6805dd6452d0a,spiki/perks/vultureaid/waypoint_phd
1b48dd41848acf,spiki/perks/vultureaid/waypoint_revive
58d288bc81c88f0,spiki/perks/vultureaid/waypoint_speedcola
a710c8c4243740d,spiki/perks/vultureaid/waypoint_staminup
703df957af40801,spiki/perks/vultureaid/waypoint_tombstone
4dd1f85509edcb0,spiki/perks/vultureaid/waypoint_unknown
5b787d09cf68f77,spiki/perks/vultureaid/waypoint_vultureaid
7aecf800979b1ca,spiki/perks/vultureaid/waypoint_wallbuy
e826d2a9c0d2425,spiki/perks/vultureaid/waypoint_whoswho
871fb1985077e59,spiki/perks/vultureaid/waypoint_widows
9ad97357d22bef6,steam/fx_steam_aircond
1bf0037be3112a6,steam/fx_steam_aircond_lg
f585b6ead8fe792,steam/fx_steam_aircond_lg_veiled
ef7eaf32925d5c2,steam/fx_steam_aircond_veiled
aa5fbb62eec4888,steam/fx_steam_aircond_windy_lg
feb84aacbc3cb52,steam/fx_steam_ambient_ramses
f79e0196aa9954c,steam/fx_steam_ambient_rooftop_md
d6803f9c581d1ff,steam/fx_steam_apt_shower_veng
4e72f8553f7a30c,steam/fx_steam_apt_utility_room
faf5b7994c4601e,steam/fx_steam_base_omni_directional
ad821dd0ed577db,steam/fx_steam_can_light
2d99bdc58ab0f15,steam/fx_steam_crawl_vent_ceiling_lotus
5e32e74147194e8,steam/fx_steam_decon_fill_elevator_sgen
25f9a06c1bc4aad,steam/fx_steam_decon_mist_drop_inactive
72ca7be03ed5865,steam/fx_steam_decon_mist_drop_lg
9a083b2f21f21b7,steam/fx_steam_decon_mist_spray_lg_sgen
8fc4f91612042d1,steam/fx_steam_fall_factory_equipment
802b28cab665a6,steam/fx_steam_fall_factory_vent_isol
e5810a318d1d339,steam/fx_steam_fall_thruster
2be2bde9f1964bf,steam/fx_steam_hallway_md_ambient
114519e56503c7c,steam/fx_steam_heat_src_lamp
9c7f75a7d8a8f36,steam/fx_steam_hpressure_hose_burst_sgen
b9cb91336aa0c8f,steam/fx_steam_hpressure_md
bbea41336c6cf46,steam/fx_steam_hpressure_sm
86b67c9b52e1238,steam/fx_steam_ice_melt_lrg
318c304b495d5be,steam/fx_steam_leak_ambient
6eb34f9befa013c,steam/fx_steam_leak_md_factory_zmb
6dab5fa9ef32b39,steam/fx_steam_leak_md_slow
103dbfaa520d45c,steam/fx_steam_leak_md_soft
a5d16173aeda0a4,steam/fx_steam_leak_md_soft_slow
80934f7860d60f4,steam/fx_steam_leak_md_soft_wasp_tower
e1e769d1938636b,steam/fx_steam_leak_md_soft_wasp_tower_straight
f1efb7f6c689c03,steam/fx_steam_leak_sm_soft
2727c6bb90d7b01,steam/fx_steam_leak_sm_soft_slow
f10df3c7b498f5e,steam/fx_steam_leak_xsm
70bdde3341f85b5,steam/fx_steam_liquid_o2_small_leak_2
2370a8a1c28710,steam/fx_steam_manhole_cover
171a27445bcf512,steam/fx_steam_manhole_cover_windy
161eb77e0c2844e,steam/fx_steam_md_ambient_ground
df9d748b4416008,steam/fx_steam_md_ambient_spire
e85eab80e740210,steam/fx_steam_md_ambient_spire_sgen
184c2c5ddbaa9f,steam/fx_steam_md_apt
fe91c95d4e00df3,steam/fx_steam_md_ground
8f04a0d935496ca,steam/fx_steam_mist_interior_100x200
847e4fc59cf172a,steam/fx_steam_outdoor_vent_havoc
4ea25a30cfa95be,steam/fx_steam_pipe_hot
10d519dab05ff61,steam/fx_steam_plume_md
eaba35182809033,steam/fx_steam_pot_md
8d428fe813e84fc,steam/fx_steam_roof_spinning_exaust
df0a6dda0b58064,steam/fx_steam_sewer_chinatown
85fa6d86a637e1,steam/fx_steam_ship_dmg_interior_sm
c2413d16f0c29e7,steam/fx_steam_slow
b8f24c6b7a5ed31,steam/fx_steam_slow_sewer_veng
68fbe77dc15580,steam/fx_steam_sm_leak_spire
19369ba672bc41a,steam/fx_steam_sm_spire
4878ebeeb161342,steam/fx_steam_snow_groundfall_100_infection
93f41cc5873be0e,steam/fx_steam_snow_groundfall_25_infection
4cd5da287705dee,steam/fx_steam_snow_groundfall_50_infection
6c69ad2d39b82c6,steam/fx_steam_snow_groundfall_cave_infection
fb3bdec23052533,steam/fx_steam_ven_shop_cooler
2a6e3c4ec19e7d1,steam/fx_steam_vent__metro_sm
24bcc89b4bf2183,steam/fx_steam_vent_barracks_ramses
468c6fcb5935f03,steam/fx_steam_vent_door_openingt
92dab0e7b2f43a5,steam/fx_steam_vent_floor_50x50
b3d9e48b6733543,steam/fx_steam_vent_floor_line_100
ec1aa7e43afd182,steam/fx_steam_vent_lg_redwood_base
40cb26fa6ec1d80,steam/fx_steam_vent_redwood
658fb934af7415,steam/fx_steam_vent_redwood_sm
b9a5f2563cc1dc5,steam/fx_steam_vent_robot_stronghold
3e05df7870f0df,steam/fx_steam_vent_slow
46294acebc64f0d,steam/fx_steam_vent_sm_sub_ramses
7fc5a301ad4a380,steam/fx_steam_vent_sub_ramses
e2bbb7dd0a6df6f,steam/fx_steam_vent_vista
62d84dba8d7469c,steam/fx_steam_xsm_leak
872c74f8831423b,symbo/zm_traps/fx_fan_trap
60f059d37009ea5,system_elements/fx_blood_drips_looped_decal
79b0e24af79a8e,t9_wpn_fx/impact/t9fx_bul_impact_knife_concrete_xsm
ad1395075a23502,t9_wpn_fx/impact/t9fx_bul_impact_knife_core_xsm
db6625af54f898c,t9_wpn_fx/impact/t9fx_bul_impact_knife_default_xsm
8b56c6b81dfd944,t9_wpn_fx/impact/t9fx_bul_impact_knife_dirt_xsm
13f0d99e9ca8bc1,t9_wpn_fx/impact/t9fx_bul_impact_knife_glass_xsm
24a9752e5ece9e2,t9_wpn_fx/impact/t9fx_bul_impact_knife_gravel_xsm
5285af2c67a1d76,t9_wpn_fx/impact/t9fx_bul_impact_knife_metal_xsm
dee2e6809486177,t9_wpn_fx/impact/t9fx_bul_impact_knife_mud_xsm
5d2acc639ee0d47,t9_wpn_fx/impact/t9fx_bul_impact_knife_sand_xsm
141509ca6c6c39a,t9_wpn_fx/impact/t9fx_bul_impact_knife_snow_xsm
343a6a4f6532308,t9_wpn_fx/impact/t9fx_bul_impact_knife_wood_xsm
adb7b56d74cb93,t9_wpn_fx/impact/t9fx_bul_impact_nailgun_concrete_xsm
d22ef4b6edb1b9b,t9_wpn_fx/impact/t9fx_bul_impact_nailgun_core_xsm
4056eeea2db9477,t9_wpn_fx/impact/t9fx_bul_impact_nailgun_default_xsm
aec35d62a0df17d,t9_wpn_fx/impact/t9fx_bul_impact_nailgun_dirt_xsm
f640d232f92476,t9_wpn_fx/impact/t9fx_bul_impact_nailgun_glass_xsm
1e1da1000277ae7,t9_wpn_fx/impact/t9fx_bul_impact_nailgun_gravel_xsm
a911c45c10c8a61,t9_wpn_fx/impact/t9fx_bul_impact_nailgun_metal_xsm
d90b28738401718,t9_wpn_fx/impact/t9fx_bul_impact_nailgun_mud_xsm
4bb5ca4d20d63c6,t9_wpn_fx/impact/t9fx_bul_impact_nailgun_sand_xsm
df66f12c0b78c6b,t9_wpn_fx/impact/t9fx_bul_impact_nailgun_snow_xsm
85d4d067167c34d,t9_wpn_fx/impact/t9fx_bul_impact_nailgun_wood_xsm
d688fa321d71ac5,t9_wpn_fx/impact/t9fx_dud_m386
ad547776e5a163a,t9_wpn_fx/shell_eject/t9_shell_eject_127_108mm
24ac7e97bfecfb3,t9_wpn_fx/shell_eject/t9_shell_eject_127_108mm_link
2dda93b30329c82,t9_wpn_fx/shell_eject/t9_shell_eject_127_108mm_link_rest
7b206b9fc90f811,t9_wpn_fx/shell_eject/t9_shell_eject_127_108mm_rest
21379158e33ac9b,t9_wpn_fx/shell_eject/t9_shell_eject_12_gauge
deffe65bb4acfaa,t9_wpn_fx/shell_eject/t9_shell_eject_12_gauge_rest
92d7d6bd415f66c,t9_wpn_fx/shell_eject/t9_shell_eject_12_gauge_spin
134871d738b9f25,t9_wpn_fx/shell_eject/t9_shell_eject_308
bcf79c513eed8c,t9_wpn_fx/shell_eject/t9_shell_eject_308_rest
e8c811d573a341c,t9_wpn_fx/shell_eject/t9_shell_eject_556
ece9c537dbe5ad,t9_wpn_fx/shell_eject/t9_shell_eject_556_link
22ef5b3453639f4,t9_wpn_fx/shell_eject/t9_shell_eject_556_link_rest
a796c7215d2b56b,t9_wpn_fx/shell_eject/t9_shell_eject_556_rest
f0fe91d6059a3ed,t9_wpn_fx/shell_eject/t9_shell_eject_762
b6e7755bf3ceb34,t9_wpn_fx/shell_eject/t9_shell_eject_762_rest
494481d90795249,t9_wpn_fx/shell_eject/t9_shell_eject_9mm
79dd3b745141da0,t9_wpn_fx/shell_eject/t9_shell_eject_9mm_rest
62259eccb6538cd,t9_wpn_fx/weapon/fx_muz_md_smk_air_1p
62845eccb69827f,t9_wpn_fx/weapon/fx_muz_md_smk_air_3p
c640da03db085fb,tf2/tf2_shell_eject
43dacc6cf57684a,tf2/tf2_shell_eject_rest
8b9a9e65acb4d8d,tools/fx_null
2c12eafb2d9fa43,tools/fx_zone_infection_cathedral
693625c99e536d1,tools/fx_zone_infection_city_barren
23478ef108a39d3,tools/fx_zone_infection_hideout
2d04cba1299a864,tools/fx_zone_infection_sgen_test_chamber
1abbc427fd72269,tools/fx_zone_infection_sim_reality_starts
ebae1c752f08065,trail/fx_trail_blood_streak
b9a289bf29bfeda,ui/fx_billboard_vista_01
b9a279bf29bfd27,ui/fx_billboard_vista_02
b9a269bf29bfb74,ui/fx_billboard_vista_03
fbf8cb191bec5f1,ui/fx_ctf_flag_base_team
5aeba06c60de78d,ui/fx_ctf_flag_base_team_green
708e3f3ea135109,ui/fx_ctf_flag_base_team_red
dc7d7e3f0d56e1a,ui/fx_ctf_flag_base_team_yellow
86d14f980cf7bc5,ui/fx_ctf_flag_base_white
922da2bc4cf4c8,ui/fx_dom_cap_indicator_neutral
460888668a421ee,ui/fx_dom_cap_indicator_neutral_r120
c796a481b667c8c,ui/fx_dom_cap_indicator_neutral_r90
b5d30a0f27fa75c,ui/fx_dom_cap_indicator_team
55c77c18a17d592,ui/fx_dom_cap_indicator_team_r120
7006fe141247698,ui/fx_dom_cap_indicator_team_r90
f3deafbeb3d197c,ui/fx_dom_marker_neutral
7760a1c22e77df2,ui/fx_dom_marker_neutral_r120
86d809ef62a3cf8,ui/fx_dom_marker_neutral_r90
662ca049df4098,ui/fx_dom_marker_team
8d8f604a7f757e,ui/fx_dom_marker_team_r120
3e3623e03cb4c5c,ui/fx_dom_marker_team_r90
c436b712af71afb,ui/fx_fr_gun_pickup
677345a94b1a39,ui/fx_fr_target_demat
ba5551d648276dc,ui/fx_fr_target_impact
f5fc09c0cdc5f55,ui/fx_kill_confirmed_vanish
f2bfa562dfeb8b1,ui/fx_koth_marker_blue
e6be698bd794446,ui/fx_koth_marker_blue_window
f00803e69f26e0a,ui/fx_koth_marker_contested
9748832a5f6ccf,ui/fx_koth_marker_contested_window
67e3cbb751a4c00,ui/fx_koth_marker_green
9842657e19be0f5,ui/fx_koth_marker_green_window
74cf9585f505484,ui/fx_koth_marker_neutral
52d5c94ecc534e1,ui/fx_koth_marker_neutral_window
471cb4af30c88f,ui/fx_koth_marker_orng
794548dd4d279cc,ui/fx_koth_marker_orng_window
877425b23fd5e40,ui/fx_koth_marker_red
20042bdcc89cd35,ui/fx_koth_marker_red_window
f55f70f7a2c4822,ui/fx_koth_marker_white
51ca69d2f44f3d7,ui/fx_koth_marker_white_window
7cd8a2fdae5a80d,ui/fx_koth_marker_yellow
90794c3a87874a,ui/fx_koth_marker_yellow_window
4c6747fdf0e32b6,ui/fx_megachew_ball_divinium
dd538f3f93f612e,ui/fx_megachew_ball_double
6203820fba75d57,ui/fx_megachew_ball_poof_01
170a95c90017fc8,ui/fx_megachew_ball_poof_blue
6e9442f3c2adb29,ui/fx_megachew_ball_poof_divinium
e38da36ee21af59,ui/fx_megachew_ball_poof_double
80d1009fb778acf,ui/fx_megachew_ball_poof_green
79ea2c96547097e,ui/fx_megachew_ball_poof_orange
1db600923976725,ui/fx_megachew_ball_poof_power_boost
5bc7e7e6dc64a26,ui/fx_megachew_ball_poof_purple
71f5d67722188d8,ui/fx_megachew_ball_power_boost
55ca08a7857a20f,ui/fx_megachew_elec_gear_active
4193efdd53aba2a,ui/fx_megachew_elec_gear_end
f15aab63e5c95b3,ui/fx_megachew_elec_gear_idle
4df0df2b22bd576,ui/fx_megachew_elec_spark_os_orange
6ada0850b10100d,ui/fx_megachew_elec_surge_child_loop
405eb90614e6281,ui/fx_megachew_vat_electrode_center_lg_loop
f13b2aeb6984266,ui/fx_megachew_vat_electrode_center_sm_loop
35fcad6f239e919,ui/fx_megachew_vat_electrode_lg_loop
639c42999d5745e,ui/fx_megachew_vat_electrode_sm_loop
28c149ea256bbd1,ui/fx_megachew_vat_electrode_surge_lg
2da0a9ea298cc24,ui/fx_megachew_vat_electrode_surge_sm
d5cc4d7b54cc60e,ui/fx_megachew_vat_light_lg_loop
e698df65efa98ad,ui/fx_megachew_vat_light_sm_loop
ee2fac9beff05de,ui/fx_megachew_vat_whistle_loop
66823c08b01ac27,ui/fx_megachew_vat_whistle_sm_loop
2af04797a624c97,ui/fx_stockpile_deposit_point
13ad8131363569d,ui/fx_stockpile_deposit_point_end
3641c0cee353718,ui/fx_stockpile_drop_marker
99ad95910301030,ui/fx_stockpile_player_marker
c285b60d7457fa6,ui/fx_stockpile_player_marker_core
b006a6dbda69f0b,ui/fx_stockpile_player_marker_trail
12076b27563a9dd,ui/fx_theater_camera_head
25a58bf4d2b3b9f,ui/fx_theater_camera_head_glow_green
dcb37c20e9bc2c3,ui/fx_theater_camera_head_glow_red
d4fda6c59c4c101,ui/fx_theater_camera_head_glow_white
c7a216733cb67f4,ui/fx_theater_camera_head_glow_yellow
fe421d5042f6d3e,ui/fx_theater_camera_head_select
1eb013b5cd7c8f6,ui/fx_training_rez_in_biped
dfcef2be83f6945,ui/fx_training_rez_in_biped_leg
f03df9c469548c6,ui/fx_training_rez_in_veh_hunter
8970ab443668886,ui/fx_training_rez_in_veh_mrls
b7c07953d7593b5,ui/fx_training_rez_in_veh_mrls_leg
4eb825400d1b69f,ui/fx_training_rez_in_veh_quad
7e7a9fd6c39339c,ui/fx_training_rez_in_veh_quad_leg
6b8726b497ca3ef,ui/fx_training_rez_in_veh_siege
9079f093d715a8c,ui/fx_training_rez_in_veh_siege_leg
1eb9cf7e5e81a94,ui/fx_training_rez_in_veh_sm
b4c26846859cc0f,ui/fx_training_rez_in_veh_wasp
77f0e14609b56a1,ui/fx_training_rez_out_biped
7934ed0e6f89086,ui/fx_training_rez_out_biped_leg
4b8da0627c9b063,ui/fx_training_rez_out_veh_hunter
93d0069abd8c1cf,ui/fx_training_rez_out_veh_mrls
1931a74ce35e4ac,ui/fx_training_rez_out_veh_mrls_leg
cca77c2d5cc1b1e,ui/fx_training_rez_out_veh_quad
3b391ccdb42668d,ui/fx_training_rez_out_veh_quad_leg
d51775bc6b1385c,ui/fx_training_rez_out_veh_siege
d0fc1810d165f5b,ui/fx_training_rez_out_veh_siege_leg
b6f880b219e6eed,ui/fx_training_rez_out_veh_sm
9e79bb0b3fb1196,ui/fx_training_rez_out_veh_wasp
701ab5461508dea,ui/fx_ui_blackmarket_ashtray
cbed43ee8e058fc,ui/fx_ui_blackmarket_box_open
e5d40265dbb1860,ui/fx_ui_blackmarket_box_open_common
c585f6d70855199,ui/fx_ui_blackmarket_box_open_rare
f0bc47587b2ccf6,ui/fx_ui_blackmarket_fog
51f2a77af4ef57,ui/fx_ui_blackmarket_fog_floor
49e67389e646bde,ui/fx_ui_flagbase_blue
2d23d62ca890d58,ui/fx_ui_flagbase_orng
b947713511e5d9a,ui/fx_ui_flagbase_pmc
357f6548b0e73e0,ui/fx_ui_flagbase_seals
338513388704df,ui/fx_ui_flagbase_wht
ddbd29a58f1853b,ui/fx_ui_frontend_battery_cigar_burn
1cc2eca6513c0ec,ui/fx_ui_frontend_battery_cigar_drag
9a89756e8ae94c7,ui/fx_ui_frontend_battery_cigar_exhale
e1f09bc2bb09299,ui/fx_ui_frontend_battery_cigar_flick
43bb1757a489132,ui/fx_ui_frontend_battery_fire_tank
c2b6e8d9c867a72,ui/fx_ui_frontend_battery_fire_tank_lg
9aa2cbd124a29fd,ui/fx_ui_frontend_battery_smk_column
d738d02e5a49471,ui/fx_ui_frontend_battery_smk_column_bg
36b0b15683b2e04,ui/fx_ui_frontend_battery_smk_fg
e0acf6dc7b4f84a,ui/fx_ui_frontend_battery_snow
e8366a3f27e4c53,ui/fx_ui_frontend_battery_spark_burst
7e5643178912b3,ui/fx_ui_frontend_battery_spark_burst_fg
9d624317a3d7a6,ui/fx_ui_frontend_battery_spark_burst_os
828fc986f970223,ui/fx_ui_frontend_blackjack_floor_light
f9d63ef1f26643c,ui/fx_ui_frontend_blackjack_fog_grnd
a8a038eff353518,ui/fx_ui_frontend_blackjack_fog_tall
3022c0a30bbc54a,ui/fx_ui_frontend_blackjack_rear_floor_light
c62fdb805e46372,ui/fx_ui_frontend_blackjack_server_light
11a2b14fb196791,ui/fx_ui_frontend_blackjack_shelf_light
72e74fc8697e9ec,ui/fx_ui_frontend_char_cust_dust
c5502d2b8937a7f,ui/fx_ui_frontend_dust_room_wpn
9de6e99ae98d616,ui/fx_ui_frontend_embers_room1
1a05198aa2c19f5,ui/fx_ui_frontend_firebreak_embers_lg
8c3c96f40de7b8e,ui/fx_ui_frontend_firebreak_fire_barrel_bg
fba420df75d4762,ui/fx_ui_frontend_firebreak_fire_fuel_wide
242f10b04528c7c,ui/fx_ui_frontend_firebreak_fire_fuel_wide_fg
420174490a71f43,ui/fx_ui_frontend_firebreak_fire_fuel_wide_sm_fg
4e47bc7c04a5b16,ui/fx_ui_frontend_firebreak_fire_line_100
6c2c7108847f629,ui/fx_ui_frontend_firebreak_gas_pipe
3d04ecdd847d4cf,ui/fx_ui_frontend_firebreak_rocks_falling
a526e786006ff22,ui/fx_ui_frontend_firebreak_rocks_os
ff970e96dd9f2d5,ui/fx_ui_frontend_firebreak_sprinkler
52f1b5ea084a8b0,ui/fx_ui_frontend_firebreak_sprinkler_os
2dc5d9e450f054d,ui/fx_ui_frontend_firebreak_sprinkler_splash
29c82dee46c9ab8,ui/fx_ui_frontend_firebreak_sprinkler_splash_os
b0333c5f197c20b,ui/fx_ui_frontend_gunslinger_glow_blue_sm
900a97c75d149be,ui/fx_ui_frontend_gunslinger_glow_red_neon
fcebd214dcdd24e,ui/fx_ui_frontend_gunslinger_rain
5c8bc13451d0c44,ui/fx_ui_frontend_gunslinger_rain_splash
1ecaa3931db2eb8,ui/fx_ui_frontend_gunslinger_rain_splash_area
c658e05c9d6aad9,ui/fx_ui_frontend_gunslinger_steam_pipe
12cc6fb6eac82a5,ui/fx_ui_frontend_hunter_fog_close
35b290867987294,ui/fx_ui_frontend_hunter_fog_far
a3cbfe45c3ce3c1,ui/fx_ui_frontend_hunter_glow_grn
86468e4913fd1d7,ui/fx_ui_frontend_hunter_glow_red
1373da68a2d6874,ui/fx_ui_frontend_hunter_glow_red_sm
d9c968c93be6ab2,ui/fx_ui_frontend_hunter_glow_red_sm_fst
24ae9b536537c4d,ui/fx_ui_frontend_hunter_snow
709b5e7557ea565,ui/fx_ui_frontend_nomad_blue_glow
25165a1a85fffc9,ui/fx_ui_frontend_nomad_fog
af7e9cf0e2c3d33,ui/fx_ui_frontend_nomad_leaves
3e7e47b4f5090b7,ui/fx_ui_frontend_nomad_ray_lg
3eb037b4f52fb3b,ui/fx_ui_frontend_nomad_ray_md
59c5af6d625a841,ui/fx_ui_frontend_nomad_ray_thin
a2df00e0f9a8efd,ui/fx_ui_frontend_nomad_ray_xthin
645c8fb1915f4b4,ui/fx_ui_frontend_nomad_water_rolling
b95f0a933dbd947,ui/fx_ui_frontend_nomad_water_spike
ab9969c0f1c453c,ui/fx_ui_frontend_nomad_water_splash
bd7943ad6855226,ui/fx_ui_frontend_prophet_dust_bg
bc9c43ad679665a,ui/fx_ui_frontend_prophet_dust_fg
ecda18c88758c4d,ui/fx_ui_frontend_prophet_dust_fine
e9b98defb799cba,ui/fx_ui_frontend_prophet_dust_model
3a24db1b7bd1013,ui/fx_ui_frontend_prophet_glow_blue_sqr
1f2341df27f3b3b,ui/fx_ui_frontend_prophet_glow_fire_sm
d45a30aafaaf3c6,ui/fx_ui_frontend_prophet_glow_red_sm
bd6d8681485bc3c,ui/fx_ui_frontend_prophet_glow_wht_sm
7b0b1b255048bd7,ui/fx_ui_frontend_prophet_glow_yllw_sm
a5ef816b312f212,ui/fx_ui_frontend_prophet_heat_distort
aa35f321f8e27bd,ui/fx_ui_frontend_prophet_smk_bg
fce097c938254c0,ui/fx_ui_frontend_prophet_weapon
39383d1c16c4ca9,ui/fx_ui_frontend_prophet_weapon_charge
617f394255f2beb,ui/fx_ui_frontend_reaper_floor_glow
c51d19a8fc0feb9,ui/fx_ui_frontend_reaper_server_light
664ee6bce520e8e,ui/fx_ui_frontend_reaper_smoke
220eba6f4fb04f3,ui/fx_ui_frontend_reaper_sparks
fda82c2ef0e213b,ui/fx_ui_frontend_reaper_window_glow
676eadcd4e4e125,ui/fx_ui_frontend_smoke_gum_factory
46a99f57c9183b2,ui/fx_ui_frontend_smoke_gum_room
4a2594321b216a5,ui/fx_ui_frontend_smoke_room1
4a2564321b2118c,ui/fx_ui_frontend_smoke_room2
e872f8a0323e496,ui/fx_ui_frontend_spectre_blink_blue_sm
2c83383832ec2c2,ui/fx_ui_frontend_spectre_blink_blue_xsm
70170a167822180,ui/fx_ui_frontend_spectre_blink_red_vtol
806d20f02d03aeb,ui/fx_ui_frontend_spectre_blink_twinkle
f3951a11f7363d8,ui/fx_ui_frontend_spectre_fog_bg
f2b41a11f670b4c,ui/fx_ui_frontend_spectre_fog_fg
a8dae534b24561a,ui/fx_ui_frontend_spectre_glow_sqr_vtol
9e8c29089c5043,ui/fx_ui_frontend_spectre_light_runway
f547029d301625f,ui/fx_ui_frontend_spectre_ray_blue
a2f139b2b368d93,ui/fx_ui_frontend_spectre_ray_blue_thin
967a3c7ef9f8180,ui/fx_ui_frontend_spectre_vtol_dust
83ebdbaf86bbfd6,ui/fx_ui_frontend_training_sim_icon_active
bed1a499eb830cb,ui/fx_ui_frontend_training_sim_icon_active_square_os
e397cfe4303695e,ui/fx_ui_frontend_training_sim_icon_idle
a991c2183f06d23,ui/fx_ui_frontend_training_sim_icon_idle_square_os
33f89e0894bec01,ui/fx_ui_frontend_training_sim_icon_move
7d0253a60754c46,ui/fx_ui_frontend_training_sim_icon_square_os
c9d2071840b7d87,ui/fx_ui_frontend_training_sim_icon_trail_os
3c68dce2962a42a,ui/fx_ui_frontend_warrior_glow_blue
2dd26d12595429,ui/fx_ui_frontend_warrior_glow_red
807cef205767b22,ui/fx_ui_frontend_warrior_glow_wht_sqr
a6ba7ff65da62ba,ui/fx_ui_frontend_warrior_glow_yellow
2ba2ba6cc9cd919,ui/fx_ui_frontend_warrior_siege_cabin
ad4e67176d1aa84,ui/fx_ui_frontend_warrior_siege_spotlight
cd079adf60b3d1d,ui/fx_ui_frontend_warrior_spotlight_yllw
96cbcb646d2aece,ui/fx_ui_frontend_warrior_steam_vent
44d690940cccc78,ui/fx_ui_frontend_zmb_campfire
8f0ba68f6c17975,ui/fx_ui_frontend_zmb_campfire_embers
27df106d010fc7f,ui/fx_ui_frontend_zmb_campfire_fog
ec80e9da0d035bf,ui/fx_ui_frontend_zmb_fog
44d1056645dd361,ui/fx_ui_frontend_zmb_fog_trees
ed4f742793f5de7,ui/fx_ui_frontend_zmb_pine_tree_needles
af3df41b2fd00ac,ui/fx_ui_frontend_zmb_stick_flare
c680d2e8838091,ui/fx_ui_frontend_zmb_stick_smoke
aefd1d293219b31,ui/fx_ui_gi_patrol
f1874357f53fc35,ui/fx_uplink_ball_trail
2c0242200cc72b8,ui/fx_uplink_ball_vanish
ed155bd8fb8f38f,ui/fx_uplink_goal_marker
87d932634d69cea,ui/fx_uplink_goal_marker_flash
313648a15cf1a7d,ui/fx_uplink_goal_marker_white
335db5d668550e4,ui/fx_uplink_goal_marker_white_flash
a21e34215de3ba8,v7/fx_v7_perk_widows_wine
56a9e0315082ee9,veh_t7_dlc3_sentinel_drone_faceplate
3a8ed4414f80f60,veh_t7_dlc3_sentinel_drone_spawn_arm
bd1179d75d111a5,veh_t7_dlc3_sentinel_drone_spawn_claw
f36b8c119e11f45,vehicle/fx_apc_rail_dmg_state_01
f36b5c119e11a2c,vehicle/fx_apc_rail_dmg_state_02
cb0852cf343263e,vehicle/fx_dogfight_smk_trail
df0e2aca672a68,vehicle/fx_elec_teleport_escort_drone
cb1299b21d72547,vehicle/fx_exhaust_drone_sm
34c4c50c66013f4,vehicle/fx_exhaust_fanboat_sm
f1657a59db0b8af,vehicle/fx_exhaust_jetpack_dbl_jmp_core
ab3dd704cc63e3b,vehicle/fx_exhaust_jetpack_dbl_jmp_core_cp
a7ce8704c970e7c,vehicle/fx_exhaust_jetpack_dbl_jmp_core_sm
c5339e4d4999b65,vehicle/fx_exhaust_jetpack_dbl_jmp_igc
226133bad7afa0,vehicle/fx_exhaust_jetpack_warlord_juke
e57ee300fb6654f,vehicle/fx_exhaust_quadtank
8b6daebd0768506,vehicle/fx_exhaust_quadtank_child
bfcfda9411d4fc8,vehicle/fx_exhaust_siegebot_main
e57f7e4e7ad2c3c,vehicle/fx_exhaust_siegebot_top
556a440dbcb358,vehicle/fx_exhaust_sm
d8fbcd1e06f8de5,vehicle/fx_flock_wasp_hover_zoom_vista
5c24902b06eaf80,vehicle/fx_flock_wasp_zurich
f0945f849c8f018,vehicle/fx_footstep_dust_land_theia
5c3058769ff2a25,vehicle/fx_footstep_quadtank_concrete
51b44fd8672c20,vehicle/fx_footstep_siegebot_concrete
ef1adc30acb9114,vehicle/fx_grass_front_fan_boat
8be7343afb9988d,vehicle/fx_gunship_raps_trail
a43bef83ae5c4ce,vehicle/fx_headlight_civ_truck_pickup_tech_le
a8e8ef83b255eb8,vehicle/fx_headlight_civ_truck_pickup_tech_ri
f6c739cb1e5840e,vehicle/fx_headlight_hemtt_firetruck
b07274c7cf02ef2,vehicle/fx_headlight_mil_macv_le
b004f4c7cea543c,vehicle/fx_headlight_mil_macv_ri
a1caa9ec2a04b18,vehicle/fx_headlight_prol_parked_single
93d819a01ce4830,vehicle/fx_hunter_engine
a05082e048bb456,vehicle/fx_light_beam_scan_hunter
bb5ea0ee18bb160,vehicle/fx_light_quad_trophy_alerted
60dbe80ce311019,vehicle/fx_light_quad_trophy_alerted_low
67f4936f92e401b,vehicle/fx_light_siegebot_head_mp
86c9316db6e49a9,vehicle/fx_light_siegebot_leg
f8fa8da65c5dfe9,vehicle/fx_light_siegebot_leg_left_top_mp
83dbc5216f36434,vehicle/fx_light_siegebot_leg_left_upper_mp
6eba6480572347c,vehicle/fx_light_siegebot_leg_right_top_mp
e2a3a139cd9b5e5,vehicle/fx_light_siegebot_leg_right_upper_mp
e3151cc1e9aad3b,vehicle/fx_light_siegebot_leg_theia
640f976ee406102,vehicle/fx_light_siegebot_mp
e9d7a29aada9435,vehicle/fx_light_siegebot_rocket_mp
a911a7c3db9ba2a,vehicle/fx_light_siegebot_torso
5cf9e79ad003793,vehicle/fx_light_siegebot_torso_mod_mp
980c8bc952098c2,vehicle/fx_light_siegebot_torso_mp
3c0af9f0b310408,vehicle/fx_light_siegebot_torso_theia
55c0435df8551c9,vehicle/fx_light_turret_floodlight_core
e81c0d0b3e5d392,vehicle/fx_light_wasp_friendly_hacked
f78af6eba8b804,vehicle/fx_nikolai_raps_trail_small
b62a662961018d9,vehicle/fx_oil_drip
338c8b5c1ced400,vehicle/fx_oil_drip_pool
8cf89f56aadcb1f,vehicle/fx_oil_drip_prologue
c2a1a9e7c2ca723,vehicle/fx_pod_impact_prologue
52915d70458762f,vehicle/fx_quadtank_airburst
fa96e10699bd8cb,vehicle/fx_quadtank_airburst_ground
b0eb584befc83a4,vehicle/fx_raps_taunt_exp_a
b0eb884befc88bd,vehicle/fx_raps_taunt_exp_b
944c5197ed5d054,vehicle/fx_raps_taunt_land
fbe4f97daf46383,vehicle/fx_siegebot_spawn_teleport
3da5cf20111b93c,vehicle/fx_siegebot_spawn_teleport_light_green
d2d4c2ab85ce443,vehicle/fx_siegebot_spawn_teleport_light_green_line
769bf5777123a9c,vehicle/fx_siegebot_spawn_teleport_light_red
1f0dd457c975163,vehicle/fx_siegebot_spawn_teleport_light_red_line
5c6fe58511cf329,vehicle/fx_siegebot_spawn_teleport_light_yellow
dc6516b80ceaff0,vehicle/fx_siegebot_spawn_teleport_light_yellow_line
3154239bd185419,vehicle/fx_siegebot_startup
44ac9fb5264c861,vehicle/fx_splash_front_fan_boat
d303a1109ff7719,vehicle/fx_spray_fan_boat
ba2165c7d1e1dee,vehicle/fx_taillight_civ_truck_pickup_tech_le
bece65c7d5db7d8,vehicle/fx_taillight_civ_truck_pickup_tech_ri
942fad93c9f5692,vehicle/fx_taillight_mil_macv_le
93c22d93c997bdc,vehicle/fx_taillight_mil_macv_ri
69c4632a7f13bc2,vehicle/fx_train_dust_kickup
ad5338299e60314,vehicle/fx_treadfx_agr_dirt_emit
a6b5bf7ec400161,vehicle/fx_treadfx_agr_dirt_emit_child
71f175f88ef5896,vehicle/fx_treadfx_asphalt_peel
32af94fc67eb65a,vehicle/fx_treadfx_asphalt_skid_child
90e49ac20fe75af,vehicle/fx_treadfx_asphalt_skid_emit
4b0c33fb8dac2d5,vehicle/fx_treadfx_asphalt_tread_child
996ecc95bd0cbe2,vehicle/fx_treadfx_asphalt_tread_emit
4a05c3598654237,vehicle/fx_treadfx_asphalt_veng_child
130f4a3bb90ad34,vehicle/fx_treadfx_asphalt_veng_emit
c65ccf252cb9331,vehicle/fx_treadfx_fanboat_grass_os
bc6bd4a459dbac7,vehicle/fx_treadfx_fanboat_water
b3a3cecbe4711c2,vehicle/fx_treadfx_fanboat_water_os
6e5f9bee3d3ad17,vehicle/fx_treadfx_fanboat_water_skid_emit
c963b5217f8b1fb,vehicle/fx_treadfx_raps_asphalt_peel
2bc0512daa7b7bc,vehicle/fx_treadfx_raps_asphalt_skid_emit
b7828dbf5176da3,vehicle/fx_treadfx_raps_concrete_peel_mp
b6a736c46209ea1,vehicle/fx_treadfx_raps_concrete_skid_child
9ba78d2a5c8d8bf,vehicle/fx_treadfx_raps_concrete_skid_child_mp
5630a3cc93d4c5e,vehicle/fx_treadfx_raps_concrete_skid_emit_mp
17673470c98117c,vehicle/fx_treadfx_raps_concrete_tread_child
8cd5f704c04cee4,vehicle/fx_treadfx_raps_concrete_tread_child_mp
fbbf99e482cb299,vehicle/fx_treadfx_raps_concrete_tread_emit
8afdb76f6f68987,vehicle/fx_treadfx_raps_concrete_tread_emit_mp
e10970b49062905,vehicle/fx_treadfx_raps_dirt_peel_mp
2dd25fae1e14a49,vehicle/fx_treadfx_raps_dirt_skid_child_mp
35b1e06eb05e018,vehicle/fx_treadfx_raps_dirt_skid_emit_mp
c4008f3aaa64c96,vehicle/fx_treadfx_raps_dirt_tread_child
afbf8566baa2646,vehicle/fx_treadfx_raps_dirt_tread_child_mp
d2ac599b8880d9b,vehicle/fx_treadfx_raps_dirt_tread_emit
659ffc0bd5ac4f9,vehicle/fx_treadfx_raps_dirt_tread_emit_mp
4e834df61c5d001,vehicle/fx_treadfx_raps_metal_peel_mp
3ef4baece3904c5,vehicle/fx_treadfx_raps_metal_tread_emit_mp
cd241e4e8f6681,vehicle/fx_treadfx_raps_taunt_mp
153fcbb5a54fde2,vehicle/fx_treadfx_snow_skid_child
a06156e97cba4f7,vehicle/fx_treadfx_snow_skid_emit
1002b8f86bedd6d,vehicle/fx_treadfx_snow_tread_child
76cfeffbd09369a,vehicle/fx_treadfx_snow_tread_emit
ed4a89cae6b21bf,vehicle/fx_treadfx_truck_dirt_child_doa
1ff5025fd3a86b6,vehicle/fx_treadfx_truck_dirt_emit_doa
dddb0a64efc73dc,vehicle/fx_treadfx_truck_water_emit_doa
83a8a9d89985f03,vehicle/fx_veh_dni_mesh_trail
1ba4bdd1ee65652,vehicle/fx_veh_dni_wasp_rez_in
8e612bb9e01f30b,vehicle/fx_veh_dni_wasp_rez_out
4d7304a15c37b3d,vehicle/fx_vtol_engine_lotus
daa039aa87e0780,vehicle/fx_vtol_mil_dropship_thruster_engine
7d629b568deea91,vehicle/fx_vtol_mil_dropship_thruster_engine_fire
e1aac3242944e21,vehicle/fx_vtol_mil_dropship_thruster_engine_weak
1b8ff88a1057c09,vehicle/fx_vtol_mil_egypt_thruster_side
799722ec5c1f2f6,vehicle/fx_vtol_mil_egypt_thruster_wingtip
531e57c79673d6,vehicle/fx_vtol_thruster
f66dd38d0372f34,vehicle/fx_vtol_thruster_vista
2e3aa4e34f8e903,vehicle/fx_zm_zod_train_int_light_temp
f746902f51f87fb,water/fx_fuel_dribble_ven
511445949688c5f,water/fx_fuel_hunter_drip
1ea92b720bf4632,water/fx_fuel_hunter_drip_impact
399f512dbc45187,water/fx_fuel_pour_far_ven
811758f16a8e3f1,water/fx_fuel_pour_ven
68458ad2d3792f9,water/fx_fuel_splash_sm_ven
d0a13ba30a63e70,water/fx_fuel_splash_ven
c557309e0f68b47,water/fx_fuel_splash_xsm_ven
5fc455fd940ae4c,water/fx_liquid_vomit
b11dfbfe83d18f,water/fx_liquid_vomit_blood_decal_kane
5cf9aadc8486599,water/fx_liquid_vomit_child
3a220fe116289c0,water/fx_liquid_vomit_child_2
864f7ffb12f02,water/fx_liquid_vomit_decal_kane
ae23a995a1a33e3,water/fx_liquid_vomit_decal_runner_kane
254ebc2a43e69b3,water/fx_liquid_vomit_drool
2c478d31062349c,water/fx_liquid_vomit_kane
191494b013f71d7,water/fx_liquid_vomit_splat
18e2d689306fae9,water/fx_liquid_vomit_spurt_kane
2c9216034eccb20,water/fx_liquid_vomit_thick_decal_kane
6be788b7fa1e8dd,water/fx_rain_ground_sheeting_gust_os
a36b6f4327727f3,water/fx_surface_mist_blow_biodome_os
c91f9cd66f007bf,water/fx_surface_mist_blow_line_biodome
5f5ecc5f6709de8,water/fx_sweat_head_slam_rt
26b67a719ff029,water/fx_temp_water_tidal_wave_sgen
50063cece1ec422,water/fx_underwater_bullet_bubble_trail
8f288c80b8be372,water/fx_underwater_bullet_bubble_trail_grp
ccb1b3f274e3a1f,water/fx_underwater_bullet_bubbles_child
b37a8c6619e55ea,water/fx_underwater_debris_player_loop
92b3bfd637edf15,water/fx_underwater_debris_player_loop_blkstn
e1142bfd74bd745,water/fx_underwater_distort_lrg
146098d8ffe59a1,water/fx_underwater_distort_lrg_xy
3a31c03d5465492,water/fx_underwater_dust_md
2c9864b6f807d81,water/fx_underwater_dust_md_fast
cab24eb64617559,water/fx_underwater_dust_murky_md_slow
e79164a62e5ade4,water/fx_underwater_dust_puff_md
4154cf118606253,water/fx_underwater_dust_trail_md
7e5e85fc821464c,water/fx_underwater_fan_vortex
c31e49bca06700d,water/fx_underwater_floating_bits
89873947b327a93,water/fx_underwater_floating_bits_metro
6a333a0601fca1c,water/fx_underwater_floating_bits_pool
eb20d5d398824ee,water/fx_underwater_ground_silt
da44a17f9d34493,water/fx_underwater_ground_silt_bus
8e13210f4f593cc,water/fx_underwater_ground_silt_havoc
56ca54e0f9cb78d,water/fx_water_board_cough
4cb76be173a87b8,water/fx_water_board_face
2e86b05a6ddba93,water/fx_water_board_pour
94b258d14adee32,water/fx_water_board_pour_long
d0769ab8ebc7ebb,water/fx_water_board_pour_minister
26bd82481ae2b2a,water/fx_water_board_splash
4b5695e7d6100,water/fx_water_board_splash_ground
f2ca741d7204241,water/fx_water_board_splash_veng
bae4266cbf06224,water/fx_water_bubbles_100x100
70883ac0f2a8ebe,water/fx_water_bubbles_biodomes
6077a5648447cd3,water/fx_water_bubbles_biodomes_2
abe1c0797cbcfb,water/fx_water_bubbles_chem_havok
4461678578326cc,water/fx_water_bubbles_chem_sector
4798c5025be6052,water/fx_water_bubbles_column_md
99a151785420b99,water/fx_water_bubbles_corner_ethiopia
637e63f27b5e161,water/fx_water_bubbles_dam_suck
96b56869b34c4c2,water/fx_water_bubbles_debris_50x10
c8387ec5662e970,water/fx_water_bubbles_debris_body
16ce2b4f9eb9958,water/fx_water_bubbles_debris_sm
2a85f639806fafa,water/fx_water_bubbles_flow_ethiopia
2092cf7ea88b37,water/fx_water_bubbles_flow_ethiopia_2
cb2755eaf83766c,water/fx_water_bubbles_md_fast
c646da8eb6caf3,water/fx_water_bubbles_md_fast_line
707d8b242525879,water/fx_water_bubbles_md_fast_line_zy
60028840852eddf,water/fx_water_bubbles_md_slow_line_zy_short
ebe96d91d65961e,water/fx_water_bubbles_md_slow_line_zy_short_tiny
515b852a33801a0,water/fx_water_bubbles_md_slow_line_zy_tall
c5d52682d5dd615,water/fx_water_bubbles_md_slow_zy
1982a75f8189415,water/fx_water_bubbles_quadtank_infection
345c3862b6a3f82,water/fx_water_bubbles_redwood
326d470c48e2ebe,water/fx_water_bubbles_rise_100x100
1d402bfc828fb19,water/fx_water_bubbles_rise_attach1_world
229e39a2167b2e8,water/fx_water_bubbles_rise_attach2_world
439147d81854bbd,water/fx_water_bubbles_rise_lrg
1c2de3230fe191f,water/fx_water_bubbles_trail_child_md
178093230be76b6,water/fx_water_bubbles_trail_child_sm
57912c7c9a2c16,water/fx_water_bubbles_trail_emit_md
4f22c0357716f62,water/fx_water_burst_lrg
56761df3b040c73,water/fx_water_burst_lrg_rnr
85d884ba5afe386,water/fx_water_burst_lrg_sgen
5805ab2e1217b44,water/fx_water_burst_spray_lrg
28718b33e40d2f4,water/fx_water_burst_spray_lrg_sgen
bb50866c33c544e,water/fx_water_burst_spray_splashes_lrg
d9da51e3ffddc4a,water/fx_water_burst_spray_splashes_md
5d57954ab72b784,water/fx_water_burst_xlrg
f6d5b7a7a18f68a,water/fx_water_burst_xxlrg
87012c692db573b,water/fx_water_burst_xxlrg_rnr
65bba5fafd77bcc,water/fx_water_curb_sewer_drain
8b2c3b417a19795,water/fx_water_dive_hendricks_blkstn
1eb11e94a833da7,water/fx_water_drip_accumulate_line_25
af691843e3551f7,water/fx_water_drip_apt
5f3528efc3ac22,water/fx_water_drip_biodomes
9fb7fd5ed9cd8af,water/fx_water_drip_ceiling
7fb7892d758a449,water/fx_water_drip_ceiling_lg
6b1fa75c2afdeef,water/fx_water_drip_ceiling_vent
2398adbffd78801,water/fx_water_drip_cieling_lg_zod_igc
dec792c34040f20,water/fx_water_drip_edge_line_100
451fadcc985abcb,water/fx_water_drip_edge_line_100_long
9b48dcbc47e72a8,water/fx_water_drip_edge_line_100_shrt
fafed0e975f7d1f,water/fx_water_drip_edge_line_50_long
fa6abb7f6aae3e,water/fx_water_drip_edge_line_metro
244098bb4258e82,water/fx_water_drip_edge_metro_med
3a6e12ecc836954,water/fx_water_drip_edge_single_metro
abd8b4caa56a94b,water/fx_water_drip_ethiopia
e56f6032889ef38,water/fx_water_drip_hotel_ramses2
63c8992c04137,water/fx_water_drip_hotel_ramses2_os
43c904a63f59a12,water/fx_water_drip_impact
d06bb7745993148,water/fx_water_drip_impact_ground
757825b282abfad,water/fx_water_drip_knee_igc
ad3b95f2a8f5bfc,water/fx_water_drip_lg_long
10babb691d2409a,water/fx_water_drip_line_100
c2d5e3868dcfab0,water/fx_water_drip_line_100_ground
6080422ec367fbe,water/fx_water_drip_line_100_ground_splash
ce71c98bab5239e,water/fx_water_drip_line_100_island
75d03f0f98bcc3c,water/fx_water_drip_line_100_lit
80980fb6cb4dd88,water/fx_water_drip_line_100_splash
de05bc40c817db0,water/fx_water_drip_line_100_splash_cheap
cd22c5c06c0bd9c,water/fx_water_drip_line_100_splash_island
f3f6f498f5c6c6e,water/fx_water_drip_line_100_water
4a2fe29180f7cea,water/fx_water_drip_line_10_island
67abc61b4d19ad0,water/fx_water_drip_line_10_splash_island
7f570b68c8ddccf,water/fx_water_drip_line_200
fe07295abc15509,water/fx_water_drip_line_200_lit
3882720c99789c6,water/fx_water_drip_line_25
23277a49793ab1a,water/fx_water_drip_line_25_ground_splash
7c1d94817bf32d2,water/fx_water_drip_line_25_island
13fb495075e14d,water/fx_water_drip_line_25_lowgrav
483d624186f4313,water/fx_water_drip_line_25_no_ring
d29e5dad97c9170,water/fx_water_drip_line_25_physics
ed68875bd0f28e4,water/fx_water_drip_line_25_splash_cheap
83ef809092505d8,water/fx_water_drip_line_25_splash_island
f7475be8d4ea9f5,water/fx_water_drip_line_25_splash_no_ring
cdeadc3308e446d,water/fx_water_drip_line_25_xxlong
4766520ca623fea,water/fx_water_drip_line_lg
c4907ba8d7fa418,water/fx_water_drip_line_lg_distant_igc_zod
4727620ca5e73f6,water/fx_water_drip_line_md
189202fa680a991,water/fx_water_drip_line_short_slow_50_island
445413bb08a5814,water/fx_water_drip_line_short_sm
1875e49647f7868,water/fx_water_drip_line_short_xsm_island
ff78a2701614a48,water/fx_water_drip_line_thick_100
d7930bf4718a44f,water/fx_water_drip_model_wires_metal_recessed
410a27136ee787e,water/fx_water_drip_phys_biodome
35db89b4c2d6126,water/fx_water_drip_phys_ethiopia
4822509a3795d21,water/fx_water_drip_physics
52d8c505f635fc9,water/fx_water_drip_point_1x1
12b2aa43f9cb895,water/fx_water_drip_point_1x1_ground_splash
7731cda26066cc3,water/fx_water_drip_point_1x1_physics
8b3d1d0a3457f07,water/fx_water_drip_point_1x1_physics_ground
ec324658154919d,water/fx_water_drip_point_1x1_slow_physics
d0c13c508d3363b,water/fx_water_drip_point_long_fast_lowgrav
48c54414038f971,water/fx_water_drip_point_short_fast_lowgrav
9939810f369d13e,water/fx_water_drip_point_short_fast_lowgrav_dis
fb65497f4fbdc6a,water/fx_water_drip_point_slow
1aabe335921a67e,water/fx_water_drip_pool
1e7f192e5e07965,water/fx_water_drip_ripples_125_veng
1505b84f61bbbe3,water/fx_water_drip_robot_rise_torso_os
5333ab88c4aeeec,water/fx_water_drip_serverroom
dc67bda945fb30c,water/fx_water_drip_serverroom_lng
cd30754bfd6fa4c,water/fx_water_drip_single
b03ead76388fb2b,water/fx_water_drip_single_em
d10e24abfeb8f41,water/fx_water_drip_single_spot
467ab070bc5dccb,water/fx_water_drip_sm_em
852dae2fdd63942,water/fx_water_drip_sm_splash
6f01db3a158bea4,water/fx_water_drip_straight_metro
3572c45e705540f,water/fx_water_drip_straight_sm
b7129e6591eb52a,water/fx_water_drip_straight_sm_line
4ffe5c970a8c496,water/fx_water_drip_straight_sm_line_100x
3c857e4c31cb6dc,water/fx_water_drip_straight_sm_line_30x
aa5d6e4b51e436b,water/fx_water_drip_straight_sm_line_60x
5cdf8e32cb8a3a0,water/fx_water_drip_straight_sm_line_fol
b16d408ed7d24ba,water/fx_water_drip_straight_sm_os
65853b97147a1e5,water/fx_water_drip_straight_sm_os_impact
a446d4eab6cc4c0,water/fx_water_drip_stream
fbe01fd790a58ee,water/fx_water_drip_stream_lit
25112a743fd49aa,water/fx_water_drip_stream_theater
b3d7e1a8df2aa2f,water/fx_water_drip_vine_hanging_sm_long
4564ff66e6e1987,water/fx_water_drip_wind_line_lg
87f3f6beaefd3d7,water/fx_water_drip_wind_sm
83cc19f86c04202,water/fx_water_drip_wind_sm_line
8a670e5e2dda4f2,water/fx_water_drip_wind_sm_os
144c678e86570fa,water/fx_water_drip_xsm_splash
c153e4ceaeaf678,water/fx_water_drips_cabin_igc
e467825568c261a,water/fx_water_drips_hvy
52af0dab3d2a6e8,water/fx_water_drips_splash_ramses2
988400e04d8919c,water/fx_water_drips_veiled
b860441a033e6ac,water/fx_water_drown_splash
36a4a207d3e7012,water/fx_water_fall_2_underwater_ethiopia
5c978e3b0a5cd0,water/fx_water_fall_adventure_biodome
81fe23c916ec1e2,water/fx_water_fall_base_blood_zurich
11f340023cb2637,water/fx_water_fall_base_sm_doa
5cb5f2653b274a1,water/fx_water_fall_dam_redwood
4d2025327ff4c7e,water/fx_water_fall_fam_short_blood_zurich
a9a9ac18e1725cf,water/fx_water_fall_flat_wake_redwood
a7488c0319f0d7e,water/fx_water_fall_loop_base_splash_sgen
917ccc73f2d77a4,water/fx_water_fall_loop_fill_sgen
da1e23eb593af62,water/fx_water_fall_loop_fill_xlg_sgen
674ce80054b2fde,water/fx_water_fall_loop_mist_xlg_sgen
6161a1d89f35770,water/fx_water_fall_loop_thin_xlg_sgen
68c3526e796b95b,water/fx_water_fall_lrg_blackstation
8c56fd327f98122,water/fx_water_fall_mist_bottom_redwood
9a17b07ad2ec6db,water/fx_water_fall_mist_cheap
4c5f9d6d1a1d7da,water/fx_water_fall_mist_cover_redwood
679579ea6b58087,water/fx_water_fall_os_burst_sgen
9f4f6cb9586d805,water/fx_water_fall_rocks_blood_lg_zurich
31334be232af057,water/fx_water_fall_rocks_blood_zurich
be6e655ff17f2,water/fx_water_fall_rocks_ethiopia
7e8a1232732dcbf,water/fx_water_fall_rocks_ethiopia_2
7e8a0232732db0c,water/fx_water_fall_rocks_ethiopia_3
62d70a66debfab0,water/fx_water_fall_sector
75e92fc2b76a155,water/fx_water_fall_sm_doa
5d2da583605be24,water/fx_water_fall_top_blood_zurich
bd142b256922df,water/fx_water_fall_top_end_splashes
4831504ae8ef7f6,water/fx_water_fall_top_lg_redwood
7c872ab6c06cb23,water/fx_water_fall_top_mist
9a6704bea7d3cb2,water/fx_water_fall_top_mist_2
73bee921901671a,water/fx_water_fall_top_mist_blood_zurich
8e0228da065d822,water/fx_water_fall_top_mist_redwood
3daaa63c5f98089,water/fx_water_fall_under_redwood
c64c1a7b1d4f57b,water/fx_water_fall_vista_ethiopia
10b895797c1c894,water/fx_water_fire_hose
e20b364be0aefff,water/fx_water_floating_debris_biodomes
c2cd06c48b4f08e,water/fx_water_floating_debris_ethiopia
927b929681497f,water/fx_water_flood_loop_base_splash_sgen
33ad8875c913bca,water/fx_water_flow_gutter_blkstn_lt
2d5c4875c3c199c,water/fx_water_flow_gutter_blkstn_rt
76b87971986c135,water/fx_water_foot_impact_igc
970fc512d1895bc,water/fx_water_ground_splash_sm
8d02161bba8b99b,water/fx_water_ground_splashing_md
8d6fc61bbae996a,water/fx_water_ground_splashing_sm
7e759707fb5b57e,water/fx_water_hydrant_broken
9ee3ae2e1fd6b20,water/fx_water_impact_hit_md
c76baa3f7e3394,water/fx_water_impact_object_lg
c448aa3f7bc244,water/fx_water_impact_object_md
8765aa3f48456d,water/fx_water_impact_object_sm
dec758be67f5bbb,water/fx_water_impact_ripple_md
3a358550a3079bd,water/fx_water_leak_squirt_sm
dcc9cf604482a1e,water/fx_water_leak_torrent_md
b6fd402c4f597a5,water/fx_water_mist_spray_deck
dd95bc3c3a9e8da,water/fx_water_mist_spray_hunter
b77e3be0123687,water/fx_water_motes_bubbles_200x200
e88b48b88638aa7,water/fx_water_motes_bubbles_300x300
ec5934463dcc743,water/fx_water_motes_trashfall_300x300
34ea13c5e68576b,water/fx_water_motes_wind
b18a82410724abf,water/fx_water_pipe_burst_sgen
b96d43da362a1,water/fx_water_pipe_drain
ed59fe5638ce423,water/fx_water_rise_splash_md
a00b88d5e41320c,water/fx_water_rush_teleport_cover
53cb4244ac4061,water/fx_water_sewer_splash_sm
b44f40dc1fa239a,water/fx_water_sheet_line_100
85a578d45e09ac6,water/fx_water_sheet_line_25
cd448c8696ce415,water/fx_water_sheet_line_25_em
3e5ffcadbd86d54,water/fx_water_sheet_line_hvy_100
694a1ae135ed608,water/fx_water_sheet_line_hvy_25
aaab239e724ac51,water/fx_water_sheet_roof_lrg_blkstn
110b64c8bf6cad5,water/fx_water_sheet_roof_md_blkstn
37835714544cca2,water/fx_water_sheet_roof_sm_blkstn
10967d58c0273b1,water/fx_water_sheet_tanker_stern_blkstn
69bbd43e444ef08,water/fx_water_sheet_wind_strong_100
bfb59369c495438,water/fx_water_sheet_wind_strong_100_local
71e9dd6f5f6c2bc,water/fx_water_sheet_wind_strong_25
fb1ab3376d470ec,water/fx_water_sheet_wind_strong_25_local
7f7ef8867ec476,water/fx_water_shower
d5557d31fa3c11b,water/fx_water_spark_quadtank_infection
60ca633117ae03e,water/fx_water_spark_quadtank_infection_os
4319f2a5156aee3,water/fx_water_spill_thin_long
2396eaf0ade918,water/fx_water_spill_thin_long_sm
ddfb58b7179aead,water/fx_water_spill_wide_short
aea8627524069c,water/fx_water_splash_25v25
12914bf946123ef,water/fx_water_splash_barge_blackstation
d061466735bdbda,water/fx_water_splash_barge_blackstation_os
41052065a5c7b31,water/fx_water_splash_barge_xlg_blackstation
aa4c6787b0de7,water/fx_water_splash_barge_xlg_vista_blackstation
4dc00472eb6c7a,water/fx_water_splash_bargepier_blackstation_os
5d6aa8eb90770de,water/fx_water_splash_bargepier_blackstation_rnr
a9d0f5ee4f26926,water/fx_water_splash_building_debris_lg
5f2fb75a30c8995,water/fx_water_splash_dir_lg
1723093779cee,water/fx_water_splash_dir_lg_blood
32053a8c66dd439,water/fx_water_splash_dir_lg_wide
99e6fe0fcbafeea,water/fx_water_splash_dir_lg_wide_blood
75067030d2f7389,water/fx_water_splash_dir_xxxlg_wide
75ed8e9474d8e9a,water/fx_water_splash_dir_xxxlg_wide_blood
51740895e5083ac,water/fx_water_splash_doa_truck
d64342058e19111,water/fx_water_splash_end_ehtiopia
7d12a317b154569,water/fx_water_splash_flood_defend
24f589335483567,water/fx_water_splash_fountain_line
42fd09f06dc5b74,water/fx_water_splash_fountain_line_dark
279002f21e507a1,water/fx_water_splash_fountain_line_md
2c3d32f2224a6a4,water/fx_water_splash_fountain_line_sm
636d0912606719d,water/fx_water_splash_fountain_sm
b5adcb5bf214694,water/fx_water_splash_fountain_sm_no_ring
b053cf6dd48cb63,water/fx_water_splash_fountain_stronghold
586f0e4aaf067b2,water/fx_water_splash_impact_xlrg_os_biodomes
222333b99954f23,water/fx_water_splash_line_raised
b5ab64bbdd42040,water/fx_water_splash_line_short_sm
5dea0a0ad19f7c2,water/fx_water_splash_line_xsm_blkstn_igc
5b2e189348f1eeb,water/fx_water_splash_lrg
cff9a0ae897002d,water/fx_water_splash_md
ae9ac34668bbc9e,water/fx_water_splash_pier_boards_os_blkstn
d0a9a769e6b4e2e,water/fx_water_splash_pier_os_blkstn
e25d81164428f80,water/fx_water_splash_pier_rnr_blkstn
9bb4f6de1da6a6b,water/fx_water_splash_shoreline
d302512ad99e9bd,water/fx_water_splash_shoreline_blackstation
673c2de9888dc93,water/fx_water_splash_shoreline_loop_rnr
fe6c69de614689a,water/fx_water_splash_shoreline_rnr
e91c087eb8f2bae,water/fx_water_splash_shoreline_rnr_sgen
c6ceec90b2ff23f,water/fx_water_splash_shower_floor
cbad3cbaf284040,water/fx_water_splash_sides_md
ccf00cbaf3935c1,water/fx_water_splash_sides_sm
cc26d0ae8630598,water/fx_water_splash_sm
c1980ee3efd8ebb,water/fx_water_splash_sub_stairs_blackstation
bb678d8dab4a5d8,water/fx_water_splash_sub_stairs_landing_blkstn
6a4c5bd7da90800,water/fx_water_splash_tanker_blkstn_igc
f085cf539f21245,water/fx_water_splash_thick_xxlg_vista
a89854a694ebbbe,water/fx_water_splash_thick_xxlg_vista_blood
792082a098f3469,water/fx_water_splash_thick_xxxlg_vista
a74e31065c7053a,water/fx_water_splash_thick_xxxlg_vista_blood
d6a37cee4192865,water/fx_water_splash_veiled
f1a53dfe1df77b5,water/fx_water_splash_wall_sm
4d0ed7d0f5c95c6,water/fx_water_splash_wharf_blackstation
1187da0df2c1941,water/fx_water_splash_wharf_blackstation_runner
cb81588f8ce0ccd,water/fx_water_splash_xlg
f90943449af2130,water/fx_water_splash_xlg_runner
3a8a30efcb2498c,water/fx_water_splash_xlg_swamp_biodome
80c75bf283664fd,water/fx_water_splash_xxlg
469caae80359316,water/fx_water_splash_xxlg_blood
e50b7bb65e0565c,water/fx_water_splash_xxlg_swamp_biodome
e21c1d11bafa16d,water/fx_water_splash_xxxlg
977948799296e66,water/fx_water_splash_xxxlg_blood
d078401921804ac,water/fx_water_splash_xxxlg_swamp_biodome
6af3ef7b79afe2d,water/fx_water_spray_lotus
8d7f6ad15941101,water/fx_water_spray_splashes_lotus
383647bda89f1a8,water/fx_water_sprinkler_ceiling_prologue
e6b30cc40f04b6f,water/fx_water_sprinkler_ceiling_start
878cd05f9c0f173,water/fx_water_stream_biodomes
4227993cfa5b582,water/fx_water_stream_drip_apt
1315bfce81393f0,water/fx_water_stream_fall_md
40607a42b3267bb,water/fx_water_stream_falling_thin_15x200
aefcca425ee03f0,water/fx_water_stream_falling_thin_15x300
f554ea443ba2ab2,water/fx_water_stream_falling_thin_15x500
ab5b55d5a0cd42f,water/fx_water_stream_falling_thin_75x1500
3a237519f35acc,water/fx_water_stream_falling_thin_75x2500
71d017d4090bc11,water/fx_water_stream_sheet_lg_eva
b866d471c65a310,water/fx_water_stream_sheet_md
724b08198a7b981,water/fx_water_stream_sheet_md_eva
909ed4a60ce3465,water/fx_water_stream_sm_apt
6e37f462c62f4ed,water/fx_water_stream_sm_apt_lng
fb34687543fa511,water/fx_water_stream_sm_spire
7640249d36cdd33,water/fx_water_stream_subway_blkstn
af7575f60de84c2,water/fx_water_stream_thin_apt
592377d75715f5d,water/fx_water_stream_thin_long
383331cb0c223fb,water/fx_water_stream_thin_long_lg
3902ab82330602e,water/fx_water_surface_100_rattle
f3977054cc11f32,water/fx_water_surface_rattle
d73ad41fe830c9d,water/fx_water_surface_wake_sm
73b6b779fab8d0c,water/fx_water_surge_splash_blood_xlg_os
e71ab600f9f5cb4,water/fx_water_surge_splash_md
fbe2bdf2a7ee1f1,water/fx_water_surge_splash_xlg_os
91f70005a835c39,water/fx_water_train_mist_kick_up_metro
1c35ff57e3fa7d5,water/fx_water_turbulance_debris_ethiopia
c035e155ca3b1ac,water/fx_water_under_fountain_sm
533641206ee69f1,water/fx_water_wake_tanker_blkstn
5f840eb7309351a,water/fx_water_wake_tanker_high_blkstn
4d88b7c6d5f966a,water/fx_water_waterfall_base_lg
9ced1a872ea59f4,water/fx_water_waterfall_base_lg_3
f8691ef75d96ab7,water/fx_water_waterfall_base_lg_dark
523e28c7f6d88fe,water/fx_water_waterfall_base_lg_dark_2
1f3b220cc0fa1e0,water/fx_water_waterfall_base_vista
2bd256d9dd19d84,water/fx_water_waterfall_base_xlg
4050546474cc9e2,water/fx_water_waterfall_underwater
1699c20ce815923,water/fx_water_waterfall_underwater_sm
3e6863d0b477858,water/fx_water_waterfall_underwater_wide
f3f42380f318b6f,water/fx_water_wood_plank_y_slide_blkstn
10b72230709dd34,water/fx_water_wood_plank_z_slide_blkstn
40352765fef6030,water/fx_waterfall_base_biodome
ba399595d58c5eb,water/fx_waterfall_sides_biodome
39d4310272307a1,water/fx_waterfall_underwater_biodomes
54e54b191907897,water/fx_wave_surge_splash_02_xlg
21fe5ea17675f94,water/fx_wave_surge_splash_debris_md
a714356d07a1efd,water/fx_wave_surge_splash_shoreline_blackstation_os
543887ec163555c,water/fx_wave_surge_splash_xlg
6a796af36a63ab5,water/fx_whisky_decal_igc_biodome
1f52372de84afe1,weapon/bouncing_betty/fx_betty_trail
5b2df97453d1f8,weapon/bouncing_betty/fx_explosion_betty_generic
99237c80b979632,weapon/bullet/fx_flesh_gib_fatal_01
19b4d71747e2a2c,weapon/fx8_muz_hero_sig_grapple_reelin_1p
276af04b8636575,weapon/fx_ability_concussive_wave_impact
458fd4be94418d1,weapon/fx_ability_concussive_wave_punch
6a45dd754bd6a45,weapon/fx_ability_elec_ravage_core_grenade_glow
6f01607875933fd,weapon/fx_ability_firebug_attack
b6540658c52c183,weapon/fx_ability_firebug_attack_damage
8973b7283be22d4,weapon/fx_ability_firebug_hunting
8fbefc8fc3d213f,weapon/fx_ability_firebug_start
a367e45104dd92e,weapon/fx_ability_firebug_swarm_die
19073780a87c779,weapon/fx_ability_firebug_travel
1d691c3f42d31a8,weapon/fx_ability_firefly_attack
ffeab8e316dbf4,weapon/fx_ability_firefly_attack_1p
78aba0e18980b10,weapon/fx_ability_firefly_attack_damage
4d4d0f179d74cce,weapon/fx_ability_firefly_chase_1p
8bf203e9122357f,weapon/fx_ability_firefly_hunting
20ea6ae6d550960,weapon/fx_ability_firefly_start
c255b364f464549,weapon/fx_ability_firefly_swarm_die
c29480095de7450,weapon/fx_ability_firefly_travel
1e5a720fe0ef8d2,weapon/fx_ai_human_tracer_fire_igc_doorbreach
176e60853a12f89,weapon/fx_ai_human_tracer_fire_igc_runner
20ce3d1a21d1db,weapon/fx_ai_human_tracer_fire_igc_single
afd91167f61141b,weapon/fx_ai_human_tracer_fire_runner
10e395b09bfb8d6,weapon/fx_ai_human_tracer_fire_runner_newworld
76e80afc1e72150,weapon/fx_ai_human_tracer_fire_runner_newworld_igc
82a0992abd89e69,weapon/fx_ai_human_tracer_fire_runner_prologue
adaa07edd351229,weapon/fx_ai_human_tracer_fire_single
8c82b5d92e3cb78,weapon/fx_ai_human_tracer_fire_single_newworld
508d091d2568792,weapon/fx_attchmnt_laser_3p
300e4d11a8e1e90,weapon/fx_attchmnt_laser_ramses
33175c69980857f,weapon/fx_betty_exp
1976e054e0c0622,weapon/fx_betty_exp_death
98bbd6c21ff18eb,weapon/fx_betty_exp_destroyed
6e64b9fd1c2f670,weapon/fx_betty_launch_dust
49cff37c25defc4,weapon/fx_betty_light
3506a66cac71ad1,weapon/fx_betty_light_blue
ab9809fa4fa94a0,weapon/fx_betty_light_green
aef8cc063f8ccaf,weapon/fx_betty_light_orng
873c219413df9e0,weapon/fx_betty_light_red
cc4f0baf61dda0,weapon/fx_blundersplat_blink
9416a9981ece6a5,weapon/fx_blundersplat_exp
b8e19ca0896e6ae,weapon/fx_blundersplat_exp_bounce
58ed9c46b71fe88,weapon/fx_blundersplat_impact
c88f5cc95eaf4a7,weapon/fx_blundersplat_muzzleflash
c8f493e2ea27a23,weapon/fx_blundersplat_muzzleflash_3p
bbc3e3e2deee260,weapon/fx_blundersplat_muzzleflash_ug
a440e32d671cb5e,weapon/fx_blundersplat_muzzleflash_ug_3p
e356b6889820646,weapon/fx_blundersplat_trail
53c849eb4131856,weapon/fx_brass_knuckle_taunt_sparks
3d7c6e6f95235a2,weapon/fx_c4_exp
e8e2ad5d617c56c,weapon/fx_c4_exp_concrete
c35078ba48d92f6,weapon/fx_c4_exp_dirt
d28097af5bb0835,weapon/fx_c4_exp_glass
5274462d415a4d2,weapon/fx_c4_exp_metal
4add2f9f9040def,weapon/fx_c4_exp_mud
3939a15e15e9cbd,weapon/fx_c4_exp_sand
601e415acdb6f84,weapon/fx_c4_exp_snow
a4edf74057b2e6,weapon/fx_c4_exp_wood
2617e76ed09d705,weapon/fx_c4_light
d8326e561c37156,weapon/fx_c4_light_blue
1a54c8bb3959d60,weapon/fx_c4_light_orng
ff9094ddadfdd25,weapon/fx_claymore_laser
2b9849ca134ce6,weapon/fx_dogfight_air_tracer
36ec0663f81e5dd,weapon/fx_dogfight_air_tracer_os
67149adf20ce4b3,weapon/fx_equip_light_os
3928c6d517f1f5b,weapon/fx_fire_trap_med_loop
7a7a3074884beac,weapon/fx_flak_single
e4a861318714ac9,weapon/fx_hero_annhilatr_death_blood
365f5f834015ebb,weapon/fx_hero_annhilatr_death_blood_trail_emitter
d9a36ac32c18d74,weapon/fx_hero_annhilatr_glint
9d57d6bf133aed0,weapon/fx_hero_annhilatr_impact_entity_exp
90dfc47e73c52a7,weapon/fx_hero_annhilatr_impact_entity_robot_exp
e8d6f6caad3153e,weapon/fx_hero_annhilatr_impact_exp
a07c2eb8a8550cc,weapon/fx_hero_annhilatr_muz_flsh_1p
a0eceeb8a8b83de,weapon/fx_hero_annhilatr_muz_flsh_3p
126aa57d9b0474f,weapon/fx_hero_arm_blade_death_blood
1676a58d92eb053,weapon/fx_hero_arm_blade_death_sparks
579c058f47c966f,weapon/fx_hero_arm_blade_glow
7bb0b74cecbd848,weapon/fx_hero_arm_blade_glow_attk
9258c84bb7cca54,weapon/fx_hero_arm_blade_glow_attk_1p
5d293aeb1b30081,weapon/fx_hero_battery_debri_fall_taunt_01
be8fd24d4fc5d8,weapon/fx_hero_battery_debri_impact_taunt_01
c38f98cc1614fa6,weapon/fx_hero_battery_exp2_taunt_01
5e1d2e663c3dcbe,weapon/fx_hero_battery_exp_taunt_01
d3782bd810e3713,weapon/fx_hero_battery_muz_taunt_01
ceff88b19cb51fa,weapon/fx_hero_betty_light_taunt
60b66f08c0bc184,weapon/fx_hero_blackjack_beam_source
f35277d4089190c,weapon/fx_hero_blackjack_beam_target
3a995b92e1e1248,weapon/fx_hero_bow_lnchr_accelerator
7528fdb1c1ea0da,weapon/fx_hero_bow_lnchr_exp_bot
ac90c972ed88094,weapon/fx_hero_bow_lnchr_exp_bot_trail_emitter
b87cd2ce72c500,weapon/fx_hero_bow_lnchr_glow
66b4218927d1c5b,weapon/fx_hero_bow_lnchr_impact
69dbc1652d4b2a0,weapon/fx_hero_bow_lnchr_impact_sm
dacbd12737145e5,weapon/fx_hero_bow_lnchr_taunt_flsh_01
42951d6c1ad94df,weapon/fx_hero_bow_lnchr_trail
340b79db3fe36fb,weapon/fx_hero_bow_lnchr_trail_emit
fb8332b5393bf80,weapon/fx_hero_bow_lnchr_trail_emit_sm
afc25909914914c,weapon/fx_hero_bow_lnchr_trail_sm
96eeea1821cedbd,weapon/fx_hero_chem_gun_blob_death
111d7582d5234b8,weapon/fx_hero_chem_gun_blob_exp
97a37dfd75de707,weapon/fx_hero_chem_gun_blob_impact
16fabe8954119dd,weapon/fx_hero_chem_gun_muz_flsh_1p
17697e89547168f,weapon/fx_hero_chem_gun_muz_flsh_3p
450fa6d8558e8ed,weapon/fx_hero_chem_gun_trail
6f4f3409465149a,weapon/fx_hero_crowbar_sparks_taunt
c03adb78f24ad97,weapon/fx_hero_crowbar_sparks_taunt_2
c03acb78f24abe4,weapon/fx_hero_crowbar_sparks_taunt_3
f32d0523e11c210,weapon/fx_hero_debri_exp_trail_taunt
8010a63bc45ee68,weapon/fx_hero_firefly_attack
73dc3712453f2b9,weapon/fx_hero_firefly_attack_limb
48de3671535b349,weapon/fx_hero_firefly_attack_limb_reaper
aa41d953cdf018,weapon/fx_hero_firefly_attack_ragdoll
415868ac93e68b4,weapon/fx_hero_firefly_blood
f8a4954b09f0fab,weapon/fx_hero_firefly_blood_os
f9a55fe148fafae,weapon/fx_hero_firefly_death
c0b3dab9659b9ae,weapon/fx_hero_firefly_death_bot_grnd
a8702af6fb6693f,weapon/fx_hero_firefly_hunting
1f16cc3b055dda6,weapon/fx_hero_firefly_sparks
db9b09f2c48d99d,weapon/fx_hero_firefly_sparks_os
7e3f0f697952c20,weapon/fx_hero_firefly_start
ee83dae47e02272,weapon/fx_hero_firefly_start_entity
6683b31b479d312,weapon/fx_hero_flamethrower_begin_1p
ad687f4ae85f43,weapon/fx_hero_flamethrower_begin_1p_uw
6612f31b473a000,weapon/fx_hero_flamethrower_begin_3p
d3815731de58d,weapon/fx_hero_flamethrower_begin_3p_uw
aa26d37880e7ea3,weapon/fx_hero_flamethrower_blocked
f6abeeae93bba15,weapon/fx_hero_flamethrower_drip_dth
da1597ec52b245f,weapon/fx_hero_flamethrower_emitter_1p
d9a6d7ec52527ad,weapon/fx_hero_flamethrower_emitter_3p
8ba8cad10acabee,weapon/fx_hero_flamethrower_end_1p
8b380ad10a678dc,weapon/fx_hero_flamethrower_end_3p
54399ded5a9f584,weapon/fx_hero_flamethrower_lensflare_taunt
d764f7e9448caa6,weapon/fx_hero_flamethrower_pilot_taunt
c40aea963630524,weapon/fx_hero_gibs_taunt_01
68c393166e3d81,weapon/fx_hero_gibs_taunt_decals
f89e7c389910d4,weapon/fx_hero_gibs_taunt_trail_emitter
3aa0d7b6dff76ea,weapon/fx_hero_grvity_spk_glow_1p
3a3017b6df943d8,weapon/fx_hero_grvity_spk_glow_3p
3d8c8f973cc38c3,weapon/fx_hero_grvity_spk_glow_3p_taunt
9899e0384daccd6,weapon/fx_hero_grvity_spk_grnd_hit_1p
7438425bbb2286c,weapon/fx_hero_grvity_spk_grnd_hit_concrete
8ebb2478ef2bdd0,weapon/fx_hero_grvity_spk_grnd_hit_default
9745b198b6408db,weapon/fx_hero_grvity_spk_grnd_hit_default_taunt
c6235c31b37f12a,weapon/fx_hero_grvity_spk_grnd_hit_default_taunt_rt
13d4960afbf45f6,weapon/fx_hero_grvity_spk_grnd_hit_dirt
baa3609df05e73,weapon/fx_hero_grvity_spk_grnd_hit_dust
b0a25eab80d2284,weapon/fx_hero_grvity_spk_grnd_hit_snow
80adb043ca748d5,weapon/fx_hero_lightning_gun_charge_taunt
2afbe6dec9d168,weapon/fx_hero_lightning_gun_death
309dafbc5de3791,weapon/fx_hero_lightning_gun_death_burst
77af7776aacd099,weapon/fx_hero_lightning_gun_death_hands
81d0b1275033020,weapon/fx_hero_lightning_gun_death_hands_lft
9f3af6c9f675c46,weapon/fx_hero_lightning_gun_muz_flsh_1p
56348bff5e9a503,weapon/fx_hero_lightning_gun_muz_flsh_1p_chrg
9ecc36c9f615f94,weapon/fx_hero_lightning_gun_muz_flsh_3p
d945c0aa4270ded,weapon/fx_hero_lightning_gun_muz_flsh_3p_chrg
50d025d53d96ca7,weapon/fx_hero_lightning_gun_muz_flsh_3p_taunt
4266562deece402,weapon/fx_hero_lightning_gun_muz_glow_1p
41f5962dee6b0f0,weapon/fx_hero_lightning_gun_muz_glow_3p
8cee697cd55d8,weapon/fx_hero_lightning_gun_player_trail
8589e9e2cdfabdf,weapon/fx_hero_lightning_gun_taunt_lightning
a51d7ec2f32a64d,weapon/fx_hero_machete_trail_taunt
85e2bc05c61169e,weapon/fx_hero_micro_missile_trail
f4c0d9be8ebb8aa,weapon/fx_hero_minigun_muz_1p
22eaf363e9b683,weapon/fx_hero_minigun_muz_3p_taunt
9c4a06c32585d7e,weapon/fx_hero_pineapple_death_blood
95e7cafa9cfc00,weapon/fx_hero_pineapple_exp
b480ee5eea54046,weapon/fx_hero_pineapple_exp_concrete
cc30b43b92c2b78,weapon/fx_hero_pineapple_exp_dirt
eb7c711c84ace33,weapon/fx_hero_pineapple_exp_glass
4f93436dd78ce34,weapon/fx_hero_pineapple_exp_metal
df9cb415075db91,weapon/fx_hero_pineapple_exp_mud
7b985f1c1ebcf7b,weapon/fx_hero_pineapple_exp_sand
ac957f19f52075a,weapon/fx_hero_pineapple_exp_snow
3375dd298571bd0,weapon/fx_hero_pineapple_exp_wood
54fc99895504899,weapon/fx_hero_pineapple_surface_bounce
b7718acb8a0cb4b,weapon/fx_hero_pineapple_trail
787db3bd63e2650,weapon/fx_hero_pineapple_trail_blue
17300e1c882578e,weapon/fx_hero_pineapple_trail_orng
ece78028c15d432,weapon/fx_hero_sparks_bounce_taunt
b3ccf997ee3cebb,weapon/fx_hero_sword_trail_taunt
72720f269204151,weapon/fx_incend_grenade_exp
dd52faf66e5aba3,weapon/fx_incend_grenade_fire_sm
ac2252fbc96b5cc,weapon/fx_incend_grenade_fire_sm_uw
39e4e7c0e85dde4,weapon/fx_incend_grenade_impact
85b658884ce7735,weapon/fx_incend_grenade_impact_c1
85b628884ce721c,weapon/fx_incend_grenade_impact_c2
505441ad0041c6a,weapon/fx_incend_grenade_trail
57ee0734fc33bdb,weapon/fx_incend_grenade_trail_uw
64ecb85d8cf221e,weapon/fx_ir_scope_hearbeat
692cdede5985341,weapon/fx_knife_impact
dc08fb2b9515819,weapon/fx_laser_wristcutter_biodome
fe6d0fed337e2ab,weapon/fx_laser_wristcutter_biodome_child1
3cfa507324896ef,weapon/fx_light_spike_launcher
82866e8973a2ad6,weapon/fx_light_spike_launcher_siegebot_tell
9b90a63cc8098c6,weapon/fx_lightninggun_arc
900b40a2e769544,weapon/fx_lightninggun_impact_player_spwner
da1cb8e0f1db6ca,weapon/fx_lmg_infinite_last_shot_1p
89c8feced1cb46,weapon/fx_magmagat_aoe
d68d0aece4a3efc,weapon/fx_magmagat_droplets
922a473b5801738,weapon/fx_magmagat_explode
e42c4dfee7b99cd,weapon/fx_magmagat_impact
f283394185dfc13,weapon/fx_magmagat_impact_decal
4d483bc353f06af,weapon/fx_magmagat_press_fire
97ccb907b897304,weapon/fx_magmagat_press_fire_light
9b2839528de09ce,weapon/fx_magmagat_press_fire_new
cb08d4b92e51fe1,weapon/fx_magmagat_press_sparks
65f085c32fb4089,weapon/fx_magmagat_press_steam
383d09496f69f59,weapon/fx_magmagat_press_steam_centre
9ee0462819354a6,weapon/fx_magmagat_press_steam_sides
56e2d71da481c1f,weapon/fx_magmagat_side_sparks
1c43d8e0e47ee69,weapon/fx_magmagat_trail_bolt
974ef5259c07868,weapon/fx_melee_chainsaw_smk_1p
a5e4ed735eb867a,weapon/fx_melee_chainsaw_smk_1p_emit
21e99c3f716f07,weapon/fx_melee_chainsaw_smk_1p_os
97afb5259c4f87a,weapon/fx_melee_chainsaw_smk_3p
3b667d615db474c,weapon/fx_melee_chainsaw_smk_3p_emit
63f09afe1a24f39,weapon/fx_melee_chainsaw_smk_3p_os
e16f60f9e234987,weapon/fx_melee_katana_distortion_trail
9c0c2ec68fb6aa0,weapon/fx_melee_katana_glint_1p_spawner
beb82ad356920e9,weapon/fx_mg_impact_dirt_runner_infection2
a7713d8073edc31,weapon/fx_mg_impact_runner_infection2
93c0f0c1d4ce91f,weapon/fx_minigun_startup_siegebot
9528f00a45596f9,weapon/fx_mpd_fire
82cb339834f9be5,weapon/fx_mpd_lightning
bc4fb723611841f,weapon/fx_mpd_tube
2e55b3844f24b81,weapon/fx_mpd_tube_glow
6d87f06685ae14f,weapon/fx_muz_apc_rail
be8783036cdc44d,weapon/fx_muz_break_lg_4_sqr_1p
bee643036d20dff,weapon/fx_muz_break_lg_4_sqr_3p
e24a139a96a485e,weapon/fx_muz_break_md_4arc_1p
e1d9539a964154c,weapon/fx_muz_break_md_4arc_3p
e72298e7856aac,weapon/fx_muz_break_md_4sqr_1p
ee2e98e78b9dbe,weapon/fx_muz_break_md_4sqr_3p
b5c1be0fbc591e4,weapon/fx_muz_break_md_6star_1p
b6307e0fbcb8e96,weapon/fx_muz_break_md_6star_3p
8b4a3e4c3eecf57,weapon/fx_muz_break_sm_4arc_1p
8ad97e4c3e89c45,weapon/fx_muz_break_sm_4arc_3p
d95fae7c8749a15,weapon/fx_muz_break_sm_4sqr_1p
d9d06e7c87acd27,weapon/fx_muz_break_sm_4sqr_3p
b5dbfe3fb105397,weapon/fx_muz_break_sm_6star_1p
b57b3e3fb0bd385,weapon/fx_muz_break_sm_6star_3p
7e43e69ff38187c,weapon/fx_muz_chppr_flash_3p
3a8bb774ab61c17,weapon/fx_muz_chppr_flash_sm_3p
db84b6497049cd1,weapon/fx_muz_chppr_gas_flash_sm_3p
3a87e3df18a3241,weapon/fx_muz_chppr_vtol
c61d636377995e1,weapon/fx_muz_dead_turret_3p
dd5f109baf29edb,weapon/fx_muz_discgun_1p
dcee509baec6bc9,weapon/fx_muz_discgun_3p
b600e89ffae89f8,weapon/fx_muz_discgun_uw_3p
4392957b8065692,weapon/fx_muz_energy_pistol_1p
4321d57b8002380,weapon/fx_muz_energy_pistol_3p
aef67fefad20c9f,weapon/fx_muz_energy_shotgun_1p
d446ea7415d8b8,weapon/fx_muz_energy_shotgun_1p_ug
ae87bfefacc0fed,weapon/fx_muz_energy_shotgun_3p
9d76788ee33b81a,weapon/fx_muz_energy_shotgun_3p_ug
72a6671719cc6a6,weapon/fx_muz_heavy_flash_base
e427bdd17ecbbe6,weapon/fx_muz_lg_gas_flash_1p
e3c8fdd17e87234,weapon/fx_muz_lg_gas_flash_3p
7dafdb50a5b0a4b,weapon/fx_muz_lg_gas_flash_bucksht_1p
7d4f1b50a568a39,weapon/fx_muz_lg_gas_flash_bucksht_3p
12d90d1639a8c24,weapon/fx_muz_lg_loop
81164d21acb7338,weapon/fx_muz_lg_mb_gas_flash_3p
6335edacf691d7e,weapon/fx_muz_lg_mg_1p
622d68f56550355,weapon/fx_muz_lg_mg_1p_4sqr_mb
62d52dacf649d6c,weapon/fx_muz_lg_mg_3p
1f4c33cda9d604f,weapon/fx_muz_lg_mg_3p_4sqr_mb
1e789af78082f71,weapon/fx_muz_lg_shtgun_1p
1ee75af780e2c23,weapon/fx_muz_lg_shtgun_3p
e47cba09ef45d1c,weapon/fx_muz_lg_shtgun_juiced_1p
a8a4ab61eef2f97,weapon/fx_muz_lopping_3p
ba8f8e04867c5bc,weapon/fx_muz_md_4arc_mb
262e8f2e0927bb6,weapon/fx_muz_md_gas_flash_1p
dfbcb197f2910f4,weapon/fx_muz_md_gas_flash_1p_pulse
25bfcf2e08c7f04,weapon/fx_muz_md_gas_flash_3p
57eac53522d2d1a,weapon/fx_muz_md_gas_flash_3p_pulse
a0bef1941845f48,weapon/fx_muz_md_mb_gas_flash_3p
66903d1957005a4,weapon/fx_muz_md_rifle_1p
89e0f4d390e2205,weapon/fx_muz_md_rifle_1p_4arc_mb
2e480e87e23a3f7,weapon/fx_muz_md_rifle_1p_4sqr_mb
15682def85487b5,weapon/fx_muz_md_rifle_1p_6star_mb
dd0799b88b3a97a,weapon/fx_muz_md_rifle_1p_pulse
66fefd195760256,weapon/fx_muz_md_rifle_3p
e7ec8ecb4de2ceb,weapon/fx_muz_md_rifle_3p_4arc_mb
371c3c5c743811d,weapon/fx_muz_md_rifle_3p_4sqr_mb
544461765c4c393,weapon/fx_muz_md_rifle_3p_6star_mb
4e43a1b30b457d8,weapon/fx_muz_md_rifle_3p_blue_doa
e827eeabfb14cd4,weapon/fx_muz_md_rifle_3p_pulse
ad1561d2a71b396,weapon/fx_muz_md_rifle_3p_tracer
7887e34afd2c059,weapon/fx_muz_md_smk_1p
78f8a34afd8f36b,weapon/fx_muz_md_smk_3p
f572730140de7a0,weapon/fx_muz_md_smk_air_1p
f5d3330141267b2,weapon/fx_muz_md_smk_air_3p
a62494d1c2ff197,weapon/fx_muz_md_sniper_1p
37b3a780e3ea486,weapon/fx_muz_minigun_flash_1p
6e298fb9d3ff601,weapon/fx_muz_pistol_igc
88b7733845245f4,weapon/fx_muz_robot_background_runner_prologue
1d639c3dead31d9,weapon/fx_muz_rocket_emp_3p
88c0a07532fd96a,weapon/fx_muz_rocket_multi_1p
884fe075329a658,weapon/fx_muz_rocket_multi_3p
a2d88e76f430176,weapon/fx_muz_rocket_xm_1p
a269ce76f3d04c4,weapon/fx_muz_rocket_xm_3p
6fc8e3bf5cd52c9,weapon/fx_muz_sm_gas_flash_1p
27a017ec498f91f,weapon/fx_muz_sm_gas_flash_1p_up
7039a3bf5d385db,weapon/fx_muz_sm_gas_flash_3p
36b4de89ca7f991,weapon/fx_muz_sm_gas_flash_3p_up
1af80aa7c9ffdfe,weapon/fx_muz_sm_gas_flash_purple_1p
b68e4f7d1d7f16f,weapon/fx_muz_sm_mb_gas_flash_1p
b61f8f7d1d1f4bd,weapon/fx_muz_sm_mb_gas_flash_3p
8ab77be91b4ae42,weapon/fx_muz_sm_pistol_1p
130b96a815ce111,weapon/fx_muz_sm_pistol_1p_3tri_mb
8d83c5cd49b3087,weapon/fx_muz_sm_pistol_1p_4arc_mb
960add75f448159,weapon/fx_muz_sm_pistol_1p_4sqr_mb
7ad9e822df0f56f,weapon/fx_muz_sm_pistol_1p_6star_mb
8a46bbe91ae7b30,weapon/fx_muz_sm_pistol_3p
55a10e087eecd9b,weapon/fx_muz_sm_pistol_3p_3tri_mb
10aa16ab43d42e1,weapon/fx_muz_sm_pistol_3p_4arc_mb
b51d305f9540b13,weapon/fx_muz_sm_pistol_3p_4sqr_mb
48088809d4ab5c1,weapon/fx_muz_sm_pistol_3p_6star_mb
a38d6858e36af84,weapon/fx_muz_sm_smg_ppsh_1p
a3fc2858e3cac36,weapon/fx_muz_sm_smg_ppsh_3p
1a2b2b097068de5,weapon/fx_muz_smk_silenced_1p
1a9beb0970cc0f7,weapon/fx_muz_smk_silenced_3p
2ef1afeeef90fb0,weapon/fx_muz_snpr_flash_3p
91b64ec5305e8e9,weapon/fx_muz_spike_launcher_1p
b398ee48ce5188f,weapon/fx_muz_veh_gun_med_3p
2c02b12b50a6f72,weapon/fx_muz_veh_hunter_lotus
8ab93464ccf86c1,weapon/fx_muz_veh_hunter_lotus_os
d27931954af2ff1,weapon/fx_muz_veh_minigun_lg_3p
d6d720fe18d9609,weapon/fx_muz_veh_minigun_xlg_3p
ada9cbd7ed34af3,weapon/fx_muz_veh_quad_mlrs_rocket_3p
c74b4de1fe3447a,weapon/fx_muz_veh_quad_rocket_3p
f46ae7bcfe29165,weapon/fx_muz_veh_rocket_med_3p
2f81124d33dd66b,weapon/fx_muz_veh_sentinel_sm_1p
2f10524d337a359,weapon/fx_muz_veh_sentinel_sm_3p
89ed1d818aa67ed,weapon/fx_muz_veh_siegebot_rocket_3p
3ca7333e54c9863,weapon/fx_muz_veh_siegebot_rocket_3p_mp
61dbbf4ffd37bf7,weapon/fx_muz_veh_theia_minigun_lg_3p
a6a195e39d4b6fc,weapon/fx_muz_veh_tiger_tank
7395d7b86a17db3,weapon/fx_muz_veh_wasp_rocket_sm_1p
e2dfbd5c73c6136,weapon/fx_muz_xlg_gas_flash_1p
e270fd5c7366484,weapon/fx_muz_xlg_gas_flash_3p
be892b4a35a9c1b,weapon/fx_muz_xlg_snpr_1p
be186b4a3546909,weapon/fx_muz_xlg_snpr_3p
f20eea4a511692a,weapon/fx_muz_xlrg_loop
23326d83a72266e,weapon/fx_one_inch_punch_zombie_glow
e742dfc4b3234f8,weapon/fx_prox_grenade_elec_jump
17c778dfe42bb50,weapon/fx_prox_grenade_elec_trail
c5dde55fc1b9f45,weapon/fx_prox_grenade_exp
40a181e0cd37884,weapon/fx_prox_grenade_exp_smk_ling
46cc7262090401a,weapon/fx_prox_grenade_exp_trail
186b7c6aea2cea8,weapon/fx_prox_grenade_impact
10e19317a12dbbf,weapon/fx_prox_grenade_impact_bolts
69dbf9dc9b687e4,weapon/fx_prox_grenade_impact_player_spwner
9777c9a41713b44,weapon/fx_prox_grenade_scan_blue
2a1fa174ba9bd98,weapon/fx_prox_grenade_scan_bolts
47418a2e11d5859,weapon/fx_prox_grenade_scan_grn
3557a826fa52402,weapon/fx_prox_grenade_scan_orng
ff8b1a27b4a7e3f,weapon/fx_prox_grenade_scan_red
e4e162dc25765f5,weapon/fx_prox_grenade_wrn_grn
170072e1e54fd8b,weapon/fx_prox_grenade_wrn_red
6e23cbc21adedc6,weapon/fx_sam_launch_spiral_10000
caa0055cde9f439,weapon/fx_sam_launch_spiral_trail
f861545a68ef94c,weapon/fx_sam_launch_straight_os
14ddc0bce438163,weapon/fx_sam_trail
e294fb635a7b4b2,weapon/fx_sam_trail_straight
be8723cb53ad415,weapon/fx_sensor_scan_enemy_os
9ab7abec5682cc9,weapon/fx_sensor_scan_enemy_runner
ae75858556da4e7,weapon/fx_sensor_targeting
91c5bf17841bfbd,weapon/fx_sensory_overload_hand_prologue
263e8d0fa93d7a9,weapon/fx_shellejects_lmg_infinite
d0122fdc888eea9,weapon/fx_shellejects_lmg_infinite_3p
58b227559fe0083,weapon/fx_shellejects_minigun
a6744a14bed4c46,weapon/fx_shellejects_minigun_loop_warlord_igc
e00582f3f94d2dd,weapon/fx_shellejects_nailgun_casing_bounce
6479a6885575e5f,weapon/fx_shellejects_pistol
e72d0bae1cf9042,weapon/fx_shellejects_pistol_resting
e4ba59ae44798f9,weapon/fx_shellejects_quadrotor
93002a7f8d0cfde,weapon/fx_shellejects_rifle
2b04656d1ccf0fe,weapon/fx_shellejects_rifle_double
fed8f4ff6c56dcb,weapon/fx_shellejects_rifle_resting
e410d4c5ddd7275,weapon/fx_shellejects_saw
dee59173c3e4bf3,weapon/fx_shellejects_saw_link_resting
ec326755bb805e2,weapon/fx_shellejects_shotgun
cc44ccb4d5193c7,weapon/fx_shellejects_shotgun_resting
647da93a6539ee3,weapon/fx_shellejects_shotgun_yellow
8aee7d9381c1c0e,weapon/fx_shellejects_shotgun_yellow_resting
1630f9b7928efc9,weapon/fx_shock_baton_death
257cf2eeded20c7,weapon/fx_shock_baton_link_1p
251c32eede8a0b5,weapon/fx_shock_baton_link_3p
66b706beed3ff9a,weapon/fx_shock_baton_tip_1p
664646beecdcc88,weapon/fx_shock_baton_tip_3p
6eef70cb720cd34,weapon/fx_sliquifier_aoe
17f78ce07a1dc46,weapon/fx_sliquifier_explode
47ae9da1875f1a,weapon/fx_sliquifier_impact_aoe_child
ebc4a60f13aa809,weapon/fx_sliquifier_impact_decal_ground
c5f5960ed843875,weapon/fx_sliquifier_impact_drop
a6fc11b3d94b681,weapon/fx_sliquifier_muz_1p
11ee89ee0723808,weapon/fx_sliquifier_muz_gas_flash_1p
b7738510f526ccf,weapon/fx_sliquifier_muz_smk_1p
c3415f9f527ec26,weapon/fx_sliquifier_sizzle
6b26524a5af43f4,weapon/fx_sliquifier_tracer
36f39e0ea54ddfa,weapon/fx_taser_knuckles_impact
5c6c4281c4f59f1,weapon/fx_taser_knuckles_impact_blood
fdf3288310bd628,weapon/fx_taser_knuckles_raise
7dededa23a9ab5c,weapon/fx_tomahawk_charge
5a001dd86a77cb9,weapon/fx_tomahawk_charge_ug
7972dbf673eb9d1,weapon/fx_tomahawk_glow
872d0c9da03b11e,weapon/fx_tomahawk_glow_ug
f7dfb3a83312722,weapon/fx_tomahawk_impact
aa19038fbd99483,weapon/fx_tomahawk_impact_ug
52d995c70d68d7c,weapon/fx_tomahawk_trail
7b39acce873cda3,weapon/fx_tomahawk_trail_charged
44568224b2a319,weapon/fx_tomahawk_trail_ug
906e19b56dfd8c9,weapon/fx_tracer_aa3_os_ramses
a0f080a55bff685,weapon/fx_tracer_aa3_runner_ramses
750c1bc3f10fc23,weapon/fx_tracer_aa_10000
cb3aa96bf309d56,weapon/fx_tracer_aa_10000_os
1df692dd82804ce,weapon/fx_tracer_aa_flak_10000_10000
f72aac094457ac,weapon/fx_tracer_ai_enemy_os_phys
939da16ae8ef779,weapon/fx_tracer_ai_enemy_os_ramses
d14dcadc5df17f5,weapon/fx_tracer_ai_enemy_runner_ramses
75ba9d2f7bf014f,weapon/fx_tracer_ai_friendly_igc_ramses
f3167c4364349c2,weapon/fx_tracer_ai_friendly_os_ramses
86d7705f1bfe922,weapon/fx_tracer_ai_friendly_runner_ramses
b35b8ec69211892,weapon/fx_tracer_ai_mowed_igc_ramses
b0ab8e86920305a,weapon/fx_tracer_impact_runner_ramses
5b47ee0e48a7f43,weapon/fx_tracer_vtol_tackle
b173f30984806fe,weapon/fx_tracer_warlord_runner_blkstn_igc
7fc1cd39eb84fe4,weapon/fx_trail_crossbow
c88277737dd787d,weapon/fx_trail_discgun
504b0ef16d1f28c,weapon/fx_trail_discgun_distort_os
9312b281736b4f2,weapon/fx_trail_energy_pistol
f89b396eea450c3,weapon/fx_trail_energy_pistol_knockback_emitter
25175cbc2b38ec9,weapon/fx_trail_energy_shotgun
ebae58935eb2336,weapon/fx_trail_energy_shotgun_ug
41059c54e14f546,weapon/fx_trail_fake_bullet
cbdba43ad9ca090,weapon/fx_trail_fake_bulletv
e7395fb42d35f6,weapon/fx_trail_grenade
e8eeb1305c7a0d3,weapon/fx_trail_grenade_launcher
88d731469c94edf,weapon/fx_trail_hatchet
7b192e3f15f1b59,weapon/fx_trail_knife_ballistic
c0a370c427d8526,weapon/fx_trail_macv_grenade
7d5476bcbcf2311,weapon/fx_trail_missile_port_blkstn
1d47c2127395641,weapon/fx_trail_missile_vista_veng
f1ec40d06a5c2ad,weapon/fx_trail_multirocket
ccd40f14e45e69e,weapon/fx_trail_nailgun
40c4f0f73fee35d,weapon/fx_trail_nunchuck_1p
4133b0f7404e00f,weapon/fx_trail_nunchuck_3p
664fb8e90553fef,weapon/fx_trail_quad_javelin
22d7e11256f8590,weapon/fx_trail_quad_rocket
528df23303dd28,weapon/fx_trail_rocket
82ed69112feeef5,weapon/fx_trail_rocket_emp
1c9988168b858d5,weapon/fx_trail_rocket_emp_puff
231331bb4571b2,weapon/fx_trail_rocket_guneship_lotus
5c1ba589c17b904,weapon/fx_trail_rocket_md
a207da42e4c69e0,weapon/fx_trail_rocket_md_black
29c51fdbbf77038,weapon/fx_trail_rocket_multi_launch
3ef8bdcd636288,weapon/fx_trail_rocket_multi_lob
478f710ca1b1ed6,weapon/fx_trail_rocket_wasp
59bd7589bf71b0e,weapon/fx_trail_rocket_xm
7c43bd6a84510cd,weapon/fx_trail_rocket_xm_fast
8713930785c3bf9,weapon/fx_trail_rocket_xm_newworld
f48604cfb7f3a90,weapon/fx_trail_rocket_xm_puff
af358497f08e7c7,weapon/fx_trail_rpg
bef7672a5fb2dc0,weapon/fx_trail_rpg_ai_biodomes_runner
7c4ca07b08ac5c1,weapon/fx_trail_rpg_ai_ramses_runner
c95bde7cb942bcb,weapon/fx_trail_spike_launcher
fc97b6a4f05eb29,weapon/fx_trail_spike_launcher_theia
e1ba976c6efdf5d,weapon/fx_trap_acid_rain
16b6943f91eeeac,weapon/fx_trap_acid_rain_impact
ef1708a2e3dd292,weapon/fx_trap_centrifuge_light
4e80905f2bf15d4,weapon/fx_trap_flinger
a4d0292cb5e97fb,weapon/fx_trap_gate_impact
cfc6898325ded72,weapon/fx_trophy_deploy_impact
a20702996f1321,weapon/fx_trophy_detonation
500b7bdfb701c3e,weapon/fx_trophy_detonation_trail
bc530e3013187c7,weapon/fx_trophy_dust_impact
90c4f00344e25ae,weapon/fx_trophy_flash
288f40180e4c197,weapon/fx_trophy_laser
54780435abbbd30,weapon/fx_trophy_light
a8d82e1c0ad0223,weapon/fx_trophy_light_enemy
38b4e6f1a0f8896,weapon/fx_trophy_light_friendly
28ab5654d4375f4,weapon/fx_trophy_radius_indicator
d201675b8a2a41d,weapon/fx_turret_heavy_link_resting
5028d18ddb1757a,weapon/fx_turret_shelleject_expel
5d356adcec8e04e,weapon/fx_turret_shelleject_resting
d8fd1a49b0df0df,weapon/fx_weapon_tracer_reverse_agent1
d8fd2a49b0df292,weapon/fx_weapon_tracer_reverse_agent2
955ddb378b3cdd0,weapon/fx_weapon_tracer_reverse_agent2b
4f7eb4b2b673237,weapon/fx_wrench_impact
f2c6219c96cba03,weapon/liquifier/fx_liquifier_clip_eject
f96a87b2f72908a,weapon/liquifier/fx_liquifier_explo_gen
fbc3295c4ebae43,weapon/liquifier/fx_liquifier_goo_explo
579aeb5f90f432c,weapon/liquifier/fx_liquifier_goo_explo_bounce
2f5d5430356b1c,weapon/liquifier/fx_liquifier_goo_sizzle
d6504c2410eef65,weapon/liquifier/fx_liquifier_goo_splat
7b4ab0c840c5b46,weapon/liquifier/fx_liquifier_goo_splat_fumes
26397372347853a,weapon/liquifier/fx_liquifier_muzzle_view
2fba0e18f2b60ed,weapon/liquifier/fx_liquifier_muzzle_world
cfa7f3e1300d58d,weapon/liquifier/fx_liquifier_reload_steam
39cc30e19a25f86,weapon/liquifier/fx_zmb_goo_splat
da056d31cfd5487,weapon/paralyzer/fx_paralyzer_body_disintegrate
ab27d1d61be532f,weapon/paralyzer/fx_paralyzer_body_disintegrate_imp_ug
4c76c1e92cf53fa,weapon/paralyzer/fx_paralyzer_body_disintegrate_impact
11b92b2a79f1f00,weapon/paralyzer/fx_paralyzer_body_disintegrate_ug
234c51fdad71d2f,weapon/paralyzer/fx_paralyzer_hit_dmg
d81a2f9ec795fa8,weapon/paralyzer/fx_paralyzer_hit_dmg_ug
b1bbf054ad1f080,weapon/paralyzer/fx_paralyzer_hit_noharm
bb6f455c40297b0,weapon/paralyzer/fx_paralyzer_hit_noharm_view
f63b7b22a1fcb0a,weapon/paralyzer/fx_paralyzer_on_view
af90fab7bb8e90b,weapon/paralyzer/fx_paralyzer_on_view_ug
c27fba6c848cd5d,weapon/paralyzer/fx_paralyzer_on_world
8bc390507e7182a,weapon/paralyzer/fx_paralyzer_on_world_ug
f478e52e2756a8d,weapon/paralyzer/fx_paralyzer_trail
4a0deb079a6dc00,weapon/paralyzer/fx_paralyzer_trail_view_ug
3f008e2ab1b9468,weapon/zmb_staff/fx_zmb_staff_air_impact
4ca4b3e0444e062,weapon/zmb_staff/fx_zmb_staff_air_impact_c
4eed9623951888d,weapon/zmb_staff/fx_zmb_staff_air_muz_flash_1p
4f5c5623957853f,weapon/zmb_staff/fx_zmb_staff_air_muz_flash_3p
7bd7d465ac707d1,weapon/zmb_staff/fx_zmb_staff_air_ug_impact
a0ec80eeac3cbb2,weapon/zmb_staff/fx_zmb_staff_air_ug_impact_miss
fead6cd4c54abf5,weapon/zmb_staff/fx_zmb_staff_air_ug_impact_miss_trail
c9e50fd61dfa180,weapon/zmb_staff/fx_zmb_staff_air_ug_muz_flash_1p
ca55cfd61e5d492,weapon/zmb_staff/fx_zmb_staff_air_ug_muz_flash_3p
b9e123a8b893ae7,weapon/zmb_staff/fx_zmb_staff_charge
2eb91622ffd9620,weapon/zmb_staff/fx_zmb_staff_charge_souls
f21a35aef8edde1,weapon/zmb_staff/fx_zmb_staff_elec_impact
c863e19c7fcc55b,weapon/zmb_staff/fx_zmb_staff_elec_impact_c
21a29dec6baf6f0,weapon/zmb_staff/fx_zmb_staff_elec_muz_flash_1p
22135dec6c12a02,weapon/zmb_staff/fx_zmb_staff_elec_muz_flash_3p
84a47d1a1455a0d,weapon/zmb_staff/fx_zmb_staff_elec_trail_bolt
22a301e07d5f50f,weapon/zmb_staff/fx_zmb_staff_elec_trail_bolt_c
5ea1cb9b790b419,weapon/zmb_staff/fx_zmb_staff_elec_trail_bolt_cheap
53dea6ae3d21f9a,weapon/zmb_staff/fx_zmb_staff_elec_ug_impact
3e444dda3f5454a,weapon/zmb_staff/fx_zmb_staff_elec_ug_impact_hit_c
cecc3c6c80a855c,weapon/zmb_staff/fx_zmb_staff_elec_ug_impact_hit_torso
2a7c2f610a0c3eb,weapon/zmb_staff/fx_zmb_staff_elec_ug_impact_miss
5fa1e2b5d553e87,weapon/zmb_staff/fx_zmb_staff_elec_ug_muz_flash_1p
5f3122b5d4f0b75,weapon/zmb_staff/fx_zmb_staff_elec_ug_muz_flash_3p
34e8699234739ba,weapon/zmb_staff/fx_zmb_staff_elec_ug_trail_bolt
18f434553f80036,weapon/zmb_staff/fx_zmb_staff_fire_impact
875a7f5be68398,weapon/zmb_staff/fx_zmb_staff_fire_impact_c
b36790c8400d993,weapon/zmb_staff/fx_zmb_staff_fire_muz_flash_1p
b2f8d0c83fadce1,weapon/zmb_staff/fx_zmb_staff_fire_muz_flash_3p
7aaf70ab9cabcc6,weapon/zmb_staff/fx_zmb_staff_fire_trail_bolt
e751a0bffe53748,weapon/zmb_staff/fx_zmb_staff_fire_trail_bolt_c
bd1f5afaf5f617e,weapon/zmb_staff/fx_zmb_staff_fire_trail_bolt_cheap
cb64f342335cb8b,weapon/zmb_staff/fx_zmb_staff_fire_ug_impact
20340a06c6ac42b,weapon/zmb_staff/fx_zmb_staff_fire_ug_impact_exp
db6bba992346f77,weapon/zmb_staff/fx_zmb_staff_fire_ug_impact_exp_1
f25ae915d9e2202,weapon/zmb_staff/fx_zmb_staff_fire_ug_impact_exp_loop
2d0f7236fd884d0,weapon/zmb_staff/fx_zmb_staff_fire_ug_impact_exp_sm
6ed7ba05413a361,weapon/zmb_staff/fx_zmb_staff_fire_ug_impact_hit
4ad32622760e6db,weapon/zmb_staff/fx_zmb_staff_fire_ug_impact_hit_c
dd7f5652757af07,weapon/zmb_staff/fx_zmb_staff_fire_ug_impact_hit_end
edec0c56c36c551,weapon/zmb_staff/fx_zmb_staff_fire_ug_impact_hit_end_c
3d16756208ad7ac,weapon/zmb_staff/fx_zmb_staff_fire_ug_impact_miss
68608866338e73a,weapon/zmb_staff/fx_zmb_staff_fire_ug_muz_flash_1p
67efc866332b428,weapon/zmb_staff/fx_zmb_staff_fire_ug_muz_flash_3p
808484843717393,weapon/zmb_staff/fx_zmb_staff_fire_ug_trail_bolt
6718cc968927d70,weapon/zmb_staff/fx_zmb_staff_fire_ug_trail_bolt_charge
c50757b4514356,weapon/zmb_staff/fx_zmb_staff_ice_exp
1550753255c045,weapon/zmb_staff/fx_zmb_staff_ice_impact
584ae12994706d7,weapon/zmb_staff/fx_zmb_staff_ice_impact_c
849520b48910071,weapon/zmb_staff/fx_zmb_staff_ice_impact_cheap
6eba2613858eeb1,weapon/zmb_staff/fx_zmb_staff_ice_impact_cheap_3p
ac68377e203a394,weapon/zmb_staff/fx_zmb_staff_ice_muz_flash_1p
acd6f77e209a046,weapon/zmb_staff/fx_zmb_staff_ice_muz_flash_3p
12182b4f0d9e1d1,weapon/zmb_staff/fx_zmb_staff_ice_trail_bolt
f982c1ae065a733,weapon/zmb_staff/fx_zmb_staff_ice_trail_bolt_attach
f36b53f8901d1ab,weapon/zmb_staff/fx_zmb_staff_ice_trail_bolt_c
8f37f7c5936191d,weapon/zmb_staff/fx_zmb_staff_ice_trail_bolt_emit
bf7c76dc6356e7e,weapon/zmb_staff/fx_zmb_staff_ice_ug_impact
222bb19d51c6ef6,weapon/zmb_staff/fx_zmb_staff_ice_ug_impact_cheap
cf5eb160e11a1a8,weapon/zmb_staff/fx_zmb_staff_ice_ug_impact_cheap_3p
13841d5636199a4,weapon/zmb_staff/fx_zmb_staff_ice_ug_impact_hit
8e6cb64e73d8bca,weapon/zmb_staff/fx_zmb_staff_ice_ug_impact_hit_decal
98c88b09babd107,weapon/zmb_staff/fx_zmb_staff_ice_ug_impact_miss
f8928a9ebd63751,weapon/zmb_staff/fx_zmb_staff_ice_ug_impact_miss_c
93ab791f326b75b,weapon/zmb_staff/fx_zmb_staff_ice_ug_muz_flash_1p
933ab91f3208449,weapon/zmb_staff/fx_zmb_staff_ice_ug_muz_flash_3p
1728bd5a2794e7e,weapon/zmb_staff/fx_zmb_staff_ice_ug_trail_bolt
a587f76313e4fc8,weapon/zmb_staff/fx_zmb_staff_revive_muz_flash_1p
983194695270a7e,weapon/zmb_staff/fx_zmb_staff_ug_muz_flash_trail
e1afc442dd8cff0,weapon/zmb_staff/old/fx_zmb_staff_ice_exp
e2948147d2c18df,weapon/zmb_staff/old/fx_zmb_staff_ice_impact
af3139e56ca14b9,weapon/zmb_staff/old/fx_zmb_staff_ice_impact_c
45638c8bfa9b05b,weapon/zmb_staff/old/fx_zmb_staff_ice_impact_cheap
cf5e320472bb0a7,weapon/zmb_staff/old/fx_zmb_staff_ice_impact_cheap_3p
61fd3637fff245e,weapon/zmb_staff/old/fx_zmb_staff_ice_muz_flash_1p
618c7637ff8f14c,weapon/zmb_staff/old/fx_zmb_staff_ice_muz_flash_3p
a586e7b5248e1c7,weapon/zmb_staff/old/fx_zmb_staff_ice_trail_bolt
a94691ab45a430d,weapon/zmb_staff/old/fx_zmb_staff_ice_trail_bolt_attach
dc2234890e5b811,weapon/zmb_staff/old/fx_zmb_staff_ice_trail_bolt_c
dcfdd74f5d64023,weapon/zmb_staff/old/fx_zmb_staff_ice_trail_bolt_emit
696f39122603e2c,weapon/zmb_staff/old/fx_zmb_staff_ice_ug_impact
2c1719f13210f74,weapon/zmb_staff/old/fx_zmb_staff_ice_ug_impact_cheap
6afe04df01fc642,weapon/zmb_staff/old/fx_zmb_staff_ice_ug_impact_cheap_3p
6e672f0b85f6a2e,weapon/zmb_staff/old/fx_zmb_staff_ice_ug_impact_hit
9184632ee6b680c,weapon/zmb_staff/old/fx_zmb_staff_ice_ug_impact_hit_decal
5bc2020ce723bf5,weapon/zmb_staff/old/fx_zmb_staff_ice_ug_impact_miss
2a37434d2871427,weapon/zmb_staff/old/fx_zmb_staff_ice_ug_impact_miss_c
e491b34a9aac911,weapon/zmb_staff/old/fx_zmb_staff_ice_ug_muz_flash_1p
e500734a9b0c5c3,weapon/zmb_staff/old/fx_zmb_staff_ice_ug_muz_flash_3p
eccabca57608900,weapon/zmb_staff/old/fx_zmb_staff_ice_ug_trail_bolt
36c81345aeeaf63,weather/fx_cloud_blowing
bd7d19e7e077165,weather/fx_cloud_blowing_veiled
1130b4a175aa20c,weather/fx_cloud_center_freerun
cf7650e57d622b5,weather/fx_cloud_cover_redwood
1eb5424f1d7b80d,weather/fx_cloud_cover_vertical_infection
7be8c1cfaebbf0d,weather/fx_cloud_distance_ambient
22d8bdadc8b75fe,weather/fx_cloud_flat_vista_freerun2
b7d0eb87560acca,weather/fx_cloud_vista_mountain_white
fe7dad0715f23c8,weather/fx_cloud_vista_mountain_white_large2
44a681a62c750af,weather/fx_cloud_vista_mountain_white_med2
37bcee987408df2,weather/fx_cloud_vista_mountain_white_med2_trimmed
4dfa040b9252f91,weather/fx_cloud_wind_vista
d38b87efeb4f386,weather/fx_elec_lightning_clouds_ambient_overhead
a482f815e1e7c1d,weather/fx_heat_distortion_mirage_china
5f2f7d22a186eb,weather/fx_heat_distortion_mirage_veiled
d78799dccc51230,weather/fx_heat_distortion_roof_china
eb24f807b738a5f,weather/fx_heat_distortion_vista_china
4784d136038de33,weather/fx_ice_melt_vista
82736d0a5e9121,weather/fx_ice_melt_vista_thick
e88d3bb0344e8a3,weather/fx_ice_melt_vista_thick_md
e58bebb031ba132,weather/fx_ice_melt_vista_thick_sm
1580aef394289e2,weather/fx_lightning_ambient_infection
1e6859a5fcbe6c9,weather/fx_lightning_bolt_strike_dni_tree
3d89406ba2bd4b7,weather/fx_lightning_close_lotus_runner
e9f3ebe6c7e13d,weather/fx_lightning_clouds_close_inf
7909e3056f61e99,weather/fx_lightning_clouds_flash_lotus_md
365ac48f8db2d10,weather/fx_lightning_clouds_flash_single_lg
3628948f8d8bbc0,weather/fx_lightning_clouds_flash_single_md
8f214b72ef76414,weather/fx_lightning_clouds_freerun02
2634985d1011de7,weather/fx_lightning_clouds_freerun02_runner
6ba1042a14276ac,weather/fx_lightning_distant_lotus_runner
5b482b726d43348,weather/fx_lightning_distant_stalingrad_runner_infection
143c018fa199b94,weather/fx_lightning_strike_bolt_os_blkstn_vista
6261e2e764379b9,weather/fx_lightning_strike_bolt_runner_blackstation
19392232f539100,weather/fx_lightning_strike_bolt_runner_blkstn_vista
5fd2fb0115ca967,weather/fx_lightning_strike_bolt_single_blackstation
d03a4120d70b7f9,weather/fx_mist_ground_swirl_sm
8f675f9207fc4fc,weather/fx_mist_ground_swirl_sm_os
29c746f222113e8,weather/fx_rain_barge_sheeting_blkstn
3b1b5dc7f31c8cd,weather/fx_rain_blood_player_freerun_loop
a603fe1a6776931,weather/fx_rain_ceiling_hole_sm
68ce76e000fc9bf,weather/fx_rain_ceiling_hole_xsm
44fd6a7295b4233,weather/fx_rain_ground_sheeting
2538f52e9e18143,weather/fx_rain_ground_sheeting_narrow
ec51e551c2d379c,weather/fx_rain_heavy_impact
8a8e638df15965,weather/fx_rain_hvy_low_close
7889ba5cf93f7f9,weather/fx_rain_hvy_swirling
cb7f14f40892084,weather/fx_rain_hvy_swirling_offshore
e4813e0bbced8c,weather/fx_rain_impact
db6c765122e3f51,weather/fx_rain_impacts_hvy_lg
db9ea651230b0a1,weather/fx_rain_impacts_hvy_md
1a599b1c7bdc812,weather/fx_rain_impacts_lite_lg
1a2aab1c7bbaf1e,weather/fx_rain_impacts_lite_md
ba7f29f8c5d94e5,weather/fx_rain_impacts_xsm_hvy_md_blkstn_igc
feec27bf1c86e0a,weather/fx_rain_lite_swirling
3d34add2a08aa08,weather/fx_rain_mist_gush_sm
3cb67ce8512edd8,weather/fx_rain_mist_gush_xsm
17166b968647c23,weather/fx_rain_mist_vtol_door_igc_blkstn
ef143e8ff56e2fe,weather/fx_rain_player_z_heavy
fc677015272c49d,weather/fx_rain_player_z_light
dab5d399a8dc1a5,weather/fx_rain_player_z_regular
703d147be57c46d,weather/fx_rain_prop_sheeting
5046dcb1e2fc4a0,weather/fx_rain_splash_breakup_sm_os
85241d43c94c5b2,weather/fx_rain_system_drench_ne_1_blackstation
cd18afeace7dc9,weather/fx_rain_system_drench_ne_2_blackstation
5d470ef88b83587,weather/fx_rain_system_drench_ne_runner_blackstation
d768a44eb525ff9,weather/fx_rain_system_drench_se_1_blackstation
2aa1be50953bc22,weather/fx_rain_system_drench_se_2_blackstation
fab5255a438dae6,weather/fx_rain_system_drench_se_runner_blackstation
f77a6e3e6fbf2d4,weather/fx_rain_system_drop_impact
1afedb3962bfd45,weather/fx_rain_system_drop_impact_med
749aa8b4c8f4171,weather/fx_rain_system_drop_impact_sm
3142be835469ac9,weather/fx_rain_system_hvy_acid_zod
8453a46033c4241,weather/fx_rain_system_hvy_blood_1_os
db4423fa310318a,weather/fx_rain_system_hvy_blood_2_os
84b4a3f48615e2c,weather/fx_rain_system_hvy_blood_runner_loop
89ae4a9d9579bc1,weather/fx_rain_system_hvy_ne_1_blackstation
62f9d2e762d0b0a,weather/fx_rain_system_hvy_ne_2_blackstation
3564be103604e44,weather/fx_rain_system_hvy_runner
375bcc981990fac,weather/fx_rain_system_hvy_runner_blackstation
9436761769af1ea,weather/fx_rain_system_hvy_se_1_blackstation
752395db94fef21,weather/fx_rain_system_hvy_se_2_blackstation
e782b73a18009ba,weather/fx_rain_system_impact
33634d6ee0a50e0,weather/fx_rain_system_impact_acid_zod
4a9d1808187ef64,weather/fx_rain_system_impact_blood_os
7121735bcc80c58,weather/fx_rain_system_lite_1
7121a35bcc81171,weather/fx_rain_system_lite_2
77a92a00cec3f95,weather/fx_rain_system_lite_ne_runner_blackstation
ac40f90f3245cf,weather/fx_rain_system_lite_runner
1038691725d2ac,weather/fx_rain_system_lite_se_runner_blackstation
2ee196d4e1a53a6,weather/fx_rain_system_med_1
2ee186d4e1a51f3,weather/fx_rain_system_med_2
b77ec9eb2651303,weather/fx_rain_system_med_ne_runner_blackstation
f70fa3dd98a4239,weather/fx_rain_system_med_runner
761587c7e0f6a0a,weather/fx_rain_system_med_se_runner_blackstation
fe96a95546c07b7,weather/fx_rain_system_ne_1_blackstation
24ea11076f9432c,weather/fx_rain_system_ne_2_blackstation
8d80b7a8365fcf8,weather/fx_rain_system_se_1_blackstation
f50505b7c73a5a3,weather/fx_rain_system_se_2_blackstation
b3a772a5249188a,weather/fx_rain_walord_igc_blkstn
54fcb34fb8d9da4,weather/fx_rain_wind_audio_z
34c1a1d0f9bde8f,weather/fx_sand_ground_wind_300x300
a3b9755e0c9c476,weather/fx_sand_ground_wind_bossbattle_lotus
486aba6e95503c4,weather/fx_sand_ground_wind_skybridge_dist_lotus
a3cab433f792bf7,weather/fx_sand_ground_wind_skybridge_lotus
22fe60abbcc4cd2,weather/fx_sand_ground_wind_vista
fdc4b381dca6aa2,weather/fx_sand_ground_wind_vtol_hallway_dist_lotus
dab7ad3001d4582,weather/fx_sand_player_os
c2453455272c145,weather/fx_sand_player_os_skybridge_lotus
5743c6eac0b29d5,weather/fx_sand_sky_lowerwind_bossbattle_vista_lotus
aa481cb0a09272,weather/fx_sand_sky_wind_bossbattle_vista_lotus
7f6efefca04cc2,weather/fx_snow_ceiling_hole_50x50
95340d16067b7b1,weather/fx_snow_ceiling_hole_50x50_os
494d64586cf6fb8,weather/fx_snow_ceiling_hole_50x50_windy
e768920742c16b7,weather/fx_snow_ceiling_hole_50x50_windy_os
9a29dc2ce1efdc7,weather/fx_snow_chunk_crumble_c
e83d7d350da2660,weather/fx_snow_cliff_edge_flow
9b034d26daf5d5a,weather/fx_snow_door_blowing
6c4cc6baf1443d0,weather/fx_snow_door_blowing_infection
89d2f6cacf55efe,weather/fx_snow_door_entrance_metro
f7af93cb27477bb,weather/fx_snow_fall_200x200
d19c9e9579091c1,weather/fx_snow_fall_50x50
c52e0b7974f180e,weather/fx_snow_fall_flat_sheet
d1bd8c9c3ff0e99,weather/fx_snow_fall_freerun3
baf14c7ff40dfa,weather/fx_snow_fall_havoc
918e59f6f52bf9a,weather/fx_snow_fall_infection
b1934d46e36f5d9,weather/fx_snow_flake_gust_sm
2aed8b6b7ddd5e3,weather/fx_snow_flat_ground_flow_havoc
4790749b905ca47,weather/fx_snow_flat_ground_flow_subtle
23dff7ce2acc71b,weather/fx_snow_floorwisps
4db4850fc6420fe,weather/fx_snow_floorwisps_infec_shad
bbe42b62c9a33b9,weather/fx_snow_floorwisps_infection
9bebdb341cfc04d,weather/fx_snow_floorwisps_metro
5a9110bf59abfba,weather/fx_snow_floorwisps_metro_light
dc15ed08d48ee0b,weather/fx_snow_floorwisps_narrow
3d4a0abb6d57e7d,weather/fx_snow_floorwisps_narrow_far
65bec7ae4449785,weather/fx_snow_floorwisps_narrow_havoc
90a6be4abac1ec0,weather/fx_snow_floorwisps_narrow_light
b0ce52b689543e1,weather/fx_snow_floorwisps_noline
14b1f57b6c65160,weather/fx_snow_floorwisps_sm
3e63140774a3929,weather/fx_snow_floorwisps_sm_shadow
e50200ff6eb2f56,weather/fx_snow_flurry_motes_md
80f4ece969f65ad,weather/fx_snow_flurry_turbulent
da5bbb3bb016a58,weather/fx_snow_ground_gust
ab64f9e084b8eb2,weather/fx_snow_ground_gust_c
353db6c9b449587,weather/fx_snow_ground_swirl_50x50
f0093d45a777382,weather/fx_snow_ground_swirl_50x50_os
5d080e871f73864,weather/fx_snow_ground_swirl_flat
b65a67e01abbd04,weather/fx_snow_ground_swirl_havok
97882c0cd37709b,weather/fx_snow_ground_swirl_havok_os
dee606e520e40ef,weather/fx_snow_ground_swirl_path_100x500
658995e483019b2,weather/fx_snow_ground_swirl_path_circle_200x200
fe653042f55809,weather/fx_snow_ground_wind
3610965bc158822,weather/fx_snow_ground_wind_150x150
d1cd0aeda654e20,weather/fx_snow_ground_wind_25x25
4e92ddfc63d1fe5,weather/fx_snow_ground_wind_300x150
55205dfcf46864e,weather/fx_snow_ground_wind_300x300
fcb27c56097f3a0,weather/fx_snow_ground_wind_50x50
6570a6e5a0011cb,weather/fx_snow_ground_wind_fast_intermittent_300x300
9f356c3c73ce2e0,weather/fx_snow_ground_wind_infec_nodeb
1e960f2676de552,weather/fx_snow_ground_wind_swirl_loop_vista
299dfcf6cab2bb,weather/fx_snow_ground_wind_swirl_vista
bd7932fc04f7773,weather/fx_snow_ground_wind_vista
1342a377cd134df,weather/fx_snow_ground_wind_vista_infec
3bbee4016634aa6,weather/fx_snow_icicle_impact_50_nworld
b965364c89ddf8d,weather/fx_snow_impact_25
fbb038f27f50fa,weather/fx_snow_impact_50_factory_zmb
ef2f7b0c04a6c98,weather/fx_snow_impact_body
2ec5735378ab843,weather/fx_snow_impact_body_reverse_infection
dee5af092b98467,weather/fx_snow_impact_tree_reverse_infection
6114464e15c1b49,weather/fx_snow_mote_linger_door
23e06f59d1738fa,weather/fx_snow_mtn_slide_off
ce24ec3a9061d2b,weather/fx_snow_mtn_slide_off_sm
5ae3a2c2cd14584,weather/fx_snow_mtn_top_havoc
a7209e708434041,weather/fx_snow_mtn_top_havoc_sm
a95f2fa1a02b319,weather/fx_snow_mtn_top_stronghold
8679436d7010d02,weather/fx_snow_mtn_top_wisp_havoc
dc30dbbaf30175f,weather/fx_snow_player_loop
a92f45d897201b6,weather/fx_snow_player_loop_reverse
1f7834b8a3a0334,weather/fx_snow_player_loop_reverse_sideways
e9887057852280,weather/fx_snow_player_lt_loop
9b840ee1e5a9e0b,weather/fx_snow_player_os
4024a7905013c9b,weather/fx_snow_player_os_lotus
e93cab955f75fa,weather/fx_snow_player_os_nworld
d9ab5c142826c8c,weather/fx_snow_player_os_reverse_rs
89f7d5eda5a7660,weather/fx_snow_player_os_reverse_sideways
52a244cb84e3682,weather/fx_snow_player_slow_os_nworld
24023da5b5dad1e,weather/fx_snow_roof_ledge_crumble_100
888d3a548a3f99e,weather/fx_snow_roof_ledge_crumble_50
655a04f2b875d38,weather/fx_snow_roof_ledge_crumble_inf_fold_100
3441a348f247d2c,weather/fx_snow_roof_ledge_crumble_inf_fold_25
44358348ffda683,weather/fx_snow_roof_ledge_crumble_inf_fold_os
c159250ac023ec3,weather/fx_snow_roof_ledge_crumble_inf_fold_os2
9099aa5491113ad,weather/fx_snow_roof_ledge_crumble_os
c6565db2804572d,weather/fx_snow_roof_ledge_crumble_os2
b8d709b7aeea7dd,weather/fx_snow_roof_ledge_infection_md
57d78cb14de39a8,weather/fx_snow_roof_ledge_infection_md_os
bbd839b7b17ebe8,weather/fx_snow_roof_ledge_infection_sm
3e794181f49587,weather/fx_snow_roof_ledge_infection_sm_os
c2574ccce94f79e,weather/fx_snow_swirl_debris_md
93a1d8ffb573f9a,weather/fx_snow_transition_sgen
807c0f85fbb0b0f,weather/fx_snow_tree_crumble_50_delayed
e64426bbf15f9e0,weather/fx_snow_tree_melt
c4c1c4bc9c87dcf,weather/fx_snow_tree_melt_os
db4a5b0b45622c3,weather/fx_snow_turbulance_pocket
1a9d898372a19a1,weather/fx_snow_wind_billow_md
1f4ab983769b8a4,weather/fx_snow_wind_billow_sm
2d5a994bdca7b21,weather/fx_snow_wind_ground_lg
2d88c94bdcc7fb1,weather/fx_snow_wind_ground_md
e3f481b50f405ad,weather/fx_snow_wind_ground_md_narrow
2b69f94bdafb994,weather/fx_snow_wind_ground_sm
f1c2e5c757eddee,weather/fx_snow_wind_ground_sm_narrow
b73efcbd2f85cbc,weather/fx_snow_wind_lg_foy
c1f9a49bb32b474,weather/fx_snow_wind_lg_stronghold
394d077771f7e0b,weather/fx_snow_wind_lg_trees
e36c55a22e34087,weather/fx_snow_wind_md_havoc
279073131e89dbb,weather/fx_snow_wind_md_infection
1ef071cf7905424,weather/fx_snow_wind_md_stronghold
815b6a3d24ff6ec,weather/fx_snow_wind_rock_stronghold
b29d2e75c91d413,weather/fx_snow_wind_sm_stronghold
f3c835beecd8867,weather/fx_snow_wind_sm_stronghold_thin
aa6ebea962527c7,weather/fx_snow_wind_tree_stronghold
c7f9f70f80cf5ab,weather/fx_snow_wind_wall_stronghold
8da031f08f9cb5d,weather/fx_snow_wind_xlg
49351f10830f07c,weather/fx_snow_wind_xlg_fast
a16176d000272df,weather/fx_snow_wind_xlg_fast_wfa
f9fd6926b49d827,weather/fx_snow_wisps_narrow_isol
284569c744dc162,weather/fx_snow_zurich_end_igc
6bd0fe7882053ee,weather/fx_thunder_z
6464ff70bca6ff6,weather/fx_water_drip_wind_line_lg
c86873229d4373f,weather/fx_wind_ground_gusts_fast_lg
3b5932e4d37d72c,weather/fx_wind_ground_wet_dark_sm
a0b7e02b7eb8562,weather/fx_wind_ground_wet_lg
886f431619e24d2,weather/fx_wind_ground_wet_light_sm
bdd16ea6a4e0a7,weather/fx_wind_gust_lrg_blkstn_os
42a5f457ecffad2,zombie/fx_aat_blast_furnace_ring_zmb
dcdfd1c49cb6d13,zombie/fx_aat_blast_furnace_zmb
b7cc4a754182dd5,zombie/fx_aat_fireworks_burst_zmb
16db9fc86508a93,zombie/fx_aat_fireworks_trail_zmb
860f2d43123c954,zombie/fx_aat_fireworks_zmb
50034c98dd4ab39,zombie/fx_aat_thunderwall_wall_zmb
e9da6d8b33eda40,zombie/fx_aat_thunderwall_zmb
b81364420d7aae6,zombie/fx_aat_turned_spore_torso_zmb
beb28f6f3d823f7,zombie/fx_ammo_can_doa
2321d6a679a9e2,zombie/fx_avogadro_linger
d422d3cecef193,zombie/fx_barrier_buy_zmb
e0d13bcadbc1136,zombie/fx_barrier_window_build_zmb
134b5e60362d3e8,zombie/fx_bgb_anywhere_but_here_teleport_aoe_kill_zmb
59bfb0f5a2a9897,zombie/fx_bgb_anywhere_but_here_teleport_aoe_zmb
f22dea0057c7923,zombie/fx_bgb_anywhere_but_here_teleport_zmb
7d4320d3725d0c8,zombie/fx_bgb_bubble_blow_zmb
4f12ae06b0ae356,zombie/fx_bgb_burned_out_1p_zmb
9ad823d0467d07c,zombie/fx_bgb_burned_out_3p_zmb
3462cdae832f073,zombie/fx_bgb_burned_out_fire_torso_zmb
b7b139e149728a1,zombie/fx_bgb_burned_out_ring_zmb
f8463a84c297f83,zombie/fx_bgb_grenade_exp_green
ad5c66fb10d0fcc,zombie/fx_bgb_grenade_trail
f13ddb55d9d2001,zombie/fx_bgb_gumball_ghost_zmb
8cd0690fe7f2ded,zombie/fx_bgb_head_pop
71519419dc7fd4a,zombie/fx_bgb_head_pop_ray
9c9006dd0497aae,zombie/fx_bgb_machine_available_cycle_factory_zmb
1547dfb2c5df773,zombie/fx_bgb_machine_available_cycle_zmb
a1fed7e3b61ed27,zombie/fx_bgb_machine_available_factory_zmb
90ebd8f66abc902,zombie/fx_bgb_machine_available_zmb
61ff8b685e63989,zombie/fx_bgb_machine_bulb_activated_factory_zmb
6f2999ce7d2dec8,zombie/fx_bgb_machine_bulb_activated_zmb
d43e6892c4bae55,zombie/fx_bgb_machine_bulb_available_factory_zmb
d3911ccbe959a64,zombie/fx_bgb_machine_bulb_available_zmb
9333d4d74e3ce5e,zombie/fx_bgb_machine_bulb_away_factory_zmb
cf19260923dea63,zombie/fx_bgb_machine_bulb_away_zmb
abe5b6c9ba9fc82,zombie/fx_bgb_machine_bulb_event_factory_zmb
1ba4a4dc42d36a7,zombie/fx_bgb_machine_bulb_event_zmb
bc11d204586a909,zombie/fx_bgb_machine_bulb_rounds_factory_zmb
72f88d2b5685e48,zombie/fx_bgb_machine_bulb_rounds_zmb
b19799e07178c7e,zombie/fx_bgb_machine_bulb_spark_zmb
646d8a117710315,zombie/fx_bgb_machine_bulb_time_factory_zmb
59b12f004a6cb24,zombie/fx_bgb_machine_bulb_time_zmb
caf4e964f2c9468,zombie/fx_bgb_machine_eye_activated_zmb
7876c4e3b2b0403,zombie/fx_bgb_machine_eye_away_zmb
222a7781a99f47,zombie/fx_bgb_machine_eye_event_zmb
2c6c72c5cf7c368,zombie/fx_bgb_machine_eye_rounds_zmb
f1fa5f25b302644,zombie/fx_bgb_machine_eye_time_zmb
c1d44f3eee656e8,zombie/fx_bgb_machine_flying_elec_zmb
9a6021586c98cde,zombie/fx_bgb_machine_flying_embers_down_zmb
41f74a739ad1d7,zombie/fx_bgb_machine_flying_embers_up_zmb
9386fd602eaee8e,zombie/fx_bgb_machine_gumball_halo_zmb
c7a5fe26cfa7ea0,zombie/fx_bgb_machine_light_interior_away_factory_zmb
865f65e0fc71421,zombie/fx_bgb_machine_light_interior_away_zmb
588b41b876a8ff7,zombie/fx_bgb_machine_light_interior_factory_zmb
e595ef48adcf612,zombie/fx_bgb_machine_light_interior_zmb
f158c185584e44c,zombie/fx_bgb_machine_smoke_zmb
8bcf9bd8fc5a6d4,zombie/fx_bgb_near_death_1p
8c3e5bd8fcba386,zombie/fx_bgb_near_death_3p
755f58c406fd81f,zombie/fx_bgb_profit_1p
74f098c4069db6d,zombie/fx_bgb_profit_3p
25cdb0e889711d2,zombie/fx_bgb_respin_cycle_box_flash_zmb
cc5cdae16bb04d7,zombie/fx_bgb_unbearable_box_flash_zmb
22ce1213ee8321f,zombie/fx_blood_cow_explo_doa
183b91e068e0dbd,zombie/fx_blood_torso_explo_lg_os_zmb
a56d13b13eb0e82,zombie/fx_blood_torso_explo_lg_zmb
ed91ab364262716,zombie/fx_blood_torso_explo_zmb
879ffb809a70f89,zombie/fx_bmode_attack_grapple_zod_zmb
d6229b682bf13b8,zombie/fx_bmode_bolt_impact_os_zod_zmb
367590e770366a1,zombie/fx_bmode_bolt_impact_zod_zmb
167578da0424274,zombie/fx_bmode_dest_pwrbox_zod_zmb
dd56f729b60a2b7,zombie/fx_bmode_glint_hook_zod_zmb
2b81491886c693e,zombie/fx_bmode_glow_crate_tall_zod_zmb
25158bee8216448,zombie/fx_bmode_glow_crate_zod_zmb
37d5c9ca4df335d,zombie/fx_bmode_glow_door_zod_zmb
b527e3955fac6d2,zombie/fx_bmode_glow_drip_zod_zmb
a6c32133b6655d2,zombie/fx_bmode_glow_hook_zod_zmb
5d0169c40fe32df,zombie/fx_bmode_glow_pwrbox_zod_zmb
a4c28f228decc15,zombie/fx_bmode_kiosk_fire_reset_zod_zmb
4365adc258be8b3,zombie/fx_bmode_kiosk_fire_tainted_zod_zmb
20f2a2c5a7e4601,zombie/fx_bmode_kiosk_fire_zod_zmb
4ed2fc3ebd5c5c3,zombie/fx_bmode_kiosk_idle_zod_zmb
380e42921cece3a,zombie/fx_bmode_muz_view_charged2_zmb
6af10541a6f3e11,zombie/fx_bmode_muz_view_charged3_zmb
e5c85788d9474cb,zombie/fx_bmode_muz_view_zmb
78d318911ce2b2e,zombie/fx_bmode_muz_world_zmb
dd3ff1effb8ae76,zombie/fx_bmode_ooze_explo_bounce_zmb
5b122fc779cb3b1,zombie/fx_bmode_ooze_explo_zmb
c7a4efabefc07b8,zombie/fx_bmode_projectile_zmb
46df5976f60b699,zombie/fx_bmode_shock_lvl3_zod_zmb
92b299282f3f0c0,zombie/fx_bmode_shock_os_zod_zmb
25010aefb554ae9,zombie/fx_bmode_tent_charging1_zod_zmb
349ecc3364b2eb4,zombie/fx_bmode_tent_charging2_zod_zmb
e4cf9c9eb7321c3,zombie/fx_bmode_tent_charging3_zod_zmb
db5203512b5f700,zombie/fx_bmode_tent_elec_lg_zod_zmb
f9aba0719d6038c,zombie/fx_bmode_tent_elec_zod_zmb
44c8ed4af64b171,zombie/fx_bmode_tent_fork_zod_zmb
1928de097ea80e7,zombie/fx_bmode_tent_light_zod_zmb
548755a8aad0087,zombie/fx_bmode_trail_3p_zod_zmb
6a7ca3e3a8f4e34,zombie/fx_bmode_trail_os_3p_zod_zmb
9b11f225254909a,zombie/fx_bmode_transition_aoe_zod_zmb
d805188527b6cf0,zombie/fx_bmode_transition_disintegrate_zod_zmb
ebd945a35af6750,zombie/fx_bmode_transition_zmb
b80d44f5b28cc45,zombie/fx_bottle_break_glow_dtap_zmb
35a43a901bb5e4b,zombie/fx_bottle_break_glow_jugg_zmb
c281261b4e8798b,zombie/fx_bottle_break_glow_speed_zmb
95d7347ff42f2c1,zombie/fx_bul_flesh_head_fatal_zmb
ca1e5bf6487fa8c,zombie/fx_bul_flesh_head_nochunks_zmb
169fa992c40216a,zombie/fx_bul_flesh_neck_spurt_zmb
7f6c71d73d7e2cb,zombie/fx_cake_exp_zod_zmb
fa1e0bd2ecbbd37,zombie/fx_clock_hand_zmb
eb76641c88275b0,zombie/fx_concussive_wave_impact_zdo
a408a0a84bbbeec,zombie/fx_crafting_dust_zmb
bb1682aeac5da63,zombie/fx_cultist_crate_smk_zod_zmb
ae8d0d69751966e,zombie/fx_cymbal_monkey_light_zmb
a5ff8b32fe0ac83,zombie/fx_debris_body_nuke_dust_doa
c3aea32f6427d1,zombie/fx_dog_ash_trail_zmb
dbeb02ef7a455b0,zombie/fx_dog_breath_zmb
fa7ae34c8037a05,zombie/fx_dog_explosion_zmb
20b7b44a4abede0,zombie/fx_dog_eyes_zmb
7497b4cd11d2ed,zombie/fx_dog_fire_trail_zmb
2ad378792bbfa82,zombie/fx_dog_lightning_buildup_zmb
e8666275df3ff50,zombie/fx_dog_lightning_spawn_zmb
4d06a83d12fc821,zombie/fx_donut_exp_zod_zmb
e332634e327120a,zombie/fx_ee_altar_mist_zod_zmb
2f13b77659fbcb6,zombie/fx_ee_apothigod_beam_impact_zod_zmb
9b67bd4accaefbb,zombie/fx_ee_apothigod_beam_success_zod_zmb
927c58ee10afe8d,zombie/fx_ee_book_mist_zod_zmb
faa4053c813d152,zombie/fx_ee_explo_ritual_zod_zmb
eb2ebcf69bda9a3,zombie/fx_ee_gateworm_lg_death_zod_zmb
5ba8748a881ce2c,zombie/fx_ee_gateworm_lg_teleport_zod_zmb
324cf2b76bc1f85,zombie/fx_ee_ghost_charging_zod_zmb
4f2e5cec10585bc,zombie/fx_ee_ghost_full_charge_zod_zmb
2f9797713705aff,zombie/fx_ee_keeper_beam_a_fail_zod_zmb
3df8a6bb5abb33a,zombie/fx_ee_keeper_beam_a_success_zod_zmb
7b0cd50a2824bbf,zombie/fx_ee_keeper_beam_b_success_zod_zmb
e62b9aa5a63d4,zombie/fx_ee_keeper_beam_c_success_zod_zmb
df70f4f992e9746,zombie/fx_ee_keeper_beam_shield1_fail_zod_zmb
e4139e3e6009a6d,zombie/fx_ee_keeper_beam_shield2_fail_zod_zmb
835097dd69c4172,zombie/fx_ee_keeper_beam_zod_zmb
edfdc3a6d3d82a5,zombie/fx_ee_player_cleanse_zod_zmb
6eb3883569652d3,zombie/fx_ee_shadowman_shield_explo_zod_zmb
dc742f749152aed,zombie/fx_ee_shadowman_shield_impact_zod_zmb
855b86a25a99f3,zombie/fx_ee_shadowman_shield_loop_zod
c40fb4bfd8bee7c,zombie/fx_ee_shadowman_shield_regeneration_zod_zmb
52d4d348b20817c,zombie/fx_egg_ready_zod_zmb
cc7df8922a72e71,zombie/fx_elec_gen_idle_sm_zmb
bf8686a6b2b0368,zombie/fx_elec_gen_idle_zmb
fc3ce77e99c41e7,zombie/fx_elec_gen_tip_zmb
31087285195ae2c,zombie/fx_elec_player_md_zmb
864d05e3e120719,zombie/fx_elec_player_sm_zmb
ef5e6621b1a6753,zombie/fx_elec_player_torso_os_zmb
c024e12ee14a30,zombie/fx_elec_player_torso_zmb
effb780e15e3a84,zombie/fx_elec_pole_terminal_zmb
b9ff4786589d269,zombie/fx_elec_trap_impact_zmb
85c50cccb4e3014,zombie/fx_electric_trap_sm_light_zdo
d094e9d7436afba,zombie/fx_electric_trap_zdo
82f49a4ab767936,zombie/fx_exp_noxious_gas
ca005610980cde2,zombie/fx_exp_rpg_purple_doa
643c3985919df71,zombie/fx_exp_rpg_red_doa
d28e815542913d4,zombie/fx_exp_sprinkler_grenade
6577618573f743e,zombie/fx_fire_arm_left_os_doa
4ef1f4c2aeade4b,zombie/fx_fire_arm_left_purple_os_doa
5b4f880ce6b4b32,zombie/fx_fire_arm_left_red_os_doa
4c08433c205af3d,zombie/fx_fire_arm_right_os_doa
e18a95dbf442de6,zombie/fx_fire_arm_right_purple_os_doa
b036fe7cf3c6bcd,zombie/fx_fire_arm_right_red_os_doa
ae8a2499169e8b7,zombie/fx_fire_head_buffed_zod_zmb
27e9b088f5cd106,zombie/fx_fire_slowfeet_doa
ecf8b057a524885,zombie/fx_fire_torch_boss_doa
348edf9d3c4886d,zombie/fx_fire_torso_os_doa
de65a9c3f7ef316,zombie/fx_fire_torso_purple_os_doa
6e025f4815eeb7d,zombie/fx_fire_torso_red_os_doa
bd140c21cb7d,zombie/fx_fire_torso_zmb
bec4970e4ccbf85,zombie/fx_fire_zombie_sm_os_doa
9b267ca3f8c0f4d,zombie/fx_fireworks_os_doa
3eb5c945959b06f,zombie/fx_fireworks_rally_doa
ba9d53d7cc93bd2,zombie/fx_fireworks_rally_ramp_doa
9ca174c92bfbc6,zombie/fx_flamethrower_beam_doa
dc9369817cee12b,zombie/fx_flamethrower_beam_purple_doa
29d7b8ddaada286,zombie/fx_flamethrower_beam_red_doa
936b5478acca80,zombie/fx_flamethrower_begin_doa
f72f5981826955,zombie/fx_flamethrower_blocked_doa
84daf2c191eb9c2,zombie/fx_flamethrower_blocked_purple_doa
e20fd8e83021ad1,zombie/fx_flamethrower_blocked_red_doa
1b110ce398d5e48,zombie/fx_flamethrower_end_doa
d11ff47aefc4e21,zombie/fx_flamethrower_end_purple_doa
da4f7e88dcf4380,zombie/fx_flamethrower_end_red_doa
f38cff0f87b9eb9,zombie/fx_flesh_hit_knife_widows_zmb
fe35502f2ebb78e,zombie/fx_fungus_pod_ambient_green_zod_zmb
38d1bd1c680e9fa,zombie/fx_fungus_pod_ambient_lg_zod_zmb
bc79c76fa68960e,zombie/fx_fungus_pod_ambient_md_zod_zmb
30189b4a6e20fc7,zombie/fx_fungus_pod_ambient_sm_zod_zmb
b8aadac931b6b18,zombie/fx_fungus_pod_birth_sm_zod_zmb
f193063879e5914,zombie/fx_fungus_pod_explo_lg_zod_zmb
d22e82949670c7f,zombie/fx_fungus_pod_explo_maxevo_zod_zmb
a0780c5d72cdf84,zombie/fx_fungus_pod_explo_md_zod_zmb
4deb0d69bd774a9,zombie/fx_fungus_pod_explo_sm_zod_zmb
b869afcdb7df6c0,zombie/fx_fungus_pod_explo_zod_zmb
a999a2864f04c4f,zombie/fx_fungus_pod_linger_lg_zod_zmb
57ef0bd52f76c5b,zombie/fx_fungus_pod_linger_md_zod_zmb
3c5f05509b2bab6,zombie/fx_fungus_pod_linger_sm_zod_zmb
42483f18415a2ca,zombie/fx_fungus_pod_miasma_zod_zmb
9e1209bce738fac,zombie/fx_fungus_pod_spit_lg_zod_zmb
25e9980e9d0349c,zombie/fx_fungus_pod_spit_md_zod_zmb
407de698aea7401,zombie/fx_fungus_pod_spit_sm_zod_zmb
78b5b7c7be26219,zombie/fx_fungus_pod_spore_lg_zod_zmb
d29445c9bec6a69,zombie/fx_fungus_pod_spore_md_zod_zmb
29d3779f12adc00,zombie/fx_fungus_pod_spore_sm_zod_zmb
ba6d8ac731cf783,zombie/fx_fuse_glow_blue_zod_zmb
bc88f338001949a,zombie/fx_fuse_master_switch_on_zod_zmb
6529f8883470929,zombie/fx_glow_eye_blue
817834c73bea66b,zombie/fx_glow_eye_blue_stalingrad
d8db170507197e8,zombie/fx_glow_eye_green
27d3f5cc29ba73f,zombie/fx_glow_eye_orange
a80b3ca5a047294,zombie/fx_glow_eye_orange_frontend
c12e255dd3819a5,zombie/fx_glow_eye_orange_night_doa
d12e5e98b4984d5,zombie/fx_glow_eye_orange_zod
7ab48748fb2d398,zombie/fx_glow_eye_red
635c4cff7848f35,zombie/fx_glow_eye_silver_back_doa
22fd4a2b2e6ecfa,zombie/fx_glow_eye_white
952aa2b47af4177,zombie/fx_glow_smokeman_doa
cdaa82decfa713b,zombie/fx_glow_white_doa
528d101cf9dbe10,zombie/fx_glow_yellow_doa
f3fa1e0f6a46639,zombie/fx_horn_doa
eee19da2d6b8f85,zombie/fx_idgun_cocoon_explo_zod_zmb
f130ab18e9f7c49,zombie/fx_idgun_cocoon_wrap_zod_zmb
449a9ce69eaab60,zombie/fx_idgun_ground_displace_zod_zmb
fde60ae30eb661d,zombie/fx_idgun_hole_lg_zod_zmb
b5d008f53a2c52d,zombie/fx_idgun_hole_md_zod_zmb
5cf16984ab2624c,zombie/fx_idgun_hole_sm_zod_zmb
506c38014b4793c,zombie/fx_idgun_hole_xl_zod_zmb
e8c965132e16604,zombie/fx_idgun_hole_xsm_zod_zmb
911106934b7a86c,zombie/fx_idgun_muz_1p_ug_zmb
7e55ce700c4a41b,zombie/fx_idgun_muz_1p_zmb
adcfb248dc467f6,zombie/fx_idgun_muz_3p_ug_zmb
e628fb0839b2691,zombie/fx_idgun_muz_3p_zmb
3c244706ac65d0b,zombie/fx_idgun_projectile_ug_zod_zmb
fb3d2576e986d5e,zombie/fx_idgun_projectile_zod_zmb
208157188013fec,zombie/fx_idgun_ug_hole_lg_zod_zmb
e63526656cbacdc,zombie/fx_idgun_ug_hole_md_zod_zmb
181cae90eb9e041,zombie/fx_idgun_ug_hole_sm_zod_zmb
5c75929a2eda05d,zombie/fx_idgun_ug_hole_xl_zod_zmb
38aab6e0e33594f,zombie/fx_idgun_ug_hole_xsm_zod_zmb
493fd714d3fb401,zombie/fx_idgun_vortex_explo_ug_zod_zmb
cf54b8820f39b30,zombie/fx_idgun_vortex_explo_zod_zmb
87465065eda520a,zombie/fx_idgun_vortex_ug_zod_zmb
45d361d81c21b41,zombie/fx_idgun_vortex_zod_zmb
d6cc9aaf1c9f580,zombie/fx_igc_embers_sky_sh010
5f9664ed27f5d1b,zombie/fx_igc_glow_eye_orange_zod
a287e3bdcd913e9,zombie/fx_igc_richtofen_fog_seperation
79113bae9d4261d,zombie/fx_igc_smk_sh010
cdba4d4c415a403,zombie/fx_igc_snow_clock
34dc3d8ad1626db,zombie/fx_impact_meatball_doa
e3c015a2e16735,zombie/fx_incoming_impact_doa
fcfe3d14248437d,zombie/fx_keeper_ambient_torso_os_zod_zmb
de05945182e5e62,zombie/fx_keeper_ambient_torso_zod_zmb
f244af8bf5b0034,zombie/fx_keeper_death_zod_zmb
a9bacc93a25315b,zombie/fx_keeper_glow_mouth_zod_zmb
f8b479ac21258a,zombie/fx_keeper_mist_trail_igc_zod_zmb
5c61e5ef957cb0c,zombie/fx_keeper_mist_trail_zod_zmb
29723ba351a9215,zombie/fx_knife_trail_widows_zmb
4b4cd2f42be039e,zombie/fx_liquid_vomit_splat_zmb
550d94514768324,zombie/fx_liquid_vomit_stream_neck_zmb
d2d635354c0cea6,zombie/fx_liquid_vomit_stream_zmb
9182f9b3f859830,zombie/fx_magnet_ring_fade_doa
cc25e9e440a72d0,zombie/fx_magnet_ring_zdo
e6b78e17634cdfa,zombie/fx_mainframe_ambient_zmb
3bf77e4fdc39232,zombie/fx_mainframe_heat_sink_zmb
92608d9ac4f3226,zombie/fx_mainframe_link_all_zmb
25832092789bc2d,zombie/fx_mainframe_linked_arcs_zmb
f49af61937b8bb0,zombie/fx_mainframe_linked_bolts_zmb
a1b9f0530ad3cb3,zombie/fx_mainframe_linked_rings_zmb
9a526eb1e33e12a,zombie/fx_mainframe_steam_zmb
f6586884f79b92f,zombie/fx_mainframe_tip_zmb
f283969b9f567aa,zombie/fx_margwa_buff_zod_zmb
3198b823daeb939,zombie/fx_margwa_death_cloud_zod_zmb
63e8afcd6363b8,zombie/fx_margwa_death_impact_emit_zod_zmb
96a7a34bb94e8f6,zombie/fx_margwa_death_impact_zod_zmb
2ecfbe6b581406a,zombie/fx_margwa_explo_head_aoe_zod_zmb
87815c3cedff136,zombie/fx_margwa_explo_head_zod_zmb
e2f79ab243149f6,zombie/fx_margwa_footstep_dust_zod_zmb
50cbccbf291bf86,zombie/fx_margwa_head_shot_zod_zmb
1ad97966b54aff7,zombie/fx_margwa_impact_lg_zod_zmb
62646226d61312e,zombie/fx_margwa_roar_purple_zod_zmb
5eb3c576582e0df,zombie/fx_margwa_roar_zod_zmb
2d3376d9ed38657,zombie/fx_margwa_smash_impact_radius_emit_zod_zmb
a24c50726558f93,zombie/fx_margwa_smash_impact_radius_zod_zmb
9c1f8db7e8d483c,zombie/fx_margwa_smash_impact_zod_zmb
4cb544fb869b905,zombie/fx_margwa_teleport_intro_zod_zmb
b89db16509f54b0,zombie/fx_margwa_teleport_spawn_zod_zmb
699d6330a5a9d6a,zombie/fx_margwa_teleport_tell_zod_zmb
df10fbe03984d7d,zombie/fx_margwa_teleport_travel_zod_zmb
d903a61f1ef45f0,zombie/fx_margwa_teleport_zod_zmb
2a41f1ed7760cf6,zombie/fx_marker_player_down_blue_doa
475673db600c7d3,zombie/fx_marker_player_down_green_doa
b1099d6bd27cf83,zombie/fx_marker_player_down_red_doa
a030a51b37e48ca,zombie/fx_marker_player_down_yellow_doa
27956496c612107,zombie/fx_meatball_buff_zod_zmb
45dac992f3b654e,zombie/fx_meatball_explo_zod_side_zmb
67e318a0d6d2658,zombie/fx_meatball_explo_zod_zmb
a76df0b68e7db64,zombie/fx_meatball_impact_ground_tell_zod_zmb
dc9e5175ff1ecc2,zombie/fx_meatball_impact_ground_zod_zmb
790fce1855a46a,zombie/fx_meatball_peel_ground_zod_zmb
5a9213d4403f9e2,zombie/fx_meatball_portal_sky_zod_zmb
b4059a3acb34100,zombie/fx_meatball_round_tell_zod_zmb
adebe0fd352f80,zombie/fx_meatball_trail_ground_zod_zmb
ff8d0a24348e4f4,zombie/fx_meatball_trail_sky_zod_zmb
272b92420e3e2dc,zombie/fx_meatball_trail_zmb
e064f4bf1e8aa1d,zombie/fx_monkey_lightning_zmb
d9110ffab91c4da,zombie/fx_moon_eclipse_zmb
a31dcbe5253f63c,zombie/fx_muz_break_sm_6star_1p_ug_zmb
9f42174608d6ad,zombie/fx_muz_chinalake_doa
4281ba1a49b6b2a,zombie/fx_muz_chinalake_purple_doa
e38c3abea077c39,zombie/fx_muz_chinalake_red_doa
b48b4ece57892e4,zombie/fx_muz_death_machine_flash_purple_3p
ac24f53c7e1168b,zombie/fx_muz_death_machine_flash_red_3p
838eb81212dceae,zombie/fx_muz_death_machine_purple_doa
8ae9bf35538504d,zombie/fx_muz_death_machine_red_doa
8b737fa9e664737,zombie/fx_muz_lg_gas_flash_1p_ug_zmb
ff56dcd24b02c1,zombie/fx_muz_lg_gas_flash_3p_ug_zmb
fc8b023097b4fd,zombie/fx_muz_lg_gas_flash_buckshot_1p_ug_zmb
5fb44d42b3d39e2,zombie/fx_muz_lg_gas_flash_buckshot_1p_ugw_zmb
bcbb5ca4b8484e3,zombie/fx_muz_lg_gas_flash_buckshot_3p_ug_zmb
a7e1e859d38b268,zombie/fx_muz_lg_gas_flash_buckshot_3p_ugw_zmb
cb9b01d72ebda0b,zombie/fx_muz_lg_mg_1p_ug_zm
3228a22c13bb085,zombie/fx_muz_lg_mg_3p_ug_zm
918f1e13b2e9d5,zombie/fx_muz_lg_shotgun_1p_ug_zmb
fae1f4d62f610fb,zombie/fx_muz_lg_shotgun_3p_ug_zmb
38b24ee5f8e9ac9,zombie/fx_muz_lmg_doa
5951be9957291be,zombie/fx_muz_lmg_purple_doa
db88a6bb5bf8c6d,zombie/fx_muz_md_4arc_mb_ug_zmb
85146adacc5d13,zombie/fx_muz_md_gas_flash_1p_ug_zmb
7a877455bb29c58,zombie/fx_muz_md_gas_flash_1p_ugw_zmb
26a2827eac13ff6,zombie/fx_muz_md_gas_flash_1p_zmb
7c72aeda3cbcf6d,zombie/fx_muz_md_gas_flash_3p_ug_zmb
a13c31ca59c9d12,zombie/fx_muz_md_gas_flash_3p_ugw_zmb
7490bc76e8a208e,zombie/fx_muz_md_rifle_1p_4arc_mb_ug_zmb
fd3aa931280bed5,zombie/fx_muz_md_rifle_1p_ug_zmb
9f63f9bede904aa,zombie/fx_muz_md_rifle_1p_ugw_zmb
255881ab29c48f4,zombie/fx_muz_md_rifle_1p_ugw_zmb - 副本
817717a9ddac3c4,zombie/fx_muz_md_rifle_1p_zmb
ef03ac261c3e5fb,zombie/fx_muz_md_rifle_3p_ug_zmb
492b79fd1604af0,zombie/fx_muz_md_rifle_3p_ugw_zmb
2ede86bd77c8c35,zombie/fx_muz_md_rifle_3p_ugw_zmb_blue
a6552e233f6d4d7,zombie/fx_muz_raygun_doa
59325799c6a8a20,zombie/fx_muz_raygun_purple_doa
d820f20d700b133,zombie/fx_muz_raygun_red_doa
bdaf87fa7121f93,zombie/fx_muz_rocket_xm_1p_ug_zmb
31d0f02701191ed,zombie/fx_muz_rocket_xm_3p_ug_zmb
91a4e65eb578bf7,zombie/fx_muz_rpg_purple_doa
fbd24c422830e2,zombie/fx_muz_rpg_red_doa
33c01ae75fc5648,zombie/fx_muz_shotgun_purple_3p_doa
d07ee70ec05dc54,zombie/fx_muz_shotgun_purple_doa
d90345ea7b15d3d,zombie/fx_muz_shotgun_red_3p_doa
4e7d17321222a57,zombie/fx_muz_shotgun_red_doa
6ec13d1cad98dfe,zombie/fx_muz_sm_gas_flash_1p_ug_zmb
6472dc4b38e614,zombie/fx_muz_sm_gas_flash_3p_ug_zmb
2e71241841f412c,zombie/fx_muz_sm_pistol_1p_6star_ug_zmb
c6620e3950d1e83,zombie/fx_muz_sm_pistol_1p_ug_zmb
3c86b26351c006e,zombie/fx_muz_sm_pistol_3p_6star_ug_zmb
2d0fb6d47f7099d,zombie/fx_muz_sm_pistol_3p_ug_zmb
975d820ec012a72,zombie/fx_muz_thundergun_1p
f8f49f85b958ba7,zombie/fx_muz_thundergun_1p_child
4f79ddc8de854b3,zombie/fx_muz_thundergun_1p_ug
db9f61df3c91172,zombie/fx_muz_thundergun_1p_ug_child
96ecc20ebfaf760,zombie/fx_muz_thundergun_3p
7bd6d72b90103fd,zombie/fx_muz_thundergun_3p_ug
8d73ea11ab8d603,zombie/fx_muz_xlg_gas_flash_1p_ug_zmb
f42192acda2c11d,zombie/fx_muz_xlg_gas_flash_3p_ug_zmb
54872b45a090938,zombie/fx_muz_xlg_snpr_1p_ug_zmb
212019666ac12a2,zombie/fx_muz_xlg_snpr_3p_ug_zmb
d51e4ac2b95a12f,zombie/fx_octobomb_explo_death_ee_zod_zmb
30d630c8b8f3844,zombie/fx_octobomb_explo_death_zod_zmb
ded4e4c575471a6,zombie/fx_octobomb_scurry_trail_zod_zmb
8c40fe92ded41ba,zombie/fx_octobomb_splash_lg_zod_zmb
4c0eb04b0210b87,zombie/fx_octobomb_splash_sm_zod_zmb
2a70b2cb1f3d7b0,zombie/fx_octobomb_spore_burn_leg_ee_zod_zmb
7cc0ab794d364d5,zombie/fx_octobomb_spore_burn_leg_zod_zmb
75f75cee757e650,zombie/fx_octobomb_spore_burn_os_ee_zod_zmb
89edd4598e1fdb5,zombie/fx_octobomb_spore_burn_os_zod_zmb
fab316c0fd6884d,zombie/fx_octobomb_spore_burn_torso_ee_zod_zmb
273fce09ecd2baa,zombie/fx_octobomb_spore_burn_torso_zod_zmb
6ce0c4405edec60,zombie/fx_octobomb_spore_impact_ee_zod_zmb
4c36d74b3ec545,zombie/fx_octobomb_spore_impact_zod_zmb
efb18d2f709f904,zombie/fx_octobomb_sporesplosion_ee_zod_zmb
4703278cede8c6b,zombie/fx_octobomb_sporesplosion_os_ee_zod_zmb
c1bc0a28dc931b0,zombie/fx_octobomb_sporesplosion_os_zod_zmb
e44a037a2de0418,zombie/fx_octobomb_sporesplosion_tell_ee_zod_zmb
553c66b5802633d,zombie/fx_octobomb_sporesplosion_tell_zod_zmb
5597ebf868a9029,zombie/fx_octobomb_sporesplosion_zod_zmb
f74c1c43c51972d,zombie/fx_packapunch_zmb
c1a671d9f382711,zombie/fx_parasite_acid_drop_impact
f9c24edb3adbc28,zombie/fx_parasite_acid_drop_impact_115_doa
b4092fadd7ad569,zombie/fx_parasite_acid_drop_impact_red
28f577b6728de32,zombie/fx_parasite_acid_drop_impact_red_doa
77f7bdfe285ae24,zombie/fx_parasite_acid_spit_impact_red
b6dad4dd6da4dc3,zombie/fx_parasite_acid_spit_impact_red_doa
24e51dfbb5bf52e,zombie/fx_parasite_acid_spit_impact_zmb
6ed4b63c95c2d40,zombie/fx_parasite_acid_spit_muz_3p
f2fbdc3a2e9ade4,zombie/fx_parasite_acid_spit_muz_red_3p
e1da70821c0d083,zombie/fx_parasite_acid_spit_muz_red_3p_doa
669ab4d42fd13c2,zombie/fx_parasite_acid_spit_projectile_os_zmb
1813734c0971d59,zombie/fx_parasite_acid_spit_projectile_red
bd5e289c6419842,zombie/fx_parasite_acid_spit_projectile_red_doa
161e9fe74a24adb,zombie/fx_parasite_acid_spit_projectile_red_os_doa
c501134996d6b2f,zombie/fx_parasite_acid_spit_projectile_zmb
8bafa1ee1b2597b,zombie/fx_parasite_acid_spit_tell_zmb
c726465fab02a8e,zombie/fx_parasite_buff_zod_zmb
516e64e19bfe824,zombie/fx_parasite_exp_death_sm_red
fe5bc4df2962f2e,zombie/fx_parasite_exp_death_sm_zmb
58a00ea42586dbd,zombie/fx_parasite_exp_death_zmb
4410dc5305ca971,zombie/fx_parasite_round_tell_zod_zmb
58c6d691ce13404,zombie/fx_parasite_spawn_buildup_zod_zmb
2aea083a341a666,zombie/fx_parasite_spawn_zod_zmb
6d9d268d9cd12b9,zombie/fx_perk_daiquiri_factory_zmb
468ddfcd0e979b7,zombie/fx_perk_doubletap2_factory_zmb
65e62576abf8d2,zombie/fx_perk_doubletap2_zmb
9c15015312f183b,zombie/fx_perk_juggernaut_factory_zmb
eebececc785dd96,zombie/fx_perk_juggernaut_zmb
c14c570877bc42,zombie/fx_perk_juggernaut_zmb 
6a88abd1a6e6803,zombie/fx_perk_mule_kick_factory_zmb
f53b6d3c76a050e,zombie/fx_perk_mule_kick_zmb
518348eb4c124f,zombie/fx_perk_phd_flopper
35abc6ac0772151,zombie/fx_perk_phd_flopper_zmb
f949fcc04e1551e,zombie/fx_perk_quick_revive_factory_zmb
9539019e08de423,zombie/fx_perk_quick_revive_zmb
6fd0071217d4cf5,zombie/fx_perk_sleight_of_hand_factory_zmb
7c7e30badd805c4,zombie/fx_perk_sleight_of_hand_zmb
49f3875ed9b7cbd,zombie/fx_perk_stamin_up_factory_zmb
cc9bba15e1b141c,zombie/fx_perk_stamin_up_zmb
be190bf1e880fd1,zombie/fx_perk_vending_ec_hd_zmb
9805facdc7cb75b,zombie/fx_perk_widows_wine_zmb
940368d12bb770d,zombie/fx_player_respawn_blue_doa
4ecd94e8233b54e,zombie/fx_player_respawn_doa
63eb654c86524fe,zombie/fx_player_respawn_red_doa
c716c27ae459d9d,zombie/fx_player_respawn_yellow_doa
737e1aed0168b54,zombie/fx_portal_bamf_zod_zmb
61f2745641d18f1,zombie/fx_portal_buffed_spawn_os_zod_zmb
9c3a63e285e7fde,zombie/fx_portal_buffed_spawn_zod_zmb
9d95bdda159c34f,zombie/fx_portal_keeper_spawn_os_zod_zmb
e04c577cf791504,zombie/fx_portal_keeper_spawn_zod_zmb
a52eea7f3e46623,zombie/fx_portal_shortcut_close_zod_zmb
eb9523bc49210e1,zombie/fx_portal_shortcut_open_zod_zmb
6299f9729b7e177,zombie/fx_portal_shortcut_os_zod_zmb
ac906449ba431c,zombie/fx_portal_shortcut_zod_zmb
aed175b11316bfc,zombie/fx_powerup_boxer_gloves_bam_os_doa
ed63fa79230fa49,zombie/fx_powerup_boxer_gloves_boom_os_doa
ea7486550d0a0ed,zombie/fx_powerup_boxer_gloves_impact_doa
52613393d23e883,zombie/fx_powerup_boxer_gloves_impact_stars_doa
f76816cc737106a,zombie/fx_powerup_boxer_gloves_kapow_os_doa
3718626088cabca,zombie/fx_powerup_boxer_gloves_pow_os_doa
ba77b7e35ea3645,zombie/fx_powerup_egg_destroy_doa
b1710d838d0ea15,zombie/fx_powerup_egg_destroy_lg_doa
db1b80faee32a56,zombie/fx_powerup_egg_final_hatch_doa
363df56b14cd921,zombie/fx_powerup_egg_hatch_doa
d29c40fa4bf78f6,zombie/fx_powerup_fate_lightray_doa
3cae83a26bc4870,zombie/fx_powerup_grab_caution_zmb
4e7ed71e67b11c2,zombie/fx_powerup_grab_green_zmb
acf6374a2c88952,zombie/fx_powerup_grab_red_zmb
c828f535bb0bbe4,zombie/fx_powerup_grab_solo_zmb
a576dd966be4422,zombie/fx_powerup_monkey_bomb_explo_doa
94dcd6ca3aa9449,zombie/fx_powerup_nuke_zmb
ceb1c94a406bf25,zombie/fx_powerup_off_green_zmb
4c88786d9ac5cbb,zombie/fx_powerup_on_caution_zmb
71dff0f09250a92,zombie/fx_powerup_on_green_upgrade_zmb
86b1cef19ef0e39,zombie/fx_powerup_on_green_zmb
bad6734bbe37600,zombie/fx_powerup_on_purple_zmb
4cc0edd4bb883cd,zombie/fx_powerup_on_red_zmb
53879291d614ab5,zombie/fx_powerup_on_solo_zmb
7f6c0f602d78387,zombie/fx_powerup_stun_bear_fear_doa
df42e1600588e54,zombie/fx_powerup_stun_bear_shield_doa
318fbc719b2b3d5,zombie/fx_powerup_stun_bear_shield_impact_doa
da1ec8ab5b1883a,zombie/fx_powerup_timeshift_doa
a82ba723072a24b,zombie/fx_powerup_timeshift_fade_doa
a6fd116c3e8de37,zombie/fx_powerup_timeshift_impact_doa
bc48bdd142351d3,zombie/fx_powerup_timeshift_impact_red_doa
98b281d8416a872,zombie/fx_powerup_timeshift_red_doa
4308b4fe57ef6d,zombie/fx_quest_portal_ambient_zod_zmb
963980171adc93b,zombie/fx_quest_portal_close_igc_zod_zmb
ec0e919a3fbbd67,zombie/fx_quest_portal_closed_zod_zmb
1a77eb21cab6a4b,zombie/fx_quest_portal_edge_flash_zod_zmb
7fc1623c98b8782,zombie/fx_quest_portal_edge_zod_zmb
1b85ff78ea6918b,zombie/fx_quest_portal_expand_zod_zmb
8722b3613c6135b,zombie/fx_quest_portal_tear_zod_zmb
bb3b0c1ffa63e09,zombie/fx_quest_portal_trail_zod_zmb
760cb8c72949688,zombie/fx_raven_teleport_doa
ce4af953f0ef2cb,zombie/fx_raygun_1p_ugw_zmb
43ca2f4025e0bd1,zombie/fx_raygun_1p_zmb
47499543fd91919,zombie/fx_raygun_3p_ugw_zmb
5047880b25f3e5b,zombie/fx_raygun_3p_zmb
a41ed0c124062a2,zombie/fx_raygun_geotrail_green_doa
519af445c59494b,zombie/fx_raygun_geotrail_purple_doa
612f63d557730a6,zombie/fx_raygun_geotrail_red_doa
573c7d3f696ea44,zombie/fx_raygun_geotrail_ug_zmb
9a3306432e494f3,zombie/fx_raygun_geotrail_zmb
cc1178604f73a7c,zombie/fx_raygun_impact_purple_doa
c1cb87c5bbcacff,zombie/fx_raygun_impact_red_doa
f1f81f86c703f17,zombie/fx_raygun_impact_ug_zmb
51b1ab12522bffa,zombie/fx_raygun_impact_zmb
d65fe46c62026e2,zombie/fx_raygun_trail_ring_doa
49811422f573104,zombie/fx_raygun_trail_ring_emit_ug_zmb
e2363c43b8ae6b3,zombie/fx_raygun_trail_ring_emit_zmb
7310dc06c46ad59,zombie/fx_raygun_view_zmb
f35cbb67bd0747c,zombie/fx_raygun_world_zmb
7ff799341934f2e,zombie/fx_ritual_altar_os_zod_zmb
4d34b7b03d800f9,zombie/fx_ritual_altar_pap_zod_zmb
3407f4afb91109f,zombie/fx_ritual_altar_zod_zmb
951e6067ac258b8,zombie/fx_ritual_barrier_defend_door_wide_zod_zmb
20d90dc80ad2c59,zombie/fx_ritual_barrier_defend_zod_zmb
e7b031c52fce11f,zombie/fx_ritual_chasm_awakened_os_zod_zmb
ebfd9c9a20cb1f4,zombie/fx_ritual_chasm_awakened_zod_zmb
212813a55d88027,zombie/fx_ritual_frieze_embers_zod_zmb
31fff1f395252ca,zombie/fx_ritual_gatestone_crack_glow_zod_zmb
a71d41d602ce2cf,zombie/fx_ritual_gatestone_explosion_zod_zmb
9428f3abf6fee1a,zombie/fx_ritual_gatestone_portal_zod_zmb
b2280e7b0023bca,zombie/fx_ritual_gatestone_tentacle_glow
fa3b72e58583533,zombie/fx_ritual_gateworm_glow_green_zod_zmb
5dadef19048ccf9,zombie/fx_ritual_glow_key_open_zod_zmb
fb73251ba29d754,zombie/fx_ritual_glow_key_zod_zmb
84747f2cb10bcd4,zombie/fx_ritual_glow_memento_zod_zmb
2d4023ffa74e9d4,zombie/fx_ritual_glow_relic_zod_zmb
8c0c826815f4741,zombie/fx_ritual_item_grab_zod_zmb
92386798aa0490f,zombie/fx_ritual_key_trail_zod_zmb
df4df8a7e4830db,zombie/fx_ritual_pap_basin_fire_lg_zod_zmb
a8f4262d25246b5,zombie/fx_ritual_pap_basin_fire_zod_zmb
fcbb301c0702b23,zombie/fx_ritual_pap_energy_path_1_zod_zmb
5f950f00600ec32,zombie/fx_ritual_pap_energy_path_2_zod_zmb
1a5b5fbc8a26720,zombie/fx_ritual_pap_energy_path_altar_zod_zmb
dc3dc59c6771988,zombie/fx_ritual_pap_energy_trail
295f74a3857d4be,zombie/fx_ritual_pap_energy_trail_thick
8176c419b610eee,zombie/fx_ritual_pap_wall_explo_zod_zmb
bdfb0e91db7bc45,zombie/fx_ritual_pap_wall_smk_zod_zmb
52d1c6ef76b7c67,zombie/fx_ritual_sacrafice_death_zod_zmb
e7582c3876d569c,zombie/fx_ritual_sacrafice_glow_chest_zod_zmb
566a5b4d388c161,zombie/fx_ritual_sacrafice_glow_head_zod_zmb
2eab8c0e4609c46,zombie/fx_robot_helper_ground_tell_zod_zmb
458fcd6036f5a4d,zombie/fx_robot_helper_jet_leg_zod_zmb
192b65710b6b59f,zombie/fx_robot_helper_jump_landing_zod_zmb
f6c8bf1fe1b6d86,zombie/fx_robot_helper_revive_hand_zod_zmb
476ea25ece046e,zombie/fx_robot_helper_revive_player_zod_zmb
8023ba60992e3a7,zombie/fx_robot_helper_trail_sky_zod_zmb
625972bed2cc7b6,zombie/fx_rocketshield_jet_view_zod_zmb
38b2d92b05b401d,zombie/fx_rocketshield_jet_world_zod_zmb
421d7984fb8e652,zombie/fx_shdw_floating_smk_zod_zmb
7eed0b64794a8b,zombie/fx_shdw_glow_hover_charge_zod_zmb
6c1608d731ea532,zombie/fx_shdw_glow_hover_zod_zmb
f7b6443b83698c8,zombie/fx_shdw_impact_zod_zmb
9d43c5cb7129bf9,zombie/fx_shdw_spell_charge_zod_zmb
bc3e1a685d95604,zombie/fx_shdw_spell_exp_zod_zmb
285975fd46871ae,zombie/fx_shdw_spell_tell_zod_zmb
8b925e936a68e64,zombie/fx_shdw_spell_zod_zmb
1207dc239a81969,zombie/fx_shdw_teleport_zod_zmb
438da6fcd3a4a48,zombie/fx_shield_gone_zdo
c7542b314054bee,zombie/fx_shield_red_zdo
93b28a7bf0b6b1a,zombie/fx_shield_zdo
dc11e0c163122f3,zombie/fx_silverback_intro_doa
fc485fc607557a,zombie/fx_silverback_spawn_doa
380b5763ddfa4d9,zombie/fx_smk_stack_burning_zmb
5d0a2cee07e8664,zombie/fx_spawn_blood_billowing_doa
afaa61b4fcd9d8c,zombie/fx_spawn_blood_rise_doa
99e6e3402fffc81,zombie/fx_spawn_body_cp_zmb
d68d11c35787a07,zombie/fx_spawn_dirt_billowing_doa
df38d3b1453bbb,zombie/fx_spawn_dirt_body_billowing_zmb
a8714adcbb84755,zombie/fx_spawn_dirt_body_dustfalling_zmb
b9a47c2e4717d1,zombie/fx_spawn_dirt_hand_burst_zmb
22bb185ddae0211,zombie/fx_spawn_dirt_rise_doa
dc264fea563abb0,zombie/fx_sprayer_glint_zod_zmb
de5a009d31f0aed,zombie/fx_sprayer_mist_zod_zmb
196678d629ab653,zombie/fx_sprinkler_active_doa
d76f4850dc598c4,zombie/fx_sprinkler_grenade_trail_doa
4711b3a04213fbf,zombie/fx_sprinkler_impact_doa
da11ccc47b5d7b5,zombie/fx_sprinkler_splash_trail_doa
b8fb044e76b8d58,zombie/fx_sword_lvl1_glow_1p_zod_zmb
b5ee153bc1496b,zombie/fx_sword_lvl1_glow_1p_zod_zmb1
b6403fd45e2855a,zombie/fx_sword_lvl1_glow_3p_zod_zmb
ffab62b1297e5ad,zombie/fx_sword_lvl2_glow_1p_zod_zmb
a31e1815d61ba5f,zombie/fx_sword_lvl2_glow_3p_zod_zmb
df90017a510edf6,zombie/fx_sword_lvl2_throw_1p_zod_zmb
ce8d46684d402d8,zombie/fx_sword_projectile_slash_zod_zmb
39e2f118c708ab2,zombie/fx_sword_quest_egg_explo_zod_zmb
8df2dcdaf7f331,zombie/fx_sword_quest_egg_ground_glow_zod_zmb
a3ca850bb8f65eb,zombie/fx_sword_quest_egg_ground_tell_zod_zmb
a4bdb5e298628d1,zombie/fx_sword_quest_egg_ground_whitefire_zod_zmb
6fb327ea76fbd7b,zombie/fx_sword_quest_egg_ground_whitepedestal_zod_zmb
a33d675a9878327,zombie/fx_sword_quest_glow_zod_zmb
f1de5fb9758b8ad,zombie/fx_sword_quest_ground_fire_purple_zod_zmb
bb705356a3c6e2b,zombie/fx_sword_quest_ground_fire_sm_zod_zmb
85c41fbf7cc2e15,zombie/fx_sword_slam_3p_os_zod_zmb
f5ed3e07515f2a8,zombie/fx_sword_slam_elec_1p_zod_zmb
ecf7535f547d06a,zombie/fx_sword_slam_elec_3p_zod_zmb
d430f3cd32b3774,zombie/fx_sword_slam_wave_1p_zod_zmb
d5a3415bd0c7117,zombie/fx_sword_slash_high_zod_zmb
ed9a9fe9311a692,zombie/fx_sword_slash_left_1p_zod_zmb
7f28276834543bb,zombie/fx_sword_slash_low_zod_zmb
295191a4ed8524f,zombie/fx_sword_slash_mid_zod_zmb
9546e8372c5be81,zombie/fx_sword_slash_right_1p_zod_zmb
5a496563dc53642,zombie/fx_sword_trail_1p_lvl2_zod_zmb
7c50ee6cdbb0dd9,zombie/fx_sword_trail_1p_zod_zmb
bb646c390ec7aa7,zombie/fx_sword_trail_zod_zmb
d94f7b4389cad84,zombie/fx_teleport_flashback_zmb
ed07802b04350b2,zombie/fx_teleporter_ambient_zmb
57d81deab917ddd,zombie/fx_teleporter_beam_zmb
3c765cdb42d8d8c,zombie/fx_teleporter_doa
433c1b0a0fd8938,zombie/fx_teleporter_prong_amb_noarcs_zmb
5b1dcb7d80ca021,zombie/fx_teleporter_prong_amb_zmb
4532dff7eec966f,zombie/fx_tesla_bolt_secondary_zmb
7c244d94b43a75,zombie/fx_tesla_electric_bolt_ug_zmb
770582f511d9fa4,zombie/fx_tesla_electric_bolt_zmb
ef6713ce04422c5,zombie/fx_tesla_impact_default_zmb
3eb1a140b780930,zombie/fx_tesla_muz_ug_view_zmb
57b07279abb11cf,zombie/fx_tesla_muz_ug_world_zmb
2f83dab67500ebd,zombie/fx_tesla_muz_view_zmb
1e8748f97f7de30,zombie/fx_tesla_muz_world_zmb
3cf17d7289084a8,zombie/fx_tesla_rail_view_ug_zmb
9b2af71c178ed37,zombie/fx_tesla_rail_view_zmb
d117063afdd6220,zombie/fx_tesla_shock_doa
3be0c4156e401dc,zombie/fx_tesla_shock_eyes_zmb
7d5697657fd313,zombie/fx_tesla_shock_ground
94769632e1cf809,zombie/fx_tesla_shock_zmb
79bace9405686b6,zombie/fx_tesla_tube_view2_ug_zmb
a16db388fd8b451,zombie/fx_tesla_tube_view2_zmb
f8a40f6e6ac6e97,zombie/fx_tesla_tube_view3_ug_zmb
4b2b75ee2114e7a,zombie/fx_tesla_tube_view3_zmb
bd9a17875aaf5be,zombie/fx_tesla_tube_view_ug_zmb
d3d57e759377b19,zombie/fx_tesla_tube_view_zmb
2a124e9f51bbd2,zombie/fx_thundergun_impact
7e44245f4c254d3,zombie/fx_thundergun_impact_ug
d74099f4fda87b3,zombie/fx_thundergun_knockback_ground
65b894a400e9e37,zombie/fx_thundergun_smoke_cloud
3b19f0242233514,zombie/fx_thundergun_steam_reload_view
b9f6ff70959d958,zombie/fx_thundergun_steam_view
48fdc50b86ec2fe,zombie/fx_totem_beam_zod_zmb
7d71187eb42325c,zombie/fx_totem_break_zod_zmb
78ed8bf6e00fe7,zombie/fx_totem_charged_zod_zmb
15fcd6ff766b6be,zombie/fx_totem_charging_zod_zmb
9ab63a166401743,zombie/fx_totem_leyline_zod_zmb
5849b87f4a967a8,zombie/fx_totem_mist_zod_zmb
7d815728c4a2d71,zombie/fx_totem_pillar_zod_zmb
9f3a1c678829d7e,zombie/fx_trail_blood_soul_zmb
7f0cd7c60664f2e,zombie/fx_trail_chinalake_purple_doa
367fc49bce7d1cd,zombie/fx_trail_chinalake_red_doa
74ed815e7c9721f,zombie/fx_trail_fast_doa
27ea1b2f3644339,zombie/fx_trail_gem_blue_doa
932939022806bf6,zombie/fx_trail_gem_green_doa
81551a16f822daa,zombie/fx_trail_gem_red_doa
16d28b6354c5148,zombie/fx_trail_gem_white_doa
e73d2d31a52b639,zombie/fx_trail_gem_yellow_doa
84b2b1298bd73e2,zombie/fx_trail_night_player_blue_doa
280537726220c4f,zombie/fx_trail_night_player_green_doa
8dd95acb8ed215f,zombie/fx_trail_night_player_red_doa
40860136c9fd2c6,zombie/fx_trail_night_player_yellow_doa
5f56aaaae3e10b7,zombie/fx_trail_player_blue_doa
f681f299aea1e00,zombie/fx_trail_player_green_doa
6541e54c0ff3dec,zombie/fx_trail_player_red_doa
9559320c1050ccb,zombie/fx_trail_player_yellow_doa
1adeb65b061676b,zombie/fx_trail_rpg_purple_doa
7ddddbcf84d63c6,zombie/fx_trail_rpg_red_doa
a1ea3abd800cb0f,zombie/fx_trail_tesla_balls_doa
287799973eb5ac2,zombie/fx_trail_thundergun
b1a3a4037643309,zombie/fx_trail_thundergun_tread
a44791216106a76,zombie/fx_trail_thundergun_tread_ug
8526d4d298afee3,zombie/fx_trail_thundergun_ug
50e7111a7f82c70,zombie/fx_trap_green_light_doa
2b41396d7b50730,zombie/fx_trap_red_light_doa
ee972bdb6dd7184,zombie/fx_trashcan_damaged_doa
f01f02ee9f12b20,zombie/fx_trashcan_destroyed_doa
b991f9454932e54,zombie/fx_trashcan_doa
d9a4a9f8fb6057b,zombie/fx_turret_impact_doa
a37324c1988abb5,zombie/fx_val_chest_burst
bcf1718f4528b5e,zombie/fx_val_motes_100x100
64b4cdcf9f76a64,zombie/fx_water_fall_blood_base_doa
a868e9755ada3f7,zombie/fx_weapon_box_closed_glow_genesis
4072537fc33a521,zombie/fx_weapon_box_closed_glow_hut1_zmb
7b8399afa460f64,zombie/fx_weapon_box_closed_glow_zmb
2ed3fe3a8213c82,zombie/fx_weapon_box_closed_zod_zmb
4d3ed3b28eab9,zombie/fx_weapon_box_drip_splash_zod_zmb
a91ea25560407a1,zombie/fx_weapon_box_drip_zod_zmb
e88607dba5fc171,zombie/fx_weapon_box_leave_splash_zod_zmb
f945053b9daabb9,zombie/fx_weapon_box_leave_zod_zmb
8d07efddce63215,zombie/fx_weapon_box_marker_fl_zmb
1fce570b8ec63ff,zombie/fx_weapon_box_marker_fl_zod_zmb
108256d39825895,zombie/fx_weapon_box_marker_genesis
3247cb06926de1a,zombie/fx_weapon_box_marker_zmb
6497c1a11db6864,zombie/fx_weapon_box_marker_zod_zmb
9183ba75a7d32e3,zombie/fx_weapon_box_open_glow_genesis
acfc41cb829aaa8,zombie/fx_weapon_box_open_glow_zmb
58365c4bd8941fe,zombie/fx_weapon_box_open_zod_zmb
a0629e62294d296,zombie/fx_web_immobilize_doa
e759984c0fedf5e,zombie/fx_widows_blood_decal_impact_ground
d22fa7ac91baef6,zombie/fx_widows_exp_1p_zmb
29465cac0ab7ee1,zombie/fx_widows_exp_grenade
4e36cb29e98879b,zombie/fx_widows_muz_view_zmb
806ffe72a110b7a,zombie/fx_widows_muz_world_lg_zmb
735823602c9b3ea,zombie/fx_widows_muz_world_md_zmb
c3b480d0b53ec63,zombie/fx_widows_muz_world_sm_zmb
737bb33e63d0803,zombie/fx_widows_web_geotrail_zmb
c93dfee95e9c16a,zombie/fx_widows_wrap_torso_os_zmb
208b44afeb48907,zombie/fx_widows_wrap_torso_zmb
3b8475fd82a475b,zombie/fx_wonder_fizz_light
a61b30d846734f7,zombie/fx_wonder_fizz_light_green
e918cc442efe2eb,zombie/fx_wonder_fizz_light_red
128f0d8a411e8c,zombie/fx_wonder_fizz_light_yellow
e22efd185df1579,zombie/fx_wonder_fizz_lightning_all
ce52f6870775a35,zombie/fx_wonder_fizz_lightning_all_01
ce52c687077551c,zombie/fx_wonder_fizz_lightning_all_02
ce52d68707756cf,zombie/fx_wonder_fizz_lightning_all_03
ce52a68707751b6,zombie/fx_wonder_fizz_lightning_all_04
ce52b6870775369,zombie/fx_wonder_fizz_lightning_all_05
37673aa2bba3f52,zombie/fx_wonder_fizz_lightning_all_interior
e50a94edffcf6bc,zombie/fx_wonder_fizz_on
99af1fbf57e14a0,zombie/fx_wonder_fizz_on_mist
e16cb7162626fff,zombie/fx_wonder_fizz_portal
46539ac38c189e8,zombie/fx_zombie_eye_single
165160a342a50fd,zombie/fx_zombie_eye_single_blue
7ac951b4ca2c665,zombie/fxt/fx_avogadro_linger
3cac3bbea6eed92,zombie/fxt/fx_tesla_bolt_secondary_zmb
7758ace2ea26bc8,zombie/rain/fx_rain_system_med_2
6ab615b4daa8f47,zombie/rain/lightning
