7a71090f734,fallimpact_bot_npc
f8de269a721,ei/gfx_water_splash_swirl_anim_em_pb_i16|dup
b8ec4c75bf95,gamedata/ddl/generated/dlog_event_zmroundevents.ddl
1a2ba986d982f,menu/heroic
1fa1eb7ec0f79,zombie_bgb_use_zm
1fa5a94571bb8,attachment_extclip2_lmg_standard_restriction
223b802a0b17a,specialty_ads_zombies
2d456c4a11a18,menu/community
33bc4d2fab471,mc/mtl_p8_zm_esc_packasplat_suitcase_lid_shiny
36a9dd505e78a,zm_ai/fx8_dog_tail_glow
36cf30646c441,gd_c_t8_mp_spe_nomad_apocalypse_lowerbody1
3812b0bf617e0,ei/gfx_water_splash_side_bits_em_pb_i16|dup
393fde16e92f5,mc/mtl_p7_zm_der_handrail_set_yellow
3d1fc53331a5b,pistol_standard_t8
4096f71515cc6,wc/t8_decal_grunge_stain_noise
43558a296e3db,zombie_perk_bottle_ethereal_razor
47f904104c49c,ei/gfx_light_ray_wide_straight_em|dup
49f6000480b19,ei/gfx_elec_arc_bolt_em_pb_i16
4fc54a779147a,ei/gfx8_light_incandescent_hot_em|dup
5572016f98ebf,loot_contract_torque_muertos
5e9a5f630650e,scene_frontend_hub_t8_mp_zero
6b2c5cb4a3400,key/tab
6b6004bbd15bd,gd_c_t8_mp_spe_prophet_lowerbody1_dotd_cst
7697c80166597,mpui/rolescore
7780ec1a56d11,mcs/mtl_p8_zm_esc_bodybag_bloody_stripes
7dff118a0f423,mc/mtl_wpn_t8_loot_ar_peacekeeper_base_alt_mk2
875d04cfcaf88,vd/t8_decal_blood_handprint_wall_smear_vertical_01_wet
89185bc3519f0,attachment_rf_sniper_fastrechamber_restriction
8c4991ffd1e88,spknifeork_tunables_zm
8da66d91b8ad7,defaultnpcfootstep
8f7a20360760c,platform/skip
9074648ef05a5,zombie/fx8_magicbox_arrival
9141ac20727d1,wc/t7_dlc1_metal_perforated_panels_01
9b31eb328208b,ar_doublebarrel_t8
9f40977f6dadc,scene_frontend_hub_t8_mp_buffassault
9ffe1c3c96379,zm_bgb_cache_back
a07e0e4e9c8a8,oit_apply
a3a22e42cdcb3,claymore_explosion_zm
b08e78033cc77,vd/t8_zm_decal_scorch_mark_reveal
b0b90a7e9936e,mc/mtl_p8_zm_esc_perk_vending_tonic_chrome_normal
b177d18356f52,mc/t7_metal_cast_iron
b1f8f8d8a6c3d,impacts/fx8_bul_impact_concrete_xsm
b5310406e8dbb,wc/t7_ra2_stone_tile_floor_01
bab5b4877270c,attachment_fastreload_tr_powersemi_restriction
c022cf16dc5af,weapon/sniper_fastrechamber_t8_operator
c62f3c69ce4d1,loot_smg_accurate_sig_01_sunset_bundle_shop
c75abe6e419d6,outfit_zombie_epic1_spectre_shop
c94238697fabd,scripts/zm_common/load.csc
cd496db7a1bd2,codcaster_ds_player_notifications
d125e634fa9d5,impacts/fx8_bul_impact_water_fatal
e1021619b4526,splm/bullet_collision_cloth
e2283cd735423,director_online_zm_pregame
e2c1b2ea3e715,activecamoinfo_t8_sig_ar_standard_adventure_wz
e4c01e0696a8d,wc/t7_jun_moss_wood_cedar_worn_blend
ebd26c748043c,pfx_water_runoff
eda7a228a2c12,victim_crossbow
ee106231e0731,menu/dog_tags
f274990ee1c95,mc/mtl_p8_wz_ep_hockey_stick
f4e40432def4e,attach_t8_sniper_power_semi_hical_sig_02_world
f5e0383755610,menu/join_result_mismatch_playlistid
f622fe59abb84,electric/fx8_elec_gp_wire_sparking_sml_anim
f6ddfe104e59e,prt_wz_trejo
103b25284ca736,wc/t7_ban_decal_signage_letters_white
105f29e94f5274,mc/mtl_p7_wes_trunk_chest_decal_wood
10699f7884aafb,events_spawn_beacon_insertion
1096242a04a67d,zombfootstep_sprint_zomb
10a141e24b9620,mcs/mtl_p8_food_dinnerware_cup_coffee
10a486b5d8ee91,attachment_quickdraw_ar_standard_restriction
10acae8fa12e25,96_fetch
10b21d2b765cb2,o_t8_zm_zombie_board_6_repair
10cffce0bc045d,i_mtl_p8_zm_esc_sign_reg_leaving_m
1107b82966d609,pc_pickup
113b759e81d6bf,ztable_office_items
114edfb27a2dd9,scripts/autogenerated/luielems/core/scavenger_icon.csc
115de7077dde06,mc/t7_metal_trim_painted_black
127999393f1681,menu/error_caps
1363f2a2a310ca,maps/zm_escape/fx8_trap_light_red
13b4932e71d665,outfit_warrior_base_pal_exo1_ajax_sunset_bundle_shop
1426c996ed81df,activecamoinfo_t8_lmg_standard_wz
142813f0b0882f,menu/retry
14bf4a18bd0e82,weapon/fx8_amulet_impact
14d7fa8ff24018,attachment_grip_smg_handling_restriction
1522cea1e78d87,acog_tr_powersemi_t8_upgraded_tunables_zm
15ee68f4ebcc43,mc/mtl_wpn_t8_zm_perk_bottle_foam_blaze
16875525afc5ef,mc/mtl_wpn_tac_rifle_mid_burst_stock_mk2
16ce0ee107c7a0,i_ct7_blockout_battery_body1_shirt_c
16d20ee107ce6c,i_ct7_blockout_battery_body1_shirt_g
16db0ee107ddb7,i_ct7_blockout_battery_body1_shirt_n
16e8abbb4fc27a,menu/hard
17a2fcf5956b22,menu/safe_area
1808cdfcd390d6,talent_medic
1825bee32cda9f,warzone_hide_compass
18bbb27f3d7310,smg_fastfire_t8_upgraded_tunables_zm
18d4c7d7b81804,contract/play_control
18e836a4979cae,ei/gfx8_liquid_string
1903ab73cf91d0,wood_crate
191cc37bfbfeea,bullet_exit
194af413b60185,outfit_global_warpaint_bundle_creature_shop
19824996d574d8,outfit_warrior_com1_bundle_seraph_shop
19ff374bb2cfc1,zm_office_drawer_rumble
1a021432c3e1ed,ei/gfx_gib_wood_01_lit_full_gray|dup
1a10fe44af655d,dualoptic_sniper_damagesemi_t8_upgraded_tunables_zm
1a5e3ea16f6e84,menu/headphones
1acf8635e02a9c,mc/mtl_p8_zm_esc_desk_small_metal
1aef840f8b5a1b,presence/mp_seaside
1b20489dec7996,perk_deadsilence_restriction
1b7970bb11f648,smg_fastburst_t8_upgraded_tunables_zm
1be090c3cc8296,ch_vign_zm_mob_brutus_monologue
1c15c2505bf180,wz_character_recon
1c1b60c84508d0,mc/mtl_p7_zm_asc_fire_extinguisher_decal_07
1c2060c845114f,mc/mtl_p7_zm_asc_fire_extinguisher_decal_02
1c24bf5bf26298,special_crossbow_t8_upgraded_tunables_zm
1c4ce57fbd04ba,vd/gfx_decal_liquid_splatter_02|dup
1ce60b5d020ce5,ei/gfx8_shockwave_elec_anim_em_i8|dup
1ce61d450d12fb,mc/mtl_t8_attach_optic_mms_reticle_01
1ce71d450d14ae,mc/mtl_t8_attach_optic_mms_reticle_02
1ce81d450d1661,mc/mtl_t8_attach_optic_mms_reticle_03
1ce91d450d1814,mc/mtl_t8_attach_optic_mms_reticle_04
1cea1d450d19c7,mc/mtl_t8_attach_optic_mms_reticle_05
1cff6e86b77395,medal_cluster_semtex_stick
1d6b560d9197e6,wc/t7_dlc1_wood_plank_painted_02
1d70da23f95fdb,vd/t8_decal_blood_handprint_wall_smear_vertical_01
1d71da23f9618e,vd/t8_decal_blood_handprint_wall_smear_vertical_02
1d8d0e1c15f221,explosions/fx8_exp_grenade_surface_sand_child
1df64484f45afb,medal_swat_team_killjoy
1e1f01e8d6cb83,i_mtl_p8_wz_ep_book_demon_cover_m
1e2d01e8d6e34d,i_mtl_p8_wz_ep_book_demon_cover_c
1e2fc996f5e5af,activecamoinfo_t8_lmg_standard_zm
1e36bc9a450631,hero_sword_pistol_lv3_zm
1e6a1a18f598d0,loot_emote_shared_was_i_shot_shop
1eaa0a47a797f6,wc/mtl_p7_zm_sha_shrine_richtofen_decal_blood_03
1f21dfd4b6b08e,beam8_brutus_orbs_link_lrg
20158e85bbe1a8,weapon/fx8_muz_smg_cap_3p
20185753f43288,platform/demo_record
2025565956fbdd,gamedifficulty_easy
20375b42b40480,scope_dualoptic_ar_damage_restriction
20815fb64a26d9,wz_open_skyscraper_death_circles_constant_collapse
21c7c2c2796f6b,mc/mtl_wpn_tac_rifle_mid_burst_scope_decal_03_mk2
21ce59143452c3,scripts/zm_common/zm_trial.gsc
21ec90bd00a9df,acog_sniper
229addcb9c8cd0,i_mtl_p8_zm_esc_sign_reg_feedback_m
22b2e62fb9d4b0,gamedata/ddl/generated/wz_stats.ddl
22b779bc4b2f21,mc/mtl_p7_cai_work_table_metal_04_white_bend
22d98cdc297692,explosions/fx8_exp_rocket_lg_sand
22e668ad573497,loot_contract_grigori_weaver
235dbd4a984a63,paragon_mp_t5_01
235ebd4a984c16,paragon_mp_t5_02
235fbd4a984dc9,paragon_mp_t5_03
2360bd4a984f7c,paragon_mp_t5_04
2361bd4a98512f,paragon_mp_t5_05
2362bd4a9852e2,paragon_mp_t5_06
2363bd4a985495,paragon_mp_t5_07
2364bd4a985648,paragon_mp_t5_08
2365bd4a9857fb,paragon_mp_t5_09
238b7f35471764,mc/mtl_p8_zm_esc_power_switch_screw
2395b563abda48,ei/gfx8_smk_puff_volume_varied_lit
23cb341dd58f4e,i_mtl_p8_zm_elixir_icon_wall_power_c
23d1bb78e8aa44,menu/switch_weapon
23e65dd4979801,quote_no_prize_runner_up
242288ecacd967,i_mtl_p8_zm_esc_cypher_05_c
242c2a18cea5e1,zm_bgb_refresh_mint
24538301c336e0,medal_tempest_shutdown
245899fffb6ae5,p8_fxanim_gp_tape_linear_caution_sm_smod
2482adc4e4b9de,warzone_auto_mount_ladder
249bb8fb0872e4,wz_character_engineer
24d0f6dcd973ec,zmweapon/ar_damage_t8_upgraded
24e671e6e4fd68,nomad
25211894d2e0af,acog_sniper_damagesemi_t8_tunables_zm
25455252085590,p8_zm_esc_citadel_stairs_02
25465252085743,p8_zm_esc_citadel_stairs_03
25485252085aa9,p8_zm_esc_citadel_stairs_01
25495252085c5c,p8_zm_esc_citadel_stairs_06
254a5252085e0f,p8_zm_esc_citadel_stairs_07
254c5252086175,p8_zm_esc_citadel_stairs_05
254f525208668e,p8_zm_esc_citadel_stairs_08
260bcc7b0e8e79,zmb_pap_plinth_symbol_explode
263912d4d64bff,mpui/weapon_assault
26970a561f83fc,hero_scepter_lv3_zm
26dfbd4a9b5d20,paragon_mp_t5_13
26e0bd4a9b5ed3,paragon_mp_t5_12
26e1bd4a9b6086,paragon_mp_t5_11
26e2bd4a9b6239,paragon_mp_t5_10
26e5bd4a9b6752,paragon_mp_t5_15
26e6bd4a9b6905,paragon_mp_t5_14
27218e85c214ba,weapon/fx8_muz_smg_cap_1p
274ea91fb55dab,mc/mtl_p8_zm_esc_nixie_decal_rust
27db629076bb6a,surface_grenade_bounce
27e37012378951,weapon/fx8_muz_smg_mp40_1p
27ebc307abf865,uie_wedge_normal
27fa873a97ffc8,weapon/bowie
2856248e025632,platform/usevehicle
28a74e717df332,maps/zm_escape/fx8_ghost_seagull_trail
290a682a974c94,gear_thrustpack
293b57898f5509,mc/mtl_wpn_t8_zm_shotgun_trenchgun_pump_base_alt
297b56a692e684,zombie_perk_bottle_dying_wish_tunables
29e5b2898cc2c4,mcp/hud_outline_model_green_calpha
29f1cc7e6d2039,holo
2a4aa506911913,i_p8_zm_esc_shard_metal_n
2a66a5069148a7,i_p8_zm_esc_shard_metal_r
2a6cf3a956d5fb,mc/mtl_wpn_t8_smg_fastfire_clip_sig_02
2a6df3a956d7ae,mc/mtl_wpn_t8_smg_fastfire_clip_sig_01
2b2274e9f28f82,ei/gfx8_light_ray_spread_streaks_em_pb_i16_nocull
2b425f0b656027,sniper_fire
2bc87fdda42c65,mpui/weapon_charm_desc
2bef825c8d8a0c,mc/mtl_wpn_t8_smg_accurate_charging_handle_sig_03
2c45d76cc8e170,p8_wz_ep_foliage_bush
2cbd762f457be6,mc/mtl_p7_zm_ctl_book_vintage_set_transparency
2cc2594b0f82f5,ec/gfx8_dust_mote_1_pcloud_em
2d464dfe576a79,tr_midburst_restriction
2d6817d4b4fa0b,defaultstorecategorylist
2dc3fb8bba6223,starter_pack_season5
2dc7a7bbefbf98,attachment_extbarrel_ar_accurate_restriction
2e039bb1d1cf7f,melee_zombiearm_t8_mp
2e0ff43b44d408,mpui/fastreload_desc
2e547864133321,loot_contract_kn57_mastercraft
2e8fc7a3b7cf9e,lb_mp_anticheat_escort
2e93efecac3010,mc/mtl_wpn_t8_zm_smg_primary_pocket_cover
2ecf70123d8603,weapon/fx8_muz_smg_mp40_3p
2eeb7d777987a9,mc/mtl_p7_cai_fancy_grunge_rope
2efa35ac86500a,mc/mtl_p8_zm_zod_deck_crane_support_metal
2f670bef7cb789,menu/ping_range
30b207131c8991,ei/gfx8_smk_md_thick_lobe_anim_em_pb_i16
30e54817f2a1cc,mc/mtl_p8_zm_zod_bed_captain_sml_mattress
30e7798cbb7455,pc_ui_navright
30eb9ad86f4f80,mc/mtl_p8_zm_zod_cylinder_support_column_connector_left_decal
310a49872506f9,em/pillow
316d31b978ecb6,em/s01
317e0d8392484c,codcaster/ds_killfeed
31f9e2948b784b,extraction_extra_time
3334c31f353430,outfit_global_warpaint_bundle_zombie_shop
33412571163f08,mc/mtl_p8_zm_off_caution_barricade_01
3377f50b93ab03,mpui/special_weapon
338ab5d9e124e3,clear_compute_texture_black_4
33ae5c5aa0b5a8,storagefilelist
346893f5fd0d4e,audio_presets
349851251f47eb,vd/mtl_p7_zm_shi_medical_divider_decal_blood_hand
3567db8c60b7d7,pc_gamepad_lootpickup_mode
3588dfd5b38e0e,medal_killed_enemy_while_carrying_flag
35a16bee0b2af5,zhield_spectral_lh_zm
35bc3555627892,ei/gfx8_fog_slow_lg_anim_em_pb_i16_nocull|dup
361b274759569a,vd/mtl_loot_ui_icon_tags_muertos_ruin
3626d01c56adc3,events_cluster_semtex_objective_kill
366756c3cda4bb,maptable_zm_base
3675a6366a57dd,vd/t8_decal_blood_splatter_floor_tile_01
3685e81370362f,mc/mtl_p7_zm_moo_panel_teleporter_set_emissive_blue
370f3685350a44,mc/mtl_p7_min_food_doughnut_plain_inside
3723811a45cb34,icepick_tripwire
37348133ab1f8b,i_mtl_p8_zm_esc_perk_vending_cola_metal_bolt_n
37b20744746e58,fxt8_pstfx_zm_fire_blue_trap_vignette
380537847df901,sig_bow_quickshot
38416f5b0a9b1d,splm/p8_kit_zod_sta_05_elevator_door_right_metal_01
3899005e0a6096,splm/p8_zm_esc_grate_01
38b68325862259,loot_shotgun_pump_mk2_bribe
38f5595c57c671,events_tempest_paralyzed_objective_enemy
392da73514888a,zm_elixirantientrapment
39f66708e1d597,ar_damage_t8
3a1dcc75cf8c53,prt_wz_soldier_seal_female
3a4edddbd2fd1d,events_cluster_semtex_stick
3af56c9b6e5e73,vd/t7_decal_damage_plaster_damage_01_drk
3b269ef2b48829,splm/p8_zm_esc_shower_fence_01
3b44fac9fa39dc,menu/selecting_map
3bbc68baaea13b,mc/mtl_wpn_t8_zm_perk_bottle_foam_stronghold
3bd52f973506b5,craft_emblems
3c3bc29534539d,groups/recent
3c56d9305fbba7,zm_weapons/fx8_blundersplat_impact
3c57522e37c2ba,attach_t8_charm_zombie_saletag
3c64cf15c0c33c,mc/mtl_p7_slu_pole_utility_set_pole
3c829cad8b82c3,i_t8_zm_off_trim_wood_02_c
3c869cad8b898f,i_t8_zm_off_trim_wood_02_g
3c8d9cad8b9574,i_t8_zm_off_trim_wood_02_n
3cb9b37d81d27a,mc/mtl_p8_zm_zod_signage_light_box_metal
3cdaf1f38c88a4,exe/to_many_local_players
3d7717027a0f92,prt_wz_zero
3d9fc5251a961b,exe/timeout
3de0d8ae4d6fe4,mpui/vzoom
3e238f61e8dade,helmet_leather
3e8a4f1bf62bda,mc/mtl_c_t8_mp_spe_prophet_warrior2_forearmarmor_02_fpv_cst
3fe4770e056893,p8_zm_esc_model_industry_rollup_frame_01_frosted
3ff65a4ee460e6,platform/press_to_spawn
3ff7f085e13493,mc/mtl_c_zom_player_farmgirl_gear_fabric
4101f61ce8dee1,menu/disabled_caps
412acf40dafa52,camo_active_sig_sniper_fastrechamber_western_base_bribe
41384aa21857f4,loot_character_tedd_sunset_bundle_shop
41cc761d495272,smg_folding_t8_upgraded
421dcea4d44471,operator_stiletto_restriction
422a9497b068fe,scene_frontend_zm_elixir_lab
42e941c1c15651,mc/mtl_p8_zm_zod_table_settings_set_cloth
437480e4f75eec,lb_mp_gm_sd_arena
43ac406296de5b,codcaster_ls_secondary_attachments
441d98e27aa467,zm_weapons/fx8_tomahawk_impact_fire_ug
444a1359a62ba4,i_wpn_t8_zm_shotgun_trenchgun_body_base_s
444e1359a63270,i_wpn_t8_zm_shotgun_trenchgun_body_base_o
444f1359a63423,i_wpn_t8_zm_shotgun_trenchgun_body_base_n
44561359a64008,i_wpn_t8_zm_shotgun_trenchgun_body_base_g
445a1359a646d4,i_wpn_t8_zm_shotgun_trenchgun_body_base_c
44e9d7a0322add,zm_weapons/fx8_blundersplat_exp_bounce
44ead27e07d086,pstfx_water_t_out
4507bc3e909f4a,zm_elixirsepic
45703e8b17e6ca,mc/mtl_p7_zm_ori_crate_wood_decal_logo_935
45ac0b671c298d,mc/t7_ra2_metal_trim_bevel_04_gold
45f6db8d56cf6b,mc/mtl_p8_zm_esc_crane_decal_grunge_01
45f7db8d56d11e,mc/mtl_p8_zm_esc_crane_decal_grunge_02
45f8db8d56d2d1,mc/mtl_p8_zm_esc_crane_decal_grunge_03
45f9db8d56d484,mc/mtl_p8_zm_esc_crane_decal_grunge_04
45fadb8d56d637,mc/mtl_p8_zm_esc_crane_decal_grunge_05
4624a15bf9d73a,charm_9mm
462a1a928bcf37,mc/mtl_wpn_t8_shotgun_semi_mag_glass_sig_01
462b1a928bd0ea,mc/mtl_wpn_t8_shotgun_semi_mag_glass_sig_02
4698da24dbe4bd,zombie_male
4753be115a3769,splm/mtl_veh_t8_decal_leak_15
47ddfa3611a0d7,wc/t8_zm_zod_carpet_1st_class_stateroom_hallway_01_trim
48141a2fd72b5a,zm_weapons/fx8_aat_plasmatic_burst_torso
483d312a16c500,ui_cam_icon_ar_marksman
483f77f9acd5a0,scope_holo_ar_accurate_restriction
49ce149afcd07d,splm/mtl_p7_decal_ctl_grunge_stain_dark_01
4a5c34dbdd1b7e,mcs/mtl_p8_crate_wood_short_01
4a6854fa564ca7,impacts/fx8_bul_impact_money_head_fatal
4abc54817dfd2c,mc/mtl_p8_zm_esc_perk_vending_cola_decal_blue
4ad2d8233fb0ac,weapon/sensor_dart
4ae301fd9dc637,p8_wz_ep_bar_metal
4b690f316073c2,bag_money
4b6b1b43c1d5c5,mc/t8_concrete_wall_damaged_01_blend_tan
4bc559b58d4445,zdogfootstep_sprint_zdog
4bdaeea37546c9,weapon/gadget_vision_pulse
4c08f540fcfa03,weapon/ar_stealth_t8_operator
4caf7fd056d0d1,sniper_mini14_t8_tunables_zm
4d3ebc62006b1c,pc_playernames
4d40e1fe1df528,dualoptic_sniper_powersemi_t8_tunables_zm
4d7d04e2729281,ei/gfx8_light_ray_wide_soft_em
4d7f3fb30f8be3,explosions/fx8_exp_grenade_wood
4da0fdbc9511cf,weapon/fx8_trail_balloon
4dc58203ab2de0,menu/menu
4de459142d145c,pc_choose_class_8
4de559142d160f,pc_choose_class_9
4de859142d1b28,pc_choose_class_4
4de959142d1cdb,pc_choose_class_5
4dea59142d1e8e,pc_choose_class_6
4deb23122cc964,mc/mtl_p7_fire_extinguisher_digital_plastic_white_glow
4deb59142d2041,pc_choose_class_7
4ded59142d23a7,pc_choose_class_1
4dee59142d255a,pc_choose_class_2
4def59142d270d,pc_choose_class_3
4e3fad37eb453c,land_male
4ed32c79043a07,grief_stab_zm
4ef66575ddb929,mpui/max_caps
4f0c205c1fc79d,pc_ui_dismissinvite
4f0e1b53c5f13e,helicopter_comlink
4f14318d2b0bb6,entity_rifle_swipe_npc
4f54bf8df47c8f,vd/t7_decal_grunge_rust_orange_drips_for_metal
4fae853a749aef,mcs/mtl_p8_zm_esc_crate_wood_lrg_blot
509674146901f5,code2entitlement
50edb55f8a6467,em/ox
50eee23c6a3574,mp/score_limit_reached
514490b0b4fd51,beam8_zm_office_elec_trap
5148b9e199f22d,scripts/zm_common/callbacks.gsc
5184ea49ab94ac,codcaster_ds_notification_announcements
519273f67d4a53,mc/mtl_p8_zm_off_coat_lab_hanging_decal
519be6215006cd,gadget_spawnbeacon_teamlight
51ad1ab0540b8f,mc/mtl_p8_zm_esc_packasplat_engine_glass
51cd7664d08050,mc/mtl_p7_zm_kin_printer_office_big_metalpaint_canary
52cf78616e4c73,foley_light
52dcf4867cd80e,mc/mtl_p8_zm_zod_bathtub_first_class_bathroom_shower_handles_grunge_metal
5303e64c68883c,mp/5th
533a398e227c1d,wz_character_captain_price
5362cb773688e2,outfit_dotd_exo2_bundle_prophet_shop
53773c7e6809db,default_groups
5384d01e513526,zm_weapons/fx8_tomahawk_trail_ug
5397e5cc2f1002,zombie/fx8_perk_blaze_phase_charging
53adc68cb15bb0,launcher_standard_t8_mp
53b1732b14e50e,ei/gfx8_debris_ember_em_gp_i16_desat|dup
53b676e8e52a24,presence/tdm
53d662b6c27839,i_attach_t8_sniper_vanguard_fmj_bullet_c
53da62b6c27f05,i_attach_t8_sniper_vanguard_fmj_bullet_g
53dce90f31aa76,talisman_extra_self_revive
53e162b6c28aea,i_attach_t8_sniper_vanguard_fmj_bullet_n
53e262b6c28c9d,i_attach_t8_sniper_vanguard_fmj_bullet_o
53e662b6c29369,i_attach_t8_sniper_vanguard_fmj_bullet_s
54799e48e26840,menu/timeremaining_s
5580daa55983ac,loot_emote_exotic_shared_mic_drop_shop
55c8d819eb5178,destroyer_sd_hvo
55dc23ae9ca695,zm_ai/fx8_dog_torso_glow
5612e4b77930c8,mc/mtl_p7_zm_kin_dresser_wood_decal_04
5613e4b779327b,mc/mtl_p7_zm_kin_dresser_wood_decal_05
5617e4b7793947,mc/mtl_p7_zm_kin_dresser_wood_decal_01
5619e4b7793cad,mc/mtl_p7_zm_kin_dresser_wood_decal_03
5657a265204fd6,hero_chakram_lv1_tunables_zm
56a60f06d7d290,defaultmaptableentry
570ab3f83a98f4,mc/mtl_c_t8_bo_soldier_hardened_glasses
57366a90ee7d5d,armsdealer_task
57813c13554518,key_press
5796600bcbe659,output_hdr_sdr
57c538715d0e53,beam8_zm_hammer_lightning_strike
58153c0a6abc31,events_molotov_cocktail_objective_kill
58516a4f4d439f,mc/mtl_wpn_t8_shotgun_semi_mic_sig_02
586cfb9a0c13e3,attachment_clantag_knife_loadout_restriction
586e2723f3b4c0,i_wpn_t8_smg_handling_charm_sig_02_g
58722723f3bb8c,i_wpn_t8_smg_handling_charm_sig_02_c
58762723f3c258,i_wpn_t8_smg_handling_charm_sig_02_o
58772723f3c40b,i_wpn_t8_smg_handling_charm_sig_02_n
58822723f3d6bc,i_wpn_t8_smg_handling_charm_sig_02_s
589e0d860d1545,mc/t7_zm_isl_concrete_poured_bunker_dirty_01
58ed05c286a0a7,scope_acog_tr_midburst_restriction
5932d85a3376b5,mc/t7_dlc1_metal_chainlink_single_sided
594326ad5ee0c5,mc/mtl_p8_wz_ep_cone_ice_cream
595f7bb6f058d0,shotgun_trenchgun_t8_tunables_zm
5984e75bcc4c8d,hero_sword_pistol_lh_lv2_zm
59a208fbe4a2b3,i_mtl_wpn_t8_smg_fastfire_stock_sig_01_g
59a608fbe4a97f,i_mtl_wpn_t8_smg_fastfire_stock_sig_01_c
59a908fbe4ae98,i_mtl_wpn_t8_smg_fastfire_stock_sig_01_n
59aa08fbe4b04b,i_mtl_wpn_t8_smg_fastfire_stock_sig_01_o
59b608fbe4c4af,i_mtl_wpn_t8_smg_fastfire_stock_sig_01_s
59d85dbfa872e5,wc/t8_metal_grate_trim
5a4107a81c1453,wc/t8_micro_metal_galvanized_01
5a545fa74a9110,warzone/equipment
5a930aba445d36,vd/t8_decal_grunge_rust_large_01
5a9d6022e571c6,zm_bgb_licensed_contractor
5acc09d0ccf025,mpui/stalker
5b0b0881c29a6b,ei/gfx8_water_bubble_md_anim_lit|dup
5b50c9ae93e4b0,weapondeathfx_anime
5bdf51f3980024,attachment_extbarrel_smg_accurate_restriction
5befa5c99a31b1,crossbow
5c240eeade2464,em/four
5c7ef37bfb48f3,attachment_extbarrel_pistol_standard_restriction
5cb3cf81577ac4,rank/maj_full
5cda58403f81b0,i_mtl_p8_zm_esc_grate_01_n
5cdb58403f8363,i_mtl_p8_zm_esc_grate_01_o
5d35bc3a18e71e,ei/gfx8_debris_ember_em_pb_i16_desat
5d9602c9ba00b9,attach_t8_charm_shotgun_round_view
5da08f663efca0,playlist/zm_orange
5e367168d91516,mc/mtl_p8_zm_esc_press_steel_small_decal
5e95fc735be104,maps/zm_escape/fx8_magicbox_lock
5f11782e9c1a05,events_annihilator_savior
5f156156d37e34,prt_zm_takeo
5f480ad32b9d05,vd/t7_jun_moss_wood_cedar_worn_blend
5f84217fb73176,footersettingsicon
5f8c0746b1e6a7,ei/gfx8_dust_mote_lit|dup
5fedf8e838d913,splm/p8_rock_wall_tiling_01
604e16da77c616,wc/t8_metal_grate_01
604ea469518489,loot_contract_richtofen
605daf0d67709a,key/escape
6069e9dfd6e141,traverse_default
6085e3f6d5f2b6,ar_accurate_bundle
608f46abfb0368,wc/mtl_p7_ral_monitor_entrance_metal_polished
60acb1f88ca557,mc/mtl_p7_con_charging_station_metal_grate_circles
612f1439e83506,mc/mtl_p8_zm_zod_table_settings_set_silver
61e316c68f2dc1,i_mtl_p7_zm_tra_table_kitchen_long_01_m
625d15cbb8b8be,mc/mtl_p8_zm_zod_menu_first_class_decal
6324f043f21c0b,mpui/burst
6325c3891fe83a,p8_kit_zt8_exd_05_trim_05_corner_outside_curved_painted_metal_32_01
63545072f602a6,sig_lmg_tunables_mp
640db485b64bb6,i_mtl_p8_zm_esc_sign_reg_deal_with_m
650fd26bc49888,impacts/fx8_bul_impact_fireworks_runner_fatal_head
652a02d69b399c,ei/gfx8_light_incandescent_hot_em_pb_i16_nocull|dup
6542ed4168e987,loot_season_3_postseason
65516a5da9c455,ei/gfx8_light_phosphorous_em_pb_i16|dup
65631f4d4212eb,menu/tcm_desc
658ea04175a8f4,loot_emote_shared_the_wave
659e3a9a26edb3,attachment_stalker_pistol_fullauto_restriction
65fdf098e57504,events_tempest_collateral_kill
6612e68bbc8bc3,mp/8th
66e21fd26b05fd,medal_kill_enemy_while_flashed_slowed_stunned
66fe5e0ca3cb04,wz/fx8_player_outside_circle
682046af534201,vd/mtl_p7_slu_fire_hydrant_metal_grunge_decal
683ab79a855d68,p8_zm_esc_nixie_paper_01
683cb79a8560ce,p8_zm_esc_nixie_paper_03
683db79a856281,p8_zm_esc_nixie_paper_02
696527ecb861ae,zm_ai/fx8_dog_eye_single
696945f77903df,rob_key_charged
698cb0243b6bfc,zm_powerupscarpenter
6a64a32a3e8aa1,ui_icon_director_tile_mp_dom_focus
6a80aa6ef53d80,pc_gamepad_button_layout
6a94fb50ee32bb,mc/mtl_c_t8_mp_spe_prophet_warrior2_forearmarmor_02_fpv
6ac2e3b2457014,sniper_powersemi_t8_upgraded_zm
6adb318f8178fc,menu/empty_caps
6add422727c465,gd_c_t8_mp_spe_buffer_arms1_cst
6b6a183cf69c7e,mc/mtl_p8_zm_box_wood_sml_decal_tech
6b94309106e66f,key/kp_uparrow
6badbaf108da88,ei/gfx8_spark_grind_anim_em|dup
6c7e5c9cc253f4,melee_secretsanta_restriction
6d38c5a38b64b1,vd/mtl_veh_t7_zhd_mkiv_tank_decal_blood_grunge_01
6d99472140f697,sniper_locus_t8_tunables_mp
6ddb76d9f5c4eb,wc/p7_zm_shi_trap_frame_comm_metal
6e2bcac166059e,surface_monkey_bomb_bounce
6e3357a210075d,gib_heavy
6f3444286eb4c9,ei/gfx_dust_burst_lg_anim_em_full_dark
7007652a018846,mc/mtl_p8_zm_esc_power_switch_rust
70f3259b85bb2e,scope_mms_sniper_fastrechamber_restriction
712d8f24eb1f78,paragon_zm_t7_24
71318f24eb2644,paragon_zm_t7_20
71328f24eb27f7,paragon_zm_t7_21
71338f24eb29aa,paragon_zm_t7_22
71348f24eb2b5d,paragon_zm_t7_23
713b96e85a858b,splm/p7_debris_concrete_rubble_med_11_no_metal_warm_sml
719ad9bcd4b183,scripts/autogenerated/luielems/full_screen_black.gsc
71b6042da08a3e,i_mtl_p8_zm_zod_luggage_sticker_mediterranean_decal_c
7200fd4607f4a5,operator_pentaburst_restriction
730f1ad299ccc3,zdogfootstep_prone_zdog
7329006c7b9a3e,ei/gfx_fire_candle_sm_1_anim_em_gp_i16|dup
7397b35087ecca,ei/gfx_fog_slow_md_anim_em_add|dup
73ae67a7cae264,mc/t7_glassware_broken_edge_damage_trim
73b147964ed740,warzone/inventory_full
73cbc483ba14e3,mc/mtl_p8_zm_esc_dark_machine_light_01_blue
741e189516afe7,acog_sniper_damagesemi_t8_tunables_mp
744b942a185c00,mc/mtl_p7_zm_ver_cookware_vintage_pot_metal
74834abe9827a3,menu/report_player
74bf0572f5b52d,wc/t7_decal_damage_crack_04
75227928effb30,beam8_zm_scepter_ray_lvl1
75247928effe96,beam8_zm_scepter_ray_lvl3
75257928f00049,beam8_zm_scepter_ray_lvl2
75376b300c51aa,mc/t8_zm_esc_cell_stair_metal_trim_01
7564ab1150d1dc,ui/mod_crush
7587a7d443aa95,menu/health_regeneration
75c220f6315daf,ar_fastfire_t8_operator
7649daaaaee202,activecamoinfo_t8_sig_lmg_heavy_seventies_van
76f186710a3602,mc/mtl_wpn_tr_powersemi_fore_main_sig_02
770d5573d0655c,brutus_melee_tunables
77317e519f40ec,presence/mp_silo
778bd1154fe651,impacts/fx8_bul_impact_robot_head_nonfatal_exit
77ab9ff5279675,scope_holo_tr_longburst_restriction
77de0b550e0019,loot_emote_exotic_shared_roman_candle
781214efa683c4,ei/gfx8_liquid_string_nocull
781b8f24f11f90,paragon_zm_t7_02
781c8f24f12143,paragon_zm_t7_03
781e8f24f124a9,paragon_zm_t7_01
781f8f24f1265c,paragon_zm_t7_06
78208f24f1280f,paragon_zm_t7_07
78218f24f129c2,paragon_zm_t7_04
78228f24f12b75,paragon_zm_t7_05
78258f24f1308e,paragon_zm_t7_08
78268f24f13241,paragon_zm_t7_09
78732cc0b73f9a,pc_ui_layerbottom
788017f1c860f0,ar_standard_t8_upgraded
78c27fd07c2c05,sniper_mini14_t8_tunables_wz
795deb8822cb48,loot_ui_icon_tags_muertos_crash
7969d2c2b76798,vd/t7_decal_crack_concrete
7969f7e05e194e,scene_frontend_t8_bruno
798b75c8e65ca0,talent_drifter_wz
79980107ce3e85,mc/mtl_p7_zm_asc_machinery_industrial_light_metal
79b6b8b9584a39,menu/fast
79ba32f75f13c0,ei/gfx_smk_whisp_anim_em_pb_i16
79c5dcf5c3d9d4,impacts/fx8_bul_impact_robot_head_nonfatal
7a984cea9b75c8,zombie/richtofen
7b1e8f24f35a80,paragon_zm_t7_15
7b1f8f24f35c33,paragon_zm_t7_14
7b208f24f35de6,paragon_zm_t7_17
7b218f24f35f99,paragon_zm_t7_16
7b228f24f3614c,paragon_zm_t7_11
7b236c65930232,outfit_warrior_epic1_wetworks_prophet
7b238f24f362ff,paragon_zm_t7_10
7b248f24f364b2,paragon_zm_t7_13
7b258f24f36665,paragon_zm_t7_12
7b2a8f24f36ee4,paragon_zm_t7_19
7b2b8f24f37097,paragon_zm_t7_18
7bb5e9b11633e3,aar/stats
7c263183242ce3,em/x01
7c309d53289c8c,quote_as_long_as_men_there_will_be_war
7c8ab79fa0babf,mcp/hud_outline_model_z_red_calpha
7ca5266fdb360b,ei/gfx8_water_ripple_anim_em_nocull
7e37f5bfcb6aa8,mpui/ir_desc
7e45cc4cc0a372,ei/gfx8_spark_rndhit_core_hdr_desat
7e560a2a5726ec,mcs/t8_zm_zod_decal_wood_splinters_01
7fd0be59f7d2c5,mc/mtl_mphd_forklift_mirror
8034e4e35b3e20,mc/mtl_p8_zm_esc_obsidian_rock_01_part2
8037e4e35b4339,mc/mtl_p8_zm_esc_obsidian_rock_01_part1
80a38d8544a5b7,molotov_custom_settings
8110a1ea138241,zombie_perk_bottle_zombshell_tunables
8177c897417f20,mc/mtl_p7_zm_mob_medical_cabinet_decal_06
8178c8974180d3,mc/mtl_p7_zm_mob_medical_cabinet_decal_07
8179c897418286,mc/mtl_p7_zm_mob_medical_cabinet_decal_04
817ac897418439,mc/mtl_p7_zm_mob_medical_cabinet_decal_05
817bc8974185ec,mc/mtl_p7_zm_mob_medical_cabinet_decal_02
817cc89741879f,mc/mtl_p7_zm_mob_medical_cabinet_decal_03
817ec897418b05,mc/mtl_p7_zm_mob_medical_cabinet_decal_01
8185c8974196ea,mc/mtl_p7_zm_mob_medical_cabinet_decal_08
822294f1a2c3cf,wc/t7_ra2_metal_trim_bevel_04_gold
822c3226e2cf91,i_mtl_wpn_tr_powersemi_fore_front_sig_02_alt_s
8293472153486f,sniper_locus_t8_tunables_wz
82b3af3b0d83cc,camo_active_sig_tr_flechette_rivermonster_base_bribe
831446a5db74c3,p8_zm_esc_wall_custom_tear_in_chunk_01
831546a5db7676,p8_zm_esc_wall_custom_tear_in_chunk_02
831646a5db7829,p8_zm_esc_wall_custom_tear_in_chunk_03
831746a5db79dc,p8_zm_esc_wall_custom_tear_in_chunk_04
831846a5db7b8f,p8_zm_esc_wall_custom_tear_in_chunk_05
831946a5db7d42,p8_zm_esc_wall_custom_tear_in_chunk_06
83f0968e40a705,p7_signage_caution_radiation_01
83f0a14ef4aa8b,mod_falling
8451c83a08f757,mc/mtl_p8_zm_off_warroom_globe_inner
845dfc9aee6c47,mc/mtl_c_t8_mp_spe_swat_body1_duct_tape
849eefb0bb7717,mc/mtl_wpn_t8_tr_midburst_scope_sig_01
849fefb0bb78ca,mc/mtl_wpn_t8_tr_midburst_scope_sig_02
85044e7b80d5a3,mpui/reticle_default
85198c2f0408a4,i_mtl_p8_zm_zod_turbine_greeble_004_metal_n
851c8c2f040dbd,i_mtl_p8_zm_zod_turbine_greeble_004_metal_m
859307fafb0ca6,mc/mtl_p8_wz_ep_pot_metal
85d39417954dea,mc/mtl_p8_zm_esc_generator_lrg_painted_metal_unique
85d938393cdbc7,elo_wz
86499c7b828245,loot_emote_exotic_shared_gone_fishing_shop
86970a9bbfc9cd,launcher_standard_operator_t8
86f85e15a5d4ad,activecamoinfo_t8_diamond_zm
8704ff911d9f09,pc_changestance
87d36270e5b15c,syrette_tunables_zm
88368ada541736,score_reset_on_death
8847c684ea1735,quote_death_comes_to_all_build_a_monument
88508bcda481a3,attachment_extbarrel2_pistol_revolver_restriction
8942d662beb5ae,zmweapon/spork_knife
894e6c615b8cf7,gd_c_t8_mp_spe_prophet_arms1_cst
898115077aa570,homunculus_leprechaun_zm
89d7383940c138,elo_tr
8a0d0be7383ec9,menu/score_cost
8a3b4808a82d64,ei/gfx8_liquid_drop_lit
8a48122190bf6d,activecamoinfo_t8_smg_accurate
8a884de8adbe9b,mc/mtl_p8_zm_zod_signage_light_box_decal_grunge_01
8aca7af3ed31d2,attachment_fmj_lmg_standard_restriction
8b13cd4a57f560,mpui/restrictions_caps
8bb76fa3d775e3,i_mtl_p8_zm_esc_bldg_64_catwalk_support_n
8bc40e06f4b585,weapon/smg_standard
8bcb61fe20d903,ashtray
8c7c47215b75df,sniper_locus_t8_tunables_zm
8ccc7fd08ce60d,sniper_mini14_t8_tunables_mp
8d0cadcba9ac67,splm/bullet_collision_rock
8d4903f325d88c,mcs/t7_concrete_wall_painted_peel_01_blend
8db1ce0aafe263,i_mtl_p8_zm_off_warroom_globe_metal_g
8db5ce0aafe92f,i_mtl_p8_zm_off_warroom_globe_metal_c
8db8ce0aafee48,i_mtl_p8_zm_off_warroom_globe_metal_n
8e4e67417fbb55,mc/t7_metal_trim_chrome_worn_02
8e5adf27ca417c,wc/t8_concrete_wall_blocks_01
8e783c525f2fa8,menu/online
8efef8239c99b7,quote_going_through_hell_keep_going
8fd549b11c7cac,entitystatefields_default
8feee9188f6f41,mpui/nomad_zombie
90489bb89edddb,p8_zm_off_monitor_security_screen_lobby_01
90499bb89edf8e,p8_zm_off_monitor_security_screen_lobby_02
904a9bb89ee141,p8_zm_off_monitor_security_screen_lobby_03
90a251475885c8,pc_reload
9183ba404604e0,mc/mtl_p8_zm_esc_infirmary_bathtub_blood
919e4df995623a,vd/mtl_loot_ui_icon_tags_poster_ruin
91a0b3dbb08314,menu/save_paintjob
93326fdc456a2c,mc/mtl_p7_shr_weapon_shield_03_wood
93952143cc8fcc,contract/play_infection
93cbaae81c06da,compute_bitwise_invert_buffer
9407837d8903b0,talent/lightweight
944af40937ddd4,scripts/zm_common/zm_pack_a_punch_util.gsc
94b985e43acc6c,mc/mtl_p7_zm_mob_acid_trap_shower_metal_02
94ba85e43ace1f,mc/mtl_p7_zm_mob_acid_trap_shower_metal_03
94bc85e43ad185,mc/mtl_p7_zm_mob_acid_trap_shower_metal_01
94bfda4b223c96,menu/enemy_carrier
95ae66571b7cd6,gd_c_t8_mp_spe_outrider_pirate_lowerbody1
95c583c9c132a3,mc/mtl_p8_zm_esc_lab_monitor_dirt_01
95c683c9c13456,mc/mtl_p8_zm_esc_lab_monitor_dirt_02
95d26af3218e20,ges_mantle
96088f91c5906f,zmweapon/smg_thompson
964f7d4a38ba72,i_wpn_t8_zm_shotgun_trenchgun_decals_base_c
96547d4a38c2f1,i_wpn_t8_zm_shotgun_trenchgun_decals_base_n
96b65a11e7feff,mc/mtl_veh_t7_zhd_tanker_truck_interior02_metal
96c7edb6c6588a,scope_acog_lmg_standard_restriction
97060ed2111053,pain_zm
9713d59232e1ad,entity_enter_knife
972e71780995b4,cin_zm_office_outro
97582a17671ec2,scope_acog_smg_accurate_restriction
97b70773ecc2a1,activecamoinfo_t8_headshot_zm
97e35e15b42431,activecamoinfo_t8_diamond_wz
97f8a14c973708,gsoc_zm_equipment
992c17dcf9ae56,mc/mtl_p7_rus_barbed_wire_nosnow_wire
9987e7ad648ca1,pc_mouse_filtering
99a664187c3d2a,ei/gfx_debris_confetti_em|dup
9a9e7683a2be8d,mc/mtl_wpn_t8_zm_perk_bottle_foam_zombshell
9a9f17ca1bb51a,mc/mtl_p8_zm_esc_power_switch_paper
9b0290750abc52,rendernodes
9b072479b515f8,boast_salute_fem
9b21599b0be92c,mpui/extclip_desc
9b8af453a6a410,mpui/fmj_desc
9ba255a3133392,medal_scythe_multikill_2
9bd67535c1dfcb,mc/mtl_p7_zm_kin_printer_office_big_metalpaint_black
9bf158cc8198f7,mc/mtl_p7_wes_box_cigar_02_lid_01
9bf258cc819aaa,mc/mtl_p7_wes_box_cigar_02_lid_02
9c1db27d316802,zm_talismanboxguaranteeboxonly
9c32cfc8c9e6e2,loot_ui_icon_tags_poster_firebreak
9c9ca8643610d9,mpui/gungame
9c9dada57bd79f,player/fx8_plyr_shocked_stage1_3p
9ce21b886ad76d,vd/t8_decal_blood_footprint_single_generic_male_lt_01
9cec493a146e23,activecamoinfo_t8_sig_ar_modular_porcelain
9cfc13a1cb27fb,wc/t8_plaster_old_dirty_01_white
9d393ebbcda426,ei/gfx_water_fall_crumble_anim
9d77a47fd0fdb4,pc_sprintsteadyaim
9db10160d26d08,scripts/zm_common/zm_bgb.gsc
9e345ccc2b9847,warzone_reload_on_press
9eee8d7cadb92b,activecamoinfo_t8_kills_without_dying_alt
9f1d5520f6f4aa,zm_weapons/fx8_magmagat_impact_md
9f4c7c31545384,acog_sniper_powerbolt_t8_upgraded_zm
9f6a17f45fceaf,mpui/spectating
9f77bf09b45424,mc/mtl_p8_wz_ep_grill_barbecue_metal_02
9f7abf09b4593d,mc/mtl_p8_wz_ep_grill_barbecue_metal_01
a03cc3e226ecf6,pb_emote_shared_fem_ice_cream
a0eaffe66d4c2c,p7_container_medical
a100a56e9894e7,loot_dlc_full_autoshotgun_mk2_bribe
a101226734f996,test_chart_model_3
a102226734fb49,test_chart_model_2
a1809370478d8d,mpui/done_caps
a1cac68cf3ae48,launcher_standard_t8_zm
a230573995da64,zm_talismanshielddurabilityrare
a238dcdce842c8,zm_wolf_ally_settings
a2f14a9be3602a,lb_mp_gm_ball_arena
a30588db821e6b,barrelchoke
a30e3aaa7368c9,scripts/autogenerated/luielems/luielembar_ct.gsc
a331714ac0499e,firstpartyentitlementlist
a3a7e0b8dc05e3,mc/mtl_wpn_t8_tr_midburst_scope_glass_sig_02
a3a8e0b8dc0796,mc/mtl_wpn_t8_tr_midburst_scope_glass_sig_01
a3f770be5e86a1,impacts/fx8_bul_impact_wz_metal_sm
a435d683461d3b,weapon/null
a43b10d9da121a,menu/waiting_caps
a43c3b23f3f040,shock_seeker_primary
a440bc06e0f46a,zitem_spectral_shield_part_3_tunables_zm
a469d89653a7b0,menu/default_character
a47869806ce1c3,vd/mtl_loot_ui_icon_tags_muertos_crash
a486f8985ffa17,splm/mtl_p8_zm_zod_curtain_rod
a49d535160be60,scripts/autogenerated/luielems/zm/zm_hint_text.csc
a4b3e6d6d5e540,scripts/autogenerated/luielems/zm_laststand/self_revive_visuals.gsc
a4bc5df62954ee,medal_revenge_kill
a4d4d10fc54276,knife_zm
a54b19be1d2eef,wc/t7_zm_sta_decal_damage_concrete_cracks_01_dark
a5c88ba2f3e902,shotgun_fullauto_t8_upgraded_zm
a61d95764fd7d1,wc/mtl_p8_zm_esc_decal_paint_concrete_white_blend
a6202eff28961b,zm_brutus_footstep
a6325520fd3707,zm_weapons/fx8_magmagat_impact_sm
a71a45a6375430,mod_bled_out
a735d71fc092cd,gsoc_zm_basiczombies
a85406cce12779,reticle_acog_8
a85e06cce13877,reticle_acog_6
a88f0eeaec6bbf,mc/mtl_p7_wes_trunk_chest_decal_dirty
a8be359accfef8,menu/talent_gungho
a91992be1086d6,assassin_sd_hvo
a9275dcf438f70,surface_clip_bounce
a93107017d3260,maps/zm_escape/fx8_spinning_trap_sparks_child
a93b0e0643920b,mc/mtl_p8_file_cab_metal_02
a944feee054b7c,round_score_limit_control
a9529e8d05f549,maps/zm_escape/fx8_wolf_soul_charge_impact_sm
aa149fbb0979b2,mc/mtl_p7_zm_isl_specimen_container_metal_stainless
aa63c66acbb23e,scripts/core_common/ai/strategic_command.gsc
aa658d5270665f,mc/mtl_attach_t8_loot_shotgun_fullauto_stock02_mk2
aac331c28fe96c,em/u01
aaf13e4bbab44a,mc/mtl_p7_zm_zod_bookcase_vintage_ladder_wood_bld
ab171d60349f8d,wc/t8_concrete_damaged_rebar_02_rvl
ab718d345ff910,zm_bgb_kill_joy
aba0dea9629dfb,elemental_bow_base
aba652e8c938b4,mc/mtl_p8_zm_esc_dark_machine_light_01_off
ac20aac638e610,extrapellets_zm
ac6a572ba4cdcb,mc/mtl_p7_zm_mob_cell_bed_wood
ac738a24a38a83,menu/connection_meter_caps
acd455bb675d64,dualoptic_smg_accurate_t8_upgraded_tunables_zm
ad70a7e7b392a0,mpui/extbarrel2_desc
adb7cb79a959c2,vd/t7_decal_damage_concrete_edge_02
adce2312363002,p8_fxanim_zm_zod_cargo_hold_net_06_mod
adcf5ea8c23865,grip_pistol
ae228c93e09f07,mpui/bb_sd
ae2a2bd6308083,menu/gunlist
aee993822df253,i_mtl_p8_zm_esc_perk_vending_tonic_decal_01_n
af6c329a6da744,gamedata/ddl/generated/class_paintshop.ddl
afbf8d36d4b31e,mc/mtl_wpn_t8_ar_stealth_sig_01_assist_base
afc365f1e35fde,scripts/killstreaks/ai/dog.gsc
afee93a5e6f658,events_automated_turret_vehicle_destruction
b0c8140eef8798,impacts/fx8_bul_impact_wz_water_base
b0dffcfdc8c741,mc/mtl_c_t8_bo_hero_sergei_shoes1
b171b6c6d7c56e,platform/button_layout
b1a01ae3950af8,i_mtl_p8_zm_esc_perk_vending_cola_decal_01_m
b1a31ae3951011,i_mtl_p8_zm_esc_perk_vending_cola_decal_01_n
b1a5e3a225cad5,ei/gfx8_liquid_drop_em_gp
b1ac80a8874e8f,weapon/hero_jammer
b214613e3460b5,mc/mtl_attach_t8_charm_zombie_saletag
b21b84dab56297,amb_water_drip
b24ca8f135f045,i_t8_zm_esc_cracks_walls_01_c
b24fa8f135f55e,i_t8_zm_esc_cracks_walls_01_n
b25322abf4095a,pfx_spark_shower_shrt
b25ba8f13609c2,i_t8_zm_esc_cracks_walls_01_r
b266b5aec8bfb7,gd_c_t8_mp_spe_nomad_pirate_arms1
b29867907f22c9,heroes/arms
b3b86bfdbb7d16,wc/t8_zm_off_dec_rust_leak
b3ced20fbf223e,zombie_perk_bottle_death_perception
b4feac85554477,mc/mtl_p7_rus_handrail_modular_dbl_yellow
b575c9cf218b88,ttmussels_demibold
b5a9e121eb22e9,weapon/ray_gun_desc
b610205f2c6e01,weapon
b65bae3c3e0abe,rob_spectral_vision
b6c93f980bbe28,events_drone_squadron_savior
b71d1498b1a01e,attachment_steadyaim_smg_capacity_restriction
b7821294de3eff,i_mtl_p8_zm_zod_label_box_grousling_decal_c
b80331310ec147,mc/mtl_wpn_t8_loot_shared_decals_mk2
b85cc0f6bab3c3,mcs/mtl_p8_zm_zod_clothes_blouse
b86b82dd0f4134,outfit_splinter_base_pal_com6_torque_shop
b875884e707c37,activecamoinfo_t8_sig_ar_accurate_postapocalyptic
b8b1bcba4b3eb3,i_c_zom_player_reporter_head_n
b916f20cabc60b,loot_emote_shared_was_i_shot
b9feaa92dc35b9,mc/mtl_wpn_tac_rifle_mid_burst_scope_mk2
ba1113d0ac6fbb,tr_damageburst_t8_bribe
ba2708d32cb81e,medal_prop_survived_entire_round
ba2e7c7c637ece,attachment_fmj2_smg_capacity_restriction
ba860667abd52f,defaultweapon_fire
bad4ff0fc5d8b5,actorentitystatefields_default
bb085ca37ee399,fastreload_x
bb3236d7e2386c,zombie_perk_bottle_ethereal_razor_tunables
bc0fbb7b8912ca,em/loaf
bc1d70c5ece707,wc/t8_zm_zod_wood_trim_01
bd872543f8a833,menu/accept
bda3af02995829,wpn_bounce
bf3b69d261cf29,rf_pistol
bf93adefb4bb24,mc/mtl_veh_t7_zhd_tanker_truck_body03_green
c01fc846b6090e,vd/mtl_loot_ui_icon_tags_poster_torque
c040e371c1c35f,scripts/zm_common/zm_lockdown_util.gsc
c07e700fafa31f,menu/depot
c0bcafc73d79f6,master_volume
c137a7d8fd9f21,enemy_carrier_visible
c145a55e5e56bf,mc/mtl_p7_slu_pole_utility_set_wood
c18b0f666ff868,wc/t8_zm_off_vent_ceiling_metal
c1cbbd84f93176,attachment_steadyaim_shotgun_semiauto_restriction
c22267e575a22f,mc/mtl_wpn_t8_zm_shotgun_trenchgun_shell_base
c2361fc6100aea,mc/mtl_p8_zm_esc_door_isolation_base
c26513ab75e2eb,lf_light_bulb_basic
c2cbd6ad3a4358,activecamoinfo_t8_darkmatter_wz
c2d12d05897ee0,mc/mtl_p7_zm_ctl_toolbox_vintage_metal_decal_03
c2d22d05898093,mc/mtl_p7_zm_ctl_toolbox_vintage_metal_decal_02
c2d32d05898246,mc/mtl_p7_zm_ctl_toolbox_vintage_metal_decal_01
c2d82d05898ac5,mc/mtl_p7_zm_ctl_toolbox_vintage_metal_decal_04
c36f7290367e65,activecamoinfo_t8_sig_shotgun_pump_police
c393cba4cefd8a,stick_layout_legacy_southpaw
c3aa077411e775,activecamoinfo_t8_headshot_wz
c3d6b7d237ce80,events_deployable_cover_multikill_5
c3d7b7d237d033,events_deployable_cover_multikill_4
c3d9b7d237d399,events_deployable_cover_multikill_6
c3dcb7d237d8b2,events_deployable_cover_multikill_3
c3ddb7d237da65,events_deployable_cover_multikill_2
c41ac94e8ab392,ei/gfx_elec_arc_shock_em_pb_i16
c41c647f0c247b,demoplayerstatefields_zm
c58393ee7027c9,killstreak/dart
c5918620e90bc8,wc/t8_water_ocean_mp_seaside
c5951602ea971d,zm_contract/no_pap
c5a7b64c355664,ei/gfx_gas_blur_core_thick_em_pb_i16
c5ac938c8073c9,scene_frontend_hub_t8_mp_battery
c5d704c5682a98,mvp_control_hvo
c5fd774618e1cc,outfit_warrior_epic1_crash
c63ec7a8f4e93c,gamedata/ddl/generated/dlog_event_loot_equip.ddl
c673a498b958e8,mc/mtl_p8_zm_esc_fence_dirt_01
c67bfac190b321,core_ui
c721ef815ef40b,ei/gfx8_spark_grind_anim_em_pb_i16
c73aaad9e70988,pc_render_resolution
c76589fb90a8a8,codcaster_ds_team_identity
c7a35561cb033c,mc/mtl_p7_zm_tra_cage_animal_med_dirt
c7b919b4043710,boast_sparkler_fem
c837255b4b3381,dot_molotov_scoreevents
c8444d1a6a69e1,medal_frag_multikill_x2_summary
c8500c4d2002b3,i_mtl_attach_t8_smg_fastfire_fastmag_sig_02_g
c8540c4d20097f,i_mtl_attach_t8_smg_fastfire_fastmag_sig_02_c
c8570c4d200e98,i_mtl_attach_t8_smg_fastfire_fastmag_sig_02_n
c8580c4d20104b,i_mtl_attach_t8_smg_fastfire_fastmag_sig_02_o
c8640c4d2024af,i_mtl_attach_t8_smg_fastfire_fastmag_sig_02_s
c868f3c086fce1,mc/mtl_p8_zm_esc_turbine_generator_floor_decal_a
c88e408684f962,mc/mtl_p8_zm_off_supplies_desk_pencil_wood
c8b5cc3e840619,ei/gfx8_smk_md_thick_lobe_anim_lit_high_dark|dup
c8c24a2156176c,talent_consumer_wz
c936e2722b90e0,mc/mtl_t8_wpn_pistol_revolver_screen_sig_02
c94fa6f7563649,mc/mtl_p7_wes_trunk_chest_decal_dust
ca0c32f4fa9182,medal/warthog_killjoy
ca2be9dace62af,contract/multikill_2_or_better
caa7fd8d5ed6a3,pc_prone_hold
cab02d3abf64a4,smg_accurate_restriction
cb90752f602657,impacts/fx8_bul_impact_raven_body_fatal
cbe83c696ccfd9,weapon/fx8_impact_secretsanta_ch
cc0da768150d81,misc_camera
cc3e0d08a81143,mc/mtl_p7_frame_fancy_01
cc420d08a8180f,mc/mtl_p7_frame_fancy_05
cca70edd1ff0e6,clt/nodraw
cd08e0692e60f1,impacts/fx8_bul_impact_sand_lg
cd7defcf394cd6,menu/voice_volume
ce0b8ef958c831,pistol_enemy
ce320acbec7290,loot_contract_firebreak_muertos
cfb064edac1326,pstfx_flir
d1102119774b20,gd_c_t8_mp_spe_buffer_heist_lowerbody1
d15a4e2835d265,p8_zm_zod_rigging_shackle_lock_white
d24a526d8640f8,gd_c_t8_mp_spe_spectre_arms1
d25b1d8e206104,impacts/fx8_bul_impact_money_uw
d30a8f31ab4bd3,i_mtl_p8_zm_esc_perk_vending_cola_chrome_metal_01_m
d30b8f31ab4d86,i_mtl_p8_zm_esc_perk_vending_cola_chrome_metal_01_n
d375cba44b3514,zmweapon/ar_stealth_t8_upgraded
d381071058ac40,attachment_steadyaim_ar_fastfire_restriction
d3a04ab73da3fa,wz_character_dempsey
d3ded6ad48d6d4,activecamoinfo_t8_darkmatter_zm
d47f25b879f704,mc/mtl_wpn_t8_tr_midburst_rail_sig_02
d48225b879fc1d,mc/mtl_wpn_t8_tr_midburst_rail_sig_01
d490da4a7304e4,mc/mtl_p8_zm_esc_dark_machine_copper_02
d491da4a730697,mc/mtl_p8_zm_esc_dark_machine_copper_03
d493da4a7309fd,mc/mtl_p8_zm_esc_dark_machine_copper_01
d4de597fe4ceb2,mc/mtl_p7_zm_kin_tank_cu
d500d08cb3bc5d,mc/mtl_p8_zm_esc_cryo_chamber_pod_decal_dirt
d527320a0f9b5a,menu/death_effects
d590cbe09d9fc3,ei/gfx8_fog_slow_md_anim_em_gp_i16|dup
d5a74f7cdbc66e,zm_elixirburnedout
d5ca3db7ccb879,prt_wz_stuhlinger
d5cdc2e37262b7,pstfx_burn_loop_blaze_phaze
d68389ace641ec,splm/t8_metal_bare_steel_worn_01
d689ffb10c3577,activecamoinfo_t8_direct_action_kills_brains
d6a81ce6410f50,splm/p8_zm_esc_roof_shingles_asphalt_08
d6b41ce64123b4,splm/p8_zm_esc_roof_shingles_asphalt_04
d7100e5cdd9485,mc/mtl_p7_wes_box_cigar_02_metal
d763e6f0cc40fc,c_t8_zmb_mob_hero_richtofen_body1_igc
d802c3089821b3,ei/gfx8_spark_blink_anim_em_pb_i16
d81dfdc6a88efc,zm_perkswolfprotector
d878e9502f3056,p8_kit_zt8_exd_05_window_frame_01_01
d8995ed97eba53,mcs/t7_wood_worn_brown_dark
d8b3b5944ed86c,weapon/tripwire
d8bd1b24a9b47b,zm_bgb_anywhere_but_here
d8d056abe57718,zm_elixirkilljoy
d8d17c19b134b7,p8_zm_esc_light_mounted_socket_full_on
d92f4906a158f1,ui/mod_aat
d9b1fe33d71aac,attachment_grip_sniper_powersemi_restriction
d9de5843bc60ec,menu/50_points
da5687cbb7e5ec,loot_emote_exotic_shared_dracula
db2b11008096b7,pistol_uw
db9b3535758bbd,zm_ai/fx8_cata_cor_aura_c
db9d1d827ea562,ztable_shield_spectral_shield
dbd037c81d157b,zm_elixirwallpower
dc0405a6cf6944,mc/mtl_p7_zm_kin_data_reel_set_plastic_gray
dc554eee76fc7e,shotguns_task
dc7f08a71b3e19,mc/mtl_p8_wz_ep_hula_hoop_plastic
dd1fb530e201a2,impacts/fx8_bul_impact_confetti_headshot_fatal_robot
dd65fa3f126e1e,i_mtl_p8_zm_zod_cylinder_support_column_connector_mid_decal_c
de68d74e3da4dc,impacts/fx8_bul_impact_money_head_nonfatal
de8b403e7c4bc2,scope_reflex_lmg_spray_restriction
dee674f4343e31,activecamoinfo_t8_gold_zm
df9a0e48ea3111,splm/p8_zm_esc_bodybag_bloody
df9b9ff59a6d1f,splm/p8_ice_rock_pile_02_dark
dfb095c5cce700,pc_priority_looting
dfd294fc69f682,menu/yes
e017336a087343,scripts/autogenerated/luielems/luielemtext.csc
e01cfbddab105b,scene_frontend_t8_battery
e087bb9342d304,i_mtl_p8_zm_esc_radiator_vintage_proxy_distance
e09f77cb46236d,defaultplayerfootstep_prone_plr
e0b637e6d3744b,mc/mtl_p8_zm_zod_notes_nee_newspaper_time
e0bd6e962d77cb,medal_tank_robot_killjoy
e1147e39256125,em/obelisk
e1ac4c8650b296,mc/mtl_p8_zm_zod_linen_cart_first_class_bathroom_wheel_rubber
e1c4f74f9e42fb,scriptmoverstatefields_default
e1e7008bc75036,wc/t7_decal_grunge_scratch_pockmark
e23cdda819e022,mc/mtl_p7_zm_isl_specimen_container_drips_decal_01
e295ca5ba91d5e,icepick_tankrobot
e2ff1cd25243d2,impacts/fx8_bul_impact_dirt_uw_sm
e33d8fc73833a5,molotov_fire_wall_mp
e40cf1f1d4df7b,mc/mtl_p8_zm_esc_pulley_prison_key_rope
e41c79e832a913,defaultplayerquietfootstep_crouch_walk_plr
e42fadf5c7486a,events_automated_turret_objective_assist
e4b94c6a7ee4bb,ei/gfx_fog_slow_wide_lg_anim_em_pb_i16
e505f5103995d4,voice_volume
e518ae3505ab43,wc/t7_ban_metal_painted_rusty
e51f7b584c39c8,clan/description
e59ea58b687253,i_mtl_p8_zm_esc_perk_vending_soda_glass_02_n
e5a6b3a065a19f,gamedata/ddl/generated/dlog_event_orbis_ac.ddl
e5a7a58b68819e,i_mtl_p8_zm_esc_perk_vending_soda_glass_02_e
e5a9a58b688504,i_mtl_p8_zm_esc_perk_vending_soda_glass_02_c
e5bae184643ee5,melee_amuletfist_t8
e6071ec792cdfd,vd/t8_zm_zod_metal_painted_wall_heavy_black_blend
e67c9546a2a31b,melee_risingtide_sunset_bundle_shop
e704eae9029812,scripts/core_common/scene_objects_shared.gsc
e75bf10a48621a,camo_dlc4_afterglow_sunset_bundle_shop
e788f0b6bc593c,ei/gfx_dust_heli_swirl_anim_em_pb_i16_nocull
e79abeffa4505f,allow_gestures_camera_rotate
e7b42240847fa2,lsl_reticle_reflex
e8198c94120803,mpui/bb_dm
e8b5aeb804a8fd,wallrun_falling_start
e8d14639247243,eq_frag_grenade_mp_scoreevents
e904793f1b4421,pc_switchprimary
e93462f037a2d8,splm/t7_metal_trim_worn_iron_darker
e953c96c4c8741,loot_contract_replacer_vacation
e9adfb2b9df741,wc/t7_decal_damage_mold_02
ea0be987b543da,activecamoinfo_t8_objective_kills
ea46435e8fd4ed,aib_vign_zm_mob_idle_inside_pod
ea654c78f25bc0,ei/gfx_dust_burst_lg_anim_em
eb1622cae84da7,ei/gfx_lightning_cloud_bolt_em_pb_i16
eb180a86d7e0ac,mc/mtl_p7_zm_asc_train_bracket_dirty_01
eb1b0a86d7e5c5,mc/mtl_p7_zm_asc_train_bracket_dirty_02
eb86a362aa1747,acrobat_control_hvo
ebae48c17d1fcb,exe/cod_online_temp_ban_player
ebbf27ac442ef2,boast_gone_fishing_fem
ebc1b4c5c84836,mc/mtl_p7_zm_mob_cell_toilet_set_blood_horrific
ec2023d59d7c51,loot_ar_damage_mk2_bribe
ec3031ba177840,em/six
ec5b39e4e6a020,loot_tr_flechette_mk2_bribe_free
ecddc287685d0b,gd_c_t8_mp_spe_engineer_assassin_lowerbody1
eceb1ceb2eea45,loot_season_1_postseason
ed060d671daa9d,gd_c_t8_mp_spe_ruin_cop_arms1
ed23a4021fb631,menu/robot_speed
ed3db21a4ef343,sig_blade
ed401b8f0ba56b,attachment_fmj2_pistol_standard_restriction
ed7d8b594ecaa2,hipgrip
ed945d704c22d2,attachment_killcounter_ar_stealth_restriction
ee2079579acfc9,zmweapon/shotgun_semiauto_t8_upgraded
ee6ed32a14279b,tomahawk_t8_tunables_zm
eebda916971b02,talisman_special_xp_rate
eedac4a4ef6a2f,splm/mtl_p7_zm_asc_train_bracket_decal
eedea7465ba717,wc/t8_micro_wood_rough_01
eef6ce90421923,splm/p8_ice_fuel_tank_large_pipe_hp_12_128_bare
eefed56c4b350e,conqueror_koth_hvo
ef1b971390f486,mc/mtl_p8_zm_esc_perk_vending_cola_glass
ef20be1f0aa72d,zm_weapons/fx8_raygun2_ug_impact_flesh
ef23a7bc158b62,equipment_trophysystem_restriction
ef5849b7d79794,mc/mtl_p8_wep_ceiling_structure_beam_rust_01
ef5b49b7d79cad,mc/mtl_p8_wep_ceiling_structure_beam_rust_02
ef90dab49c9d1f,camo_active_sig_shotgun_fullauto_construction_base_bribe
efb5311d559eb2,pfx_quad_spark_shower_shrt
efc5027633ee80,mc/mtl_p7_zm_asc_phone_hanging_vintage_decal_03
efc6027633f033,mc/mtl_p7_zm_asc_phone_hanging_vintage_decal_02
efc7027633f1e6,mc/mtl_p7_zm_asc_phone_hanging_vintage_decal_01
efca027633f6ff,mc/mtl_p7_zm_asc_phone_hanging_vintage_decal_06
efcb027633f8b2,mc/mtl_p7_zm_asc_phone_hanging_vintage_decal_05
efcc027633fa65,mc/mtl_p7_zm_asc_phone_hanging_vintage_decal_04
efd36b4f0805f2,mc/mtl_p7_zm_asc_airduct_metal_set_metal_paint_01
efef76ac7d6d16,lf_light_bulb_cool
f0c96698cb0c96,menu/win_rule
f10b6240f3f420,em/ping
f1586eecea20c0,mc/t7_ban_metal_painted_rusty_light_grey_dk
f1ba532b3f0623,medal_cuav_killjoy
f1d6b4271c7bff,dlog_event_backend_doc_parse_failure
f1e43b5fb18fb3,menu/lb_downs
f22a2fae6154a8,mp/hold
f2d22e7f5318a5,ei/gfx8_fog_slow_sm_anim_em_gp_i16
f300c2a16e9298,extbarrel2_pap
f34131ba1db3d1,em/sku
f347f32fa68b29,wc/t7_zm_shi_walls_tunnel_wood
f35c4cfb775a9c,hero_scepter_lv3
f35d4cfb775c4f,hero_scepter_lv2
f35e4cfb775e02,hero_scepter_lv1
f4938917eccf04,scope_acog_lmg_heavy_restriction
f4980e153e8dff,mc/t7_zm_sta_wood_oak_varnished_drk_burnt_blend
f4b7edfebc4c6f,presence/mp_embassy
f4eec84471b09d,vd/mtl_p7_zm_shi_medical_divider_decal_blood
f5257a6dc7e55f,mc/mtl_p8_wz_ep_bottle_secret_sauce_bubble
f57c318c3b2999,em/z01
f5f2a8d1181d72,ww_freezegun_t8_upgraded_tunables_zm
f614b278daaebc,homunculus
f69addbf143e8a,wc/t7_metal_cable_01_rust
f6b7650d3dfcba,zombie/powerup_pap
f6c9909abe5918,i_mtl_p8_zm_zod_turbine_greeble_003_metal_m
f6cc909abe5e31,i_mtl_p8_zm_zod_turbine_greeble_003_metal_n
f6d045a8cf69ce,auto_mantle_enabled
f791c3fee0c263,menu/prematch_timer
f79734686fc841,events_gravity_slam_objective_multikill
f7dbdfb328486e,weapon/fx8_muz_ar_stand_3p
f8afb18a895a39,reddot_wz
f8dd958d2338d2,mc/mtl_p8_zm_esc_dock_light_lamppost
f8f3d92031f6f7,ar_standard_t8
f9a36ed8b43ad5,mc/mtl_p8_wood_plank_painted_nails
f9b5bcde9f282e,mpui/hcdom
f9ef78efddf61f,perk_widows_wine
fadefd80b15ef2,outfit_warrior_epic1_wetworks_battery_sunset_bundle_shop
fb55c49530b5db,scripts/core_common/scene_player_shared.gsc
fbb64ab103149d,mcs/t8_cloth_rope_01
fc4e5cdd275bd0,medal_wz_doublekill
fc50ed76766f1e,vzoom
fc7a5cff276591,mc/mtl_p7_sin_sh_truss_platform_pole_01_metal
fc7e7f0c6b9fa5,ar_an94_t8_tunables_mp
fce10d4be74413,ei/gfx_gib_concrete_02_em_pb_i16|dup
fceabfd6c2cf30,explosions/fx8_exp_grenade_spark_bounce
fd79bf5478b106,status_effect_deaf
fd8423d3ef8f1e,wz_character_russman
fdf4c8bf95c08b,mc/mtl_t8_camo_leather_armor_blue_shiny_dark
fe1a0f76ed3133,zbarrierfields_zm
fe76319d4f72eb,i_wpn_t8_smg_handling_bullets_sig_01_s
fe81319d4f859c,i_wpn_t8_smg_handling_bullets_sig_01_n
fe82319d4f874f,i_wpn_t8_smg_handling_bullets_sig_01_o
fe86319d4f8e1b,i_wpn_t8_smg_handling_bullets_sig_01_c
fe8a319d4f94e7,i_wpn_t8_smg_handling_bullets_sig_01_g
feecd86707234b,mc/mtl_c_t8_mp_spe_ruin_body2_pants01_cst_cop
ff20dc353ceb63,zm_bgb_talkin_bout_regeneration
ff73c35530b978,amb_beetle_flyby
ff84b311867e82,blood/fx8_raven_decal_impact_ground
100bbb002292caf,events_artillery_barrage_detonations
100ea92646cbacd,willy_pete
1011e15ea9a81c1,zm_escape_catwalk_door
10185d97f317e5c,mc/mtl_p8_wz_ep_teabag_rope
1019e3caa62efbe,pc_texture_quality
101cf03c69f6544,wc/t8_decal_blood_splatter_floor_03
101d003c69f66f7,wc/t8_decal_blood_splatter_floor_02
101d103c69f68aa,wc/t8_decal_blood_splatter_floor_01
1020ffcac7618de,pc_pushtotalk
1028d33283bced3,loot_ui_icon_tags_muertos_ajax
1028df0aa5e0228,menu/legacy
102f01d204fd81d,ges_snowball
103d5aa2354f595,ei/gfx_debris_trash_multiple_em_full_max_desat
103ec7d32548f08,i_mtl_p8_zm_esc_nixie_set_m
103ede7013ba809,splm/t7_zm_ori_decal_concrete_edge_seam_01
103ef7d32549421,i_mtl_p8_zm_esc_nixie_set_n
103fadfc4a82745,scripts/autogenerated/luielems/core/scavenger_icon.gsc
10464699f475ccb,menu/shutdown_damage
104741dd0a50384,mc/mtl_wpn_t8_smg_accurate_stock_sig_03
104d6328b9a8c84,attachment_steadyaim_smg_fastfire_restriction
104ffe2d619d53c,menu/auto
105438fc755243d,molotov_fire_wall_wz
105a5c2306d3c70,gamedata/ddl/generated/dlog_event_zmequipmentuses.ddl
105ae6f4c0bb51c,ei/gfx_gas_blur_thin_em_pb_i16_desat
105bb508d450673,mc/mtl_p7_zm_mob_bed_infirmary_frame_dark
105f0960375b022,mpui/hcescort
1060275b9ef0a30,tr_flechette_t8_bribe
10612978b2d50c4,weapon/lmg_standard_t8_operator
10628c39deb6c83,loot_emote_exotic_shared_matrix_dodge
106a321cf38c560,menu/friendlyfire_hint
1075344b8fd7ec6,knife_loadout_tunables_mp
108150b90964435,mcs/mtl_p8_zm_zod_clothes_pants
108720e61ebc0cd,activecamoinfo_t8_sig_sniper_powersemi_vietnam_zm
108e4076b9e337f,wc/mtl_p7_ban_north_bldg_dark_metal_rust_01
109201bbcb309a8,wc/t8_stone_fort_wall_plastered_01_blend
109325c336dc9d6,wc/t7_zm_moo_base_wall_panel_yellow
10a0ee1f0750205,i_c_t8_bo_soldier_patch_hardened_c
10a1aea9836ded8,playlist/warzone
10a23f68cd9f9b9,outfit_zombie_epic1_battery_sunset_bundle_shop
10a2561773badb3,mc/mtl_p8_zm_bandolier_bandit_perk_totem_jade_b
10a50e90c7ad1ca,wc/t7_decal_line_horizontal_chipped_edges
10a724241848ac8,menu/leave_match
10a7c58311cd7b5,scripts/zm_common/bgbs/zm_bgb_newtonian_negation.gsc
10a8c6efdc9cb9f,i_mtl_p8_zm_esc_perk_vending_soda_decal_03_n
10a8f6efdc9d0b8,i_mtl_p8_zm_esc_perk_vending_soda_decal_03_c
10ae919e082eb2a,ei/gfx_water_splash_em_pb_i16
10af4892533fc58,gsoc_zm_general
10af974f4599965,activecamoinfo_t8_gold_wz
10aff319605cb06,mc/mtl_p8_zm_esc_bldg_64_shelve_01_welding
10b1d86dabf86b8,explosions/fx8_exp_grenade_surface_metal_child
10b3f87f301774b,medal/killstreak_5
10b483cf72f16f2,ttmussels_regular
10b88d8a143b093,mc/mtl_p8_zm_elixir_icon_sword_flay
10badf8a10585bf,vd/t8_decal_blood_streaks_floor_crawler_01
10bce80555da4f3,mc/mtl_attach_t8_ar_muzzle_04
10cec497472a6f8,mc/mtl_p7_zm_ctl_desk_supply_clock_portable_glass_02
10cef497472ac11,mc/mtl_p7_zm_ctl_desk_supply_clock_portable_glass_01
10d21732272fb49,mc/mtl_c_t8_camo_flecktarn_classic
10dfc5ae991cc15,icepick_rcxd
10ef51cd2776dbf,impacts/fx8_bul_impact_dirt_uw_lg
10efa40e4b9f78e,menu/unlocked_at
10f308fc75d5879,molotov_fire_wall_zm
10fabf74a50ceb4,em/cell
10fad931dc3d5f4,defaultnpcfootstep_sprint_npc
10fd31d5145791e,loot_character_stuhlinger_sunset_bundle_shop
110019682d3aff3,surface_sticky_bounce
11009efaa3cfa31,mc/mtl_p7_mou_light_cage_set_decal_04
1100aefaa3cfbe4,mc/mtl_p7_mou_light_cage_set_decal_03
1100befaa3cfd97,mc/mtl_p7_mou_light_cage_set_decal_02
1100cefaa3cff4a,mc/mtl_p7_mou_light_cage_set_decal_01
11056c7a111709f,weapondeathfx_water
110d5b19a4fea36,menu/publish
111095c5ff4263f,wraith_fire_custom_settings_zm
11120f81d358fbb,zmweapon/sniper_mini14_t8_upgraded
1113829d984441a,quote_we_dont_rise_to_the_level_of_our_expectations
1119094a3c51146,i_mtl_p8_foliage_elm_tree_test_twig_03_g
1119494a3c51812,i_mtl_p8_foliage_elm_tree_test_twig_03_c
1119994a3c52091,i_mtl_p8_foliage_elm_tree_test_twig_03_n
111b46d5819cdf4,boast_gag
1129f3174000d94,mc/mtl_p8_zm_esc_lab_monitor_base_screw
1137e041abd886b,stackfire
113ce5e90f4015e,events_tempest_kill_paralyzed_enemy
113f802af59ebac,i_mtl_p8_wz_ep_vintage_book_cover_01_c
113fd02af59f42b,i_mtl_p8_wz_ep_vintage_book_cover_01_n
113fde6226c33c0,wc/t8_zm_decal_carpet_worn_through_seam_reveal
11443fb63782639,menu/combat_caps
114440b9af6b0f6,vd/t7_decal_blood_splatter_01_dry
114534806e65377,pfx_spark_pop
1145a89daaac90f,mpui/desc_grind
1146150098c61f2,ei/gfx_elec_arc_omni_em_gp_i16
114982870afd4fc,wc/mtl_p7_metal_panel_piece_plates_solid_painted_orange
1149e1ae4bc223b,zm_weapons/fx8_scepter_ray_zmb_hit_eye
1158766520dc432,zombie/need_power
116088fe1048139,wc/t8_zm_zod_metal_painted_wall_heavy
116842050bb4fba,contract/eliminations
116b2718dcbd475,wc/t7_steel_cable_01_painted_black
116bd2daf615b23,zm_rank_01
116be2daf615cd6,zm_rank_02
116bf2daf615e89,zm_rank_03
116c02daf61603c,zm_rank_04
116c12daf6161ef,zm_rank_05
116c22daf6163a2,zm_rank_06
116c32daf616555,zm_rank_07
116c42daf616708,zm_rank_08
116c52daf6168bb,zm_rank_09
11772a5ba44ac5c,activecamoinfo_t8_sig_sniper_powerbolt_viking_zm
117971ae4be4c2d,zm_weapons/fx8_scepter_ray_zmb_hit_exp
117a89eb2d7e56d,mc/mtl_p7_zm_isl_gate_machine_plastic_01
117b744f36b74f1,hero_katana_t8_lv1_zm
1185ca9a0439f5d,bwlines
118a74efa2542e3,mod_crush
118d591e173a7f3,zblueprint_acid_gat_build_kit
1195d0e61fa1051,activecamoinfo_t8_sig_sniper_powersemi_vietnam_wz
1196d5bb5660353,mc/t7_brick_worn_heavy_grout_dirty_blend
1197aba3c57fc19,mc/t8_rubber_roof_granular
11a3f2daf646de0,zm_rank_13
11a402daf646f93,zm_rank_12
11a412daf647146,zm_rank_11
11a422daf6472f9,zm_rank_10
11a432daf6474ac,zm_rank_17
11a442daf64765f,zm_rank_16
11a452daf647812,zm_rank_15
11a462daf6479c5,zm_rank_14
11a47eea24a8f26,flechette_enter
11a492daf647ede,zm_rank_19
11a4a2daf648091,zm_rank_18
11afee069707144,impacts/fx8_bul_impact_sand_sm
11bc49bed431eb0,i_mtl_p7_zm_tra_cage_animal_med_net_n
11c104f1f9c8dbc,weapon/fx8_trail_flechette
11c48faac35439b,outfit_zombie_epic1_nomad_shop
11c8acf3a25160b,activecamoinfo_t8_shotgun_semiauto
11c9e9a2f691298,scripts/core_common/vehicleriders_shared.gsc
11cb12d809509ee,mc/mtl_p7_zm_tra_power_panel_set_signage_decal
11d6bd520f78b0e,menu/play_test
11db9cff13d697c,smaa_pass1_compute_hq
11dbdf4e1e80c50,mc/mtl_p7_zm_asc_switch_electric_07_metal02
11dbef4e1e80e03,mc/mtl_p7_zm_asc_switch_electric_07_metal03
11dc0f4e1e81169,mc/mtl_p7_zm_asc_switch_electric_07_metal01
11dc22daf678250,zm_rank_26
11dc32daf678403,zm_rank_27
11dc42daf6785b6,zm_rank_24
11dc52daf678769,zm_rank_25
11dc62daf67891c,zm_rank_22
11dc72daf678acf,zm_rank_23
11dc82daf678c82,zm_rank_20
11dc92daf678e35,zm_rank_21
11dd02daf679a1a,zm_rank_28
11dd12daf679bcd,zm_rank_29
11e4b9712e04e61,director_online_zm_public
11e847f0c88903d,ar_an94_t8_tunables_wz
11e9a4580be07bd,wc/t8_zm_esc_roof_shingles_asphalt_red_01
11ec2729c7d5ea4,zm_weaplmg
11f208f61fa91e4,p8_fxanim_zm_esc_magic_box_unlock_anim
11f88a275ab4376,molotov_fire_small_zm
11fc3010d8babef,events_vision_pulse_objective_multikill_3
11ff66f0453f277,ei/gfx8_spark_blink_anim_em_gp_i16|dup
12038a14a4364b1,weapon/uber_bipod
120484628638653,gd_c_t8_mp_spe_seraph_superhero_arms1
1207513d71179b9,attachment_fmj_sniper_quickscope_restriction
120c52daf69bd40,zm_rank_39
120c62daf69bef3,zm_rank_38
120cd2daf69cad8,zm_rank_31
120ce2daf69cc8b,zm_rank_30
120cf2daf69ce3e,zm_rank_33
120d02daf69cff1,zm_rank_32
120d12daf69d1a4,zm_rank_35
120d22daf69d357,zm_rank_34
120d32daf69d50a,zm_rank_37
120d42daf69d6bd,zm_rank_36
120f3a55434a57f,activecamoinfo_t8_sig_smg_handling_hunter
1219bd4baccb482,mc/mtl_p8_zm_zod_bed_captain_sml_drape_cloth
1226c5fc713433b,director_online_mp_arena_pregame
122a53f81aefb09,pc_selfheal
122e02f2abf1b33,weapon/fx8_hero_flamethrower_begin_1p_uw
122eb68b925fe2e,mc/mtl_p8_zm_elixir_icon_burned_out
1234a963efbc2e6,attachment_steadyaim2_lmg_spray_restriction
123cc47e423fcc0,i_attach_t8_sniper_vanguard_fmj_02_n
123cd47e423fe73,i_attach_t8_sniper_vanguard_fmj_02_o
123cf47e42401d9,i_attach_t8_sniper_vanguard_fmj_02_m
123d547e4240c0b,i_attach_t8_sniper_vanguard_fmj_02_g
123d947e42412d7,i_attach_t8_sniper_vanguard_fmj_02_c
123e947e4242e07,i_attach_t8_sniper_vanguard_fmj_02_s
1244c2daf6cd87c,zm_rank_48
1244d2daf6cda2f,zm_rank_49
124502daf6cdf48,zm_rank_44
124512daf6ce0fb,zm_rank_45
124522daf6ce2ae,zm_rank_46
124532daf6ce461,zm_rank_47
124542daf6ce614,zm_rank_40
124552daf6ce7c7,zm_rank_41
124562daf6ce97a,zm_rank_42
124572daf6ceb2d,zm_rank_43
124e51df836db86,menu/months_may
124ec1df836e76b,menu/months_mar
1258606645baee9,ei/gfx_dust_fall_lg_anim_em_pb_i16_nocull
126a3eb1fbc97c7,woods_old
126a55d64acf807,charm_snowglobe
126c6938999fb39,grenadier_koth_hvo
126ce90bbf18468,reaperfoleynpcloud
12702ef20bb25b4,quote_war_is_so_terrible
12742ecd5924cd6,ar_modular_t8_upgraded_tunables_zm
1276c54a7fbe679,groups/clips
12773eb3744d063,quote_both_sides_consider_themselves_beaten
127b252c6140427,i_mtl_p8_zm_esc_packasplat_engine_base_m
127b352c61405da,i_mtl_p8_zm_esc_packasplat_engine_base_n
127d52daf6ff71e,zm_rank_55
127d62daf6ff8d1,zm_rank_54
127d72daf6ffa84,zm_rank_53
127d82daf6ffc37,zm_rank_52
127d92daf6ffdea,zm_rank_51
127da2daf6fff9d,zm_rank_50
1280843a58c4958,i_wpn_t8_pistol_burst_plate_sig_01_n
1280943a58c4b0b,i_wpn_t8_pistol_burst_plate_sig_01_o
1281070b6e83a1f,ar_modular_mk2_sunset_bundle_shop
128717f0c90c479,ar_an94_t8_tunables_zm
1287c219e10fb69,loot_character_woods_old_ofc
12971a275b370e6,molotov_fire_small_wz
12a0b174e541bf5,vd/t7_ban_decal_grunge_rust_stain_01
12b5f2f5c38cfa7,medal_prop_survived
12b90d377dae5f0,custom3_x
12ba5c98c445d19,mc/mtl_p7_zm_mob_cell_sink_set_blood
12bd5927860415a,mpui/axis
12e90a0bc53dafb,eq_decoy_grenade_wz
12ee3280ce1fca3,gear_bodyarmor_restriction
12ef6eb9fc82e56,pfx_quad_spark_shower_lng
12f0f73987476eb,willy_pete_zm
12f950c3f033aa9,menu/jump_drop
12fab6be7d9f2ea,menu/mute_player
13003a806343509,wc/t8_zm_esc_bricks_old_rough_01
130117bdf7b604c,wc/t8_concrete_floor_sealed_grey_01
1304207dedfee20,gd_c_t8_mp_spe_outrider_pirate_arms1
130558140106b06,mc/mtl_p8_wz_ep_bottle_champagne_cork
130854862af31c0,menu/power_caps
130b47bc92f2d77,el/gfx_lightning_bolt_trail_em_pb_i16
131dedbdd637941,menu/escort_desc
132549af68f0358,zombie_perk_bottle_cooldown_tunables
1329071ad987571,events_supply_pod_deployed
133391bf947942f,mc/mtl_wpn_t8_tr_midburst_front_sig_02
1333a1bf94795e2,mc/mtl_wpn_t8_tr_midburst_front_sig_01
133562ee5bd684b,impacts/fx8_bul_impact_money_body_nonfatal_exit
1336b210cb182ab,mc/mtl_p7_zm_nac_trailer_generator_dirty_decal_01
1336c210cb1845e,mc/mtl_p7_zm_nac_trailer_generator_dirty_decal_02
1336d210cb18611,mc/mtl_p7_zm_nac_trailer_generator_dirty_decal_03
1336e210cb187c4,mc/mtl_p7_zm_nac_trailer_generator_dirty_decal_04
1336f210cb18977,mc/mtl_p7_zm_nac_trailer_generator_dirty_decal_05
13370210cb18b2a,mc/mtl_p7_zm_nac_trailer_generator_dirty_decal_06
1339f184f226165,zm_talismanweaponstartar
133fb314d2c6e84,em/m01
1344308389c156f,score_per_player
1344a2e66dbb616,mc/mtl_p7_spl_door_wood_set_decal_02
1346019482bdc3c,warzone/inventory
1347f5077a17dcb,maps/zm_office/fx8_barrier_buy_zmb
134df7ba3254414,zm_weapons/fx8_equip_homunc_death_exp
135a60365f103fc,boast_dracula_fem
135c0b4e06762cf,electric_lightning_dg4_aoe_thin
135d14fd7609792,scorestreak_helicopter_comlink_restriction
135d8947c64e207,zm_talismanspecialxprate
135efec82145e56,p8_kit_zt8_gal_02_beam_01_basic_painted_metal_32_01
135f0dea76ee813,events_stim_critical_heal
136060def930f93,scripts/autogenerated/luielems/zm/zm_towers_pap_hud.csc
1367c115733a61f,mc/mtl_p8_zm_zod_turbine_cap_metal
136c33d9f17995d,splm/t8_decal_tech_detail_bolt_10_lgt
1370da0f4210e8e,mcp/hud_outline_model_orange_alpha
1372a08f0e0a5c8,wc/t7_ra2_metal_trim_leaf_gold
137979379f1f23d,i_mtl_p8_zm_esc_perk_vending_tonic_decal_03_n
137ece8fe744d99,p8_zm_esc_bldg_64_window_04_glass
138e41f723f6334,vd/t7_min_decal_grunge_ash_blend
139d028b4505ff3,sfx_volume
139deea232607ff,presence/zm_towers
139e37a5c06694b,dualoptic_sniper_powerbolt_t8_tunables_mp
139f311e8d25450,impacts/fx8_proj_impact_water_lg
13a3cca2829a884,zombie_perk_bottle_deadshot_zm
13a845278d53f22,menu/tags
13a8c41d220542e,defaultnpcquietfootstep_sprint_npc
13a9dcb2b171ceb,skorzhen
13ad015e5e99acb,wc/mtl_p7_fxanim_gp_cobweb_corner_02
13af5a45ad479dc,wc/t7_zm_moo_grate_sidewalk
13b08fed1a418e6,zm_common_script
13b14e527d3c53d,mc/t7_decal_tarp_grommet
13b31a5842e8426,0arame_mono_stencil
13b64e6dc7a1135,attachment_rf_pistol_fullauto_restriction
13b7b33add92385,mc/mtl_wpn_t8_zm_perk_bottle_foam_etherealrazor
13ba67412d79c7f,scripts/autogenerated/luielems/zm/zm_trial_timer.csc
13bf771fd516487,maps/zm_escape/fx8_alcatraz_brut_shock
13c1018ee350769,impacts/fx8_bul_impact_money_body_fatal
13ca4b5bee36da5,mc/mtl_p8_zm_esc_perk_vending_cola_black_metal
13ce1b89172bb60,mpui/deaths
13cfade9bedad5b,mc/mtl_p7_zm_sta_shoe_vintage_male_01_white
13d1e36bd254b65,shotgun_semiauto_t8_upgraded
13d5fa5ba655b50,activecamoinfo_t8_sig_sniper_powerbolt_viking_wz
13defc7d4020e53,time_limit_dom
13dfe812cc6649f,quote_some_succeed_because_they_are_destined_to
13e68d0527247d1,i_mtl_wpn_t8_zm_freeze_gun_03_upgraded_c
13efc96095c612b,exe/online
13fb0fb179c89d6,ei/gfx8_shockwave_anim_em
13fd179f7e900d4,eq_wraith_fire_zm
13ff182df4244ac,pc_show_party_notifications
14003b7cfd23026,gamedata/ddl/generated/dlog_event_daily_challenge_completed.ddl
14128f7d058cde0,smg_handling_t8_upgraded
142902396b4be42,mcs/t8_zm_decal_frost_reveal
1429de65e942d3b,mp/1st
14338b904fe4ae8,medal_battle_shield_shutdown
1439e4f6371a463,mc/mtl_p7_zm_ctl_tool_fireplace_set_decal_01
1439f4f6371a616,mc/mtl_p7_zm_ctl_tool_fireplace_set_decal_02
143a04f6371a7c9,mc/mtl_p7_zm_ctl_tool_fireplace_set_decal_03
143a14f6371a97c,mc/mtl_p7_zm_ctl_tool_fireplace_set_decal_04
143a24f6371ab2f,mc/mtl_p7_zm_ctl_tool_fireplace_set_decal_05
143a34f6371ace2,mc/mtl_p7_zm_ctl_tool_fireplace_set_decal_06
143f3cbcea4be74,shotgun_precision_t8_upgraded_zm
1447099994635cd,ww_blundergat_fire_t8_tunables_zm
144f16b455d716c,loot_emote_exotic_shared_make_it_rain_shop
145598022d0a29a,mpui/extbarrel
145f5d1ab2b45e9,mc/mtl_wpn_tac_rifle_mid_burst_scope_decal_01_mk2
146030c81d318c2,wc/t8_brick_worn_dirty_painted_white_blend
146509043df2dcf,events_automated_turret_objective_defense
146869a2bc2974a,tr_midburst_mk2_sunset_bundle_shop
146872cc8f2b2ed,scorestreak_straferun_restriction
146b3172dd75bc3,events_grapple_slam_multikill_6
146b4172dd75d76,events_grapple_slam_multikill_5
146b5172dd75f29,events_grapple_slam_multikill_4
146b6172dd760dc,events_grapple_slam_multikill_3
146b7172dd7628f,events_grapple_slam_multikill_2
1477fa6d6f8ddc8,weapon/sig_lmg
147950ba2720330,jammer_cymbal
147c34c8b050bb5,charm_grenade
147ce846b263541,scope_holo_tr_midburst_restriction
147f804b1776a38,scripts/zm_common/zm_net.gsc
14800661bd03303,ui_icon_hud_armor_feedback
14849ff967504f5,aibh_vign_zm_mob_brutus_ghost_pull
14865f15678063f,ei/gfx_dust_burst_lg_anim_lit
148ea9ec3e2dc60,crate
149112ebced30ba,mc/mtl_rob_skull_grab
1491bacaf4b6309,ei/gfx_water_stream_anim_em_pb_i16
149e6e75c23255a,ei/gfx_water_splash_em_gp_i16|dup
14a05e31add777a,mc/t8_zm_esc_cracks_walls_01
14ad824a233eedc,mpui/supply_desc
14ae464857ddc50,i_mtl_p8_zm_esc_console_monitor_wire_c
14aea009684c442,weapon_katana_zmb_smoke_3p
14af164857df267,i_mtl_p8_zm_esc_console_monitor_wire_n
14afd11e8e0d881,impacts/fx8_proj_impact_water_sm
14b2172f729b409,mc/mtl_p8_zm_esc_electrical_wire_outlet_decal
14b73a275d05ab2,molotov_fire_small_mp
14b951d450e62a2,menu/stronghold_mod
14bee6de3dc1fd7,lmg_spray_t8_operator
14c571098208e5e,ei/gfx8_shockwave_elec_anim_em_pb_i16_nocull
14d50924a98d471,mpui/acog
14d539f2aead4e8,em/swoop
14d57e51bd2bbf1,melee_zombiearm_sunset_bundle_shop
14d7fe873107cb1,smg_minigun_t8_zm
14dbd8c873a339b,mc/mtl_p7_zm_ctl_phone_military_vintage_handset_metal_01
14dbe8c873a354e,mc/mtl_p7_zm_ctl_phone_military_vintage_handset_metal_02
14e0775391f5cba,presence/gridlock
14e1c41b235326c,gd_c_t8_mp_spe_buffer_superhero_arms1
14e386261bfe513,mc/mtl_c_zom_player_engineer_arm
14eba45f2268a68,mcs/mtl_p7_zm_sta_luggage_vintage_set_decal
14f222be2e340e4,ei/gfx8_spark_rndhit_core_hdr
14f2384a4664a1a,events_tank_robot_objective_multikill_3
14f96c07522301c,mcs/t7_decal_damage_concrete_edge_01
14f99c075223535,mcs/t7_decal_damage_concrete_edge_02
14ff642143b8b6a,p8_wz_ep_bomb_m80
15012e369942efd,menu/survey_1
1501a719bbc82ac,explosions/fx8_exp_rocket_lg_glass
1505ec77d968477,ei/gfx_lightning_bolt_ground_em_gp_i16|dup
150c54160239825,mp/waiting_for_teams
150df1fce13c002,defaultnpcquietfootstep_ladder_hand_npc
151618915eb27f5,gd_c_t8_mp_spe_nomad_heist_lowerbody1
1519e47d21f9803,attachment_quickdraw_tr_midburst_restriction
151e1d2699bb04e,medal_concussion_grenade_multikill_x2_summary
152830b8e61fe46,mpui/desc_maldives
152916a8ff26110,rob_zm_eyes_yellow
152d499db956cf0,action_figure
15339e33ac1efcb,mp/host_sucks
1543f1374856996,aib_vign_zm_mob_crane_net_zombie
15444a06a0bdf70,ei/gfx8_light_core_soft_em_pb_i16
154915937098d9e,menu/stay
154e30a1df77ff1,mpui/ok
1553d7f3374a083,mc/mtl_p8_zm_esc_bldg_64_catwalk_support
1558709c3130f6e,weapon/fx8_shellejects_sniper_resting
155b5f980c1e057,i_mtl_p8_wep_ceiling_structure_set_rust_n
155c64ed5aacaa3,wc/t8_zm_esc_cliff
156187c93f496d2,activecamoinfo_t8_kills_without_dying_retro_vegas_neon_wz
15637f9766595c9,wc/t8_decal_grunge_leak_01
156900b61510d36,impacts/fx8_bul_impact_blood_limb_nonfatal
156c38ef09259e8,mc/mtl_wpn_t8_zm_smg_primary_pocket
156f334b75af03f,default_vehiclesounddef
156f86bb05ef10e,challenge/support
1573b1c3d81a5d7,breacher_sd_hvo
1577d2192fa88c3,mc/mtl_mphd_forklift_lift_steel
157d3eb10a467b7,mc/mtl_p7_zm_mob_cell_toilet_set_iron
158278c8647d8a9,scripts/core_common/bots/bot_position.gsc
1583c714d53dbba,loot_emote_shared_laughing_at_you
1588f4b46dc9833,acog_ar_accurate_t8_upgraded_tunables_zm
158e0f7c28c425c,zombie_perk_bottle_marathon
1591e369787c9da,pb_emote_exotic_shared_fem_shuffle_in
15977e191d13967,prt_zm_psychic
159af6fb4138be6,gsoc_zm_standardweapons
15a1c074ae41db1,zmweapon/sniper_locus_t8_upgraded
15a957948d60d3b,feature_cac
15b4e047b040f77,weapon/hero_lightninggun
15bc5ead86eabf5,mcs/mtl_p8_zm_esc_bodybag_bloody_buckle
15beb0a1dfdac37,mpui/mk
15c779c48fd6856,player/fx8_plyr_pstfx_acid_screen
15cb349ff276df8,ei/gfx_elec_arc_bolt_em_gp_i16
15ce556c7897a97,mc/mtl_p8_mov_zm_man_decorative_flask_dirt_01
15ce656c7897c4a,mc/mtl_p8_mov_zm_man_decorative_flask_dirt_02
15d2feae8c86daa,ofc_richtofen
15dbaeed302669f,scripts/core_common/laststand_shared.gsc
15e132f460e074b,mc/mtl_p7_winch_mooring_decal_01
15e142f460e08fe,mc/mtl_p7_winch_mooring_decal_02
15e152f460e0ab1,mc/mtl_p7_winch_mooring_decal_03
15e2ddf895d4bd3,ei/gfx8_spark_omni_hdr_desat|dup
15efce6af8d9a10,pbt_mp_mercenary
15f512f1c021128,ei/gfx_water_splash_radial_anim_em_pb_i16
15f7c6bd554fe38,zitem_office_teleporter_modifier_part_1_zm
15fa3930741ab8b,pb_melee_alt_fem_draft_select_to_preready_3
15fba9edcdfd2e4,shotgun_impact
160049c6c36123b,light/fx8_light_plyr_base
1609ee4f17308ad,weaponcamo_rocketbox_bundle_shop
160bc39c53dfd73,menu/controller
160f88dec9e68a1,dot_purifier
1613693d57dea07,mcs/t7_stone_moss_lichen_blend
1627944d8ef25a0,events_sensor_dart_deployed
162d6f9949bffac,pc_ui_layertop
1631fba2743d38c,zm_nova_phase_exit_rumble
1632df42f3d927b,p8_zm_esc_hallway_railing_bend_01
164461774926a69,i_mtl_p8_zm_zod_cylinder_support_column_right_decal_n
164511774927d1a,i_mtl_p8_zm_zod_cylinder_support_column_right_decal_c
164600123a2afee,mastercraft_spitfire_nemo
164b48a19574349,boast_birthday_fem
164b90e42db1e38,wc/t7_zm_gen_decal_damage_crack_line
16532c6e0cd9a0f,codcaster_ds_minimap
16561311d23b026,null_offhand_secondary
165701f4804bba5,impacts/fx8_bul_impact_concrete_uw_xlg
16643dfcd05d11e,gd_c_t8_mp_spe_hacker_apocalypse_lowerbody1
166578b7f02679f,pc_ambient_occlusion_quality
1667047e95003ad,weapon/molotov_short
16687b704e585b8,pc_vehicle_altcontrol
166b49cb738e0f9,i_t8_zm_off_trim_wood_04_c
166b89cb738e7c5,i_t8_zm_off_trim_wood_04_g
166bf9cb738f3aa,i_t8_zm_off_trim_wood_04_n
1671953023a1c7a,pc_hud_bounds
167277c94032382,activecamoinfo_t8_kills_without_dying_retro_vegas_neon_zm
1672dea233ee0a1,mc/mtl_p8_zm_zod_bed_captain_sml_frame_wood_02
1675721bd9111d3,mpui/mixclip_desc
1676be6ac5ba578,menu/wing_suit
167a44a553b5bd1,scope_ir_lmg_standard_restriction
167d054ce7e215a,mc/mtl_p7_zm_ctl_crystalware_vintage_cup_glass
16822c29c55ef62,pc_slide
168569956a6d4d2,mc/mtl_p8_zm_esc_light_switch_panel_paint
168b64c453260ba,loot_ui_icon_tags_warriors_battery
168ea0a1e0834e0,mpui/ir
168eb0a1e083693,mpui/is
169412d5d132b29,mc/mtl_p8_zm_zod_clock_grand_hands
16985ae5d83b028,mc/mtl_p7_zm_ori_scope_vintage_decal_01
16987ae5d83b38e,mc/mtl_p7_zm_ori_scope_vintage_decal_03
16988ae5d83b541,mc/mtl_p7_zm_ori_scope_vintage_decal_02
16989ae5d83b6f4,mc/mtl_p7_zm_ori_scope_vintage_decal_05
1698aae5d83b8a7,mc/mtl_p7_zm_ori_scope_vintage_decal_04
16991f49ffd6b81,aib_vign_zm_mob_brutus_monologue
1699590df6811e8,mc/mtl_p8_zm_esc_rock_small_green
169e1426c34fdd9,mc/t8_glass_dirty_dome_yellow
16a48cbc5e7e779,menu/2_minutes
16a7322460001b2,wc/t7_ice_creek
16a7a1f8ecc8c64,mpui/percent
16a8cac75e45739,splm/t8_concrete_wall_poured_01
16aab1beaf3c909,zm_talismanimpatient
16b11f770c43455,menu/categories_caps
16ba0ed46134ee6,events_concertina_wire_deployed
16bdb4bb548d570,mc/mtl_p7_zod_booth_table_dirty_01
16be8a50bd7d7e1,mc/t7_metal_bare_silver_polished
16bf40404ae2ad6,activecamoinfo_t8_fast_direct_action_kills_phased_zm
16c441601da8bec,weapon/stock
16ccb285ef3af80,mc/mtl_attach_t8_smg_capacity_gauge_sig_02
16d9f1dc8de430e,mc/mtl_p7_zm_asc_machinery_industrial_decal_other01
16db01a438e3419,impacts/fx8_bul_impact_gravel_uw_xxlg
16f409871de1c2a,talisman_extra_molotov
16f4e16d6efbd74,shotgun_precision_t8_upgraded
16f66852e1e9690,mc/mtl_p7_zm_kin_printer_office_small_plastic_yellow
16f737c88c6a22d,ges_slide_scepter
170040a1e0e7fbc,mpui/gl
1705c95dd3e856e,lmg_standard_t8_zm
1705f0f58183b13,veh_mini_turret_zm
170dccd6d536ae4,menu/target_assist
170e14090b16624,wc/t7_ban_metal_rust_painted_01_grey
170e9fb7ce2ad2c,mc/mtl_p7_zm_mob_table_mess_hall_set_decal_08
170eafb7ce2aedf,mc/mtl_p7_zm_mob_table_mess_hall_set_decal_09
170edfb7ce2b3f8,mc/mtl_p7_zm_mob_table_mess_hall_set_decal_04
170eefb7ce2b5ab,mc/mtl_p7_zm_mob_table_mess_hall_set_decal_05
170effb7ce2b75e,mc/mtl_p7_zm_mob_table_mess_hall_set_decal_06
170f0fb7ce2b911,mc/mtl_p7_zm_mob_table_mess_hall_set_decal_07
170f22dba800b37,groups/caps
170f2fb7ce2bc77,mc/mtl_p7_zm_mob_table_mess_hall_set_decal_01
170f3fb7ce2be2a,mc/mtl_p7_zm_mob_table_mess_hall_set_decal_02
170f4fb7ce2bfdd,mc/mtl_p7_zm_mob_table_mess_hall_set_decal_03
1710c0bb9d1859b,zm_weap_swordpistol_shoot_rumble
17113e7e6366ba9,mc/mtl_p7_con_cargo_train_bare_metal_brushed
171737f2da50614,p8_kit_zt8_exd_05_trim_05_diagonal_painted_metal_32_01
17196b1a5d924db,mc/mtl_p7_basket_wood_round_01_wood_02_bld
171a4ecb4502157,mcs/mtl_c_t8_zmb_male_head1
17221984c3ec7d1,weapon/pistol_fullauto_t8
172842ee757acce,loot_tags_graffitiskulls_05
172852ee757ae81,loot_tags_graffitiskulls_04
172862ee757b034,loot_tags_graffitiskulls_03
172872ee757b1e7,loot_tags_graffitiskulls_02
172882ee757b39a,loot_tags_graffitiskulls_01
172d22f08d189cb,$default_pom
17318f4a0232297,spknifeork
173256ac315baf5,options/telemetry
173ee7a5c37f443,dualoptic_sniper_powerbolt_t8_tunables_zm
17477fb7ce5d44d,mc/mtl_p7_zm_mob_table_mess_hall_set_decal_10
17554ab36492ebe,surface_flash_bounce
175dd0404b65846,activecamoinfo_t8_fast_direct_action_kills_phased_wz
176115384a6011e,menu/scorestreaks_hint
1762cbfbf851d22,menu/settings_caps
1771cfc245607b8,mc/mtl_p7_slu_pole_utility_set_metal_02
1771dfc2456096b,mc/mtl_p7_slu_pole_utility_set_metal_03
1771ffc24560cd1,mc/mtl_p7_slu_pole_utility_set_metal_01
177204d81648f03,impacts/fx8_bul_impact_metal_uw_xxlg
17720fc24560e84,mc/mtl_p7_slu_pole_utility_set_metal_06
17722fc245611ea,mc/mtl_p7_slu_pole_utility_set_metal_04
17723fc2456139d,mc/mtl_p7_slu_pole_utility_set_metal_05
177383767c68435,wc/t7_decal_damage_plaster_drywall_01_decal
1773b576c62a506,bare_hands_bounty
1775f6e90726355,mc/mtl_veh_t7_zhd_tanker_truck_tanker_plastic
178148d1b8d1771,talent_paranoia_wz
17857948fc2ccfc,menu/off
178edce0fee2d09,medal_golden_ammo_multikill
1792407514b7c56,i_p8_zm_esc_press_steel_small_rubber_o
17932f15ff1d307,camo_dlc1_roadhouse
179662091387b23,key/mouse1
179ef0a1e16b092,mpui/dw
17a7674ac435878,surface_raps_impact
17b05236caead9a,impacts/fx8_bul_impact_money_body_fatal_exit
17c35422572f19c,mc/mtl_p7_zm_ctl_light_switch_vintage_decal_01
17c8b21eba1766d,medal/won_match
17c8dc1af44ff92,i_mtl_p8_zm_elixir_icon_head_drama_c
17cad1ede636fc9,beam8_zm_pap_ghost_lightning
17cf034ebd9b37b,shotgun_trenchgun_t8_upgraded_tunables_zm
17d2a49e324c5d9,mortarblast_enemy
17dc55060454c1b,mcs/mtl_p8_zm_esc_warden_organs_brain
17de0f7f8057224,loot_smg_fastfire_mk2_bribe
17ded8d1d2072da,summer_gesture_bundle_shop
17e2ef8b99a3768,zombie/fx8_magicbox_amb_open_flash
17e78390df5a858,activecamoinfo_t8_direct_action_kills_zombie_flick_zm
17e9b517c16487f,scope_dualoptic_tr_powersemi_restriction
17fa60254460520,events_swat_team_area_clear
18029e93889b931,gd_c_t8_mp_spe_nomad_heist_arms1
1806cb726af31a9,mc/mtl_p7_food_fruit_banana_mush
180c6cf382f6010,prt_zm_bruno
18178449a82fa8d,steadyaim_viewmodel_laser
182058569c1f404,zhield_spectral_lh_upgraded_zm
1820aca361957ce,outfit_warrior_epic2cop_crash_sunset_bundle_shop
1820c9ce831198a,warzone_hide_obituary
18265e82f5ef387,scripts/zm_common/zm_utility.csc
183675bf449ca71,pc_remove
1838b371218b1ed,mc/mtl_p7_zm_ctl_headphone_vintage_plastics
184fe412da2bb57,smg_fastburst_t8_upgraded
1851653a47048e7,loot_emote_exotic_shared_sparkler_shop
1856e83f199416c,crouchtoprone_npc
1864ff49043330e,supply
18672c2bdafd43f,i_mtl_p8_zm_zod_light_lamp_desk_small_steel_m
18673c2bdafd5f2,i_mtl_p8_zm_zod_light_lamp_desk_small_steel_n
186925d4577604a,gamedata/ddl/generated/mp_match_record.ddl
186d88e52caabb2,entity_impact_wwgrenade
187270bf5a054e3,reddot
18741635af666a2,mc/mtl_wpn_t8_loot_pistol_auto_sights_sig
187c96c03952ec5,zombie/fx8_perk_altar_symbol_ambient_stronghold
187d52ad91027b2,storecategorylist
188878f7c70f129,ei/gfx_shockwave_fire_anim_em_pb_i16
1888d390dfe208c,activecamoinfo_t8_direct_action_kills_zombie_flick_wz
188f069eb0b23ac,mc/mtl_p8_zm_esc_chemistry_kit_02_dial
1897a633ac968dc,emotes/touchdown
18a0b41ba5220b5,mc/mtl_p7_zm_moo_fuel_tank_05_grey
18a13787fd10f6a,heroes/mercenary
18a28bd490f09a2,shoutcaster_settings
18a4a237f943a57,headhunter_task
18a6f1ea0e08379,weapon/pistol_burst_t8
18a79acbf55cb20,i_mtl_wpn_t8_sniper_vanguard_sig_02_mag_v2_s
18a89acbf55e650,i_mtl_wpn_t8_sniper_vanguard_sig_02_mag_v2_c
18a8ae2a4b4e3c0,mc/mtl_p8_zm_esc_dark_machine_decal_paint_01
18a8ce2a4b4e726,mc/mtl_p8_zm_esc_dark_machine_decal_paint_03
18a8dacbf55ed1c,i_mtl_wpn_t8_sniper_vanguard_sig_02_mag_v2_g
18a8de2a4b4e8d9,mc/mtl_p8_zm_esc_dark_machine_decal_paint_02
18a95acbf55fab4,i_mtl_wpn_t8_sniper_vanguard_sig_02_mag_v2_o
18a96acbf55fc67,i_mtl_wpn_t8_sniper_vanguard_sig_02_mag_v2_n
18a9c197a2f142b,zmweapon/special_ballisticknife_t8_upgraded
18acb62f51ffaf2,entity_katana_victim
18b5ed4cbeaa08f,round_limit
18b77f7279a2790,mc/mtl_p8_zm_zod_basket_wall_metal
18bc7cf5f522a0b,boast_all_done
18bcb6e60e63bc6,smg_drum_pistol_t8_upgraded_tunables_zm
18c3c73103ac23f,conqueror_sd_hvo
18ca55058e6b3a7,mpui/assists_caps
18cd4fa6a1a9082,gamedata/ddl/generated/dlog_event_weapons.ddl
18cef9fa163aff4,outfit_dotd_exo2_bundle_torque_shop
18cf6b7f459609c,i_mtl_p8_metal_tank_water_rust_04_c
18d438178d010f4,splm/p8_ice_large_rock_01_spline
18d48699c6b1743,mc/mtl_p7_zm_kin_table_folding_decal_01
18d49699c6b18f6,mc/mtl_p7_zm_kin_table_folding_decal_02
18d4a699c6b1aa9,mc/mtl_p7_zm_kin_table_folding_decal_03
18d4b699c6b1c5c,mc/mtl_p7_zm_kin_table_folding_decal_04
18d4d699c6b1fc2,mc/mtl_p7_zm_kin_table_folding_decal_06
18d4e699c6b2175,mc/mtl_p7_zm_kin_table_folding_decal_07
18de35d48b3762f,pc_choose_class_12
18de45d48b377e2,pc_choose_class_11
18de55d48b37995,pc_choose_class_10
18de820f1f12570,sticky_grenade_tunables_zm
18df2d619e61f0c,zm_ai/fx8_cata_plasma_blast_c
18e50144812fbcc,ei/gfx8_fog_slow_md_anim_lit
18e81dc1e0550da,gamedata/ddl/generated/dlog_event_use_loot_callingcard.ddl
18e9ce8734844ed,smg_minigun_t8_mp
18f46e834838778,outfit_water_legendary1_zero_bundle_sunset_bundle_shop
18f57fb32d9325b,scripts/core_common/ai/archetype_human_cover.gsc
18f585184327786,zm_laststandcount
18f9b0e9017fbf7,gd_c_t8_mp_spe_seraph_superhero_lowerbody1
18fe5bc7e1bfbdc,attachment_extclip_ar_modular_restriction
19043f0c9a5844a,mcp/hud_outline_model_alpha_scriptint
1915d1bd9b1f8e5,menu/end_game_caps
191b8d7259b4768,medal_kill_enemy_injuring_teammate
191cdda584b4408,menu/store_caps
191fe53203b6f84,zombie_perk_bottle_zombshell_zm
19254c0640ad3f9,mc/mtl_veh_t8_drone_seeker_shocker_metal
19263062d36917f,zm_bgb_in_plain_sight
192d443b278adbc,gamedata/ddl/generated/mp_loadouts_arena.ddl
19352a5a4c9cac9,menu/controls
19361bb6a9a5d2d,zm_ai/fx8_cata_elec_death
19392997c3aa0f0,mc/mtl_p8_zm_zod_music_sheet_03_detail
1939ddbdf40d266,ww_blundergat_fire_t8_zm
193c7d650b66b44,splm/mtl_p8_zm_esc_shower_fence_set_chainlink
193e1bd7c5e960e,menu/waiting_main
1940c65ce635c00,mc/mtl_p8_zm_bandolier_bandit_perk_totem_copper_b
194adce2d55c1d6,zm_contract/towers_rounds
194df57536e11ed,scripts/autogenerated/luielems/initial_black.gsc
1950a79257d2899,maptable_core_base
1950f95be3b4f67,splm/bullet_collision_wood
195769dacc9d0bf,mc/mtl_p8_zm_esc_door_barricade_01_wood
195b7d14e24e7ca,zmcore_t8_basicwoodbarrier_hide_pieces
1967216e2c913cb,gestable_blinded
1967694115f9ed5,dtp_rumble
196ba3abca31535,scripts/autogenerated/luielems/luielembar_ct.csc
196ceee144f99e0,i_mtl_p8_zm_elixir_icon_cache_back_c
196dd635156e083,wc/t7_decal_grunge_rust_04_desaturated
1985bd42751df88,mc/mtl_p8_zm_zod_light_flashlight_flask_leather
1987f786ffe755d,mc/mtl_p8_zm_esc_sign_reg_feedback
1993c2fa388396a,mc/mtl_p7_rus_bookshelf_metal_decal_dirt_white
199a85b78d6235d,gamedata/ddl/generated/dlog_event_graphics_options.ddl
199cae30763a48b,scorestreak_recon_car_restriction
19b2c4cdc26f75c,splm/mtl_p8_ice_fuel_tank_large_pipe_hp_12_straight_bare
19b2d8a94447a27,mcs/mtl_p7_fxanim_gp_tarp_blue_creased_01_s2
19b342d80d3f1bd,platform/usevehiclegunner
19b9d7fef31f185,clan/reject
19bba66c65ba511,groups/emblems
19bdde1710dc466,zmtrials/unsinkable
19c1ece55af2785,zm_weapons/fx8_aat_plasmatic_burst_head
19c520e0ec03a5d,gd_c_t8_mp_spe_firebreak_apocalypse_arms1
19c5795dd63b7da,lmg_standard_t8_mp
19c813a4707a306,medal_tak_5_shutdown
19cb6c8d680b5b6,wc/t8_metal_corrugated_rust
19cbee7c55c651e,i_mtl_p8_zm_esc_cell_sink_decal_01_c
19d60864b204458,menu/default
19d707f4802cc82,charm_ice_cream_shop
19d98a1e6ad62c5,bot_tacquery_farthest_wander
19de9483a7e25cb,mc/mtl_veh_t7_zhd_tanker_truck_body02_steel
19e5e8afbfbf49c,mc/mtl_p7_zm_ctl_desk_supply_pen_metal_blue_01
19e7605718f65a2,weapon/defaultattachment
19e809ebb47286a,entity_pistol_swipe_victim
19e81d3a2c14ae0,mc/mtl_p7_zm_der_chainlink_fence_kit_01
19e952ddad9b250,wc/t8_mov_zm_esc_decal_dirt_rubble_fine_01_blend_02
19ebe7324209c82,events_swat_grenade_vanguard
19eef4af4b0e70f,impacts/fx8_bul_impact_glass_xtreme
19eef56dff2a783,mc/mtl_wpn_t8_ar_stealth_sig_02_assist_base
19f24776ff4165d,mc/mtl_attach_t8_smg_accurate_handguard_02_attach_alt
19f557bd6b22e80,zm_base_difficulty_zstandard
19fd95de4724e08,zm_weapons/fx8_scepter_ray_zmb_hit_shock
1a034d2b3fdf1a7,wc/t8_metal_trim_thin_01_brushed
1a050c542ae6f72,mc/mtl_p7_basket_wood_round_01_wood_01_bld
1a0ab4c5ac7a3bf,wc_secondaryoperatormod_restriction
1a0be8bdfd4bc02,menu/30_points
1a0c35b95f9805f,mc/mtl_wpn_t8_pistol_burst_trigger_sig_02
1a0c6f21599944d,mp_radiation_high
1a10dfec3a6b3b9,attachment_fastreload_smg_handling_restriction
1a1550b0fa62b00,proximity_grenade_bounce
1a21e30385e75d5,mc/mtl_p7_zm_ori_concrete_trim_damaged
1a24a88a0dfa41c,sentry_sd_hvo
1a35bd222759628,events_war_machine_objective_kill
1a3bbba2067d6ee,silent_plant
1a43af584991763,killstreaks/fx8_atkchpr_chaff_flare
1a44f76c891c75d,mc/mtl_p8_zm_elixir_icon_secret_shopper
1a468bfa4453214,sniper_fastrechamber_t8_upgraded_zm
1a475c5096c2485,mc/mtl_p7_zm_ctl_desk_supply_clock_portable_cloth_01
1a58173d0477862,impacts/fx8_bul_impact_electric
1a5a304a66b5bc9,mini_turret
1a5d41d6a08d74e,weapon/gadget_resurrect
1a622d482a04d74,sniper_powerbolt_t8_zm
1a66cb94b3e4449,emotes/salute
1a71767cb661181,menu/1_flag
1a781af97d8bc6d,zmweapon/ww_crossbow_t8
1a81c4842798308,oit_apply_debug
1a84177756a3124,mpui/damage2
1a85b77315ad23e,gadget_health_regen
1a94cdf2bd5e766,vdd/gfx8_decal_exp_blast_01
1a94eb3d126f0d0,stick_layout_southpaw
1a971269e056be8,pbt_zm_richtofen
1aa60910ecf47c8,mcs/mtl_p8_zm_esc_tarp_bed_sheet_02
1aa63910ecf4ce1,mcs/mtl_p8_zm_esc_tarp_bed_sheet_01
1aab32f4472e0e3,vd/mtl_loot_ui_icon_tags_poster_crash
1ab40bf8a2db9fe,mc/mtl_p8_zm_zod_engine_pistons_piston_connector_metal
1ab73ef010fb52a,mc/mtl_p7_wes_cane_wood_vintage_decal_dirt
1ab8e6de87b52ea,i_mtl_p8_zm_zod_bed_cot_metal_frame_metal_m
1ab9e2c2efaa479,p8_zm_esc_gun_gallery_metal_beam_ground_01
1aba2dd833d3f28,menu/selecting_gametype
1abad49952adc70,vd/t7_concrete_trowelled_blend
1ac81d89cd1091c,ambusher_sd_hvo
1ad1e96bca004c0,i_c_t8_camo_battery_snake1_exo2_n
1ad2796bca0140b,i_c_t8_camo_battery_snake1_exo2_g
1ad5847706d74b7,pc_opensettingsmenu
1ad60282eb68476,events_molotov_cocktail_assist
1ad81f6f15b86ee,zombie/fx8_teleport_instant_1p
1adb3e134a202a9,loot_character_richtofen_sunset_bundle_shop
1ae3bec04e3aefc,medal_cluster_semtex_multikill_x2_summary
1ae3d4fba82a313,splm/mtl_p8_ice_rock_wall_01_a
1ae3e4fba82a4c6,splm/mtl_p8_ice_rock_wall_01_b
1ae85c33ef2c3e3,ei/gfx_light_glow_square_em_pb_i16
1ae888bbe9f89ff,p8_zm_esc_citadel_pillar_concrete_large_01
1ae88c2dcdc992b,wz_character_menendez
1ae898bbe9f8bb2,p8_zm_esc_citadel_pillar_concrete_large_02
1aebef8fbf8e0cd,outfit_dotd_com1_bundle_nomad_shop
1af6fc4cefbf15c,activecamoinfo_t8_sig_sniper_quickscope_zombies
1af9d2f7056913d,ar_accurate_t8_gold
1b05e513b9d8f3a,impacts/fx8_bul_impact_electric_body_fatal
1b0906e9222eb29,mc/mtl_p7_zm_moo_electrode_teleporter_decal_rust
1b0c137006cf499,loot_contract_misty
1b0e0326f3273f8,outfit_warrior_base_pal_exo1_seraph_sunset_bundle_shop
1b10fdf0addd52e,scripts/zm_common/zm_transformation.gsc
1b113c68afed71d,i_c_t8_camo_flecktarn_snow_c
1b1274aa31762da,claymore_tunables_zm
1b171538558f5a4,zombie/fx8_perk_winters_wail_exp_decal
1b1877b769e5504,pc_ui_prevtab
1b1f95f6594507f,mc/mtl_p8_zm_esc_generator_lrg_decal_sticker_02
1b1fa5f65945232,mc/mtl_p8_zm_esc_generator_lrg_decal_sticker_01
1b24df9dbeff72f,menu/fileshare_draw
1b2bbd898c04da8,quote_only_dead_seen_end_of_war
1b31a94cdaeca53,scripts/zm/zm_office_floors.gsc
1b346649d376bf3,eq_emp_grenade
1b3485eeeb02e95,mc/mtl_p8_zm_zod_cylinder_support_column_connector_mid_decal
1b3fe0a1e484256,mpui/sf
1b43ce72d26f494,playlist/analytics
1b4438acd1cb6e6,medal_bounce_hatchet_kill
1b4541c6c4143d8,i_mtl_p8_zm_elixir_icon_board_games_c
1b48e9b39f20535,loot_pistol_fullauto_mk2_bribe_free
1b4ae0815b0835d,zmcore_basicwallbarrier_concrete_alt
1b4b33f1688a1e9,pc_vehicle_control_mode
1b4c700060ee40c,bullet_small_enter
1b4f1a76e83da3d,medal_zeroed_out
1b5cb6171b65cbc,mc/mtl_p7_fir_barricade_barbed_wire_set_decal_nail
1b62b1bbb55e4f4,wc/t8_concrete_damaged_cracked_01
1b65ba0cc3f158f,mc/mtl_wpn_tac_rifle_mid_burst_laser
1b660fd76e40ccd,outfit_dotd_exo2_bundle_crash_shop
1b6857dceb489f7,sticky_bounce
1b6898ea2c93806,ambassador_champion
1b6e00a1e4a4533,mpui/rf
1b6f0d8ae40ec6b,mc/mtl_p8_zm_esc_turbine_generator_pipe
1b7156ba163d086,hero_minigun_t8_lv3_zm
1b766d9bb692ba7,p8_zm_off_plaque_seal_navy
1b767f810fb1593,ac130_40mm_fire
1b7ebcb204904b2,specialty_divetonuke_zombies
1b843e5e486ea41,mc/mtl_p7_rus_bookshelf_metal_decal_nail
1b84ee4c68b700d,events_battle_shield_shield_block
1b89e49adcfc62c,surface_crossbow_impact
1b8f8c7dac1ee03,look_sensitivity_horizontal
1b9661b047db6a5,attachment_rf_ar_modular_restriction
1b99ba75fc6815b,loot_contract_recon_samurai
1b9b042bb6efb17,vd/t8_concrete_damaged_norebar_01_rvl
1b9f4a2de8a5efd,vd/t8_zm_zod_decal_grunge_ceiling_water_stain_drk
1ba844d2183dd82,medal/defused_bomb
1ba8a58654dc3c4,zm_elixirnewtoniannegation
1bb041a63a99f86,surface_bullet_exit
1bb17950ea3d2ee,codcaster_ls_primary_wildcards
1bb2762db578313,mc/mtl_t8_wpn_pistol_revolver_handle_sig_01
1bb2862db5784c6,mc/mtl_t8_wpn_pistol_revolver_handle_sig_02
1bb534f5764cf94,zhield_dw_tunables_zm
1bb5e55b97a23ce,phy_gibs
1bbac7cd3c257a0,em/marked
1bbdd0ee359a4e8,em/five
1bbdd7d1b7cfb1b,menu/chat_caps
1bbe8bb75e0fda6,menu/tactical
1bc4fe5c4bf4ac8,lsl_reticle_holo
1bc88f336591d1f,loot_emote_exotic_shared_make_it_rain
1bca2cf3c7fa2aa,round_win_limit_ctf
1bcd53a8e2af1fa,mc/mtl_p8_zm_esc_birdcage_wood
1bcf46b552c2a30,explosions/fx8_exp_grenade_surface_concrete_child
1bcf955eebde13e,combat_robot_land
1bd0ae757fe3ab2,medal_defused_bomb
1bd100a8a8ef08c,impacts/fx8_bul_impact_fireworks_body_nonfatal
1bd14d49b1754a1,beam8_dragonsbreath_1p
1bde109a0765272,impacts/fx8_bul_impact_mud_xsm
1bde9579f6b96db,loot_contract_icr7_mastercraft
1be22fea716952b,torque_end_game_scene
1be24ec82fd7cd2,hero_sword_pistol_lh_lv1_zm
1bec25d30b88c59,mpui/scoreboard
1beced1f7a0c29f,zm_equipment
1bf94f688362824,mc/mtl_p8_zm_esc_perk_vending_brew_glass_blue
1c01b5ba6d33fb5,mpui/hcsd
1c072f058ff1e51,events_swat_grenade_detonation
1c078c11093f212,score/kill
1c1264a8938371d,mixclip_wz
1c139d97989a940,jet_rumble
1c2e72fd5be3aca,events_tempest_fired
1c3137d0e36fcff,i_mtl_p8_wz_ep_pirate_flag_n
1c3167d0e370218,i_mtl_p8_wz_ep_pirate_flag_c
1c35414911c9a0e,menu/gesture
1c363b4c69f3199,splm/p8_def_fob_spl_wires_01
1c394836388516d,ei/gfx_water_splash_puddle_anim_em_pb_i16
1c3c238cba7d2c5,i_wpn_t8_smg_handling_front_sig_01_s
1c3ce38cba7e729,i_wpn_t8_smg_handling_front_sig_01_g
1c3d238cba7edf5,i_wpn_t8_smg_handling_front_sig_01_c
1c3d538cba7f30e,i_wpn_t8_smg_handling_front_sig_01_n
1c400d49b1d5153,beam8_dragonsbreath_3p
1c409687e3f2837,ei/gfx8_exp_billow_md_anim_em_gp|dup
1c4561f7d596577,mc/mtl_p8_zm_esc_perk_vending_cola_decal_bolt_01
1c4b5f340481bc3,loot_smg_burst_mk2_bribe_free
1c5100e4b72ad61,scripts/core_common/fx_shared.gsc
1c5ab24924b87dc,ei/gfx8_fog_slow_lg_anim_lit_full_dark|dup
1c5d96cb8067ade,zm_weapons/fx8_blundersplat_muzzleflash
1c5f47e35ee8fc0,ei/gfx_water_splash_puddle_anim_em_pb_i16|dup
1c6285a080e3200,loot_emote_shared_give_up
1c6d7a1ecf7b009,reticle_reflex_8
1c6e2a1ecf7c2ba,reticle_reflex_5
1c702a0765b5cf1,rising_tide_melee_bundle_offer
1c77a7b20676ed9,camo_active_sig_pistol_burst_raven_base_bribe
1c7c2bf1d8c309d,menu/trail
1c7ed16e5231cbb,director_online_mp_pregame
1c8643af845b430,lb_mp_gm_dm
1c883ac1f0b164d,ar_peacekeeper_t8_tunables_wz
1c8c223351693a6,plant_time
1c967c46984c34f,ui_cam_icon_ar_standard
1ca291a313bdd82,outfit_vampire_legendary2_reaper_shop
1cac2f57d577153,events_cluster_semtex_kill
1cafc088d9cee00,9mm_fmj_mp
1cb431141985b02,impacts/fx8_bul_impact_raven_runner_nonfatal
1cba8e2d50e56b3,hero_chakram_lv1_zm
1cc330b0be6cb1c,quote_essence_of_war_is_violence
1ccb7d8a17026a2,camo_active_dlc2_party_rock_sunset_bundle_shop
1cd3b0aab270228,mc/mtl_p7_spl_crown_toy_crystal_blue
1cd3f0bc16b3a6f,events_multikill_more_than_8
1ce4f80ff0ec770,weapon/pistol_standard_t8
1ce614deb3a2b0e,codcaster_ds_notification_commands
1ce761f485daee0,impacts/fx8_bul_impact_concrete_uw_xsm
1ce95e5f79b7ff8,triple_play_dec2018
1cefa3478bfc48f,wz/outfit_mission
1cfccc8ada14c68,pfx_spark_bounce
1d0384e75fbcec9,mp_survivor_loadouts
1d28c54311cde67,perk_flakjacket_restriction
1d290ac1f1380e9,ar_peacekeeper_t8_tunables_zm
1d2b20175a6b4a6,ei/gfx8_fog_slow_lg_anim_lit_full_lite_half|dup
1d2bd3bb869430e,maps/zm_office/fx8_teleporter_origin
1d330cc0f2baafa,vd/t7_decal_grunge_calcium_drip_02_drk
1d3c686a7f137e7,attachment_killcounter_sniper_powerbolt_restriction
1d41b7d16bdd98a,mc/mtl_p8_zm_esc_infirmary_door_glass
1d46797a358c513,lf_light_spot_vtol
1d585e182917910,menu/friendlyfire
1d5e9b627dc20c8,mpui/defends
1d7efa857519720,eq_molotov_extra_tunables_zm
1d832da714e9424,apc_cougar_camera_tunables
1d8388166ee09c4,loot_tags_random_42
1d83a8166ee0d2a,loot_tags_random_40
1d861ae1ddd5c62,ww_blundergat_fire_t8_unfinished_zm
1d89fa15955db9c,mpui/points
1d911ccfa6ca3d0,charm_hula_girl
1d95e0034029d38,splm/p8_zm_esc_warden_house_wood_panel_21
1d9a958bf91e9cd,wc_secondarygunfighter1_restriction
1d9f0d8e777c2c4,zombie/takeo
1da22ac662bbefe,menu/set_incomplete
1da676af9806bb0,mc/mtl_p8_zm_zod_rack_brochure_case_wood_decal_01
1da696af9806f16,mc/mtl_p8_zm_zod_rack_brochure_case_wood_decal_03
1da6a6af98070c9,mc/mtl_p8_zm_zod_rack_brochure_case_wood_decal_02
1da6c6af980742f,mc/mtl_p8_zm_zod_rack_brochure_case_wood_decal_04
1dab7659ba1918e,loot_tags_default_02
1dab9659ba194f4,loot_tags_default_04
1daf5a4c827a654,ei/gfx_exp_alpha_anim_em_gp_i16
1db2780833a8bfd,zombie/trap_cooldown
1db2ea27f50da32,loot_season_8_postseason_all_rng
1db36796122418f,splm/t7_decal_grunge_wall_stain_01
1db472f0e89ac5c,homunculus_zm
1db6917c279c980,loot_contract_battery_knight
1dbd5b655fa0bd8,loot_ui_icon_tags_muertos_nomad
1dbddf80a100df5,zm_zombie_settings
1dc081aed42c4f0,i_mtl_p8_zm_esc_perk_vending_cola_decal_03_c
1dc898ef4b0cb40,team_score_per_death
1dc99d253dab2e0,gestable_default
1dcf7585a3d89b3,menu/pc_ping
1dd45501cbe325b,scripts/zm_common/zm_traps.gsc
1ddd9575b7d6e8a,mcs/mtl_veh_t7_zmb_zod_train_metal_bare_01
1ddea7d9ec7c817,grenade_dud
1ddffeaae01ef6d,splm/p8_zm_zod_curtain_lounge_lt
1de233af30aa231,ei/gfx8_muzzleflash_side_desat_em|dup
1de23845a577fb0,scorestreak_dart_restriction
1de43899593e67e,uie_wipe_delta_rft_add
1de652c409ce018,gamedata/ddl/generated/wz_loadouts_offline.ddl
1dec010f35e5705,mc/mtl_t8_camo_leather_armor_green_shiny
1df238166f404c3,loot_tags_random_25
1df68dcab2b524e,loot_emote_exotic_shared_roman_candle_shop
1df89d06e2f01ff,mc/mtl_p8_zm_zod_bench_boat_deck_grunge_01
1e00dd482d1a20c,sniper_powerbolt_t8_mp
1e0a9f04d998a11,codcaster_qs_loadout
1e0c1182580add0,impacts/fx8_bul_impact_snow_xlg
1e0edcc2b2afc6b,weapon_null
1e1255940142f53,pistol_burst_t8_upgraded_zm
1e13b02dfa60f4a,scripts/zm_common/zm_perks.gsc
1e15b55a401784f,loot_tags_graffitiskulls_05_shop
1e15c3b054455f5,ei/gfx8_light_ray_cone_em|dup
1e19d8afe70094f,attachment_killcounter_pistol_burst_restriction
1e1f630cab787a0,zm_brutus_settings
1e2298166f644cc,loot_tags_random_33
1e22b8166f64832,loot_tags_random_31
1e299123bb4b70d,menu/x_lives
1e2a63b3f726780,weapon/fx8_muz_sm_pistol_3p
1e2ce27545a99f1,mpui/none
1e3da290522c6ac,acrobat_koth_hvo
1e3f9f7905c3003,menu/mp_dialog
1e457eaa21f6101,prophet
1e4a5396264eeac,ar_modular_mk2_bundle_shop
1e504641342618e,ar_galil_t8_upgraded_zm
1e52d5fefa74841,ei/gfx8_fog_slow_lg_anim_lit_full_dark
1e5a1f7e318a997,ei/gfx8_light_core_hot_em
1e5b08166f96008,loot_tags_random_02
1e5b68166f96a3a,loot_tags_random_04
1e5b78166f96bed,loot_tags_random_05
1e5f79f6f488a98,mpui/downs
1e65469b1c66c28,mp_sd_squad.ai_htn
1e6c0a18fb50ff2,menu/party_privacy_desc
1e6e410617217e6,architect_sd_hvo
1e6fe73573d39ea,eq_tripwire
1e7134e1815ff94,activecamoinfo_t8_sig_pistol_revolver_cyberpunk
1e74b3af8603a44,lb_mp_gm_sd
1e779db3803f571,pc_expander_frameratelimit
1e7b0fbfd460c0b,warzone_hide_spectators
1e7f3438cecc23f,wc/mtl_p7_con_metal_handrail_tile_black
1e7f73c2542f0f3,wc/t8_zm_esc_lava_rocky_river_01
1e7fae51fa03d2d,maps/zm_escape/fx8_pwr_up_blood_trail
1e802311d14f63b,mpui/elo
1e881078619caea,menu/aim_assist
1e8a0b67d7f9869,splm/mtl_p8_zm_esc_barbed_wire_wire
1e914e4a3e4ccc3,mc/mtl_p8_wz_ep_microphone_metal
1e92f8166fc6dac,loot_tags_random_19
1e9388166fc7cf7,loot_tags_random_10
1e9b23b3f789a92,weapon/fx8_muz_sm_pistol_1p
1e9d709a09b7c5f,impacts/fx8_bul_impact_mud_xlg
1ea569d399d3dd1,maps/zm_escape/fx8_magicbox_opened_nt
1ea71735dbd7584,loot_season_8_postseason
1ea8b47f2c94564,mcs/mtl_p8_zm_esc_crate_wood_lrg_drape
1eaa14ad9b81bb9,attachment_stabilizer_pistol_revolver_restriction
1eac6c133560b4e,outfit_zombie_epic1_torque_shop
1ead669e7eec6d9,loot_emote_zapoc_toy_raygun_shop
1eb1015c0e952c4,mc/mtl_p8_zm_esc_electrical_wire_outlet_plastic
1eb38eb608607df,codcaster/ds_minimap
1eb938cfbf3d87c,wz_character_swatpolice
1ec16c9c8ab8dcc,scripts/autogenerated/luielems/core/lower_message.csc
1ec508798af6eef,zm_escape_zombie_settings
1ec694f5cb56984,wc/t7_metal_panels_painted_2x1_dkgrey
1ec91ce0b908f51,medal_sensor_dart_multikill_x2_summary
1ec96ba1e33103f,allow_prone
1ececa0b82edd54,mc/mtl_p8_zm_esc_warden_house_door_frame_01
1ecefa0b82ee26d,mc/mtl_p8_zm_esc_warden_house_door_frame_02
1ed8019748927e5,dot_radiation_base_stage
1ee036a525e23e9,mcs/mtl_p8_zm_esc_warden_curtain_tie
1ee82dec58a14f5,mc/mtl_p8_zm_esc_bldg_64_shelve_01_metal
1eebdc9f1829e20,flag_can_be_neutralized
1eefcc82368987c,warzone/already_equipped
1ef52c3c8df8177,ei/gfx_fog_slow_lg_anim_em_pb|dup
1ef739375307653,zm_minibossfrequency
1ef77b49755e460,pc_model_quality
1ef9b27c2ac8275,impacts/fx8_bul_impact_concrete_uw_xxlg
1efdf7772fc1bf1,menu/none
1f00388c8feeafa,i_mtl_p8_zm_esc_cypher_02_c
1f01abbd7a5c6f5,wpn_rgun_exp
1f04819d2080f00,i_mtl_p8_wz_ep_microphone_o
1f04919d20810b3,i_mtl_p8_wz_ep_microphone_n
1f04a19d2081266,i_mtl_p8_wz_ep_microphone_m
1f0c17573bb2e79,bonuscard_overkill
1f0eae195c7c5f1,activecamoinfo_t8_direct_action_kills_115_zm
1f10deaaefc50a4,warning_triangle
1f1147d9c9557bd,pstfx_zm_chakram_speedblur
1f165725d04af00,tomahawk_t8_zm
1f1cb18258f3201,impacts/fx8_bul_impact_snow_xsm
1f1dc00ba1017ed,defaultmedal
1f219a3a9c8578f,warzone/pickups_hold
1f258ddcbc91d91,weapon/ir
1f28a40a05f8940,wc/t8_metal_cable_01
1f2ed879b27f22d,en_core_bootstrap
1f3363ee4f45f39,i_mtl_p8_wz_ep_bar_metal_g
1f33a3ee4f46605,i_mtl_p8_wz_ep_bar_metal_c
1f33d3ee4f46b1e,i_mtl_p8_wz_ep_bar_metal_n
1f34a3ee4f48135,i_mtl_p8_wz_ep_bar_metal_s
1f3b55d373004ee,loot_ui_icon_tags_poster_crash
1f4945715aa4bfd,key/uparrow
1f5148a559bb90c,zm_weap_scepter_melee_hit_rumble
1f5cd846b306c27,medal_escort_robot_escort_goal
1f5fe165871c0e5,impacts/fx8_bul_impact_wz_sm
1f62fd2134fac89,zombie_fists_zm
1f6dde09e7c7f3a,medal_war_killed_attacker_in_zone
1f8a67ea5008073,splm/p8_ice_rock_wall_01
1f8a77ea5008226,splm/p8_ice_rock_wall_02
1f8cade70552fce,vd/t8_decal_grunge_concrete_sidewalk_01
1f9143ee1f713fc,talent_scavenger
1f931942007cab9,mpui/weapon_pistol_caps
1f94ef36303c3f7,lf_flash_spark_bounce_lg
1f9844545cb4ff6,menu/you_caps
1f9ab82cb11f917,electric_arc_beam_electroball
1fa348641907803,ei/gfx8_shockwave_anim_em|dup
1fa367352e2a79e,ei/gfx_elec_arc_rand_center_em|dup
1fa913ada258525,ei/gfx_lightning_cloud_em_pb_i16
1fab772372b716f,heroes/sergei
1fada5e44b023a9,aib_vign_zm_mob_pap_ghosts_remove
1fadbbad2100f86,loot_emote_shared_yawn
1fb156aa297b6f6,impacts/fx8_bul_impact_base_xlg
1fb16781e3a959f,fog/fx8_fog_ground_wind_150x150
1fb1ed8c48245b8,prt_none
1fb4781f1a8f822,i_mtl_p8_wz_ep_zm_teddybear_c
1fb4c81f1a900a1,i_mtl_p8_wz_ep_zm_teddybear_n
1fc36f6dace7814,score/uav_assist
1fc6fbace8c8e64,pc_content_enable
1fc96e1bdf1e4ff,mc/mtl_p8_wz_ep_lighter_wrap_red
1fcbb33338e599c,lmg_stealth_t8_zm
1fceb6e20f9fbdc,shotgun_adsfire
1fd782b7ed700ef,wc/t8_rock_cliff_03
1fd7b4feda1bf71,quote_see_war_banished
1fe0279942e5652,clan/clan
1fe3f79b5e4c2d6,cp_playersounds
1fe4a30fa99f847,mc/mtl_p7_suspension_bridge_metal_grate_panels_01_frosted
1fe75c261aa256c,bot_tacstate_mp_ct
1fed314d6af9450,menu/launch_caps
1fed6c90eae8ae1,platform/use_passenger
1ff09253a3a7cb7,mc/mtl_p7_zm_asc_machinery_industrial_decal_dirt01
1ff12fbfc6d77a6,zm_contract/rush_powerups
1ff68853d39c4e1,warzone_incognito_self
1ff855065a8c0ff,i_mtl_p8_zm_elixir_icon_danger_closest_c
20000088d4c3f79,zombie/fx8_perk_dying_wish_3p
200fbc029e5e008,scene_frontend_t8_wz_fem_team_1
200fcc029e5e1bb,scene_frontend_t8_wz_fem_team_0
200fdc029e5e36e,scene_frontend_t8_wz_fem_team_3
200fec029e5e521,scene_frontend_t8_wz_fem_team_2
200ffc029e5e6d4,scene_frontend_t8_wz_fem_team_5
20100c029e5e887,scene_frontend_t8_wz_fem_team_4
2014b7851942e17,zm_lab_palladium_package
2014ed4375458c5,ei/gfx8_water_bubble_lg_scroll_em_pb_i16
201503206ce2d27,menu/1_second
2015712b4aa6902,ar_doublebarrel_t8_bribe
2017201f7406210,em/deer
20192d4a7392ce6,mc/mtl_p8_zm_zod_piano_victorian_metal_01
201be29369b61fb,menu/capture_limit
202b99a9fb24221,c_t8_bo_jumpkit_pirate_shop
202fca4fb253b83,p8_kit_zt8_exd_05_trim_05_corner_outside_right_diagonal_painted_metal_32_01
2032b32d0d142be,smg_fastburst_t8
2032b9e4888e66c,wc/t8_metal_corrugated_vertical_01_painted_grey
2034431f64b9aad,menu/lefty
20348f3630c0e4a,lf_flash_spark_bounce_sm
20353bd083c3ad9,p8_kit_zt8_exd_05_railing_05_end_left_painted_metal_0_01
203a420d2de543c,rank/lt_full
203a43fa2521151,ei/gfx8_light_core_hot_em_pb_i16
203eb1bc7ccee98,tomahawk_t8
2047aa0e594d7ce,mpui/damage_desc
204fc85df0da46b,operator_bayonet_restriction
205170718bd8667,c_t8_zmb_mob_ghoul3
2054eea6222d8b9,wc/t7_mou_concrete_poured
206010db92674b6,mc/mtl_p8_zm_esc_door_isolation_dirt
206565e69c945eb,quote_our_greatest_weakness_lies_in_giving_up
20661b30b65c27f,menu/party_settings
2066863cf795424,zombie_perk_bottle_zombshell
206af13a37e379a,impacts/fx8_bul_impact_glass_uw_xlg
206ed1e9498f864,mc/mtl_wpn_t8_shotgun_prec_sights_rear_base
207025ba70f17dd,mpui/hcdm
20720424f8e57c2,rob_zm_eyes_orange
2076db99a804df1,menu/quick_equip
207ab45f58a3e8f,crossbow_explosive_zm
207cc70ffc34d19,splm/bullet_collision_plaster
207df260c76b8a5,surface_bulletspray_impact
2085700d74a1141,lmg_spray_t8_tunables_mp
208632364ab415e,splm/t8_mov_zm_esc_decal_dirt_rubble_fine_01_blend_02
20942088cc4f04c,wc/t7_zm_moo_signage_01
209528fd149aec6,events_dirty_bomb_assist
209743bc9eabc7b,ei/gfx8_debris_ember_em_pb_i16_desat|dup
2098b6cd5480623,zombie/fx8_wallbuy_amb_reverse
20a0fc6f05d0d45,contract/collateral
20a1e2a4172700a,i_wpn_t8_zm_shotgun_trenchgun_shell_base_s
20a222a417276d6,i_wpn_t8_zm_shotgun_trenchgun_shell_base_o
20a232a41727889,i_wpn_t8_zm_shotgun_trenchgun_shell_base_n
20a2a2a4172846e,i_wpn_t8_zm_shotgun_trenchgun_shell_base_g
20a2e2a41728b3a,i_wpn_t8_zm_shotgun_trenchgun_shell_base_c
20a964e1fd69863,zm_talismanweaponstartsmg
20ad725d782ff7c,zombie/diego
20b681d84215458,ei/gfx8_shockwave_elec_anim_em_i8
20b90e6c15368d2,wc/t7_zm_isl_concrete_rebar_02_blend
20bc35e1568ffa6,zombie/fx8_perk_blaze_phase_flame_pulse
20c0bc746e7d5c6,team_score_per_kill
20c197df9ceca8d,mc/mtl_p7_zm_ctl_console_deathray_set_scratch1
20c7fd6609f0966,perk_bandolier
20ca7ebe10e2072,ar_an94_t8_bribe_free
20cebeaae293e33,splm/p8_zm_zod_curtain_lounge_rt
20cef6a460c61af,i_mtl_p8_zm_zod_turbine_condenser_main_support_metal_m
20cf06a460c6362,i_mtl_p8_zm_zod_turbine_condenser_main_support_metal_n
20d29fd3dc0768c,options/display
20d2fc614f72c3e,key/end
20d8c6763dedd8f,menu/party_leader
20e1ba0cc1b9064,arena/legend
20e2bb70a3cd4a7,menendez
20ea333c5ec0972,mpui/dualoptic
20ea86835139da3,scorestreak_drone_squadron_restriction
210042c8d49a73c,mc/mtl_veh_t7_dmg_scrapes_chips_5_decal
21090e22dd78b35,medal_automated_turret_kill
2122ca11a29bd14,mc/mtl_p7_zm_tra_power_panel_set_metal_hinges_a
2127dac1f494495,ar_peacekeeper_t8_tunables_mp
212a62104d3eb26,zombie_perk_bottle_bandolier
212ca472ccbb162,zombie_death
212f517dce26f87,ui_cam_icon_sniper_quickscope
213a8340f50fade,mc/mtl_p7_zm_kin_table_wood_wall_decal_01
213aa10e85195d5,el/gfx8_liquid_trail_em
213cb518100fa34,weapon/fx8_trail_crossbow
21421398a946ded,default_end_game_pose
21466ddcbe61bc1,weapon/gl
21486e8a7c7176f,scripts/core_common/ai/planner_squad.gsc
2157ffd9ab79874,mc/mtl_p7_signage_elevator_floor_indicator_trim_01_panel
216593d72249d38,electric_arc_tesla_beam_energy_ball_white
2172517482ddd8b,impacts/fx8_bul_impact_concrete_sm
2174670d5a62471,ww_blundergat_acid_t8_upgraded_tunables_zm
2176743dc46422d,events_seeker_shock_mine_killed_paralyzed_objective_enemy
217b491d051a04e,zitem_office_trap_battery_part_2_zm
2186850d596643b,loot_ui_icon_tags_random_02
2186d50d5966cba,loot_ui_icon_tags_random_05
2186e50d5966e6d,loot_ui_icon_tags_random_04
2189119c8b3af15,wc/t7_metal_painted_rivets_01
218ac8dcb33491e,gun_selection_sas
2196c2957bbed75,blackjack_bo4
21984a85c111b6a,mc/mtl_p7_zm_ctl_desk_supply_fan_plastic_01
21992fa65706373,medal_wz_redeploy_bonus
2199436a373c1f0,mcs/mtl_p7_zm_mob_hallway_railing_set_decal04
21ac904ac1d7d0a,smg_thompson_t8_upgraded_tunables_zm
21ad275226af072,maps/zm_escape/fx8_ghost_seagull_trail_lg
21b34da334eece4,ei/gfx8_liquid_radial_em_pb_i16|dup
21ba665b067fd4e,mpui/stats_absent
21c1faa68cfccbb,mc/mtl_p7_zm_isl_table_operating_decal_01
21c6c4172a9c552,mc/mtl_p7_zm_kin_printer_office_rose_metal_black
21c739c99a792c1,prt_wz_cosmic_silverback
21cfde195ed2125,activecamoinfo_t8_direct_action_kills_115_wz
21dcab5f198f4f8,molotov_viewmodel
21de69029125f63,impacts/fx8_bul_impact_blood_body_nonfatal_exit
21ec38a0aeca7ee,events_spawn_beacon_multikill_2
21ec48a0aeca9a1,events_spawn_beacon_multikill_3
21ec58a0aecab54,events_spawn_beacon_multikill_4
21ec68a0aecad07,events_spawn_beacon_multikill_5
21ec78a0aecaeba,events_spawn_beacon_multikill_6
21f0aaa706eca71,rocket_explosion
21f5c3746f1733f,ei/gfx8_fog_slow_lg_anim_em_pb_i16_nocull
21f818bb6967af9,ei/gfx_ring_thin_em_pb_i16
21f8d598b2ddb0f,scene_frontend_t8_engineer
2204a77f1a73b74,menu/x_balls
2205c3182960370,ges_zipline
220785f163cc4fc,aib_vign_zm_mob_pap_ghosts
22078c307643cb4,ei/gfx_shockwave_fire_anim_em_pb_i16|dup
220972355eea673,mc/mtl_p7_zm_ctl_fuse_brass
220ba31c589a80a,outfit_warrior_com1_bundle_recon_shop
220bd7003974ad9,i_mtl_p8_wz_ep_raygun_reticle_c
220bf7003974e3f,i_mtl_p8_wz_ep_raygun_reticle_e
221898bf2a8844a,sentientevents
221aa07a2b26261,pistol_topbreak_t8_tunables_zm
22289639943b061,zombie/fasttravel_locked
2229dc0d8ad876d,menu/1_zone
222bda64f72d77c,mc/t8_wood_planks_damaged_teak
223c73c184c6b78,mc/mtl_p7_zm_isl_table_operating_metal_06
223c93c184c6ede,mc/mtl_p7_zm_isl_table_operating_metal_04
223ca3c184c7091,mc/mtl_p7_zm_isl_table_operating_metal_05
223cb3c184c7244,mc/mtl_p7_zm_isl_table_operating_metal_02
223cc3c184c73f7,mc/mtl_p7_zm_isl_table_operating_metal_03
223ce3c184c775d,mc/mtl_p7_zm_isl_table_operating_metal_01
223eedf54440ee0,mc/mtl_p7_zm_mob_chair_electric_leather02
223f86d05190129,loot_contract_space_shuttle
224172b6b5b12fe,mc/mtl_p8_zm_light_ceiling_fancy_01_iron
2242ac66d5008f6,splm/p8_zm_gla_bridge_wood_01_beam_02
224984e8d1f0c4a,splm/mtl_p8_stone_wall_trim_01_lichen
224e0fe8eede0df,loot_emote_exotic_shared_rock
224ffba1d8c9b73,mc/mtl_p8_zm_bandolier_bandit_perk_totem_dirt_decal
22531a9534e8811,mc/mtl_c_t8_bo_hero_sergei_body1_stomach_skin
22533ea80fd2bfc,common_settings
2253e31ee802772,loot_contract_labor_day_event_stream
22591efa34e2d6b,mc/mtl_p7_zm_moo_bridge_crane_wire_plastic_yellow
225bff53a6dabdc,impacts/fx8_bul_impact_gravel_uw_sm
2263e5d70551bf9,ui_cam_draft_common_zoom
226ab9eabca0267,gd_c_t8_mp_spe_spectre_lowerbody1_cst
226bffdac64a426,zm_mysteryboxlimit
226e5c37bf1ae6a,mpui/desc_silo
2270743f645198d,p8_zm_esc_catwalk_arch_high
227bc5ffa374f3b,mc/c_t8_mp_spe_seraph_superhero_cyberarm_skull
22885294dcea835,mpui/x2score
2288824ae7f9c8d,disable_cac
229e8613760a383,zero
22a4d00d766e6a9,lmg_spray_t8_tunables_wz
22a4fa483be6b03,weapon/fx8_shellejects_sniper
22ac36f611df043,p8_wz_ep_bottle_champagne
22ad7058ecedb4d,ei/gfx8_fog_slow_sm_anim_em_pb_i16|dup
22b81db14d4d568,weapon/ar_standard_t8
22bd6ca7ff53dee,zm_bgb_temporal_gift
22c1124e1134c28,maps/zm_escape/fx8_portal_lightning_orange
22c41748cd9dc48,mc/mtl_p8_zm_esc_perk_vending_tonic_decal_04
22c4512700977d4,aib_vign_zm_mob_brutus_revealed
22c46748cd9e4c7,mc/mtl_p8_zm_esc_perk_vending_tonic_decal_01
22c47748cd9e67a,mc/mtl_p8_zm_esc_perk_vending_tonic_decal_02
22c48748cd9e82d,mc/mtl_p8_zm_esc_perk_vending_tonic_decal_03
22d94c02045aa46,fly_emote_money
22dde68c03dad18,menu/normal
22e497d8530fd19,i_mtl_attach_t8_loot_ar_an94_fastmag_01_s
22e597d85311849,i_mtl_attach_t8_loot_ar_an94_fastmag_01_c
22e5a287106e58e,ei/gfx8_elec_arc_rand_center_em_pb_i16|dup
22e5d7d85311f15,i_mtl_attach_t8_loot_ar_an94_fastmag_01_g
22e647d85312afa,i_mtl_attach_t8_loot_ar_an94_fastmag_01_n
22e657d85312cad,i_mtl_attach_t8_loot_ar_an94_fastmag_01_o
22e74cf68c46e3e,operator_crossbar_restriction
22e8857d82a212f,vd/t7_decal_grunge_scorch_01
22e8957d82a22e2,vd/t7_decal_grunge_scorch_02
22ef41d702ee72d,zombie/game_over
22f2f174842806a,impacts/fx8_bul_impact_concrete_lg
22f61d3553fdeed,scripts/zm_common/zm_score.gsc
22f9989fc632220,splm/p8_zm_zod_curtain_state_room_lt_green
22ff71dacbbd0fc,player_global_tunable_default
23006388817ea16,gd_c_t8_mp_spe_prophet_superhero_arms1
23037426aeed96c,i_mtl_attach_t8_ar_modular_rapidfire_sig_03_n
23038426aeedb1f,i_mtl_attach_t8_ar_modular_rapidfire_sig_03_o
2303c426aeee1eb,i_mtl_attach_t8_ar_modular_rapidfire_sig_03_c
23040426aeee8b7,i_mtl_attach_t8_ar_modular_rapidfire_sig_03_g
2304c426aeefd1b,i_mtl_attach_t8_ar_modular_rapidfire_sig_03_s
2307870e800226a,quad_play_homewrecker
230ec3142ecea46,wc/t7_dlc1_trim_metal_worn
23133c401c40154,weapon/fx8_muz_smg_stand_3p
23155d0bfdb52df,scarlett
2317524d615c43f,playerentitystatefields_zm
231922246e2d079,doorman_task
231bb356caef1d3,mcs/mtl_p8_zm_esc_warden_organs_eyes
231d7df042d6fcd,quote_where_there_is_unity
231dd039aeedc0c,points_per_secondary_kill
23226006eb23dea,loot_emote_exotic_shared_blowing_bubbles
232a40e928b8f51,zombie/perk_zombshell
232d243768b6a2b,events_spawn_beacon_objective_multikill
234855e12bb43c6,mc/mtl_p7_zm_sta_dragon_network_console_set_part_02_plastic_black
234a6312eb64ae8,mpui/ago
234b377f2bdc428,loot_emote_exotic_shared_matrix_dodge_shop
234bf26f73db74a,smg_accurate_bundle
234d12c87e24322,em/headshot
2350169be9133ae,prt_wz_mason
2351aa074ec54c7,pc_melee
23522f024eff37f,attachment_damage_ar_standard_restriction
235b63333be1664,lmg_stealth_t8_mp
235d800aa5e7f76,ei/gfx_dust_swirl_md_anim_lit_full_lite|dup
2361c68e083d401,prt_wz_technomancer
236401f4f38db33,zmb_blundergat_fire_loop
23668c2c3e9424c,ar_fastfire_t8_upgraded_tunables_zm
2369ab8c4db5b27,destroy_time
2374362c3f7b2cc,activecamoinfo_t8_sig_pistol_burst_raven
237aefb29a84eb3,medal_war_captured_zone
237c9513a44534d,heroes/torso
237e18877708248,activecamoinfo_t8_sig_tr_midburst_bomber_wz
2381fc401c9fe06,weapon/fx8_muz_smg_stand_1p
23993a8ff5e543a,attachment_mixclip_smg_standard_restriction
239d17e34b361fc,hero_sword_pistol_lh_lv2_tunables_zm
23a0d2ae835c09a,mpui/steadyaim
23a2fd2b0f3902d,spy_sd_hvo
23af7ebd685b73d,weapon/fx8_shellejects_shotgun_purple
23b07e80c6cf63c,loot_emote_exotic_shared_gone_fishing
23b284f655739d7,damage_light
23bc6ebc1bbf205,mc/mtl_c_t7_warrior_wrist_tablet
23bf11f078bcc2e,mc/mtl_p8_zm_zod_engine_main_condenser_pipe_large_metal
23bfe94ad72d570,i_mtl_p8_foliage_elm_tree_test_twig_01_c
23c0294ad72dc3c,i_mtl_p8_foliage_elm_tree_test_twig_01_g
23c0b94ad72eb87,i_mtl_p8_foliage_elm_tree_test_twig_01_n
23d6cddcc092b07,weapon/sf
23dffca36489f70,ei/gfx_gib_concrete_02_em_low_lite_i8
23e39d77ad340aa,mini_turret_tunables_zm
23e6b4a06eba034,shotgun_fullauto_t8_bribe
23f49aaf4f41d2f,impacts/fx8_flechette_impact_default
23ffa6e19a8c410,i_mtl_p8_zm_zod_clock_wall_mail_room_metal_n
23ffd6e19a8c929,i_mtl_p8_zm_zod_clock_wall_mail_room_metal_m
2400572c587a438,o_zombie_base_magic_box_fake_idle_twitch_a
2400872c587a951,o_zombie_base_magic_box_fake_idle_twitch_b
2400f7d1aa3345e,player/fx8_plyr_footstep_tracker_r
240197d1aa3455c,player/fx8_plyr_footstep_tracker_l
2409fc24e357285,scripts/autogenerated/luielems/zm/zm_game_timer.csc
2412dd2264a869c,reaperfoleyloud_crouch_walk_npc
241635d7c733b4e,primis_takeo
241b13fbbd30594,o_t8_zm_zombie_board_4_repair
2427e05c8d9d860,mc/mtl_p8_zm_bandolier_bandit_perk_totem_leather_b
2428e3b201d218d,ei/gfx_gib_concrete_02_em_low_lite_i8|dup
242e37fd3a30611,talent_teamlink
2432bf3adcb0f17,attach_t8_shotgun_pump_ammo_steelpellets_dragon_view
243385728e38aa9,shotgun_pump_t8
2435766979de6f0,menu/fire_weapon
2436828e0ce6e04,mcp/hud_outline_model_z_red_alpha
243784bd08a6ac2,ei/gfx8_smk_md_thick_lobe_anim_lit_full_lite|dup
2438f66136dd277,zm_ai/fx8_cata_plasma_blast_tell_head
243a4d488621b95,mc/mtl_p7_slu_panel_electrical_glass_01
243ee8129521697,impacts/fx8_bul_impact_blood_limb_nonfatal_uw
2446b73e6b0a233,mp/11th
2449ee067df05fe,zm_pointslossvalue
244daed5b5db548,mc/mtl_wpn_tac_rifle_mid_burst_grip
244f0d8b4eac506,mc/mtl_p8_zm_esc_packasplat_engine_base_gray
24592329968bde0,mastercraft_zx700_sunset_bundle_shop
245e2096d6a3a17,gsol_zm_specialzombies
245ee557809bcc5,mc/mtl_attach_t8_smg_capacity_screen_sig_02
24612bce69a3066,zm_ai/fx8_blightfather_death_exp
246b09da3667582,pc_sprint_toggle
246e17feb5e5646,medal_multikill_more_than_7
246feb7a5e033ee,quote_coward_lets_fear_overcome_duty
247c8d9861fb5b8,surface_exit_bullet_xsmall
24838a737c11344,activecamoinfo_t8_sig_tr_midburst_bomber
2488bbd35be74e9,beam8_emote_superhero_eyebeam_single
248d488777edf64,activecamoinfo_t8_sig_tr_midburst_bomber_zm
248e65b51735fe8,gd_c_t8_mp_spe_reaper_arms1_cst
248e9e55339b89c,mc/mtl_p7_zm_ver_cart_metal_surgical_dirty_01
248ece55339bdb5,mc/mtl_p7_zm_ver_cart_metal_surgical_dirty_02
24918f44497909b,itsamystery_task
249fa47c2ac281f,i_mtl_p8_zm_zod_light_morse_lamp_glass_c
249fd47c2ac2d38,i_mtl_p8_zm_zod_light_morse_lamp_glass_n
249fe6271f10dfc,camo_active_dlc4_brains_wrapper_bundle_shop
24a1419cdca6cf2,melee_bowie
24a3f3307a577ce,pc_map_toggle
24a49fe81b71072,mc/mtl_p7_mirror_wood_ornate_wood_bld
24a856b55e1b2b1,mc/mtl_p7_zm_ctl_jumpsphere_set_light_green
24addfc972d5159,contract/rcxd_kills
24b50b5dca637cd,mc/mtl_p7_wes_cane_wood_vintage_decal_dirt_02
24b71bb04681a27,mc/mtl_p8_wz_ep_microphone_metal_black
24befeda564937e,mc/mtl_c_zom_player_farmgirl_hair
24cfc0bce4ee3dc,mc/mtl_wpn_tr_powersemi_decals_sig_02
24d02a4397a1b73,mc/mtl_p7_zm_isl_pap_elements_decal_paper
24d6c13eea11097,ei/gfx_water_splash_em_gp_i16
24d7ab9c7c20e00,zm_elixirwhoskeepingscore
24d9b998e4bc4f8,talisman_start_weapon_ar
24dd75f28a4fc47,mcs/t7_wood_planks_splintered
24e0a3718d6d7bb,mpui/weapon_sniper
24e11dc6a6125e1,mcs/t8_glass_edge_trim_nocull
24e4181a7879540,pc_meshmine_toggle
24e4b6e7c966bbf,wz_open_skyscraper_death_circles_fast_collapse
24ec9fac72b2a3c,attachment_extclip_pistol_burst_restriction
24ecd16a0fa6d9b,wc/t7_concrete_wall_painted_peel_01_blend
24f3eda489d323f,ar_mg1909_t8_upgraded_tunables_zm
24f59accb7108d0,ei/gfx8_liquid_spurt_em_gp_i16|dup
24f6200d7862695,lmg_spray_t8_tunables_zm
24f78410bb18bc0,challenge/specialized
24f9d90d4175de8,dot_dragonbreath
24fd98aca832231,emotes/sparky
24ff13864fde023,mc/mtl_p7_debris_concrete_rubble_slab_cracks
24ff81c84a0f4ec,ei/gfx8_light_incandescent_hot_em_pb_i16|dup
2508ae4744fa3f3,zombie/fx8_magicbox_opened_c
250d859ab391acf,ei/gfx_water_splash_radial_anim_em_pb_i16_nocull|dup
250f991082497de,mc/mtl_p8_zm_esc_framework_iron
2510ef8643293fd,warzone/pickups_press
25121da94576ec1,mc/mtl_p8_wz_ep_gun_toy_stock
251435da64df327,menu/stage_1
251445da64df4da,menu/stage_2
251455da64df68d,menu/stage_3
251d9bc015e4542,surface_enter_bullet_small
251e917ce4f58a5,menu/killstreak_delay
2522466396c1c95,lf_skull_purple_lens
25241456dd982f3,medal_radiation_field_multikill_x2_summary
2528134a7d2a78a,pc_assaultpack_toggle
252917256fec821,culling_multicull
252a309939a3c3d,weapon/melee_secretsanta_t8
252b517e53595a4,outfit_snake_legendary2_nomad_sunset_bundle_shop
25384180d17528d,mpui/reddot
253e8491e79f8b6,events_stim_assist
254ac024174d9c0,scripts/zm_common/trials/zm_trial_disable_buys.gsc
254bddfd10611fa,splm/t8_metal_tarnished_dark
254c5f04ac58d1a,splm/mtl_p8_zm_esc_grate_01
2556c49982dea72,ui_cam_icon_special_crossbow
2557b18d4f38433,splm/p7_debris_concrete_rubble_med_10_no_metal_warm
255a7ad3edc838f,scripts/core_common/bots/bot.gsc
255d3dffa1e659e,p8_kit_zt8_exd_05_trim_05_basic_painted_metal_64_01
255e2894da89e2c,medal_completed_match
256812aa6add1f7,menu/end_clip
25684d968323337,loot_contract_rampart_mastercraft_presunset
256a8195cf90dee,smg
256e05fb25069f7,mc/mtl_p8_zm_esc_chemistry_kit_02_decal
25783191db58e0f,lmg
2578a8125a9c97e,gd_c_t8_mp_spe_recon_arms1_cst
258192c7b86f77c,mpui/jungle2_alt
2581972a215e85b,pc_interact
2587a28f262c13b,loot_ar_stealth_mk2_bribe
258a70eb2ef35d9,p8_debris_coal_01_large_01_ember_01
258ab1d039ddecc,pc_quickcallout
258efc12235efc9,t8_callings_settings
259178ef4354d6b,mc/mtl_attach_t8_loot_ar_an94_rapidfire_01
25937342df621cd,ui_cam_cac_equip_flashbang
259449c59fa169f,perk_quick_revive
25afa56e8b977a9,mc/mtl_mphd_forklift_cockpit_leather
25b1719bd56b4ec,heroes/trapper
25b1fcac4ad3e70,physicsfxtable
25b306bc0200998,pc_crouch_one_way
25b61d5ce607813,wc/t7_zm_asc_wall_ribbed_metal
25b975344d02b39,i_mtl_p8_wz_ep_banana_01_c
25b9b5344d03205,i_mtl_p8_wz_ep_banana_01_g
25ba25344d03dea,i_mtl_p8_wz_ep_banana_01_n
25cdb9e48b50411,bloom_final_output
25cf324def5fe66,vd/t7_ice_wall_blend
25d84b1f116b2a2,p8_zm_esc_clothes_lrg
25db99f5dfb2237,mc/mtl_attach_t8_loot_shotgun_fullauto_stock02_alt_mk2
25e44f9ba354c07,i_mtl_attach_t8_loot_sniper_semiauto_decals_01_c
25ec1dae6e02b67,i_mtl_p8_zm_deadshot_perk_totem_stone_01_m
25ec2dae6e02d1a,i_mtl_p8_zm_deadshot_perk_totem_stone_01_n
25ee232a3086685,mc/mtl_p8_zm_esc_bed_infirmary_mattress_01_horrific
25f8c30a0958a7b,warzone/swap
25fb767baf58897,attachment_killcounter_ar_modular_restriction
2600a6bced60294,activecamoinfo_t8_fast_direct_action_kills_apb
2600ddda44669d7,lb_mp_gm_koth_hc
260487ae19dbfeb,zm_perksdeathperception
26060b70ce93d7e,zm_ai/fx8_zombie_eye_glow_red_trail
2608d59758f04c2,xboxlive/signedoutoflive
2609e6266ea79ec,splm/mtl_p8_gutter_01_painted
2609ff7637d7d56,scope_holo_lmg_heavy_restriction
260bfd2f3be734e,mc/mtl_p7_zm_ver_cookware_vintage_metal_charred_decal
261727714100697,p8_zm_esc_sign_location_infirmary
261928e83db4944,p8_zm_esc_bldg_64_window_03_glass
261990a9b254119,wc/t7_wood_planks_damaged_teak_blend
261f3b3de5235eb,mc/t7_metal_bare_brass_polished
263b6f6834dd9ac,uie_triangle_multiply
263ba4ed5b972fb,weapondeathfx_soul
263c8ac37393c4c,mc/mtl_p8_zm_esc_gun_gallery_metal_bar_01
26459e656da51ba,mp/7th
2649f37d9968dee,weapon/fx8_hero_sig_lightning_death_dog
265d36b195a30a2,attachment_quickdraw_smg_fastfire_restriction
265f1542b65e11a,medal_kill_enemy_after_switching_weapons
265f6bd3f60f5ab,p8_kit_zt8_exd_05_railing_01_corner_outside_right_diagonal_painted_metal_32_01
2668ac16b2d46a5,wz_character_woods
266b3ad3916334d,pc_quickcycle_health
2681d02d49897f1,mp_radiation_low
26894a946254a2c,mc/mtl_p8_zm_esc_warden_steampunk_decal_line
26929ceae7ace9f,attachment_damage_ar_damage_restriction
269748ec5a2ccc9,mc/mtl_p8_zm_zod_fireplace_metal_trim_ornate
269fccbe6d86a70,45_fmj
26a29f5c1cf0e0e,talon_spike
26a60ad62d3485c,events_health_boost_critical_heal
26ab84971833f6f,menu/select_spawn
26ac5f9dc617668,pc_openplayeraccountmenu
26aebecd386bb07,mc/mtl_wpn_t8_zm_broadside_cannon_side_handle
26b1821164ef96f,pb_emote_shared_fem_give_up
26c1477ae91aac9,scope_reflex_smg_standard_restriction
26c7bed9a313944,mc/mtl_p7_zm_sta_mirror_vanity_set_metal01
26c7eed9a313e5d,mc/mtl_p7_zm_sta_mirror_vanity_set_metal02
26c801b2c60f9c1,splm/t7_decal_damage_concrete_edge_01
26c80d10125cd38,scene_frontend_hub_t8_mp_outrider
26c92ba020cf897,menu/bundle_nikolai
26ce1b0171b6670,reaperfoleynpc
26d0f6c7629255c,zm_ai/fx8_blightfather_vomit_splat
26d1d36395eb93a,mc/mtl_p8_zm_bandolier_bandit_perk_totem_bone
26d8054ac9da64d,impacts/fx8_bul_impact_metal_sm
26dd584dfa3d1d0,scene_frontend_t8_scarlett
26e1bdb296956f9,mc/mtl_p8_zm_zod_light_fixture_1st_class_dining_ceiling_off
26e3b4dcdf5e144,mc/mtl_p7_ris_construction_ibeam_steel_new
26e7c17ca32934d,barrelchoke_zm
26e7fe86012bc14,zmb_ghost_seagull_vanish
26eec1edaccfd04,stopsign
26f46c7fbca1f8b,i_mtl_p8_zm_esc_infirmary_bathtub_n
26f49b70a722e57,capture_time_ctf
26f8630e14bead3,special_crossbow_t8_bribe
26ffdc9eb303a07,mc/mtl_p7_zm_mob_cell_bed_metal02_bloody
2711084e80b375f,loot_tags_random_set_1_6
27115e01c6069f5,wc/t7_zm_moo_concrete_sidewalk_slab_01_blend
27125c595b18e81,p8_fxanim_fray_brown_01_c
2719d818b9935c5,mcs/t8_metal_rebar_rust_01
271abb412f00c6e,melee_coinbag_bundle
271feebbc7e6b81,eq_shroud_scoreevents
2726c5d508fadc7,mpui/unlockxp
27298443c83f253,riotshield_slowed
272b11a2e0cc67c,menu/previous_page
272b250e215f1d4,boast_all_done_fem
272c2c9da7e6858,scripts/autogenerated/luielems/core/lower_message.gsc
272d23d494b46a7,vd/t7_decal_damage_metal_dent
2734145e586c78b,wz/attach_acog
273522ab9c467ce,zmweapon/tr_longburst_t8_upgraded
27356175cb607d2,impacts/fx8_bul_impact_fireworks_head_nonfatal
273979cd012b8b9,pistol_standard_t8_mp
273c6574279dea9,smg_thompson_t8_upgraded
2745cae792e6b7a,splm/p8_gutter_01_straight_64_painted
275c63b1dc0381c,o_t8_zm_zombie_board_6_pull
2768e809b8fa061,outfit_splinter_base_pal_com6_firebreak_shop
276c5fc3512cdb6,lf_light_sodium_lamp_sm
276db2c26ee907a,zombie/trap_locked
276de53f04e4789,c_zom_der_zombie_hat_gib_def
2770bbd1277d061,uie_repeat_nineslice_add
277b246f2f66123,attach_t8_charm_monty_bar_view
27846b8f13e4e20,events_drone_squadron_objective_defense
2785a9088fa0d1b,mp/match_tie
278a791a297f1bb,fxd8_zm_char_ghost_body
279036f8f16ddac,medal_sparrow_multikill_x2
2798d9a3ebf577e,operator_beltfeed_restriction
27a014c4ff13c24,ei/gfx_dust_spike_sm_anim_em_full_dark
27a2239a900eb8b,vd/t8_decal_grunge_stain_01_grey
27a4eb10323cbcd,acog_smg_accurate_t8_upgraded_tunables_zm
27a96b8d7414e56,zm_healthonkill
27ab9f53ab5e1a9,impacts/fx8_bul_impact_gravel_uw_lg
27ac74183113644,mc/mtl_p8_zm_esc_fan_trap_dirt
27af52cbbca59d7,mpui/cosmodrome
27b3bb66c8c3830,bot_tacquery_trigger
27b5eeee07b2c34,events_stim_job_support
27b9e1cd1b76547,ei/gfx8_spark_single_em
27bebdb7f17afa4,attachment_grip_sniper_fastrechamber_restriction
27d7ac9f14bce8f,mc/mtl_p8_zm_esc_perk_vending_tonic_chrome_metal_02
27d87e805fb5080,talent_lightweight
27d8d65afcb40c6,outfit_tigerstripe_base_pal_com6_firebreak_shop
27db3e9d4929879,weapon/tr_powersemi_t8
27de112e804c975,keyctrl
27ec312ed919232,mc/mtl_p8_wz_ep_pirate_flag_rope
27f56766ba1a803,menu/objectives_menu
27fb9548b8576c1,entity_knife_victim
280131879e5adc2,menu/move_left
280ee0b0ba3f7a5,events_grapple_gun_grappled_to_objective
281864f3fa86a4c,wc/t7_min_decal_grunge_ash_blend
282ba98e4fbf3c5,menu/teamkill_kick
2832fdb48fb8003,aar/objective
28349a34a84cac5,wc/t8_zm_zod_metal_painted_wall_heavy_black_blend
28390d13cbb27bb,menu/advanced_caps
28397add475addb,mc/mtl_p7_cabinet_drawer_handle
283c41f6a1e4502,bonuscard_primary_gunfighter_2
283c51f6a1e46b5,bonuscard_primary_gunfighter_3
283df5ec2cff912,rank/ltcol_full
2845c64be826501,vd/t8_decal_blood_streaks_wall_medium_01_wet
2849654c9c553ed,ar_fastfire_t8_tunables_zm
2853515d7daaadf,i_mtl_p8_zm_zod_turbine_bearing_forward_metal_n
2853615d7daac92,i_mtl_p8_zm_zod_turbine_bearing_forward_metal_m
28619e07bf4ded1,zm_bgb_secret_shopper
28665c4d79271c3,key/kp_enter
2870a226efa65af,flamethrower_beam
28719de87e7a32d,default_traversal_extents
287625e6eb2d006,wc/t7_metal_gunmetal_02_green
2897942fa629729,wc/t7_plaster_paint_peel
2898441290a4e72,scope_ir_ar_stealth_restriction
28a5d834251418d,menu/fileshare_download
28a68b33a142b7e,perkaholism_task
28a75e763226c91,quote_only_two_forces_in_the_world
28ad0517217586a,pc_display_ping
28ae4c4d508dd08,mastercraft_zerog_sunset_bundle_shop
28b340f8a01f9ac,mc/mtl_p8_zm_zod_light_lamp_desk_large_brass
28b6d710df48c0f,impacts/fx8_bul_impact_lava
28b8131f0a30919,talent_awareness
28bd51e75c4a6d4,sniper_powerbolt_mk2_bundle_shop
28bf4844bcdf128,zm_brutus_special_settings
28c2508cec5ba39,director_online
28c4fc0a98ca068,events_swat_team_called_in
28c69315fb0b1c8,em/arc
28c79de786ea8cc,wc/t7_zm_isl_decal_panel_line_01
28c8ea936a933be,uie_dual_gradient
28cef3b717d552e,p8_zm_esc_shard_metal
28d8a88bc780760,pillow
28e160aee9816f6,events_attack_chopper_objective_kill
28e3c1f597291bd,po_c_t8_mp_spe_recon_samurai
28e51b21abc852e,mcp/hud_outline_model_red
28e7a2d511629bf,mc/mtl_c_t8_bo_soldier_hardened_helmet_decal
28f227b4933f46a,mc/mtl_p7_zm_isl_specimen_container_metal_paint
28f789c977f85a4,fmj_sniper_powersemi
28f81484394b858,p8_decal_graphics_number_4_charlamagne
28fced519ebf460,menu/last_stand_caps
28fcf5f33a6213c,copy_double
28fd2f250c02785,vd/t8_decal_grunge_asphalt_oil_stains
2900797cb3cc6cc,scripts/core_common/array_shared.csc
29073a0f6d8c233,mod_death_circle
290e406cc3049ef,charm_pixel_alien
2910197a096516b,brutus_melee
2926467ac1fb827,uber_burstaccelerator
2931a55742ad3b2,defaultnpcfootstep_crouch_walk_npc
293ac24012b686c,mc/mtl_p8_wz_ep_bar_metal
293d1a0a62bb424,raps_impact
29440205394474d,dirt/fx8_dust_fall_md_impact
294899835f15385,wpn_lightning_gun_electrocuted_burst
294aa09f1128925,prt_mp_battery
294f58e65b449a0,zm_weapons/fx8_equip_mltv_fire_human_torso_loop_zm
2958154c9d3a371,ar_fastfire_t8_tunables_wz
295b5d6d39b1612,mc/mtl_attach_t8_smg_fastfire_handguard_01_alt
295b7913e971848,defaultattachmentunique
295fc6d9fc6fd87,menu/death_perception
2961fed81117ce8,mcs/t7_zm_shi_walls_tunnel_wood
296266c5d4ac503,i_mtl_wpn_t8_zm_freeze_gun_01_upgraded_c
296537bb434e2ba,mc/mtl_p7_zm_ctl_hunting_pouch_strap_metal
2966521e46a6991,weapon/fx8_muz_xlg_gas_1p
297a0d6fb981600,menu/deaths_caps
2981a180c26ee57,wc_secondarygunfighter3_restriction
2988acefea4eb81,entity_talon_npc
29893b69aef3bdf,heroes/marlton
2992d25d92b26ab,impacts/fx8_bul_impact_robot_limb_nonfatal_exit
299d089f575c86d,ei/gfx8_ring_thin_em_nocull
299f95a39ab2d77,codcaster/qs_xray
29a8811f36aaa99,vd/mtl_p7_shr_pillar_wood_scratches_decal
29a91ca2b3f0f12,zombie_cymbal_monkey_zm
29aa54509c8c5be,ei/gfx8_wz_insanity_numbers_em|dup
29af2af3c34811f,i_mtl_p8_zm_zod_sports_baseball_glove_leather_n
29af3af3c3482d2,i_mtl_p8_zm_zod_sports_baseball_glove_leather_m
29b35a534f5ced1,mc/mtl_wpn_t8_shotgun_semi_sight_sig_02
29b696e1b016da9,dst_spark_sml
29c1a5672216926,zm_ai/fx8_dog_death_exp
29c42419f55cee4,mc/mtl_p8_wz_ep_briefcase_blouse
29c8256a31c9fb0,loot_emote_wetwork_parrot_on_arm
29c903c6df90d6f,menu/black_market
29c91a24650095f,zombie/nikolai
29c957548871903,mc/mtl_p7_zm_sta_dragon_network_console_set_tube_base
29cb407572db8f9,ei/gfx_dust_fall_lg_anim_em_pb_i16
29cb5a3537b76f4,pstfx_zm_bgb_now_you_see_me
29e3480a83da7dc,p8_debris_coal_01_loose_01_ember_01
29e9ec9638d7ee1,vd/t8_zm_decal_scorch_mark_02|dup
29ef7f7d581b6bd,zm_heavystate
29f1815f1ed9b7c,shotgun_semiauto_t8_zm
29f38c2612a52ce,p8_zm_esc_packasplat_suitcase
29f38e6f38907ed,hero_hammer_lv2_zm
29f9f6052e11abc,ei/gfx8_shockwave_elec_anim_em
2a032987ce06949,zmweapon/smg_drum_pistol_t8_upgraded
2a1380dfccf30a4,zm_elixirshoppingfree
2a138c91a79e46d,maps/zm_escape/fx8_flame_wall_128x128
2a146216512bf11,events_stim_kill
2a175127f337dd2,dirt/fx8_dust_fall_impact_sm
2a183453ff2b29e,zm_ai/fx8_cata_water_purify
2a1ad1e65c24bcc,i_wpn_tac_rifle_mid_burst_cheekrest_n
2a1b21e65c2544b,i_wpn_tac_rifle_mid_burst_cheekrest_c
2a1b61e65c25b17,i_wpn_tac_rifle_mid_burst_cheekrest_g
2a1d3d676853e41,mc/mtl_p8_zm_esc_machine_smelting_main_03_iron
2a216e67b38bc14,zm_ai/fx8_blightfather_weakspot_elbow_amb_uw
2a25995be1c3225,lmg_standard_t8_upgraded_zm
2a274be47562f3f,scene_frontend_hub_t8_mp_firebreak
2a28243e6e34fe5,impacts/fx8_bul_impact_default_uw_lg
2a30ac0abc0b26b,em/eight
2a35dded4093911,events_cluster_semtex_vanguard
2a3d025599159c1,zm_perkssecretsauce
2a4358248de0c4a,splm/p7_debris_concrete_rubble_med_09_no_metal_warm_sml
2a451af7dd31b3a,menu/powerups_caps
2a4a40f8cf5b137,external_data
2a50b5ca195b73d,ei/gfx_light_ray_thruster_em_pb_i16|dup
2a51afa24f6c494,zm_enhanceddamagemult
2a576307f68c7ce,lmg_spray_t8_zm
2a584f5a65c70d1,spork_alcatraz
2a5860c101ba513,i_c_t8_mp_spe_seraph_assassin_corset_g
2a58a0c101babdf,i_c_t8_mp_spe_seraph_assassin_corset_c
2a58d0c101bb0f8,i_c_t8_mp_spe_seraph_assassin_corset_n
2a58e0c101bb2ab,i_c_t8_mp_spe_seraph_assassin_corset_o
2a5900c101bb611,i_c_t8_mp_spe_seraph_assassin_corset_m
2a59090493f9806,mc/mtl_veh_t7_mphd_forklift_decal_number_2
2a59290493f9b6c,mc/mtl_veh_t7_mphd_forklift_decal_number_4
2a6ea2811a2e0f1,menu/tab_achievements_caps
2a754016a37b9f5,wz_character_nikolai_ofc
2a79edfaf790195,mc/mtl_p7_pipe_metal_hp_4_02_off_white
2a7b89757514dfb,menu/x_seconds
2a7e73c3da45fb9,gamedata/ddl/generated/dlog_event_error.ddl
2a82669af8f6be0,zm_weapons/fx8_raygun_world_ug_zmb
2a899be924cd9c4,reaperfoleyquiet_walk_plr
2a8ce4921530426,ei/gfx8_water_bubble_md_lit
2a97b54c9e44249,ar_fastfire_t8_tunables_mp
2aa031d62e7af7b,attachment_quickdraw_shotgun_pump_restriction
2aa1e3d15eb64b0,ei/gfx8_smk_lg_vapor_anim_loop_lit_full_dark
2aa4214a6d3e915,featuretable_default
2aa45c5cedcf0f3,i_mtl_p8_zm_esc_book_zombie_metal_r
2aa49dcb73c70a2,wpn_t8_sniper_semiauto_bullet_01_view
2aa60c5cedd1ed4,i_mtl_p8_zm_esc_book_zombie_metal_o
2aa61c5cedd2087,i_mtl_p8_zm_esc_book_zombie_metal_n
2aa7a32ffabb0fe,target_assist
2aa851b63b0f330,gamedata/ddl/generated/leaderboards_player_list.ddl
2aaf256b0d0be2c,medal_comeback_from_deathstreak
2aaf2be1bb1c8ac,pc_mouse_sensitivity
2ab8b1e4b541409,i_mtl_p8_zm_box_wood_sml_decal_bolt_n
2aba7f8656c2510,menu/segment
2ac6fc8b2ff0f3e,scripts/zm/weapons/zm_weap_riotshield.gsc
2ac85d685cefd38,charm_lucky_cat
2acba21d0c15241,menu/rewards
2ace23e5aa47888,p8_kit_zt8_exd_05_railing_01_corner_inside_right_diagonal_painted_metal_32_01
2acf75448051751,equipment_seekermine_restriction
2ad3c3889593701,pc_display_gputime
2ad8654acd39474,impacts/fx8_bul_impact_metal_lg
2ad9fa67370bcd4,xboxlive/player2
2ada0a67370be87,xboxlive/player3
2ada2a67370c1ed,xboxlive/player1
2adbd6d4b6cd547,ges_plyr_gesture007_zm
2add104ae359015,i_mtl_p8_zm_esc_perk_vending_tonic_chrome_metal_m
2adf554768c4af5,zombie/fx8_power_debris_amb
2aea79fb70ae1a6,quote_only_who_is_left
2aed50407259fa6,mc/mtl_p8_zm_zod_scale_food_set_tray
2b033a0801af9a3,events_concertina_wire_assist
2b0406d40a9544e,menu/special_weaponry
2b0a44a5ac8b774,pc_category_display
2b0c33e93cf9136,mastercraft_enforcer_bundle_shop
2b0f88c1ea32069,mc/mtl_wpn_tac_rifle_mid_burst_frontend_mk2
2b1137500fd7506,deferred_pbr_check
2b11f5e227922d3,events_killstreak_5
2b213f4c4e78e16,mc/mtl_p7_zm_ctl_phone_military_vintage_decal_04
2b214f4c4e78fc9,mc/mtl_p7_zm_ctl_phone_military_vintage_decal_05
2b215f4c4e7917c,mc/mtl_p7_zm_ctl_phone_military_vintage_decal_02
2b216f4c4e7932f,mc/mtl_p7_zm_ctl_phone_military_vintage_decal_03
2b218f4c4e79695,mc/mtl_p7_zm_ctl_phone_military_vintage_decal_01
2b256e42df29b3c,dualoptic_ar_an94_t8_upgraded_tunables_zm
2b26f3fa1018561,impacts/fx8_bul_impact_blood_head_nonfatal_exit
2b289c32588b9cc,attachment_killcounter_sniper_quickscope_restriction
2b2a4061b92b6cc,gamedata/ddl/generated/mp_loadouts_offline.ddl
2b2f65244ea780e,codcaster_ds_objective_status
2b316f779d7f208,mc/mtl_p8_zm_bandolier_bandit_perk_totem_warhead
2b320324329be62,wpn_t8_zm_elixir_liquid_ultra_world
2b38d0e3cc5a45d,vd/mtl_veh_t8_decal_scratches_03
2b38f6fb98e8982,menu/unlimited
2b3f187e0a81420,mc/mtl_p7_rus_canister_industrial_metal_01_white
2b46dd20d19250f,mc/mtl_p7_spl_weapon_toy_sword_01_gray
2b4dca75d9907cd,outfit_super_hero_epic1_ruin_bundle_shop
2b5802ad04a2ca5,mc/mtl_p7_rus_bookshelf_metal_decal_line_dirt
2b68c766f67ab38,impacts/fx8_bul_impact_money_head_fatal_exit
2b6db7e7f119842,scope_fastlockon_launcher_standard_restriction
2b7288e78b10fc9,zmweapon/lmg_stealth_t8_upgraded
2b7c322a1d03e53,surface_explosion_grenade_sticky_widows_wine
2b81eda36f2b2aa,mc/mtl_attach_t8_smg_accurate_handguard_01_attach
2b856f1fa708c7e,gamedata/ddl/generated/dlog_event_notification.ddl
2b8eac0cf067f8b,robot_speed
2b909096941505e,wc/t7_dlc1_wood_panel_01_polished_white
2b95e616cb6425b,impacts/fx8_flechette_impact_wood
2b9f5d388cc7f57,impacts/fx8_bul_impact_blood_body_fatal_zm
2ba1439110d18f8,mc/mtl_p8_zm_esc_warden_dresser_decal_02
2ba1539110d1aab,mc/mtl_p8_zm_esc_warden_dresser_decal_03
2ba1739110d1e11,mc/mtl_p8_zm_esc_warden_dresser_decal_01
2ba1a39110d232a,mc/mtl_p8_zm_esc_warden_dresser_decal_04
2ba1b39110d24dd,mc/mtl_p8_zm_esc_warden_dresser_decal_05
2ba6945967ef866,weapon_raise_quick
2ba7d479ac6b138,contract/play_public_match_games
2ba929cd04eb2dd,pistol_standard_t8_zm
2bb59917941eea2,menu/use_reload
2bc7b0621575f6f,zmui/red_loc
2bc9ec88f7ae9d6,steadyaim_smg
2bcf73997e252be,ei/gfx_fire_candle_sm_1_anim_em_pb_i16
2bd0375e9e20dab,heroes/engineer
2bdc83298a3e0f7,medal_kill_enemy_with_fists
2bdd456ce2308cc,lmg_enemy
2be25d65703f743,wc/t7_zm_sha_decal_damage_concrete_cracks_01_dark
2be491742d9e097,zombie_perk_bottle_death_perception_tunables
2be4ae80e07b70b,loot_emote_shared_male_book_of_hell_shop
2be50f0a328cd22,mc/mtl_p7_mou_scaffolding_metal
2be886c73d75c3f,wc/t7_zm_ori_decal_damage_crater_01_mud
2beb8a68fe81742,menu/talent_dexterity
2bebc137d0d3f59,mc/mtl_p7_slu_panel_electrical_plastic_01
2bf037715006670,pb_melee_alt_fem_draft_preready_5
2bf047715006823,pb_melee_alt_fem_draft_preready_4
2bf077715006d3c,pb_melee_alt_fem_draft_preready_1
2bf0977150070a2,pb_melee_alt_fem_draft_preready_3
2bf0a7715007255,pb_melee_alt_fem_draft_preready_2
2bf9194fad978e9,p8_zm_esc_gun_gallery_metal_beam_01_leak
2c010a459404707,reaperfoleyloud_run_npc
2c0239393dbfaa2,scope_holo_tr_powersemi_restriction
2c03eb685b6fe1b,perk_ethereal_razor
2c06de351585d92,operator_echofire_restriction
2c0b0eb6073429c,mcs/mtl_p8_kit_zt8_thi_01_door_35_left_painted_wood_02
2c0c52924cdcb31,em/sight
2c0f11f5f0b4fa0,exe/playerkicked_ban
2c104075fc7ca34,talent_dexterity
2c126e896aa89a6,zombie_perk_totem_dying_wish
2c192f82b6eae71,menu/classic_mode
2c199b2799c99e3,ei/gfx8_fol_grapevine_leaf_lit|dup
2c19fd02b6c8704,menu/gesture_camera
2c1b4bf10ea515d,reaperfoleyquiet_walk_npc
2c1cbb7f8dc4284,zombie_perk_bottle_revive_tunables
2c1f293d65333d1,smg_fastburst_t8_upgraded_zm
2c26fef92fecd34,ec/gfx_gel_drops_pcloud_em_i350
2c2be32a8ed9be9,use_spawn_groups
2c2c42a11334ae6,extbarrel_pistol
2c2f52651f80199,attachment_fastreload_ar_standard_restriction
2c355dd09407749,impacts/fx8_bul_impact_dirt_base_sm
2c372286585ca95,zombie_perk_bottle_wolf_protector_zm
2c400dad31609c0,menu/master_volume
2c4e749e614c560,gamedata/ddl/generated/mp_progression.ddl
2c5bbd29f07aef6,mc/mtl_p7_wes_weapon_gun_set_decal_trace_01
2c60e7a0335fdd4,mpui/agrkills
2c619b398467c71,i_mtl_p8_zm_esc_lab_monitor_main_n
2c65934f5909f3f,server_msec
2c6b69eb079ca06,mpui/accuracy
2c6c2d1a2ef1b46,scripts/zm_common/zm_ui_inventory.gsc
2c72b1e3c44b520,defaultplayerquietfootstep_walk_plr
2c74ff160264d00,events_molotov_cocktail_multikill_3
2c750f160264eb3,events_molotov_cocktail_multikill_2
2c754f16026557f,events_molotov_cocktail_multikill_6
2c755f160265732,events_molotov_cocktail_multikill_5
2c756f1602658e5,events_molotov_cocktail_multikill_4
2c777f4cd1b4cd0,talent_lightweight_mp
2c794d1c74be4e1,core_rock_med_c
2c799cc48d4d897,sniper_mini14_t8_upgraded
2c79ea24ab1a2ba,null/empty
2c7d417ffd8a2a0,p8_zm_vapor_altar_icon_01_blaze_phase
2c8357899c8feb7,i_mtl_p8_zm_elixir_icon_burned_out_c
2c84f5365dc20b9,mc/t7_concrete_painted_cyan_blend
2c8898c97d2e273,mc/mtl_p8_trunk_small_worn_02_detail_01
2c88b8c97d2e5d9,mc/mtl_p8_trunk_small_worn_02_detail_03
2c909083aa17bf2,pc_gamepad_enable
2c99eb591ce8eb6,mod_unknown
2c9ab88761846d0,mc/mtl_wpn_t8_smg_fastfire_grip_sig_01
2c9ac9338fda8d1,aib_t8_zm_zod_homunculus_jump_up_01
2c9ae8876184be9,mc/mtl_wpn_t8_smg_fastfire_grip_sig_02
2c9b1cedea19b10,wc/t7_cru_metal_trim_simple_darksilver_01
2c9e47e97711fc3,loot_contract_categories
2ca46b59706c99e,em/kiss
2ca510ad43bad09,p8_wz_ep_tnt_bomb
2ca87e73863e2c0,i_wpn_t8_zm_shotgun_trenchgun_bolts_base_s
2ca97e73863fdf0,i_wpn_t8_zm_shotgun_trenchgun_bolts_base_c
2ca9be7386404bc,i_wpn_t8_zm_shotgun_trenchgun_bolts_base_g
2caa3e738641254,i_wpn_t8_zm_shotgun_trenchgun_bolts_base_o
2caa4e738641407,i_wpn_t8_zm_shotgun_trenchgun_bolts_base_n
2cadc0bbd0d2aed,gd_c_t8_mp_spe_prophet_egyptian_arms1_cst
2caf950d24e1826,gamedata/ddl/generated/clan_data.ddl
2cb2706a5f113e9,gsoc_zm_shield
2cbd9fe4d6fcaee,outfit_global_warpaint_bundle_boogie_man_shop
2ccc9aa4ca643f3,tabun_gas_mp
2ccd50bea4a47c9,ei/gfx_water_splash_swirl_anim_em|dup
2cd01365c5a2e61,store/release_date
2cd106bd9030ed2,mc/mtl_c_t8_gen_hair_eyelash_card3_female_blonde
2cd5c146fbffac5,events_sensor_dart_assist
2cd6b127f58a7bf,dirt/fx8_dust_fall_impact_lg
2cdf132c17d42f6,impacts/fx8_bul_impact_blood_limb_fatal_uw
2ce1709004167aa,zm_weapons/fx8_aat_elec_torso
2ce2a02c2075571,ei/gfx8_shockwave_elec_anim_em|dup
2ce6c41572d85d9,quote_greater_the_difficulty_greater_the_glory
2ce72e11bca87a1,zombie/fx8_perk_altar_symbol_ambient_mule_kick
2cecb4c74ae2dec,operator_fatbarrel_restriction
2cf48e9b8ad72fa,special_crossbow_t8_bribe_free
2cf606e1aa12ea3,outfit_benjamins_legendary1_outrider_shop
2cf725572f033bb,functional_dlc_bribe
2cf85272bab6b1e,mc/mtl_p8_zm_esc_infirmary_bathtub_rust
2cf91221b6cfeb7,weapon/ray_gun
2cfee16971637f4,impacts/fx8_bul_impact_glass_sm
2d037c21585edf9,mc/mtl_wpn_t8_zm_homunculus_syringe_body
2d06cf78a4133d3,mpui/uber
2d08a127f5b1243,dirt/fx8_dust_fall_impact_md
2d12be4c1bf7019,41_vanquisher
2d15685889bd96f,presence/mp_seaside_alt
2d1710a355e231b,zm_specweapcharge
2d171307f8dfa3a,lmg_spray_t8_mp
2d1daf0f5526705,gd_c_t8_mp_spe_firebreak_heist_lowerbody1
2d1e4b32d842ae4,zombie_fists_bowie_story_1_zm
2d1ffc7059ac67b,quote_there_is_nothing_impossible_to_him_willing_to_try
2d215e9fdf482cb,player_health_regen_time
2d2981b339f0b2b,mc/mtl_p7_zm_asc_machinery_industrial_decal_yellow_sign
2d2a2d58e302463,ei/gfx_elec_arc_rand_center_em
2d2c7a2b082c228,ww_freezegun_t8_zm
2d2d99830ed3fb1,menu/days_mon
2d34a7095dba9fc,mc/mtl_p8_zm_esc_turbine_generator_turbinefrontplates
2d3c61b966e57d6,speedreloader
2d3df81e4af86e2,wz_loadouts_custom
2d502dd669e5d70,zmb_ghoul_spawn
2d518e184c2279c,mc/mtl_p8_zm_zod_turbine_pipe_fastener_metal
2d570e262460d0f,reaperfoley_walk_npc
2d5ac11f9325932,prt_wz_hudson_hawaiian
2d5d4653aaa79b3,mc/mtl_p7_zm_gen_metal_rebar_01_rusty_concrete
2d5eaa7718f37da,charm_shark
2d6904edfcf713c,defaultdlogevent
2d6d84cb8753b37,ei/gfx8_light_ray_wide_soft_em_pb_i16
2d71931cd187aa2,em/w01
2d730d2baedf32a,outfit_warrior_epic2cop_nomad_shop
2d74bc88c45ea6c,outfit_tigerstripe_base_pal_com6_battery_shop
2d76ed35e0b625a,mp/opponent_forfeiting_in
2d77c3d8f8cdb1e,aib_vign_zm_mob_smelter_ghost
2d91315f21f0b44,shotgun_semiauto_t8_mp
2d997d231cfc3d5,scope_reflex_pistol_standard_restriction
2d9c1a27f6a6cc7,mcp/hud_outline_model_z_alpha_scriptint
2d9c84320ae2ca1,ui_cam_cac_equip_frag_zm
2d9ea4431d2c80a,surface_bounce_rocket
2da69e5d893f986,zombie_perk_totem_wolf_protector
2da8d60761ed0fd,mc/mtl_p8_zm_zod_light_morse_lamp_metal
2da8eb825bd503d,ei/gfx_fog_slow_wide_lg_anim_lit_full_lite
2dab4c677cf3ed3,wz_character_dempsey_ofc
2dad71980d51ac8,aib_vign_zm_mnsn_tornado_zombie
2db5f893cf6fd1a,key/semicolon
2dbb63aadfe551d,output_hdr
2dbe3072e90d7b2,vd/t7_decal_grunge_oil_stain_wet_01
2dc3fea467322df,wc/t7_metal_bare_tungsten_brushed_2_worn
2dc60b6482f43a1,i_mtl_p8_zm_zod_turbine_pipe_stabilizer_decal_grunge_01_c
2dcf73f34219a7e,zombie/fx8_perk_altar_symbol_ambient_dying_wish
2dd7300b1c2d100,codcaster_ls_equipment
2dde0467aa0caf5,vd/t8_decal_grunge_dirt_ice_layer_blend
2de2511e83fc28e,events_seeker_shock_mine_paralyze_objective_assist
2de42854fb8d930,charm_toilet
2de83813760a919,weapon/fx8_muz_lg_smk_1p
2debc821fe9a08b,menu/motd
2def45fb1c4bef5,weapon/mute_smoke
2df4c621a1323ed,mcs/mtl_p8_zm_zod_table_settings_set_silver
2df4d918e4a46f6,gd_c_t8_mp_spe_seraph_lowerbody1_cst
2df8dc1e8631d2d,mc/mtl_attach_t8_smg_accurate_handguard_02_attach
2dfaacdba52f713,scripts/core_common/gestures.gsc
2e02d4a3a3f9300,ui_cam_icon_smg_capacity
2e03c5f90bc687b,vd/t8_decal_blood_footprint_path_generic_01
2e08a4cb3169d29,mc/mtl_veh_t8_drone_seeker_shocker
2e0a1a4c27c2d0e,el/gfx_lightning_bolt_trail_em_gp_i16
2e0edd3f84fc8c8,mc/mtl_p7_zm_asc_cabinet_electronic_panel_01
2e0efd3f84fcc2e,mc/mtl_p7_zm_asc_cabinet_electronic_panel_03
2e0f0d3f84fcde1,mc/mtl_p7_zm_asc_cabinet_electronic_panel_02
2e0f1d3f84fcf94,mc/mtl_p7_zm_asc_cabinet_electronic_panel_05
2e0f2d3f84fd147,mc/mtl_p7_zm_asc_cabinet_electronic_panel_04
2e0f3d3f84fd2fa,mc/mtl_p7_zm_asc_cabinet_electronic_panel_07
2e11137a3149023,loot_ar_fastfire_sig_01_sunset_bundle_shop
2e17d41062eef39,snowball_wz
2e1839cc9daaf76,i_t8_zm_off_trim_wood_08_n
2e18c9cc9dabec1,i_t8_zm_off_trim_wood_08_g
2e1909cc9dac58d,i_t8_zm_off_trim_wood_08_c
2e196634fdc9144,steadyaim2_ar
2e1fd8848bb03ac,i_attach_t8_pistol_revolver_hical_diamond_mk2_n
2e227d6884dfee6,presence/zm_mansion
2e236f457047c03,scope_holo_smg_standard_restriction
2e2520974fda889,outfit_snake_legendary2_seraph
2e2ab0a90bab353,weapon/uber_speedcenter
2e38012bb4a2105,smg_vmp_t8_zm
2e384183a29f400,pc_disable_minimize
2e3b8129ea79998,mc/mtl_p8_zm_esc_magic_box_dirty_02
2e3b9129ea79b4b,mc/mtl_p8_zm_esc_magic_box_dirty_03
2e3bb129ea79eb1,mc/mtl_p8_zm_esc_magic_box_dirty_01
2e3be129ea7a3ca,mc/mtl_p8_zm_esc_magic_box_dirty_04
2e3c16ec745dc00,mc/mtl_p7_zm_ver_wheelchair_decal_05
2e3c26ec745ddb3,mc/mtl_p7_zm_ver_wheelchair_decal_04
2e3c35e45d2242b,events_tripwire_ied_flag_carrier_kill
2e3c36ec745df66,mc/mtl_p7_zm_ver_wheelchair_decal_07
2e3c46ec745e119,mc/mtl_p7_zm_ver_wheelchair_decal_06
2e3c56ec745e2cc,mc/mtl_p7_zm_ver_wheelchair_decal_01
2e3c76ec745e632,mc/mtl_p7_zm_ver_wheelchair_decal_03
2e3c86ec745e7e5,mc/mtl_p7_zm_ver_wheelchair_decal_02
2e4072f0a4f28ea,medal_kill_enemies_one_bullet
2e4167fa6881159,mc/mtl_p7_pipe_metal_hp_12_flange_rust_dmg
2e4242b7afc8204,defaultmaptablelist
2e43e2102af0382,ei/gfx8_smk_tendrils_varied_em_pb_i16
2e46359ae356136,menu/slow
2e4ba262b59b396,medal_radiation_field_shutdown
2e5013fc07f12a5,98_secret
2e570f6fc499b57,scripts/core_common/barricades_shared.gsc
2e58f813766dc2b,weapon/fx8_muz_lg_smk_3p
2e602575c7dd8c6,mc/mtl_p7_wes_trunk_chest_decal_wood_01
2e61b49d5a9bacd,menu/info_caps
2e6f7e13c3a99ef,prt_zm_nikolai
2e7a274de12337e,prt_wz_soldier_air_female
2e7da220a29422c,mc/mtl_p8_zm_esc_infirmary_bathtub_paint
2e8385d2b3f5cb7,outfit_loot6_legendary1_firebreak_shop
2e86de300e56162,wc/t7_brick_worn_heavy_grout_brown_wet_blend
2e88b092f56d513,zm_powerupsinsta
2e8fa18f04d2211,elo
2e8fa7cbcc02ee4,zombie/undefined
2e9330a04b5d8cc,mc/mtl_p8_zm_zod_engine_pistons_rod_small_metal
2e93bdd09611a58,impacts/fx8_bul_impact_dirt_base_lg
2e94454bf25eb0c,extraction_time
2e9bf2a972ceced,dualoptic_upgraded
2e9e5c5026c2620,zm_bgb_shopping_free
2eae0dda1cf3d31,defaultnpcquietfootstep
2eae8c739ad7e55,em/gobbler
2eafc17a432322a,zm_ai/fx8_cata_cor_death
2eb09d466c03592,wc/t7_metal_beam_trim_01_gray
2ec1ef8c9536af0,smg_minigun_t8_upgraded
2ec2123a7855006,dirt/fx8_dust_motes_light
2eca6fba714f086,mpui/fastreload2_desc
2ecedf1d9a8ed61,mc/mtl_veh_t7_zhd_tanker_truck_interior02_leather
2ed0fd388f8051e,impacts/fx8_bul_impact_blood_body_fatal_uw
2ed135e562aeade,menu/wolf_protector
2ed24f3105db690,mc/mtl_p8_zm_esc_power_switch_plastic
2ed73f3d04ae902,mc/mtl_wpn_tac_rifle_mid_burst_laser_mk2
2edcda659369510,zm_lab_argon_array
2ee2009bea7f0d5,outfit_warrior_epic1_crash_sunset_bundle_shop
2ee415f8e35e956,attachment_extclip2_pistol_burst_restriction
2ee66b5553cce5a,ei/gfx8_light_core_hot_em|dup
2ee707a188122d5,mvp_dom_hvo
2eef8169730f981,impacts/fx8_bul_impact_glass_lg
2ef01c7b1e5f8ab,events_health_boost_job_support
2ef14a5e3aeada3,recent_players
2efff0b19944471,mc/mtl_p8_zm_zod_bench_boat_deck_bolt_grunge
2f070cd396414d1,defaultnpcfootstep_run_npc
2f07b49d4d03ad8,loot_emote_exotic_shared_paper
2f0ad7055088814,mpui/supply
2f0cde668b138cc,mp/3rd
2f0ec48888bd42a,pc_auto_mantle_enabled
2f11c8f87cb82ee,medal_bomb_detonated
2f14cdc3fd9717b,contract/class_gluttony
2f1863702acec62,mc/mtl_p7_shr_weapon_shield_01_01_decal
2f263270884a9e7,pc_gamepad_look_invert
2f2c552a0d37b17,i_mtl_p8_zm_esc_warden_steampunk_01_n
2f2c652a0d37cca,i_mtl_p8_zm_esc_warden_steampunk_01_m
2f2d790f166f87d,charm_steak
2f33c7137ab0379,impacts/fx8_bul_impact_raven_body_nonfatal_uw
2f3614a5659397b,menu/40_points
2f37b3a10614728,splm/p8_kit_zt8_exd_05_railing_05_basic_painted_metal_32_01
2f38045d6300ac7,mc/mtl_p7_zm_mob_cabinet_steel_metal_01
2f38145d6300c7a,mc/mtl_p7_zm_mob_cabinet_steel_metal_02
2f38245d6300e2d,mc/mtl_p7_zm_mob_cabinet_steel_metal_03
2f3a0232a632613,ei/gfx8_smk_tendrils_varied_em|dup
2f3d1315759075a,em/o01
2f42ec88f0ed2ec,warzone/using
2f46ce64c25c423,weapon/melee_demohammer_t8
2f47b84e3d2f6c0,ei/gfx8_ring_thin_em_nocull|dup
2f4ab41f29dfbf7,gear_equipmentcharge_mp
2f4eaa119454133,i_mtl_p8_wz_ep_pirate_flag_post_g
2f4eea1194547ff,i_mtl_p8_wz_ep_pirate_flag_post_c
2f4f1a119454d18,i_mtl_p8_wz_ep_pirate_flag_post_n
2f5726362d22983,mc/mtl_p7_zm_kin_cabinet_metal_lrg_set_decal_08
2f5796362d23568,mc/mtl_p7_zm_kin_cabinet_metal_lrg_set_decal_01
2f57b6362d238ce,mc/mtl_p7_zm_kin_cabinet_metal_lrg_set_decal_03
2f57c6362d23a81,mc/mtl_p7_zm_kin_cabinet_metal_lrg_set_decal_02
2f57d6362d23c34,mc/mtl_p7_zm_kin_cabinet_metal_lrg_set_decal_05
2f57e6362d23de7,mc/mtl_p7_zm_kin_cabinet_metal_lrg_set_decal_04
2f5806362d2414d,mc/mtl_p7_zm_kin_cabinet_metal_lrg_set_decal_06
2f5aeee2500861d,events_battle_command_objective_assist
2f5b3938d647da8,attachment_fastreload_lmg_heavy_restriction
2f5c4e00b266546,pb_emote_shared_fem_ice_cream_alt
2f66f33526fb9fb,ei/gfx_water_splash_swirl_anim_lit
2f686c17c2ea85e,shotgun_semiauto_restriction
2f6b4f6dd8585ac,pistol_burst_t8
2f6bfbdba41352b,i_mtl_p8_wz_ep_hacky_sack_g
2f7170122f3c95e,amb_power_loop_arc_2
2f753d2a430d5b5,pstfx_zm_chakram_whirlwind
2f86f8bb88d2de5,mc/mtl_p7_zm_tra_power_panel_set_painted
2f8a64572521b60,pc_voice_volume
2f8bc2b24b3be03,mc/mtl_wpn_t8_pistol_burst_body_sig_02
2f9d336a38efe2c,ei/gfx8_exp_burst_sm_anim_em_desat
2fa06e3e230002c,mpui/captures_caps
2fa0f961fbad32e,impacts/fx8_bul_impact_snow_lg
2fa123437fd3e46,culling_prepare_multidraw_bindless
2fa47140d97f89d,menu/options_caps
2fa76e2369ddcfb,director_online_zm_private
2fa851adfc91c0a,zm_escape_map_interact
2fa862ec34cb783,smg_handling_t8_upgraded_tunables_zm
2fa8e1b71e589f5,zombie_perk_bottle_dying_wish_zm
2fac5657779eb47,p8_zm_esc_warden_house_door_broken
2fb56531b33a60d,zm_weap_scepter_plant_rumble
2fb61f959a5fe7a,jumptakeoff_surface_plr
2fc77d5cc54788c,i_wpn_t8_eqp_sensor_dart_rail_o
2fc78d5cc547a3f,i_wpn_t8_eqp_sensor_dart_rail_n
2fc7bd5cc547f58,i_wpn_t8_eqp_sensor_dart_rail_c
2fc7fd5cc548624,i_wpn_t8_eqp_sensor_dart_rail_g
2fc8bd5cc549a88,i_wpn_t8_eqp_sensor_dart_rail_s
2fcaeb5ef032bd2,gd_c_t8_mp_spe_seraph_arms1_cst
2fcd75fcffb3f08,ei/gfx8_spark_rndhit_hdr
2fcea51454f0bdd,menu/hardcore
2fd2b0ed330a3d4,talent_flakjacket_wz
2fddbe4a960b322,wc/t7_zm_isl_stone_block_wall_01_wet
2fdfe2530dacd29,weapon/smg_mp40
2fe05961fbeab07,impacts/fx8_bul_impact_snow_sm
2ff005d122ef9b8,i_mtl_p8_zm_esc_gondola_decal_02_n
2ff090854417ad3,mc/mtl_p7_zm_ver_bed_vintage_decal_02
2ff0a0854417c86,mc/mtl_p7_zm_ver_bed_vintage_decal_01
2ff0c5d122f0e1c,i_mtl_p8_zm_esc_gondola_decal_02_r
2ff8b80ca19a5f9,director_online_wz_theater
2ffb5a5b6e1a9a3,vd/mtl_loot_ui_icon_tags_poster_firebreak
2ffb7db71976309,maps/zm_escape/fx8_flame_wall_256x256
2ffe694489b67a0,wc/t7_decal_grunge_rust_orange_drips_dark
3005faf2c4b49f3,tr_midburst_t8_zm
3016b6721338942,ei/gfx8_liquid_radial_em_gp|dup
3021a69b45089de,cin_zm_dlc1_spike_plant_loop
3023c54469bbc06,impacts/fx8_bul_impact_dirt_xlg
3026c53f1f87ae9,outfit_warrior_epic1_wetworks_spectre_sunset_bundle_shop
302c0f86d854dce,contract/shutdown
302e9e1f866c382,wc/mtl_p7_pallet_wood_splinters_dark
302f43b2e22a52c,ei/gfx8_water_ripple_anim_lit_nocull
3032e329f947eaf,outfit_super_hero_epic1_prophet_bundle_shop
30385f3d91b5aae,moneyhungry_task
303ff4a09392a0d,medal/dart_kill
3044a0008901d23,drone_squadron
30530e80340cccc,mc/mtl_attach_t8_ar_modular_rapidfire_sig_03
3061a024be4a4cf,ei/gfx8_smk_md_thick_lobe_anim_lit_full_lite
3069421bd9721dc,p8_wz_ep_grill_barbecue
3069bd67965cf57,explosions/fx8_exp_grenade_default
306a30dfe6aa272,mc/mtl_attach_t8_optic_thermal_scope_lens
306b7b1052e42b0,aim_assist
306e766fbef22e6,wc/t7_cry_metal_painted_glossy_white
307f05bb0a5b535,shotgun
308420bb3cebc8f,mpui/desc_morocco
3089512bb6960f1,smg_vmp_t8_mp
308a14183509f51,mc/mtl_p7_zm_mob_chair_electric_generator_cooper
30939992111dcff,ei/gfx8_muzzleflash_omni_desat_em|dup
309c84bce8cee3a,mpui/returns
309da7671d7f128,mc/mtl_p7_zm_moo_teleporter_sphere_copper_wire
30a5ef54971c4b8,mc/global_diffuse_red
30aa978bea33694,menu/look_up
30b28a22f644cfc,mc/mtl_wpn_t7_camo_black_polish
30b6932c0e341eb,mc/mtl_wpn_t8_shotgun_semi_receiver01_sig_01
30b6a32c0e3439e,mc/mtl_wpn_t8_shotgun_semi_receiver01_sig_02
30b7a68329d286b,mc/mtl_p8_zm_elixir_icon_stock_option
30bc41f2404f851,menu/cod_account_caps
30bc4f4a5fb3bc7,mc/mtl_wpn_t8_shotgun_semi_shell_mount_sig_01
30bfbdd90ea3cc3,surface_bullet_explode
30c1a33bcadf73b,p8_zm_esc_library_pillar_02_corner
30c3d7e5d559d19,zombie/extra_life
30c483242b40bb7,mc/mtl_wpn_t8_pistol_standard_back_sig_02
30c6a3067af3bf8,mc/mtl_p8_zm_zod_wash_station_set_metal_01
30c6d3067af4111,mc/mtl_p8_zm_zod_wash_station_set_metal_02
30c8843e73df620,impacts/fx8_bul_impact_default_uw_sm
30d9d44afe93dac,weapon/acid_bomb
30dd7b2f18889b2,presence/zm_white
30e2c95a219f969,ofc_nikolai
30e3291cae3b613,vd/t8_zm_chaos_base_01_reveal
30e88a62aed5214,ar_modular_t8_mp
30e9b8e6c65cde4,look_inversion
30ecaeff199c96b,mc/mtl_p8_wz_ep_drink_coconut
30ecb6094ec1b59,ei/gfx8_spark_shower_core_hdr
30ed1a2d5032bd6,mc/mtl_p7_zm_sta_box_store_set_cigar_wood
30ef627235e0d31,mpui/timeplayed
30f15c9996a69af,ei/gfx8_light_ray_solid_wide_em_pb_i16_nocull|dup
30f628640a03316,mc/mtl_wpn_t8_sig_bow_sticks_handler
30fcf684336ed82,zm_ai/fx8_cata_cor_aura_locked
310d50be06cbe63,pc_expander_inventory_zm
310da73e298b76b,ei/gfx8_liquid_string|dup
31160695feb93bd,vd/mtl_loot_ui_icon_tags_halloweenevent_werewolf
311f21d46dbf6ea,sniper_mini14_t8_bribe_free
312507b906e8483,presence/mp_firingrange2
312bc36741c9418,scripts/core_common/ai/planner_commander_utility.gsc
31345143a52e0c5,vd/t8_decal_damage_bullet_holes_wood
3136a261475a082,mc/mtl_p8_zm_esc_nixie_decal_bolt
3139323ee602453,apc_cougar_camera
313e3dffba7aa5e,ui_cam_icon_launcher_standard
3141e59cadaec2f,mcs/mtl_veh_t7_zmb_zod_train_decal_line_02
3142c03562fa60b,activecamoinfo_t8_smg_accurate_wz
315321629a290c5,aib_t8_zm_zod_homunculus_dth_01
315403ead89b62e,berserker_hvo
315c79c0abab521,mc/mtl_p8_usa_restroom_sign_light
315e0b90bd1f6dd,menu/team_scoreboard
3162872c5674207,pc_raisestancejump
3163251491f0188,em/female
31669d309ace126,mc/mtl_p8_wz_ep_unicycle_makeshift
316b397dd0fa158,scripts/core_common/array_shared.gsc
316da72818394bb,mc/mtl_p8_zm_zod_mail_bag_set_leather_decal_02
31824484f2728f4,defaultnpcloudfootstep_ladder_hand_npc
31859eba48a81a9,weapon/fx8_muz_md_smk_1p
31873a30b0254e9,gear_equipmentcharge
318bc8c595bb304,pc_quickcycle_consumable
318f58862cc3be5,zm_selfrevivecount
3191086ca7c5b79,mc/mtl_p8_zm_esc_piano_decal_04
3191186ca7c5d2c,mc/mtl_p8_zm_esc_piano_decal_03
3194d82878b803c,splm/mtl_p8_chi_beam_roof_metal_grunge_02
3194e82878b81ef,splm/mtl_p8_chi_beam_roof_metal_grunge_03
3195082878b8555,splm/mtl_p8_chi_beam_roof_metal_grunge_01
31964f4b1361b2a,menu/spawn_caps
31a0b8abb4ce0b9,mc/mtl_mphd_forklift_wheel
31a6ca9a4eec046,menu/update_needed
31aabfa3b0c8d5f,mcs/mtl_p7_zm_zod_crane_gear_02
31aacfa3b0c8f12,mcs/mtl_p7_zm_zod_crane_gear_01
31b052cc54f4bc6,mc/mtl_p7_zm_isl_pipe_hp_4_01_rust
31b2086c9ab776f,menu/high_boost
31b2d61dfb83fe6,zm_heavyfrequency
31c354188aa380d,weapon/fx8_amulet_impact_robot
31c69faa2f54852,menu/ctf_desc
31c95976eb01392,ui_cam_icon_lmg_heavy
31caffcbf82bfc9,mc/mtl_wpn_t8_pistol_burst_decals_sig_02
31cbb747c8b0e86,prt_wz_captain_price
31d2030796963b2,spectre_grenade
31e22590dee23f3,ei/gfx8_water_bubble_md_lit|dup
31e2b6bccbc0f97,i_mtl_p8_zm_dying_wish_perk_totem_iron_helmet_shiny_c
31e422bc40b2429,menu/notice_caps
31e43344cb8e95b,mc/mtl_p8_wood_plank_painted_01
31e44344cb8eb0e,mc/mtl_p8_wood_plank_painted_02
31e6136f9b444fb,menu/attachments
31e6e31fbc09994,impacts/fx8_bul_impact_wz_gravel_base_xlg
31e7b3c72564429,uie_repeat_nineslice_normal
31e8976a83944fa,mc/mtl_p8_zm_zod_turbine_greeble_002_metal
31edafbd55baaf1,mc/mtl_p8_wz_ep_zm_teddybear
31f65eba490b4bb,weapon/fx8_muz_md_smk_3p
31f7a59c0f7eb4d,impacts/fx8_bul_impact_raven_limb_nonfatal_exit
31f89f4cd65e13c,talent_lightweight_wz
31fa2d0e6d678c0,mc/mtl_p8_zm_zod_label_box_grousling_decal
32024ae038cbd51,mc/mtl_p8_wz_ep_grill_barbecue_wheel
32064fa7a8477d3,scripts/core_common/containers_shared.gsc
321747d9ddc6efb,disabler_sd_hvo
3218d50d57cdf5f,boast_30_fem
3219927dd94bd1f,medal_war_killed_enemy_while_capping_control
321f4d10cb195d0,mc/mtl_p7_shr_weapon_bow_02_wood02
321f7d10cb19ae9,mc/mtl_p7_shr_weapon_bow_02_wood01
322978d8b62a956,menu/mute_caps
32317451d31fb13,charm_keytar
3234dafb758059a,splm/mtl_p8_zm_esc_shower_fence_set_metal
323fafff73821a1,defaultobjective
324332f1178da1b,achievements/zm_towers_arena_title
324391a1935fc3b,i_c_zom_player_engineer_arm_n
3246733be471886,lb_mp_gm_ctf
324a632eda51c8a,menu/open_map
324b830a703293d,mc/mtl_p7_zm_asc_panel_metal_grey_04
324e8027b1132be,vd/t7_decal_blood_hand_05
324e9027b113471,vd/t7_decal_blood_hand_04
324ea027b113624,vd/t7_decal_blood_hand_03
324eb027b1137d7,vd/t7_decal_blood_hand_02
324ec027b11398a,vd/t7_decal_blood_hand_01
3253666cb18e89c,rob_zm_off_table_plotting_map
3255660bf8410d3,bot_tacquery_farthest
3262c0a18d54ad0,class/sentinel
326475894aaa7fd,p8_zm_esc_sign_reg_leaving
3264c66fe172472,loot_season_6_postseason
3266bc7b7ba5302,special_ballisticknife_t8_dw_upgraded_dw_tunables_zm
327040e6e40aec4,camo_t8_smg_mp40
327d673d8323fdb,fmj_sniper_mini14
327fbfb49bb1c1b,events_spawn_beacon_defended
328450d4f9b65a2,rank/sgt_full
328baa07bf1d03b,tr_leveraction_t8
328bb711a9d26b4,defaultnpcloudfootstep_crouch_run_npc
328de9160cdaab4,menu/lb_plants
328ee43c8795c44,vm_smg_fastburst_uw_pullout
328f170c89ff11b,hero_minigun_t8_lv2_zm
329433bd5af3256,mcs/t7_metal_paint_rust_white
3299863501a4a4d,steadyaim2_tr
32a206b97539205,options/feedback
32a7369c73d687c,emotes/rock
32b8ba2f58a1e46,prt_wz_male_4
32b8da2f58a21ac,prt_wz_male_2
32b8ea2f58a235f,prt_wz_male_3
32b90a2f58a26c5,prt_wz_male_1
32b9ff30cbd7029,zm_ai/fx8_stoker_charge_head
32bb08ad618a464,rob_zm_going_nuclear
32be4b5331a5c77,mc/mtl_p8_zm_esc_packasplat_engine_plastic
32c1dd7ebba0bc6,mc/t7_ra2_metal_trim_dentil_gold
32c3c5797497c8c,default_beam
32c47f34d26c982,zm_weap_scepter_ray_rumble
32c760b8d47db5f,pc_reactorcore_toggle
32c830f2ea4ea2d,menu/join_server_caps
32dd34768b3f456,attachment_hipgrip_smg_fastburst_restriction
32e14900779d0ec,gear_thrustpack_mp
32ea0be563efc39,i_wpn_t8_smg_handling_body_sig_02_g
32ea4be563f0305,i_wpn_t8_smg_handling_body_sig_02_c
32ea7be563f081e,i_wpn_t8_smg_handling_body_sig_02_n
32ea8be563f09d1,i_wpn_t8_smg_handling_body_sig_02_o
32eb4be563f1e35,i_wpn_t8_smg_handling_body_sig_02_s
32ebb5e90051f50,ei/gfx8_liquid_splat_em_pb_i16
32f1ecce6476efb,mc/mtl_p8_zm_off_chalkboard_02
32f1fcce64770ae,mc/mtl_p8_zm_off_chalkboard_01
32f219664d64096,privacysettingslist
32f3ffc63498d8a,splitscreen_orientation
32f416114815b1a,talent_gungho
32f4bc842302dae,notosans_bold
32f76fa42f85198,zmui/fmj_desc
32f8b07f84af27c,zm_ai/fx8_zombie_eye_glow_orange
32fd0b76ec30328,shotgun_enter
32fdf117cb42d9d,p8_mov_zm_esc_book_zombie
33014f8588bb783,wwgrenade
3302a6375f9f1b9,ar_an94_t8_upgraded_zm
3307f868dddaf5e,zm_squad.ai_htn
330946a7435c87e,mpui/desc_mountain2
33104036852e571,mc/mtl_p7_zm_ori_scope_vintage_bronze
33142ee75d26a44,gd_c_t8_mp_spe_outrider_apocalypse_lowerbody1
3314d920857bd7d,loot_smg_capacity_mk2_bribe_free
331b1c0a7516e30,attachment_clantag_ar_standard_restriction
331ecb3633e1b6f,stratcom_tacquery_objective
3322b65bc1a6a85,presence/mp_morocco
3323d266e499124,activecamoinfo_t8_take_it_personally_wz
33243193ee63d4f,zombie/fx8_perk_blaze_phase_charged
332a36ac2a42279,menu/connection_meter
332b844cc2d19f0,em/three
33374af2c76c73b,tr_midburst_t8_mp
33410c748e5d7c9,mc/mtl_wpn_tac_rifle_mid_burst_mainbody_alt
3343324a0d7b33f,em/neweye
3346ac42fbc011c,ei/gfx_gib_glass_01_lit_em_i1024|dup
334bf874cddcc13,scripts/autogenerated/luielems/zm/zm_towers_crowd_meter.gsc
334d1173867d39f,wc/t8_zm_esc_plaster_paint_peel_02_blend
334f2c7e1b57493,perk_wolf_protector
3354515b63eb538,mc/mtl_p8_zm_zod_bathroom_sink_first_class_set_dirt_01
3354815b63eba51,mc/mtl_p8_zm_zod_bathroom_sink_first_class_set_dirt_02
335542e7c182492,loot_emote_exotic_shared_fragile
33593b828df1278,loot_tags_apocalyptic_masks_02
33594b828df142b,loot_tags_apocalyptic_masks_03
33596b828df1791,loot_tags_apocalyptic_masks_01
33599b828df1caa,loot_tags_apocalyptic_masks_04
3359ab828df1e5d,loot_tags_apocalyptic_masks_05
335e56367115ccd,loot_emote_exotic_shared_scissors
336328281f5061d,mp_game_type_options
33634daa1963aa7,mc/mtl_attach_t8_lmg_heavy_stock_sig_02
336b63365ef3162,scope_dualoptic_sniper_powersemi_restriction
3370355189b42a7,arena/rank
3372429fcb6b315,menu/force_respawn
337694555b945ea,zm_commander.ai_htn
337c977391b31ee,pb_emote_shared_fem_was_i_shot
338674bdead3158,class/mercenary
338bc4c93980cca,gd_c_t8_mp_spe_prophet_pirate_lowerbody1
3391d03564ea8cb,activecamoinfo_t8_smg_accurate_zm
3395cba77a5ea4c,wc/t7_wes_wood_paint_thick_blend
3397e85ab4e6290,mc/mtl_p7_zm_tra_cage_animal_med_metal
33980f5e1e48e23,mc/mtl_p8_zm_esc_lab_lift_rivet
3399ec50cac7c46,mp_loadouts_custom
339af87b1ad0da7,impacts/fx8_bul_impact_blood_corpse_nonfatal_uw
33a50a66558d623,menu/community_contract
33a5781122c23c0,i_p8_zm_esc_obsidian_rock_medium_02_part4
33a5881122c2573,i_p8_zm_esc_obsidian_rock_medium_02_part5
33a5981122c2726,i_p8_zm_esc_obsidian_rock_medium_02_part6
33a5a81122c28d9,i_p8_zm_esc_obsidian_rock_medium_02_part7
33a5c81122c2c3f,i_p8_zm_esc_obsidian_rock_medium_02_part1
33a5d81122c2df2,i_p8_zm_esc_obsidian_rock_medium_02_part2
33a5e81122c2fa5,i_p8_zm_esc_obsidian_rock_medium_02_part3
33ad55ac2b835d0,talisman_extra_semtex
33ad9e6bfaec34c,vd/t7_min_decal_grunge_grease_stain_02
33b1839579823ec,i_mtl_p8_zm_esc_perk_vending_soda_menu_page_m
33b1b3957982905,i_mtl_p8_zm_esc_perk_vending_soda_menu_page_n
33b425446cb8b7f,impacts/fx8_bul_impact_dirt_xsm
33b851d265a38a1,impacts/fx8_bul_impact_blood_body_fatal
33b9532cf0da169,amb_flies
33bb59640a2eec6,ztable_acid_gat_build_kit
33bcc488ff36c4f,pfx_spark_lrg
33cfa9e67736a87,shamrock_shock_and_awe_2019
33d2326a92c76be,mp_playerfx
33d2a6d116656b3,soldier_aim
33d41bf5017d722,zmweapon/tr_midburst_t8_upgraded
33d655b0dd1623d,menu/lb_wins
33d7c4d370f54b6,mc/mtl_p7_zm_mob_bookcase_wood_05
33d7d4d370f5669,mc/mtl_p7_zm_mob_bookcase_wood_04
33d7e4d370f581c,mc/mtl_p7_zm_mob_bookcase_wood_03
33d7f4d370f59cf,mc/mtl_p7_zm_mob_bookcase_wood_02
33d804d370f5b82,mc/mtl_p7_zm_mob_bookcase_wood_01
33df8109c680010,p8_fxanim_zm_esc_shockbox_on_mod
33e422252fb32e2,p8_debris_coal_01_small_02_ember_01_hot
33e6e8cec81da12,mc/mtl_c_t8_bo_hero_shadowman_broach
33ec7eb84920286,mc/mtl_attach_t8_loot_ar_an94_stock_tape_01
33f993a6d329e10,mc/mtl_mphd_forklift_decal014
33f9a3a6d329fc3,mc/mtl_mphd_forklift_decal015
33f9b3a6d32a176,mc/mtl_mphd_forklift_decal016
33f9d3a6d32a4dc,mc/mtl_mphd_forklift_decal010
33f9e3a6d32a68f,mc/mtl_mphd_forklift_decal011
33f9f3a6d32a842,mc/mtl_mphd_forklift_decal012
33fa03a6d32a9f5,mc/mtl_mphd_forklift_decal013
33fd367880e39c8,events_tank_robot_multikill_5
33fd467880e3b7b,events_tank_robot_multikill_4
33fd667880e3ee1,events_tank_robot_multikill_6
33fd967880e43fa,events_tank_robot_multikill_3
33fda67880e45ad,events_tank_robot_multikill_2
34010b5aefa63f4,impacts/fx8_bul_impact_fireworks_limb_fatal_uw
3401d4bc9433875,pfx_quad_spark_generic
340a0e62c824057,camo_active_sig_tr_flechette_rivermonster_base_bribe_free
34108bb047e3d1d,wc/t7_metal_wall_panel_old_drk
34112f9c0a28c55,pbt_zm_dempsey
3413d63866343f1,wc/t7_zm_moo_metal_trim_06_green
3416da62b187dcc,ar_modular_t8_zm
3419b248442d412,mc/mtl_p8_zm_esc_press_steel_small_metal2
341c6489be049a3,mc/mtl_mphd_forklift_cockpit_red
341f4f31c849926,weapon/smg_handling_t8
342968c86c92e60,gamedata/ddl/generated/dlog_event_wzequipmentuses.ddl
3432f9f0e3deb1b,mcp/hud_outline_model_z_green
3436c41468b81a6,defaultnpcquietfootstep_crouch_run_npc
344299f3dbe04cf,mc/mtl_wpn_t8_ar_stealth_sig_01_base_weapon_back_03
34439834a07ca6d,medal_spectre_blade_shutdown
344f84c6143752d,impacts/fx8_bul_impact_default_xsm
345431b325139e6,menu/save_group
3459a73da388da5,class/slot10
345bf22e2009197,p8_zm_esc_magic_box_lock_hinge
345cb99ae756a05,menu/prestige_rewards
345e6492a02e70e,yuri
34661b549ddd691,wz_open_skyscraper_death_circles_debug_two
3467dfcc3732ba3,quote_be_well_prepared_to_meet_the_enemy
346de850b80e8f6,acog_tr
3471bbb7255c606,events_battle_command_objective_defense
34775e48b40adf7,vd/t7_zm_sta_decal_damage_concrete_cracks_01_dark
3477e5fc9e885b1,maps/zm_escape/fx8_flame_wall_64x64
3479d25eb443b18,mc/mtl_p7_zm_moo_console_control_emissive_blue
347cb0cb814cca8,zm_bgb_newtonian_negation
348290ed3708be8,talent_flakjacket_mp
34880c4f01af42d,warzone_cycle_items
34882830c8d7cc2,lb_mp_gb_score_hc
349059842b4c636,mc/mtl_c_t8_camo_flecktarn_fall
34931931a7ab226,blood/fx8_blood_cam_impact_spray_zm
3493441ee784874,mpui/tiers
349737b0bdaa763,menu/confirm_caps
349d21cde0ca3be,wz_character_reaper
349fb44b509669b,skeletonfootstep_run_zomb
34a2d319f398ba1,mc/mtl_t8_wpn_shotgun_semi_decals
34a85d3b9ad4d74,ei/gfx8_smk_tendrils_varied_lit|dup
34ad6d27c671a42,weapon/gadget_health_regen_squad
34ae89e55f62869,vd/t8_snow_ice_slushed_blend
34b8d75c0e74f8f,attachment_rf_lmg_heavy_restriction
34bca0ade1df991,demo/jump_backward
34c89397da36dd7,attachment_mixclip_pistol_fullauto_restriction
34d3cfc90ce9598,ei/gfx_exp_billow_md_anim_em_gp_i16_desat|dup
34da8cfb2677225,i_mtl_p8_wz_ep_bottle_secret_sauce_glass_n
34dabcfb267773e,i_mtl_p8_wz_ep_bottle_secret_sauce_glass_c
34de38e1e88127d,menu/rank_zombies
34de63d638fbb92,ei/gfx_dust_burst_lg_anim_lit|dup
34dfd2a445faa11,p8_zm_esc_hallway_railing_broken_02_r
34e44b7e22d58b8,i_mtl_wpn_t8_smg_fastfire_sights_sig_02_s
34e50b7e22d6d1c,i_mtl_wpn_t8_smg_fastfire_sights_sig_02_o
34e51b7e22d6ecf,i_mtl_wpn_t8_smg_fastfire_sights_sig_02_n
34e54b7e22d73e8,i_mtl_wpn_t8_smg_fastfire_sights_sig_02_c
34e58b7e22d7ab4,i_mtl_wpn_t8_smg_fastfire_sights_sig_02_g
34eb91312744809,tr_damageburst_t8_upgraded_zm
34ef9c4b81e97b4,sniper_locus_t8_mp
34f5281def200d8,zm_weapons/fx8_blundersplat_exp
34f63e4301e9a5d,i_c_zom_player_reporter_body_n
34f79f8644a6795,mc/mtl_c_t8_bo_hero_trejo_bandagesup
34f8758b06729c1,medal_jackpot
350e8850b894e79,acog_wz
3519da6c62d0f5c,prestigetable_zm
351af85574bc384,mpui/cash
351b1a0ac13feed,pc_fx_shadows
351be8900bfe5bb,i_mtl_p8_zm_esc_cypher_09_c
351d60becd0941f,mc/mtl_p8_zm_zod_wall_box_electrical_set_med_dmg
351e2df2b3be709,menu/slider_mod
3522389b7dfe87f,impacts/fx8_bul_impact_soul_limb_fatal_exit
35235ac62033a44,stuhlinger
352d8379f284f8c,quote_soldiers_usually_win_the_battles
352fa8288c0f47f,zm_elixiraftertaste
3533ccd953b8d0f,p8_kit_zt8_exd_05_window_frame_04_01
353657dc956f0d5,impacts/fx8_bul_impact_soul_runner_fatal_uw
353a34ac270e406,attachment_steadyaim2_ar_fastfire_restriction
353b12ab5d17f89,defaultplayerquietfootstep_ladder_hand_plr
353d164ae859348,medal/infected_survivor
354031a53113a00,matchstatefields_default
3540479f2e02649,zm_office_debris_wide
354664f92516dbc,i_mtl_p8_aus_rock_cliff_wall_03_n
354674f92516f6f,i_mtl_p8_aus_rock_cliff_wall_03_o
3548db163b3a77e,perk_death_perception
354cd2f63e71b17,camo_dlc3_blowfish
354fae278a66555,gsol_zm_barricades
35511467e499edd,wz/mason
3563fad2acf2d91,menu/paused
35643fc6bd77414,mcs/mtl_p8_curtain_ornate_stitch
3571083864f9735,gear_medicalinjectiongun_mp
358499a50475860,bot_tacstate_zm_default
3584b5d567bbeae,splm/mtl_p8_zm_esc_bodybag_barbed
3584e1f8793e52f,events_drone_squadron_assist
358e9aa7b45af36,pc_voice_chat_enable
359097e354569d3,splm/mtl_p7_foliage_vines_distictis_leaves
35920749293532d,entity_pistol_victim
3592edf37aebe40,gamedata/ddl/generated/dlog_event_prestige.ddl
35981a48666aff0,p8_wz_ep_butane_torch
359d2d17d2c7326,impacts/fx8_flechette_impact_glass
359ef1b08260431,smg_accurate_t8_tunables_zm
359eff539b6b9dc,ray_gun_upgraded_tunables_zm
35a5ff211e43829,menu/bandolier
35b8ee2fff03ee6,loot_contract_sergei
35b8f333a0683eb,pc_shadow_quality
35bb8fa5fbaea0e,scope_elo_ar_fastfire_restriction
35be7dd32046aba,activecamoinfo_t8_kill_counter_zm
35bfad7772a8570,impacts/fx8_bul_impact_concrete_uw_sm
35c1133dce5d112,mc/mtl_p8_zm_esc_turbine_generator_machinerysign_01
35c1d56ae02394b,mc/mtl_p7_zm_mob_cell_bed_cloth_yellow
35cad39dd72e0ac,scripts/zm_common/zm_aoe.csc
35cbe40d62b6cc3,attach_t8_charm_lucky_cat_view
35cd94695e376fa,ei/gfx8_liquid_fall_em_pb_i16|dup
35cf7ad5873370d,activecamoinfo_t8_kills_without_dying_wz
35d4e2fb34f1bde,didyouknow
35d7c0d889a37d1,events_molotov_cocktail_kill
35d825bc8d2214b,events_annihilator_fired
35daded8313d7d5,medal_dart_killjoy
35dd4ea9f2fd1bf,smg_fastfire_t8_upgraded
35df8530f29fdb7,i_mtl_p8_zm_esc_security_console_button_m
35df9530f29ff6a,i_mtl_p8_zm_esc_security_console_button_n
35e28266e6ea860,activecamoinfo_t8_take_it_personally_zm
35ec51d04a07ffd,cinematic_volume
35eda68aa4e9f61,mc/mtl_p8_zm_esc_lab_monitor_base_main_01
35ef4d7772cb115,impacts/fx8_bul_impact_concrete_uw_lg
35f0fe9d75d8900,mc/mtl_p7_zm_isl_speiment_container_decal_line_stainless
35f354d538c97d6,mc/mtl_c_t8_zmb_dlc4_hero_misty_gloves_cap
35fa660ac7dceae,mc/mtl_attach_t8_loot_sniper_semiauto_decals_01
360e5e98acfd4da,medal_wz_finishers
3612eee870a9e1d,scripts/zm/zm_office_zones.gsc
3613cc84cc3f4cb,mc/mtl_p7_zm_ctl_weapon_armory_bow_arrow_arrowbody_wood01
3613cd7780da54b,warzone/gear
3613dc84cc3f67e,mc/mtl_p7_zm_ctl_weapon_armory_bow_arrow_arrowbody_wood02
3613e307817774e,weapon/fx8_shellejects_rifle
3613ec84cc3f831,mc/mtl_p7_zm_ctl_weapon_armory_bow_arrow_arrowbody_wood03
3614e9f78528883,mcs/mtl_p8_zm_zod_rope_cargo_hold_decal
361511c2f94ab3b,mc/mtl_p7_sin_bio_glass_dirty_streaks
36284821ea3902e,explosions/fx8_exp_grenade_glass
36285e12f89532e,weapon/shockrifle
36290ea37bcc150,zombie/fx8_perk_winters_wail_freeze
36309c1ee6d008b,zm_elixirwalltowall
3631b0d83cf2f69,wc/mtl_veh_t7_zhd_mkiv_tank_decal_blood_grunge_01
36381174289f123,heroes/brutus
363923607507ea4,key/kp_end
3639a90604cadea,weaponcharm_default
363d58d2c8a0597,melee_slaybell_t8_mp
364235e413a3ff8,attachment_quickdraw_ar_modular_restriction
3642f04d904bd0e,zmweapon/smg_folding_t8_upgraded
36430faa0f1b23e,pb_emote_exotic_shared_fem_heres_to_you
36435602299c6cc,equipment_reactorcore_restriction
3645241c76315d6,loot_emote_exotic_shared_juggling_shop
364ae7af3017b93,reinforcer_dom_hvo
3653077e2cf58ee,platform/zombies_available
36531ee2919f5cb,outfit_flecktarn_base_pal_com6_ruin_shop
365ce85575ca13b,mpui/camo
36609e2351dd196,ar_accurate_t8_zm
366260a4b73ee0f,menu/health_hint
36640f3d62576c8,mc/mtl_p7_zm_tra_fence_chainlink_post_metal_decal
366a8f9ca29cc97,outfit_flecktarn_base_pal_com6_torque_shop
36704ad587ba1a9,activecamoinfo_t8_kills_without_dying_zm
367108112895698,activecamoinfo_t8_sig_ar_modular_faberge
367728ffa433b3f,dualoptic_ar_damage_t8_upgraded_tunables_zm
367906a77da6c4c,electric/fx8_elec_spark_gib_robot_limb_rgt
367c27307e90c16,scripts/core_common/beam_shared.csc
367e85d5f5c45ca,zm_gravityspikes
367fc8e731e31a5,tank_damage_heavy_mp
36838832f253655,contract/pistol_kills
36885051c71ca52,ei/gfx8_fog_slow_md_anim_em_pb_i16|dup
369310deb88ae95,pain
3694d2eb476029c,fastreload2
36969da756cf688,events_gravity_slam_multikill_6
3696bda756cf9ee,events_gravity_slam_multikill_4
3696cda756cfba1,events_gravity_slam_multikill_5
3696dda756cfd54,events_gravity_slam_multikill_2
3696eda756cff07,events_gravity_slam_multikill_3
3697746bc7f56ff,ei/gfx8_fog_slow_md_anim_em_pb_i16
3699d52f544fbbc,impacts/fx8_bul_impact_sand_xsm
369faf5981b2cff,impacts/fx8_bul_impact_soul_corpse_nonfatal
36a035b04794140,wc/t8_decal_blood_handprint_wall_pounding_heavy_01
36b08862fdc7953,mcp/hud_outline_model_z_green_calpha
36c12b0358d2215,attachment_quickdraw_sniper_fastrechamber_restriction
36c1a788fa016c3,vd/mtl_loot_ui_icon_tags_poster_nomad
36c5aeaadd0fabc,mc/mtl_p8_zm_elixir_icon_immolation_liquidation
36d0731606fcdb0,em/a01
36d47911d6640ad,club
36e31b490d23f97,events_battle_command_ultimate_command
36e660fbca40f28,mc/mtl_c_t8_bo_hero_shadowman_long_jacket2
36e690fbca41441,mc/mtl_c_t8_bo_hero_shadowman_long_jacket1
36ec400a57ba627,killstreaks/fx8_atkchpr_chaff_trail
36ee54afdfee6c8,pb_action_figure_male_draft_readyup_5
36ee64afdfee87b,pb_action_figure_male_draft_readyup_4
36ee94afdfeed94,pb_action_figure_male_draft_readyup_1
36eeb4afdfef0fa,pb_action_figure_male_draft_readyup_3
36eec4afdfef2ad,pb_action_figure_male_draft_readyup_2
36f0da76197abe7,pc_scene_brightness
36f515466a2fe90,impacts/fx8_bul_impact_base_lg
36fb870b3f41f93,elemental_bow_base_impact_upg
3701334f72a06bf,scene_frontend_t8_stanton
3710c21cf55f493,pc_expander_switchseats
3721fa989c8f434,scene_frontend_t8_zm_male_team_0_brigadier
372c655995bf28d,p8_wz_ep_reflector_tanning_vintage
372e167a0689295,platform/refresh_rate
37360b01f8c3bd9,sticky_grenade_extra_tunables_zm
373890aa335dc5c,zm_elixirconflagrationliquidation
373d2aa32ff70ce,mcs/mtl_p8_zm_esc_bodybag_bloody_decal04
373d3aa32ff7281,mcs/mtl_p8_zm_esc_bodybag_bloody_decal05
373d5aa32ff75e7,mcs/mtl_p8_zm_esc_bodybag_bloody_decal03
37452e83ebe386d,grapple_miss
37495af92356628,vd/mtl_loot_ui_icon_tags_warriors_torque
3749ab36b85056d,menu/playername
374a3e04e153ee5,mc/mtl_p8_zm_esc_door_barricade_01_metal
374bc588754c84a,vd/t8_decal_blood_streaks_wall_light_01_wet
375913a73401ded,score_limit
375ac490696f74c,zombie/points_pickup
375ae794c2f6646,events_tempest_objective_kill
375d54a37deb848,mc/mtl_p8_usa_restroom_sign_set_female_decal
37640d4c1b3d91c,acog_ar_modular_t8_tunables_zm
37672f6b73858f1,scene_frontend_inspection_male
376b9d6ee2e0d1a,mc/mtl_wpn_tr_powersemi_grip_sig_02_alt
376f605f40118ab,gd_c_t8_mp_spe_nomad_pirate_lowerbody1
37704779056a81f,ei/gfx_snow_flake_flurry_01_em
3776a76f3bb481a,wz_character_marlton
37772a447c34221,supplypod/name
3778aa6c64dbe50,prestigetable_wz
377e952c198d3fc,splm/mtl_p8_zm_esc_hallway_railing_bar
3784a98a9c9c0e7,ei/gfx_fire_candle_sm_1_anim_em|dup
378c630fd216fa5,talent_deadsilence
378cc8321da1707,zm_perksphdslider
379a7e6906b4c4c,gd_c_t8_mp_spe_battery_lowerbody1_cst
37a14ff5ccbda8c,attachment_clantag_pistol_standard_restriction
37a21af974e9d2f,defaultnpcloudfootstep
37a4ad4af28bba4,wc/mtl_p7_wall_mobile_dep_decal_numbers
37a83275cc9982b,gamedata/ddl/generated/dlog_event_pin_contract.ddl
37aa92096beaefa,melee_club_t8_tunables_wz
37abb7ada562579,outfit_tigerstripe_base_pal_com6_ruin_shop
37b0d808c4cac25,scripts/autogenerated/luielems/zm_laststand/self_revive_visuals_rush.gsc
37bffce3ff2603a,mc/mtl_wpn_t8_tr_midburst_furdecal_sig_02
37c1730591f1753,medal/cuav_killjoy
37c2d3fcbb836d5,objectives/dm
37c33282ffbd23d,menu/setbacks_hint
37c33a4a8d9a39f,p8_wz_ep_boulder
37c39b4d7f22b61,platform/cancel
37c8e5b6089323f,mcs/t8_decal_grunge_stain_floodline_01
37da7323c8cc61d,zm_elixirheadscan
37de71d73144d73,wc/t7_dlc1_metal_trim_track
37de9fa64dc8a35,i_c_t8_camo_jellyfish_circles_c
37e23397234336e,zombie/cymbal_monkey
37e68f624ab20c0,itsamystery_task_holiday
37e754ae41682ef,menu/x_rounds
37f89edfc8c281f,raps_land
3805b5466b182c1,impacts/fx8_bul_impact_base_sm
380d8dd32236d7a,activecamoinfo_t8_kill_counter_wz
381093e51344f5b,splm/p8_kit_zt8_exd_05_trim_02_basic_painted_metal_32_01
3814c319ace522b,i_mtl_p8_zm_esc_sign_reg_clothing_m
3815f34187640d9,surface_enter
381946705bdba48,events_automated_turret_airburst_kill
381de6417c956e9,ei/gfx8_fog_slow_md_anim_em
381dec4b849c36c,sniper_locus_t8_zm
382eb9f8782c61a,wc/t8_concrete_floor_rough_01_macro
38326a376a00d4e,maps/zm_escape/fx8_magicbox_leave
383539135f7e13c,jammer_supplypod
38379c79157cb97,gd_c_t8_mp_spe_hacker_lowerbody1_cst
38393e2a56c0ffd,mc/mtl_p8_zm_esc_power_switch_decal
383e5b51d9bb370,gamedata/ddl/generated/zm_stats.ddl
3847d99659d45d4,weapon/fx8_muz_ar_dbl_3p
384ddfe5d885112,ww_blundergat_acid_t8_upgraded_zm
38556a6a483cc8f,zm_elixirswordflay
3859a227e493390,outfit_warrior_com1_bundle_battery_shop
385fe4c617b1654,impacts/fx8_bul_impact_default_xlg
386021b084b5f65,smg_accurate_t8_tunables_wz
3861431b2edf007,scene_frontend_t8_helicopter
38615e233a493fe,ei/gfx8_fog_slow_lg_anim_em_pb_i16|dup
38691f5070234ff,zm_weap_chakram_melee_rumble
386a5352f2ff76f,mc/mtl_p7_wes_weapon_gun_set_decal_nail_01
386d886b247da63,attachment_damage_sniper_powersemi_restriction
386e669ce7353ef,wc/mtl_p7_cry_cryogen_pod_glass
3870d691021cf4a,pb_emote_exotic_shared_male_shuffle_out
3870db20e043b8c,funky_dance_bundle_shop
387379f135e9584,mc/mtl_p7_zm_asc_crate_metal_01_decal_02
387389f135e9737,mc/mtl_p7_zm_asc_crate_metal_01_decal_03
3873a9f135e9a9d,mc/mtl_p7_zm_asc_crate_metal_01_decal_01
387713407b7690d,reaperfoleyquiet_ladder_hand_plr
3884a663fdddbe3,zm_bgb_wall_power
3885140526a4149,ui_cam_icon_smg_standard
38893bceb86456f,mc/mtl_wpn_t8_tr_midburst_mag_sig_02
38894bceb864722,mc/mtl_wpn_t8_tr_midburst_mag_sig_01
388fdc69c55541a,secretsanta
38912c54d395df9,mc/mtl_p7_zm_moo_radar_dish_vista_set_decal_rust_01
389613147ed224f,menu/player_additive
3896da722e71e51,attach_t8_tac_rifle_surgeon_grip_tape_view_wz
38970a3e259e317,menu/starting_cash
389e61e1a47b36a,mastercraft_hades_snake
38a641eb6d8fa00,mc/mtl_wpn_tac_rifle_mid_burst_scope
38a684ad749404a,wc/t8_decal_blood_drip_wall_edge_wide_01
38a8658f898d874,gd_c_t8_mp_spe_seraph_cw_arms2_cst
38a8f2eb50df3c3,mc/mtl_wpn_t8_pistol_standard_grip_sig_01
38a902eb50df576,mc/mtl_wpn_t8_pistol_standard_grip_sig_02
38aac959423912f,zm_weapons/fx8_raygun_world_zmb
38b699965a34286,weapon/fx8_muz_ar_dbl_1p
38b6b90f02622b4,shock_rifle
38b775d97e72f0c,warzone/equip
38b98a6c65e7f24,prestigetable_mp
38c99fb944ca9c6,gd_c_t8_mp_spe_firebreak_lowerbody1_cst
38c9c7b50b7adeb,loot_emote_wetwork_plant_blackflag_shop
38d6d0ff2185073,wc/mtl_p7_zm_ori_church_vault_cracks_decal
38d7ec76d9d537e,outfit_global_warpaint_bundle_robber_shop
38da22460a38d04,entity_exit_bullet_small
38ddd077f6a113d,mc/mtl_p8_zm_esc_radio_01_plastic_01
38e50e9b3c77af1,mc/mtl_wpn_t8_loot_knife_ballistic_shroud_alt
38ec8c38cdf5dba,i_mtl_p8_zm_esc_door_barricade_01_bolts_n
38ec9c38cdf5f6d,i_mtl_p8_zm_esc_door_barricade_01_bolts_o
38efe2bb30be63c,ww_random_ray_gun1
38f20b3a773be96,hudelemfields_default
38f20cc5ef5a222,pc_lookdown
38f3b6b1caa7d4b,create_lut2dv_compute
38f4c2828f56cf5,gamedata/tables/mp/scoreinfo/mp_scoreinfo_bounty.csv
38ff1abb40dfe5d,i_mtl_p8_zm_esc_sign_reg_set_m
39062f384775ec6,mc/mtl_p8_zm_esc_warden_steampunk_glass_01
390b18d3bab2099,i_mtl_wpn_t8_pistol_burst_slide_sig_02_g
390b58d3bab2765,i_mtl_wpn_t8_pistol_burst_slide_sig_02_c
390b88d3bab2c7e,i_mtl_wpn_t8_pistol_burst_slide_sig_02_n
390b98d3bab2e31,i_mtl_wpn_t8_pistol_burst_slide_sig_02_o
390c58d3bab4295,i_mtl_wpn_t8_pistol_burst_slide_sig_02_s
390cc06241eda69,events_artillery_barrage_demolition
390cc939df56406,vd/t7_decal_grunge_dripping_water_01
390cd9268976e48,menu/staminup_desc
390dcdf1180de07,activecamoinfo_t8_direct_action_kills_alt_zm
39142d388c8aa04,zm_elixirdeadofnuclearwinter
391c7254f94bcb6,outfit_snake_legendary1_zero_sunset_bundle_shop
39203c1a6d0981f,mc/mtl_p7_zm_kin_printer_office_small_plastic_red
3921533d003b197,lb_mp_gm_gun
3921dd4ffcfd8a1,charm_zombie_saletag
392803059c3f583,weapon/fx8_equip_light_os
392c0b7ca971a15,mc/mtl_p7_shr_rock_lrg_02_grime
392f4e235449bd2,ar_accurate_t8_mp
39330be870513a5,grapple_fire
39338a7edea8879,mcs/mtl_p7_fxanim_gp_tarp_blue_dirty_01_s3
39359de2ac19a5b,mc/mtl_p8_wz_ep_bottle_secret_sauce_glass
3938fd7959ab087,mp/match_starting
393c923db01a498,ui_cam_cac_sniper_powerbolt
3941550ca22f333,mc/mtl_p7_zm_moo_bridge_crane_hoist_part02_metal_black
3949d949a3e82cf,menu/map
394bb1903ebaa0f,talent_brawler
39605c7c951b4b5,ui_cam_cac_smg_mp40
3961be37a95b298,i_mtl_p8_zm_esc_perk_vending_soda_grunge_02_c
396434fadc305bb,mc/mtl_p7_zm_ctl_desk_supply_blotter_paper_01
39683306b2ae447,mpui/desc_cosmodrome
396cc1b1d124757,events_tank_robot_kill
396dc469610dc66,ei/gfx_water_splash_swirl_anim_lit|dup
3974b69cd7911f2,dlog_event_crashdump
397e0da455579a7,ei/gfx_light_incandescent_hot_em_pb_i16
397f8fdce08238b,fow_reveal_enabled
3996baac73c3f6d,menu/dismiss
39a1fea331ca29b,mpui/conf_caps
39a9e427416e0c7,codcaster/team2
39a9f427416e27a,codcaster/team1
39b0c1b085dcc6d,smg_accurate_t8_tunables_mp
39b2f223612c3ee,camo_active_sig_shotgun_fullauto_construction_base_bribe_free
39b34b58c9b9e1c,ei/gfx8_water_ripple_anim_distort
39b4f1043f77e67,mc/mtl_wpn_t8_tac_rifle_swordfish_sig02_decal_push
39be9e4c7abb938,amb_wind_gust
39bfe193748c175,wc/t8_concrete_floor_rough_01_blend
39bfe791cf7a3cc,mc/mtl_wpn_t8_tr_midburst_grip_sig_02
39c01791cf7a8e5,mc/mtl_wpn_t8_tr_midburst_grip_sig_01
39c067801823f4b,menu/gunslinger
39c0c8ef484f61f,weapon/gravityslam_desc
39c1d26e40f85bc,defaultmaptable
39c764608933421,wc/t7_dlc1_metal_trim_hazard_stripe_yellow
39c9b2096db7d96,melee_club_t8_tunables_mp
39ccb5c8c1e7405,loot_sniper_quickscope_mk2_bribe
39d13f125cb8406,weapon/melee_actionfigure_t8
39d206bbf113bf8,gamedata/ddl/generated/mp_loadouts_arena_offline.ddl
39e6cfc25c3e73d,outfit_warrior_epic1robber_nomad_sunset_bundle_shop
39e737b5df74172,mc/mtl_mphd_forklift_main_frame_yellow
39e9618e516580f,scripts/autogenerated/luielems/cp/cp_skip_scene_menu.gsc
39f992affc7299e,class/hunter
39fc50c8e33cd51,jammer_seeker
39fe7135266e278,vd/t7_zm_ver_decal_blood_spray_01
39ff02612423c76,pc_voice_chat_input_volume
3a038dca554466f,pc_vehicle_boost
3a0a5d1ff9073d1,zm_weapons/fx8_magmagat_impact_loop
3a0b1930a571084,pc_mute_voice_chat
3a0ea45c29c6310,pistol_topbreak_t8_lh_upgraded_zm
3a1a0d614c400e1,score/final_survivor
3a1a8b276700db9,bowie
3a1d2faa45c0473,mc/mtl_p7_zm_nac_box_wood_sml_wood_01
3a1d3faa45c0626,mc/mtl_p7_zm_nac_box_wood_sml_wood_02
3a1ec1d5c96a148,impacts/fx8_bul_impact_wz_concrete_base_xlg
3a282b9c74f1fce,wc/mtl_p8_zm_esc_warden_house_wood_panel
3a2aa43d1d47d3e,vd/mtl_loot_ui_icon_tags_random_04
3a2ab43d1d47ef1,vd/mtl_loot_ui_icon_tags_random_05
3a2ac43d1d480a4,vd/mtl_loot_ui_icon_tags_random_02
3a3139ed5f5fcda,mc/mtl_p8_zm_esc_perk_vending_cola_decal_purple
3a379acfc384dc2,zmweapon/riotshield
3a3953b3336ae9e,surface_pineapple_grenade_debris
3a3e6768d4fc68b,mc/mtl_wpn_t8_sig_radiation_device_cannister
3a413f11760a95c,smg_mp40_t8_upgraded_zm
3a4296ee66fe91a,mc/mtl_p8_zm_esc_pulley_prison_key_belt
3a482bca3e619b1,pc_display_adapter
3a48649fdc7a733,impacts/fx8_bul_impact_soul_runner_fatal_head
3a4aa79d81cccb4,weapon/snowball
3a4ad7116e10d62,hero_flamethrower_t8_lv3_tunables_zm
3a4db5852be5f28,zm_elixirquacknarok
3a588a3fab84219,vd/mtl_loot_ui_icon_tags_muertos_seraph
3a5a518d54568d4,ei/gfx_fire_candle_sm_1_anim_em_pb_i16_desat
3a5ed52e7ee8dd6,maps/zm_escape/fx8_portal_lightning_yellow
3a61443d1d76733,vd/mtl_loot_ui_icon_tags_random_10
3a6a9074ca73c2b,zm_esc_magicbox
3a6e6afcdb1ad86,mc/mtl_p7_zm_ctl_chemistry_kit_glass
3a7b54659ce70d7,objectives/dom_score
3a7f138b939d440,zm_zombie.ai_bt
3a884321d14ab08,weapon/shotgun_fullauto_t8
3a8b2b265f4007c,pc_weaponcycledelay
3a9527b73b0fadd,wc/t7_metal_corrugated_plate_clean_01
3a97892d3fe4ab8,events_concertina_wire_snared_kill
3a9991b7366c6a6,medal_flag_capture
3aa42d1978b663a,medal/traversal_kill
3aaeda2232c25a1,prt_wz_richtofen_ofc
3ab093157f470dc,em/one
3ab500733e2f350,heavy_bullet_impact
3ac373b66b6ea8d,blackboard_definitions
3ad25df905a4d27,boast_sparkler
3ad9a5f350ff883,ei/gfx_steam_anim_lit|dup
3ae2344d23e70b5,mc/t7_decal_grunge_rust_orange_drips_for_metal
3aebb70d9b9cec3,zombie/perk_divetonuke
3aec7ce5e380eda,mc/mtl_p7_barrier_block_concrete_long_rusty_cap_wet
3af3731b9d74679,mcs/mtl_p8_zm_esc_crate_wood_lrg_text
3af375b665b603d,charm_bomb_rockget
3af387e4967e531,vd/t8_decal_damage_concrete_tile_lgt
3af3bd4c1e395e4,acog_ar_modular_t8_tunables_mp
3af85b59aab95a2,wz/basketball
3af8c1c40386d94,menu/weapons
3af8f935b42b69e,menu/inverted
3afa0f918b31a1f,splm/p7_chain_metal_str_16_rusty
3b01d32fe7427c9,graphic_content
3b061b74887476e,vd/mtl_loot_ui_icon_tags_muertos_torque
3b0815165b9e6d4,scene_frontend_hub_t8_mp_spectre
3b0860de06fa67c,dev_boast_tpose
3b0d6c6f8910604,mc/mtl_wpn_t8_tr_midburst_handguard_sig_02
3b10c6049ca5790,zmweapon/tr_leveraction_t8_upgraded
3b133ad68092bf7,mc/mtl_wpn_t8_lmg_heavy_stock_shaghair_sig_02
3b14dee19ea859c,ei/gfx_web_strands_02_em_pb|dup
3b174aaa3962009,eq_molotov_extra_zm
3b19ff9930575bf,medal_overwatch_helicopter_killjoy
3b22162a96d9389,zombie/fx8_magicbox_opened
3b259f138879ea2,sniper_quickscope_t8_gold
3b2951af86c4d9f,dirt/fx8_dust_fall_sm
3b2b2ac418cf6eb,gsol_zm_equipment
3b2f242c8484517,i_mtl_p8_kit_zod_mai_05_door_frame_set_metal_06_m
3b32418a502baf6,aib_t8_zm_zod_homunculus_jump_down_01
3b37ee2382572eb,scripts/core_common/ai/region_utility.gsc
3b3a5c6d5f3866f,smg_mp40_t8_upgraded_tunables_zm
3b465db4f6e5ad4,jumppack_chinese_new_year_shop
3b4b1996e6d8717,diego
3b4b1d145ec9892,bullet_small_exit
3b4bdd342c5c7d3,menu/next_level
3b4d35a41dd2b16,i_mtl_p8_zm_esc_bed_infirmary_mattress_01_horrific_m
3b502214d1bd811,warzone/dropped_x
3b511e22c126309,events_grapple_gun_escape
3b52134639d03b8,mc/mtl_p7_zm_ctl_book_zombie_decal_01
3b5222e7a58f3dd,wz/attach_stock
3b52334639d071e,mc/mtl_p7_zm_ctl_book_zombie_decal_03
3b52434639d08d1,mc/mtl_p7_zm_ctl_book_zombie_decal_02
3b52634639d0c37,mc/mtl_p7_zm_ctl_book_zombie_decal_04
3b52862cbfae664,impacts/fx8_bul_impact_blood_head_nonfatal
3b52c0a0feef066,quote_war_is_a_crime
3b5cf0ba1f7d327,mc/mtl_p8_zm_esc_electrical_wire_outlet_metal
3b5e91e0d127576,impacts/fx8_bul_impact_base_uw_xsm
3b66881ae044a61,ruin_apocalypse_outfit_bundle_shop
3b66ae1fe5e62e4,mc/mtl_wpn_tac_rifle_mid_burst_cheekrest
3b6eaf21ac1a5ed,quote_the_best_revenge_is_massive_success
3b7168b75575032,menu/name_segment
3b736b91fa8389b,mcs/mtl_p8_sun_hat_02
3b81c7e58a76542,p8_kit_zt8_exd_05_railing_05_basic_painted_metal_64_01
3b894fa4d634238,prt_wz_mercenary
3b8966228831e6a,en_zm_common
3b8f43c68572f06,scripts/autogenerated/luielems/core/revive_hud.csc
3b90a35b586a822,p8_debris_coal_01_loose_04_emissive_shell_01
3b9240b9b5960ee,prone2crouch_plr_surface
3b938352e7418e6,vd/t7_zm_gen_decal_damage_paint_peeling
3b9619df0e283f8,scope_elo_ar_modular_restriction
3b9896a3da83d71,outfit_zombie_epic1_reaper_shop
3b98c61360dc587,mc/mtl_p8_zm_bandolier_bandit_perk_totem_metal
3b9ab57fa928df1,eq_molotov_tunables_zm
3b9bc7d267e1ad8,scope_dualoptic_tr_longburst_restriction
3ba0b9d9f327b83,defaultnpcquietfootstep_run_npc
3bab7f9b5c26708,zm_wolf_footstep
3bb60d8821c2733,i_mtl_p8_kit_zod_bri_05_dirty_01_c
3bba91686b7c3b3,i_mtl_p8_wz_ep_grill_barbecue_charcoal_n
3bbb41686b7d664,i_mtl_p8_wz_ep_grill_barbecue_charcoal_c
3bbc786a736a8ce,mod_dot_self
3bc11d386d94cb7,presence/mp_urban
3bc86d549623ca0,hero_scepter_lv2_tunables_zm
3bcc59256c97fc8,mc/mtl_p8_zm_zod_label_box_citrus_decal
3bcd3df11a609a7,activecamoinfo_t8_direct_action_kills_alt_wz
3bced3569524516,incendiary_grenade_zm
3bcf2ca2b2b1798,mp/roundend
3bd8ef900ebf541,outfit_warrior_epic1robber_seraph_shop
3be3398e3a75963,zm_elixirperkup
3be75a80876ec07,ei/gfx8_fog_slow_sm_anim_lit_full_lite|dup
3be7d9711fbd4ef,mc/mtl_p7_zm_asc_switch_electric_05_metal01
3be7e9711fbd6a2,mc/mtl_p7_zm_asc_switch_electric_05_metal02
3be7f9711fbd855,mc/mtl_p7_zm_asc_switch_electric_05_metal03
3be83fef34719f9,zombie_perk_bottle_widows_wine_zm
3be9752f58d3189,impacts/fx8_bul_impact_sand_xlg
3beb279fa099988,mc/mtl_p7_zm_mob_bookcase_dirt
3bf78bd8d8db95d,class/breach
3bfaf51749ba8e1,mc/mtl_t8_wpn_pistol_revolver_screen_overlay_03_sig_02
3c02b156e133359,zombie/fx8_barrier_window_concrete_zmb
3c05018845ff186,shotgun_semiauto_t8_upgraded_tunables_zm
3c07470a17162f7,activecamoinfo_t8_ar_fastfire_zm
3c0d6c8c24fa6be,primis_richtofen
3c0dfb1b88fbcfe,weapon/sig_blade
3c107abeede6fb0,menu/throw_score
3c114281fa81885,hero_chakram_lh_lv2_zm
3c1160810f0e9ca,charm_salty_shaker_shop
3c11bd55e8a933e,presence/online
3c12f98c86b4da8,menu/store
3c1a1d3b4272786,mc/mtl_p7_zm_asc_switch_electric_07_metal
3c1fdf82d72fdf5,ei/gfx8_spark_rndhit_hdr|dup
3c254aa14839e1e,mcs/mtl_p8_zm_esc_clock_face
3c281fa5c4bbe94,codcaster_ds_voip_dock
3c2b2f1828e1c2a,ui_cam_cac_lmg_heavy
3c2e805bd1d7d02,menu/announcer_hint
3c362709d52bd35,ei/gfx8_smk_puff_volume_varied_lit|dup
3c3a2f1379abd85,mc/mtl_p7_zm_kin_chair_theater_vintage_set_metal_02_dmg01
3c3a81c46e98d21,mc/wood_teak_decking_dark_dlc1
3c3c1135a8ae803,outfit_demonology_legendary1_prophet_shop
3c3f7bb9aec1bcc,mp/explosives_defused_by
3c41b375e0b1740,weapon_katana_smoke_3p
3c4f1a4c8940828,ar_fastfire_restriction
3c52cb31f0baddb,splm/p7_debris_concrete_rubble_med_02_no_metal_warm_sml
3c54e22748c4dd0,mc/mtl_wpn_t8_lmg_hades_side_rail_base
3c557021534029e,outfit_snake_legendary1_zero_shop
3c5aae207eae7d7,mcs/mtl_p8_zm_esc_bodybag_bloody_lowerpart
3c612cf15abddb9,ambassador_hero
3c6365b3f69d81d,mc/mtl_wpn_tac_rifle_mid_burst_cheekrest_mk2
3c74731b9ebf38a,mcs/mtl_p8_zm_esc_crate_wood_lrg_tear
3c7568898cd4fec,prt_wz_scarlett_dlc0
3c825a7e2d98cd5,lmg_spray_t8_gold
3c85273a1e02d30,events_dirty_bomb_objective_multikill_3
3c890ada01d540f,wc/t7_ral_decal_paint_diffuse_matte_red_drk_blend
3c9413d34ff95c7,attachment_stabilizer_sniper_fastrechamber_restriction
3c98b0709fdff38,events_war_machine_multikill_6
3c98d0709fe029e,events_war_machine_multikill_4
3c98e0709fe0451,events_war_machine_multikill_5
3c98f0709fe0604,events_war_machine_multikill_2
3c9900709fe07b7,events_war_machine_multikill_3
3ca027450ce0791,mc/mtl_p8_zm_zod_light_lamp_desk_round_steel
3ca930fc6daad71,mc/mtl_p8_zm_esc_turbine_generator_pipe_decal_a
3cadaccb6765492,zombie/perk_death_dash
3cb309825d612ea,launcher_standard_restriction
3cb3775c8ea8bb4,attachment_clantag_shotgun_pump_restriction
3cb87fb3b63bb38,pstfx_zm_last_stand
3cb8e027bbcd086,wc/t7_concrete_floor_broken_02_desaturated
3cba6c43e120342,acog_tr_midburst_t8_upgraded_tunables_zm
3cc0c2f8479137e,electric/fx8_elec_sparks_burst_xsm_omni_blue_os
3cceb4f7811df94,events_stim_activate_stim
3cd3188c6f7b737,smg_handling_t8_dw_mp
3cd47396276ff09,impacts/fx8_bul_impact_robot_limb_fatal
3cd5ab029ca258c,p8_zm_gen_prison_support_232
3cda9e946c1d9b9,sharpshooter_hvo
3cdc331ff5f6355,mc/mtl_p8_zm_esc_chemistry_kit_06_metal
3cdcc9e2afd6dcb,mp_koth_commander.ai_htn
3cebb48c37fc271,scripts/zm_common/zm_fasttravel.gsc
3cf4f5dd906af60,c_usa_dempsey_zm
3cf7fcaf13e4e7a,maps/zm_escape/fx8_trap_light_green
3d0478d62549056,activecamoinfo_t8_fast_direct_action_kills_circle_slice_zm
3d097f983d47f3c,zm_weapons/fx8_viper_bite_attack
3d0ea385b12582a,events_tempest_killstreak_3
3d11be4d6128be7,impacts/fx8_flechette_impact_dirt
3d17928ac4293b3,ei/gfx_lightning_bolt_ground_em_pb_i16
3d1b0a01a4a3f20,impacts/fx8_bul_impact_electric_head_fatal
3d235b06a9b195b,menu/x_of_y
3d242979040f8f9,ei/gfx_exp_alpha_anim_em_gp_i16|dup
3d29ed225d23a9b,supply_launcher
3d2d7c6acc9f23f,medal/rcxd_kill
3d3ed98b9dba1c1,zombie_perk_bottle_stronghold_tunables
3d3ff5992fbb947,ei/gfx8_fog_slow_md_anim_lit_full_lite_half
3d43be4bd3adbc5,ei/gfx_snow_flake_flurry_02_em|dup
3d466b029d0589e,p8_zm_gen_prison_support_256
3d4c460d97233f6,mc/global_diffuse_gray
3d4d6b705b39882,vehicleentitystatefields_default
3d572fca89f6fac,wc/t8_zm_esc_bricks_old_rough_paint_01_blend
3d5784132b455d3,wc/t7_sky_metal_trim_weld_01_aluminium
3d57d54ee001c4c,menu/target_assist_desc
3d5821d793ed4c6,scripts/zm_common/zm_trial_util.csc
3d58a3a6012e060,activecamoinfo_t8_sig_pistol_fullauto_arcade
3d5a2dced4bee4b,mc/mtl_p8_zm_esc_cell_sink_decal_01
3d5ec09d88b7998,p8_zm_esc_packasplat_iv
3d5f33a7c1395f1,wz_blood_settings
3d5f8566508f9f5,prt_wz_dempsey
3d606b744ecfcf9,hero_gravityspikes_t8_lv1_tunables_zm
3d62353d22d8264,mc/t8_decal_grunge_rust_large_01
3d6485ff720120b,zm_weapons/fx8_blundersplat_muzzleflash_ug_3p
3d65738e6dfa30a,mc/mtl_attach_t8_loot_lmg_mk48_fmj_bottom_alt_mk2
3d6978db8b85fcf,mc/mtl_p8_zm_esc_nixie_decal_rust_01
3d6988db8b86182,mc/mtl_p8_zm_esc_nixie_decal_rust_02
3d6d1bca4353517,deferred_lighting
3d6e545e88450c5,sniper_damagesemi_t8
3d706a79aeda03d,zombie_perk_bottle_tortoise
3d70e87d37e5930,mc/mtl_p7_zm_ctl_container115_metal_black
3d71ff1e886bbe9,prt_zm_richtofen_whi
3d75033878f191a,vd/mtl_loot_ui_icon_tags_poster_prophet
3d771e8e57579d8,activecamoinfo_t8_sig_pistol_revolver_cyberpunk_wz
3d7e5123883b972,pc_prone_toggle
3d7f6995a11b79c,tr_midburst_t8_gold
3d83ce2300ce624,rob_zm_eyes_blue
3d8d8a343f2f1dd,ei/gfx_lightning_beam_em_gp_i16|dup
3d949681492d91c,empty_store
3da308d625cbdc6,activecamoinfo_t8_fast_direct_action_kills_circle_slice_wz
3da5ed2ca21255f,maps/zm_escape/fx8_multi_blood_trail
3da7ffda0c326fc,ar_doublebarrel_t8_upgraded_zm
3dac574989a9c42,scripts/zm_common/zm_powerups.gsc
3db52b029d65550,p8_zm_gen_prison_support_272
3db5a5dfbfe1ce9,mc/mtl_p8_zm_zod_light_lamp_desk_large_linen_lampshade
3db842e8f7d2d2f,impacts/fx8_bul_impact_base_uw_lg
3dbc442c66f561c,ei/gfx8_fog_slow_md_anim_lit_full_lite|dup
3dc1108988f1f2f,sniper_quickscope_t8_upgraded_tunables_zm
3dc22218977b7b3,mc/mtl_p8_zm_esc_shard_metal
3dc3c3e1fff263d,em/token
3dc582523172894,vd/t8_concrete_damaged_rebar_01_rvl
3dc696960aa25c1,wc/t7_dlc1_glass_building_mirrored_opaque
3dd00fd6453c4b3,impacts/fx8_bul_impact_soul_body_fatal_uw
3dd264173471123,lf_flash_hero_gravity_spike
3dde9a414015eac,em/crypt
3de367fad677191,mc/mtl_wpn_tac_rifle_mid_burst_grip_mk2
3de56b029d891f3,p8_zm_gen_prison_support_264
3de663fc2edb762,gamedata/ddl/generated/zm_loadouts_custom.ddl
3de803032713120,wc/t8_zm_esc_cliff_sharp
3dea7c8c7e120ab,mc/mtl_p7_zm_ctl_broken_wood_plank_set_02_dark
3df3a1af7a813e6,i_mtl_p8_zm_esc_perk_vending_cola_decal_05_c
3df3c82a6fa945f,zitem_office_teleporter_modifier_part_2_zm
3df5265f9d96113,zombie/fx8_perk_altar_symbol_ambient_zombshell
3df9418864f08e6,impacts/fx8_bul_impact_robot_limb_nonfatal
3e01266b45ffd96,outfit_snake_legendary2_seraph_sunset_bundle_shop
3e08515b4aee902,mcs/mtl_c_gen_gib_gore_arm_right_a
3e08c88021fd5ee,wc/t7_cloth_canvas_dirty_01
3e0ab1e895d9b8c,platform/nomotd
3e0adeb2e15f0d7,loot_smg_handling_mk2_bribe
3e10e9d532d9c82,i_mtl_p8_zm_elixir_icon_alchemical_antithesis_c
3e12b88c708560f,smg_handling_t8_dw_wz
3e16c846c6394fb,scripts/core_common/renderoverridebundle.csc
3e26e8fae6ec0bf,menu/checking_files
3e27edeb6e81117,mc/mtl_p7_zm_sta_cabinet_wood_decal_01
3e27fdeb6e812ca,mc/mtl_p7_zm_sta_cabinet_wood_decal_02
3e284fd5b22d980,mc/mtl_wpn_t8_shotgun_semi_receiver02_sig_01
3e287fd5b22de99,mc/mtl_wpn_t8_shotgun_semi_receiver02_sig_02
3e2c7b0fc6d42a7,mc/mtl_wpn_t8_lmg_heavy_lever_sig_02
3e2d15cdf3290ad,status_effect_suppress
3e2eeb43f1c0853,ei/gfx8_muzzleflash_side_em|dup
3e2ef3b00c546d5,loot_emote_exotic_shared_hula_hoop
3e413f99b7c14d9,digitalgame
3e46074d37d524b,perk_slider
3e48efa5da431d7,ui_cam_icon_shotgun_fullauto
3e4e02c2d091d20,wc/t7_concrete_trim_edge_damaged_01_warm
3e5be57fab7e925,eq_molotov_tunables_wz
3e5daf11c427cdf,zombie_bgb_grab_tunables
3e5f77f88f732b8,button_layout_bumper_jumper
3e683e06ffdcd26,mc/mtl_p8_zm_esc_dock_light_lamppost_dirt
3e71fb967ac8d44,mc/mtl_p8_zm_esc_fan_blades_dirt
3e74f1da12febb7,splm/p8_zm_esc_warden_house_wood_beam_broken_01
3e7511da12fef1d,splm/p8_zm_esc_warden_house_wood_beam_broken_03
3e752475599d64c,scripts/zm/powerup/zm_powerup_hero_weapon_power.gsc
3e7725ce0dc459b,mod_explosive
3e7815a3ef84e4c,gsoc_zm_barricades
3e7acc5b7286b14,mc/mtl_p7_wes_box_cigar_01_lid_01
3e7afc5b728702d,mc/mtl_p7_wes_box_cigar_01_lid_02
3e806d9564d3305,mpui/clantag
3e808ff5c1fa2f1,gd_c_t8_mp_spe_firebreak_apocalypse_lowerbody1
3e876868767eceb,feature/loadouts
3e884e8e5840d54,activecamoinfo_t8_sig_pistol_revolver_cyberpunk_zm
3e8d1f0d0cd5888,attachment_fmj_sniper_powerbolt_restriction
3e8f43c57def753,p8_zm_esc_citadel_arch_brick_07
3e8f53c57def906,p8_zm_esc_citadel_arch_brick_04
3e8f63c57defab9,p8_zm_esc_citadel_arch_brick_05
3e8f73c57defc6c,p8_zm_esc_citadel_arch_brick_02
3e8f83c57defe1f,p8_zm_esc_citadel_arch_brick_03
3e8fa3c57df0185,p8_zm_esc_citadel_arch_brick_01
3e8ffed9673460a,mc/mtl_p8_zm_esc_chemistry_kit_05_decal
3e9007cd93e45e8,ei/gfx8_fog_slow_lg_anim_lit
3e942052b3b9ae9,ar_peacekeeper_t8_upgraded_zm
3e992773c94cd41,presence/gun
3e9b4ba5bf2388c,controller_vibration
3e9f769311a4318,menu/death_dash
3ea55c11dafa45e,impacts/fx8_bul_impact_blood_body_nonfatal
3eaa8f827abe7fd,pc_category_feedback
3ead103d7e45286,pfx_blood_torso_explo_lg_os_zmb
3ead1d8dcdb7be1,defaultstoragefilelist
3ead2a29f1e9d7e,uber_bayonet
3eaf773d2e4c73d,mc/mtl_p7_out_modular_building_decal_damage_metal_scratches
3eb1488c710837f,smg_handling_t8_dw_zm
3eb31cc4acbd39a,medal_kill_enemy_after_death
3ebfa7b4f4f96fd,i_mtl_p8_zm_esc_rock_small_green_c
3ec1d01b53129ae,aar/challenges
3ec43d215c624b3,outfit_warrior_epic1_wetworks_torque_sunset_bundle_shop
3ec6d2805a55474,mc/mtl_c_t8_camo_flecktarn_snow
3ec8b70a196c4f7,activecamoinfo_t8_ar_fastfire_wz
3ed3bf5cd57c620,i_mtl_wpn_t8_loot_knife_ballistic_shroud_o
3ed3cf5cd57c7d3,i_mtl_wpn_t8_loot_knife_ballistic_shroud_n
3ed43f5cd57d3b8,i_mtl_wpn_t8_loot_knife_ballistic_shroud_g
3ed47f5cd57da84,i_mtl_wpn_t8_loot_knife_ballistic_shroud_c
3ed57f5cd57f5b4,i_mtl_wpn_t8_loot_knife_ballistic_shroud_s
3ed58f5cd57f767,i_mtl_wpn_t8_loot_knife_ballistic_shroud_r
3eedb5f48095173,$default_aitype
3ef07a1bd68dd9e,vm_prone_to_crouch
3ef10cbe4507d34,acog_upgraded
3ef206e646d0d90,warzone_hide_cleanups
3ef6736d7f8a41a,loot_character_sergei_sunset_bundle_shop
3ef6a41762515e9,mp/unknown
3f021c8dfa0b890,warzone/minimap_round
3f02b826fc25136,ei/gfx_gib_wood_01_lit_full_dark|dup
3f07424d3404e82,zm_doorstate
3f0ac03eea3db64,warzone/compass_north
3f0f018fdc724b8,mc/mtl_t8_wpn_pistol_revolver_drum_sig_02
3f0f318fdc729d1,mc/mtl_t8_wpn_pistol_revolver_drum_sig_01
3f12a7ebb3e91ac,zm_bgb_suit_up
3f1cea7447fa399,medal_neutral_b_secured
3f20759c07a14c2,menu/show
3f2677f6aa19579,gd_c_t8_mp_spe_reaper_lowerbody1
3f28461ad608f00,vd/t7_decal_blood_puddles_01
3f2b487336f8739,acog_ar_galil_t8_tunables_mp
3f3263b4b685b75,mc/mtl_p8_wz_ep_gun_toy_barrel
3f372da6c877780,mc/mtl_wpn_t8_lmg_titan_sig_02_decals_03
3f373da6c877933,mc/mtl_wpn_t8_lmg_titan_sig_02_decals_02
3f394bfbc1a980d,spawn_select
3f3b79969498b36,gamedata/ddl/generated/dlog_event_task_end.ddl
3f439601ae7223e,vd/mtl_veh_t8_decal_rust_13
3f43c601ae72757,vd/mtl_veh_t8_decal_rust_14
3f45f22127117e3,zm_heavydamagemult
3f7a21f0aacc201,status_effect_dot
3f7e26714410910,events_swat_team_wipeout
3f828ce51e82996,ray_gun_zm
3f82f776e5e0685,zm_weapons/fx8_raygun_trail_ring_emit_ug_zmb
3f854fba7aff1a6,boast_give_up
3f882844598f04e,events_automated_turret_wipeout
3f9302930d396f9,mc/mtl_p8_zm_bandolier_bandit_perk_totem_hat_red
3f93f8edaf943f8,em/ch_912
3f940e6edfe179f,zm_hammer
3f9428edaf94911,em/ch_911
3f94dfc19607475,tr_longburst_t8_upgraded_tunables_zm
3f96b23c3df0205,ei/gfx8_debris_ember_em_gp_i16
3f9c857fac8a32d,eq_molotov_tunables_mp
3f9e5db877479bf,wc/t8_decal_grunge_rust_stain_drain
3f9f3e25d3ab4db,mc/t8_zm_esc_blood_text_steps_burnt
3fa4d799ebe01d5,ei/gfx8_spark_omni_hdr|dup
3fa67acc51ae31f,medal/disrupted
3fb7299a52ef218,events_sensor_dart_multikill_4
3fb7399a52ef3cb,events_sensor_dart_multikill_5
3fb7499a52ef57e,events_sensor_dart_multikill_6
3fb7899a52efc4a,events_sensor_dart_multikill_2
3fb7999a52efdfd,events_sensor_dart_multikill_3
3fbdbae25482ddf,i_mtl_p8_zm_esc_infirmary_bathtub_metal_r
3fbdc46fe0ddab1,scripts/autogenerated/luielems/zm/zm_red_challenges_hud.csc
3fc08c2de8f6c8d,weapon/incendiary_grenade
3fc3b12f63ed08c,weapon/gl_short
3fc8280cb2738b2,bot_tacquery_nearest_cover
3fcbe8edafc519c,em/ch_909
3fcc78edafc60e7,em/ch_900
3fd053376f47476,scripts/zm_common/bgbs/zm_bgb_anywhere_but_here.gsc
3fdcf1e0d4ffeeb,impacts/fx8_bul_impact_base_uw_xlg
3fdff3e87fa64b4,weapon/fx8_muz_rocket_xm_3p
3fe83d73e43370b,events_swat_grenade_disoriented_enemy
3fe87f8f2ba8dd1,mc/mtl_p8_wz_ep_bottle_secret_sauce_cap_decal
3feac58f3892293,zmweapon/pistol_topbreak_t8_upgraded
3fec09208e14942,pc_gamepad_autosprint
3fefe58921b6123,attachment_fastreload_shotgun_pump_restriction
3ff34492b16cd79,vd/t8_zm_zod_decal_metal_scratch_blend
3ff3d441c38d8f4,pistol_burst_t8_mp
3ff7099c5bffcec,defaultplayerquietfootstep_run_plr
3ffc2f506240e1e,mc/mtl_p8_zm_zod_decal_metal_trim_gold
3ffc8a19eea87ff,zombie_perk_bottle_cherry
3ffcd1b04512d1d,em/gaze
3ffd8c85b4da392,impacts/fx8_bul_impact_blood_body_fatal_exit
400563087090040,attachment_extclip_smg_capacity_restriction
4005ada84d10604,i_mtl_p8_zm_esc_perk_vending_tonic_chrome_normal_n
4005dda84d10b1d,i_mtl_p8_zm_esc_perk_vending_tonic_chrome_normal_m
400ac24778b9fa2,hero_flamethrower_t8_lv2_zm
400d9f4f52e07ef,mc/mtl_p8_zm_zod_fire_equipment_cabinet_short_glass
40122e267f8bf42,mc/mtl_p8_zm_zod_light_fixture_1st_class_dining_ceiling_sml_decal
4012ef60ca0179e,mcs/mtl_p8_zm_esc_tarp_shower_01
4014e386f687162,attach_t8_charm_earth_view
401d8f5c70a363d,zombie/zeus
402091554cab9f9,operator_skullsplitter_restriction
402934a59ec1318,attachment_mixclip_tr_longburst_restriction
4029a6ad88b81e2,mpui/dualoptic_desc
402e7e8fa40501f,operator_barrelchoke_restriction
403c5fb08a3ca68,mc/mtl_p7_zm_ctl_door_sliding_set_metal_01
403d89f35e32813,loot_contract_ahabs_revenge
403eb3e87feae66,weapon/fx8_muz_rocket_xm_1p
403ffb63f6af239,ar_accurate_t8_tunables_mp
40493464ebb66c6,mc/mtl_p8_zm_esc_sign_reg_money
404dc4c0475b6d4,footerquiticon
404fe318bc7ab5a,mc/mtl_t8_wpn_lmg_heavy_decal_mk2
4060e01d9cd3044,attachment_damage2_sniper_powerbolt_restriction
40680df09812af6,slidestart_surface
406cc9db6615ba7,pistol_fire
4073ca550b8eb2e,splm/mtl_p8_zm_esc_gutter
407748c6e753cc7,outfit_snake_legendary2_prophet_sunset_bundle_shop
40799c0b10cb958,medal_clean_multi_deposit_big
407dee798e339ef,quote_did_well_in_war_do_well_in_peace
407f575264cd6eb,mc/mtl_p8_zm_esc_packasplat_engine_base_screw
40876a58c7a1206,medal_swarm_shutdown
4087f1d8b4d3380,weapon/trophy_system
408a29da555383b,maps/zm_escape/fx8_portal_loop_red
408beb78a273660,outfit_flecktarn_base_pal_com6_nomad_shop
4095aa4bbc065b2,quote_fight_long_and_hard_for_ribbon
4097702347a3c75,gamedata/ddl/generated/dlog_event_store_entry.ddl
4097c4d18cac6e8,splm/mtl_p8_stone_wall_trim_01
409d04aa560106c,scripts/autogenerated/luielems/zm_laststand/zm_laststand_client.csc
40a39d4129c3e15,demo_autodollyrecord
40a4cf0c2043688,mc/mtl_p8_zm_esc_console_monitor_dust
40a9396d621e5f3,gamedata/tables/mp/scoreinfo/mp_scoreinfo_sas.csv
40ac124097197a2,mc/mtl_p7_medical_dispenser_soap_paper
40adbbb36b28df6,scripts/zm_common/zm_weapons.gsc
40aeb8bddb63f2b,auto_decay
40bdd1a2a4051d9,i_mtl_p8_wz_ep_raygun_decals_s
40bed1a2a406d09,i_mtl_p8_wz_ep_raygun_decals_c
40bf81a2a407fba,i_mtl_p8_wz_ep_raygun_decals_n
40c8514f89cf6d0,flag_respawn_time
40c9a8a2df4ab75,wc/t7_water_pond
40cb06cfd3b1d74,operator_strobelight_restriction
40cc7ec370b2641,wz/unlock_steps
40d234310982c15,zmweapon/tr_powersemi_t8_upgraded
40d693d6064fced,medal_spawn_beacon_multikill_x2_summary
40d886bb4070112,zmtrials/dac
40d88fb13e0421e,eq_molotov
40df302fef996c9,melee_slaybell_t8
40e390d64a8ae51,mc/mtl_p8_zm_esc_packasplat_suitcase_base_hinge
40e615236430645,tankblast
40e6dc606b1d696,em/accent
40eb902bb157f28,scope_holo_lmg_spray_restriction
40eda7de0ca69be,scope_reflex_ar_accurate_restriction
40f07cef1e065e9,impacts/fx8_bul_impact_wz_sand_base
40f2d5f85622bb2,reaperfoleyquiet_crouch_walk_npc
40f3bdc97222400,pb_melee_fem_draft_readyup_3
40f3cdc972225b3,pb_melee_fem_draft_readyup_2
40f3ddc97222766,pb_melee_fem_draft_readyup_1
40f41dc97222e32,pb_melee_fem_draft_readyup_5
40f42dc97222fe5,pb_melee_fem_draft_readyup_4
40f5f7f4e5c7096,ui_cam_cac_launcher_standard
40fb8b3e7c475ed,pc_quickspray
40fc0754569a4c9,talent_doublejump
410092704f4a03c,crossbow_enter
4100e196c4075bc,explosions/fx8_exp_rocket_sand
4101c5f338241f3,spectre
410978ec9e9cf97,special_ballisticknife_t8_dw_upgraded_dw_zm
410c56f34d7ed87,objective_zm_tutorial
4111117ea49f105,mc/mtl_p8_zm_zod_planetary_glyphs_jupiter
41142d323c96035,wc/t8_concrete_damaged_cracked_02_blend
411f9865caccf6e,i_mtl_p8_wz_ep_gun_toy_barrel_o
4120912910fcfe4,scripts/core_common/serverfield_shared.gsc
4120e2f275f8d91,emotes/attention
412268e85dcd51d,destroyer_dom_hvo
412417b21767d61,events_dirty_bomb_objective_kill
4124241026221c9,menu/regular
4124af6a5c2a189,defaultnpcloudfootstep_run_npc
412a5f18cd05324,objective_spawn_time
413110382be26bf,defaultfpentitlement
413275b8363ff78,attach_t8_charm_plush_shark_view
4132b8768512c2b,mc/mtl_p7_medical_dispenser_soap_metal
4138c6f51c381a1,talent_engineer
4138e183a0d2b8f,zm_weapons/fx8_raygun2_world
413af4b71f6375c,zm_elixirfreefire
41455232c8efbcf,maps/zm_escape/fx8_energy_portal_activate
414ac8a1464df26,weapon/ar_fastfire_t8_operator
41502e07b13d111,outfit_splinter_base_pal_com6_seraph_shop
415ce1fdc3f50c5,zm_weap_chakram_whirlwind_rumble
4168980d14584ac,miniturret_bullet_impact
4171e7ad9f2ba9c,mc/mtl_wpn_t8_loot_pistol_auto_trigger_sig
41743deedf1ca45,fastreload_segmented
41758c2bb4035a1,pc_armor_repair_toggle
417797e5cfb06e8,zombie_builder_tunables_zm
417ab4df5a7e231,activecamoinfo_t8_direct_action_kills_brains_zm
417e423d7d1f87a,craft_groups
418617e58e67c8d,impacts/fx8_bul_impact_raven_limb_nonfatal_uw
418694c09fa181f,mc/mtl_p7_zm_sta_dragon_network_console_set_decal_11
4186a4c09fa19d2,mc/mtl_p7_zm_sta_dragon_network_console_set_decal_12
41874bea5451e9d,menu/title_theme
4187858fab6c31b,attachment_stalker_ar_modular_restriction
4189043c8faa6c0,scripts/core_common/bots/bot_action.gsc
418e5f69c9010b0,splm/mtl_p8_zm_esc_barbed_wire_wire_horrific
41918e43e8747e3,i_mtl_p7_zm_vending_flopper_figure_n
41923e43e875a94,i_mtl_p7_zm_vending_flopper_figure_c
41944df11f98eb6,code1entitlement
4199e81b2361e58,splm/p7_zm_zod_boxer_gym_ibeam_128_01_dark
41b162e21c5f54e,impacts/fx8_knife_impact_blood_uw
41be94c09fd2776,mc/mtl_p7_zm_sta_dragon_network_console_set_decal_05
41bea4c09fd2929,mc/mtl_p7_zm_sta_dragon_network_console_set_decal_04
41bec4c09fd2c8f,mc/mtl_p7_zm_sta_dragon_network_console_set_decal_02
41bf54c09fd3bda,mc/mtl_p7_zm_sta_dragon_network_console_set_decal_09
41c7c470d27c0f6,codcaster_qs_listen_in
41c8809004e5821,outfit_dotd_exo2_bundle_firebreak_shop
41c8e2e8fb4d522,impacts/fx8_bul_impact_base_uw_sm
41c93cfd1777c46,i_mtl_p8_wz_ep_raygun_metal_c
41c97cfd1778312,i_mtl_p8_wz_ep_raygun_metal_g
41c9fcfd17790aa,i_mtl_p8_wz_ep_raygun_metal_o
41ca0cfd177925d,i_mtl_p8_wz_ep_raygun_metal_n
41ca3cfd1779776,i_mtl_p8_wz_ep_raygun_metal_s
41cda3cd628f610,zm_perkszombshell
41d3f919b43dc20,player_max_health
41d51c19898976f,gamedata/tables/mp/scoreinfo/mp_scoreinfo_control.csv
41d5f9c9ff87beb,heroes/russman
41d81b490daa433,mc/mtl_p7_zm_mob_bed_infirmary_frame_weld
41e17a6f0484a07,force_radar
41e3132e211d7ea,cin_zm_dlc1_zombie_crawler_talonspike_a_loop
41ec629ce3de2d9,weapon/ar_an94_t8
41ec7c198d67f53,mc/mtl_p7_zm_isl_table_operating_dirty_04
41ecac198d6846c,mc/mtl_p7_zm_isl_table_operating_dirty_01
41eccc198d687d2,mc/mtl_p7_zm_isl_table_operating_dirty_03
41ecdc198d68985,mc/mtl_p7_zm_isl_table_operating_dirty_02
41ed02ad1d85897,cin_zm_escape_outro
41f3f1380b17667,ar_stealth_restriction
41f620860c1e4ab,wz/menendez
41f7549055424ad,carry_score
41f7bb988016932,ajax_assassin_outfit_bundle
41fd8d8539cf47a,zombie_perk_totem_wolf_protector_zm
420421d8d4beff1,ei/gfx8_light_incandescent_hot_em_pb_i16
420653a0f59ded2,scene_frontend_t8_wz_male_unlock
420ba9e8e87cb65,pb_melee_male_draft_ch_select_3
4214c17f34996ea,ar_fastfire_t8
4215d69f4ba8c76,pb_action_figure_male_draft_transition_4
4215e69f4ba8e29,pb_action_figure_male_draft_transition_5
4215f69f4ba8fdc,pb_action_figure_male_draft_transition_2
4216069f4ba918f,pb_action_figure_male_draft_transition_3
4216269f4ba94f5,pb_action_figure_male_draft_transition_1
421dfa5eb0db956,i_mtl_p8_wz_ep_drink_coconut_c
421e3a5eb0dc022,i_mtl_p8_wz_ep_drink_coconut_g
421eca5eb0dcf6d,i_mtl_p8_wz_ep_drink_coconut_n
42340154ff66870,vd/t8_decal_blood_pool_floor_02
42343154ff66d89,vd/t8_decal_blood_pool_floor_01
42387378f42f8f6,zm_weapons/fx8_raygun_geotrail_zmb
4239420b6853d32,exposure_compute
4242d21200412d8,gun_selection
42481c6a86ea0ba,splm/mtl_p8_chi_beam_roof_metal_base
424c33aabe8324a,zombie/fx8_perk_altar_symbol_ambient_dead_shot
424e169be031625,splm/bullet_collision_concrete
4251ee75de24d68,bullet_impact
42584bd33a7bcef,ui_cam_icon_pistol_standard
425889ed4067af0,em/group01
4258b9ed4068009,em/group02
42594458370a904,dualoptic_smg_fastfire_t8_upgraded_tunables_zm
425f7da819565e7,i_mtl_p8_zm_zod_clock_wall_wheel_house_metal_n
425f8da8195679a,i_mtl_p8_zm_zod_clock_wall_wheel_house_metal_m
4261fddcb7e1e20,i_mtl_p8_zm_off_curtain_portable_metal_g
42623ddcb7e24ec,i_mtl_p8_zm_off_curtain_portable_metal_c
42628ddcb7e2d6b,i_mtl_p8_zm_off_curtain_portable_metal_n
42633ddcb7e401c,i_mtl_p8_zm_off_curtain_portable_metal_s
426bf83121f4ad2,mc/mtl_wpn_t8_shotgun_pump_reciever_cover_base
426c347193b7e49,boast_gone_fishing
426e91377126148,zmui/escape
427054114c937fb,sniper_fastrechamber_restriction
42806329991d5d2,wc/t7_wood_planks_splintered
42900949faa577c,vd/t8_rock_coal_01_blend
42989aa91a203ea,default_emblems
4298b8c37ebe486,mc/mtl_c_t8_bo_hero_matt_shadows_arm_l
429a58c37ec10b4,mc/mtl_c_t8_bo_hero_matt_shadows_arm_r
429c99ca6ec550e,zombie/fx8_perk_altar_symbol_ambient_blood_wolf
429ccd803c69574,mpui/escorts
42a1ec8c7d527cb,loot_contract_crash_cop
42a29771db74d6f,scripts/autogenerated/luielems/zm/zm_arcade_timer.gsc
42a4a2179ce323d,mpui/pump
42a8763df7bd9c6,vd/t8_decal_grunge_stain_oil_01
42bae5a1ca034b1,mc/mtl_p7_zm_asc_cabinet_electronic_scratch1
42bc93e975f144c,prt_mp_enforcer
42c1d8f92935716,medal_spectre_blade_throw_kill
42c24e37ffd4b75,mc/mtl_p7_zm_isl_cage_trap_decal_fasteners
42c2701ef3bce66,weapon/hero_annihilator
42c6f36b505e71f,mpui/plants_caps
42c93a44359ab50,mc/mtl_p7_zm_moo_console_control_decal_06
42c94a44359ad03,mc/mtl_p7_zm_moo_console_control_decal_07
42c95a44359aeb6,mc/mtl_p7_zm_moo_console_control_decal_04
42c960b23b51da7,deferred_permute_uber_resolve
42c96a44359b069,mc/mtl_p7_zm_moo_console_control_decal_05
42c97a44359b21c,mc/mtl_p7_zm_moo_console_control_decal_02
42c98a44359b3cf,mc/mtl_p7_zm_moo_console_control_decal_03
42c9aa44359b735,mc/mtl_p7_zm_moo_console_control_decal_01
42ca1a44359c31a,mc/mtl_p7_zm_moo_console_control_decal_08
42ca2a44359c4cd,mc/mtl_p7_zm_moo_console_control_decal_09
42d25f8e047f90e,mc/mtl_p7_zm_ver_cart_metal_surgical_rubber_01
42d9ff4584ae1a1,mc/mtl_p7_zm_ctl_desk_supply_pen_holder_metal_yellow_01
42e1c06865e8dc8,zmweapon/smg_thompson_upgraded
42e63fb020854c5,wc/mtl_p7_zm_shi_medical_divider_decal_blood
42e6b08d10738c0,mp_loadouts_arena
42e87de81214bfe,mc/t7_steel_cable_01_bare
42f1042340e6bf1,scripts/autogenerated/luielems/zm/zm_zod_wonderweapon_quest.csc
42f6b807638bad6,outfit_flecktarn_base_pal_com6_seraph_shop
42f9ea4435bf3d8,mc/mtl_p7_zm_moo_console_control_decal_11
42f9fa4435bf58b,mc/mtl_p7_zm_moo_console_control_decal_10
42fa0a4435bf73e,mc/mtl_p7_zm_moo_console_control_decal_13
42fa1a4435bf8f1,mc/mtl_p7_zm_moo_console_control_decal_12
42fa2a4435bfaa4,mc/mtl_p7_zm_moo_console_control_decal_15
42fa3075ffcaaa9,pc_swatgrenade_toggle
42fa3a4435bfc57,mc/mtl_p7_zm_moo_console_control_decal_14
42fa5a4435bffbd,mc/mtl_p7_zm_moo_console_control_decal_16
42fce81ddf69183,attachment_clantag_pistol_burst_restriction
4301069c87c36ab,ei/gfx_dust_swirl_md_anim_lit_full_lite
4307f6729feac66,objectives/dom
431df49601799f1,au_knife_loadout_none
43217e106a83c55,i_mtl_p8_zm_esc_electrical_wire_outlet_n
43222441c6404ac,pistol_burst_t8_zm
43286d0de2b2332,challenge/efficiency
432a6579bbde420,menu/allow_killcam
432ef1778e7e494,mcs/mtl_c_t8_zmb_female_hair1
432f183fa299a8d,i_mtl_p8_zm_zod_label_box_produce_decal_c
43341a31e83bcf1,o_t8_zm_zombie_wallchunk_6_repair
4335667bb38e30d,pc_graphic_content
4335b0d906d9b56,menu/emblems_caps
4341f30e575e96e,special_crossbow_t8_mp
43446bb50ceff96,mc/mtl_p7_mou_scaffolding_wood
4345af7e7b44f50,zm_weapons/fx8_blundersplat_muzzleflash_3p
43498ac40a58702,grenade_pineapple_explode_material
4349c1d7a210767,weapon_hero_gravityspikes_zm_1p_persist
4352bfb79b057a6,events_tripwire_ied_multikill_3
4352cfb79b05959,events_tripwire_ied_multikill_2
4352dfb79b05b0c,events_tripwire_ied_multikill_5
4352efb79b05cbf,events_tripwire_ied_multikill_4
43530fb79b06025,events_tripwire_ied_multikill_6
4354964579fd6cb,wc/mtl_p7_con_cargo_train_bare_metal_brushed
4357388f5cdcd12,wc/t7_cru_metal_trim_01_matte_grey_dlc1
4358215620a8410,menu/audio_presets
435a3e9a1d9afed,defaultobjectivelist
435df98c91c794c,menu/southpaw
4362d8c739156a5,score_limit_ctf
4365b7ad4924f2e,melee_zombiearm_t8_tunables_mp
436ccb615a2b9c6,smg_fastfire_t8
4381b7ed853a92e,loot_emote_shared_popnlock_05_shop
43897ed56a7fa90,zm_lab_selenium_selection
4393cb032d5d2ca,p8_zm_gen_prison_support_432
439447f4ba522c1,p8_zm_esc_warden_house_door_01
4398b43638825af,aib_vign_zm_mob_traverse_dock_gondola
43992bcee32bf93,menu/health_caps
43993c8815bce08,mc/mtl_p7_zm_ori_crate_wood_decal_woodside_wet
439a468dd68366b,p8_kit_zt8_exd_05_railing_06_basic_painted_metal_64_01
439af8733ab815d,acog_ar_galil_t8_tunables_zm
439c6cfa8a0cfeb,bonuscard_underkill
43a2b10b33570da,mc/mtl_p8_zm_zod_engine_pistons_crank_large_metal
43a4c40e3574914,loot_emote_juggle_soccer_ball_shop
43a9c94f6ac6015,i_c_t8_mp_spe_seraph_superhero_cyberarm_n
43aa394f6ac6bfa,i_c_t8_mp_spe_seraph_superhero_cyberarm_g
43acdbc102b1406,mp_tdm_squad.ai_htn
43ad7299d7c00aa,uber_beltfed
43aef0f51b922fa,sniper_fastrechamber_t8_gold
43b1499ad3c39aa,pc_ads_sensitivity_horizontal
43b38e9b140e4c3,ei/gfx8_smk_md_thick_lobe_anim_lit|dup
43b85efd3a1c840,events_grapple_gun_objective_capture
43bdc8210babca2,mcs/mtl_p7_vista_buoy_02_rubber
43c11a295823e5f,mc/mtl_p7_zm_kin_table_folding_wood_01
43c398f9f2449bc,i_mtl_p8_zm_esc_perk_vending_tonic_letter_02_c
43c3e8f9f24523b,i_mtl_p8_zm_esc_perk_vending_tonic_letter_02_n
43c40a49de2d118,mc/mtl_p7_fxanim_gp_tarp_blue_grunge_01_s3
43c413778e8b50b,el/gfx8_fog_slow_lg_anim_lit
43d18ae8882f285,events_grapple_slam_combo
43d3bad445d85c1,lsl_activecamo_unveil_mp
43d48b8efa50478,outfit_vampire_legendary1_ruin_shop
43d4b89d15d36cb,p8_zm_esc_citadel_arch_concrete_01
43d4c89d15d387e,p8_zm_esc_citadel_arch_concrete_02
43dc94dd9efff24,zombie_perk_bottle_deadshot
43de631742e585f,wc/t8_decal_blood_footprint_random_generic_01
43e0de57c42244d,mcs/mtl_p8_zm_esc_warden_clock_change
43ea03c7a285692,scripts/autogenerated/luielems/core/revive_hud.gsc
43f0e333b16ab58,p8_zm_zod_crafting_table_notes_06
43f0f333b16ad0b,p8_zm_zod_crafting_table_notes_07
43f10333b16aebe,p8_zm_zod_crafting_table_notes_04
43f11333b16b071,p8_zm_zod_crafting_table_notes_05
43f12333b16b224,p8_zm_zod_crafting_table_notes_02
43f13333b16b3d7,p8_zm_zod_crafting_table_notes_03
43f15333b16b73d,p8_zm_zod_crafting_table_notes_01
43f9776c4f15f85,zm_weapons/fx8_equip_homunc_spawn
43fb0e6dc13af42,prestige6_mp
43ffab7ab4b1974,lmg_fire
440472040de6e67,pc_colorblind_mode
4409892a3a5511c,zm_zombiedamagemult
440c4e8d76fb3d4,recon_wetworks_outfit_bundle
440fc23d61aa835,outfit_warrior_epic1_wetworks_battery
4417cfc17a30a0d,mpui/gun_caps
443180a768b462e,wc/t8_wood_planks_damaged_teak
4436f4bcdfbd268,charm_shotgun_shell
443be4df5cd3d65,activecamoinfo_t8_direct_action_kills_brains_wz
4444b41f195a966,depth_fill_from_sst
445312ee82d2641,fallimpact_fast
4466246c8f18024,impacts/fx8_bul_impact_ice
44783ac5ec1ed2e,wc/t8_metal_panel_trim_01b
4478a903275510a,menu/objective_caps
447c631ef6d2877,entity_bounce
44864264635a0d3,charm_specialist_ruin
448f89a07b04731,arena/ranked_play
44916eb222ad1b6,weapon/proximity_grenade
449520f94829141,bow_draw_loop
4496e1b656c6651,zm_bgb_blood_debt
449cb37d43529b7,mc/mtl_p7_zm_ori_crate_wood_decal_wood_damage_wet
44a03231cd00927,medal_annihilator_shutdown
44a077b5076860d,outrider
44a8075e5e903db,rifle_melee_surface_plr
44a8f347fd6ff8f,menu/talent_engineer
44acfaf883775f3,i_mtl_wpn_t8_smg_fastfire_grip_sig_01_s
44adfaf88379123,i_mtl_wpn_t8_smg_fastfire_grip_sig_01_c
44ae3af883797ef,i_mtl_wpn_t8_smg_fastfire_grip_sig_01_g
44aeaaf8837a3d4,i_mtl_wpn_t8_smg_fastfire_grip_sig_01_n
44aebaf8837a587,i_mtl_wpn_t8_smg_fastfire_grip_sig_01_o
44aefbac68ccc61,outfit_dotd_com1_bundle_seraph_shop
44afab63fa6ec5d,ar_accurate_t8_tunables_zm
44afd4c42a4b8e9,phy_cardboard
44b0538797e4421,scene_frontend_t8_zm_male_team_3_nikolai
44b085c3d0186bf,mc/mtl_p7_rus_insulator_electrical_snow_metal_gray
44ba2922bf59385,pistol_revolver_restriction
44bbc8f12f8afc3,loot_emote_shared_popnlock_08_shop
44bcfea72977181,mc/mtl_veh_t7_zhd_tanker_truck_body01_glass
44bd40200ddb02a,mc/mtl_wpn_t8_shotgun_prec_ammo_door_base
44c1dd55f342610,lmg_spray_restriction
44c900f3a44cf0a,mpui/ratio_caps
44c9a4ee8020513,mc/mtl_p8_wz_ep_gun_toy_flag
44cb703495183e7,defaultfpentitlementlist
44cddef71fb8423,scope_mms_tr_powersemi_restriction
44d1826763b338d,deferred_permute_clear
44dae2c24d30c05,gd_c_t8_mp_spe_engineer_apocalypse_lowerbody1
44e26c5689cea68,impacts/fx8_bul_impact_raven_body_fatal_exit
44ee9beaa552ff7,wz/reznov_caps
44f05ef804479a7,weapon_butt
44f657296e069d3,attachment_killcounter_ar_accurate_restriction
44f84c93beb237a,gd_c_t8_mp_spe_ruin_apocalypse_lowerbody1
44fbe25e0e9fb49,i_mtl_p8_wz_ep_bottle_champagne_c
44fc925e0ea0dfa,i_mtl_p8_wz_ep_bottle_champagne_n
4500d53f9ed2d0f,pistol_revolver_t8_zm
4505ce7956a91f3,zm_perkscooldown
4509c200e5e1153,mc/mtl_p7_zm_ori_scope_vintage_fluid
450ecfdcfe19448,mp/rampage
450fce9588c248b,dynzoom
45127c8fb61a291,mc/mtl_p8_zm_zod_scale_food_set
451b2099736d447,contract/pickup_weapon_kills
4525a55c40bf941,mc/mtl_veh_t7_zhd_tanker_truck_body01_grill
452fd49d57e16bf,activecamoinfo_t8_showstopper
4531d8b1f3f2aa7,p8_kit_zt8_exd_05_railing_05_basic_painted_metal_128_01
4533f973ffc6af8,outfit_warrior_exo2_bundle_seraph_shop
4542b8f119a1abd,clan/competitive
4546e7c806fac15,mc/mtl_p7_spl_buoy_plastic_blue
454a8f4ddcc4b64,i_t8_zm_decal_chalk_help_01_r
454d80797ed0c36,challenge/wildcards
454e6095755f8b6,menu/70_points
4553af658661b4c,i_mtl_p8_foliage_elm_tree_test_bark_cut_decal_o
4553bf658661cff,i_mtl_p8_foliage_elm_tree_test_bark_cut_decal_n
4553ef658662218,i_mtl_p8_foliage_elm_tree_test_bark_cut_decal_c
455490b99d4cbbb,zm_bgb_quacknarok
455eee8cdb9c0ac,mc/mtl_p7_zm_ver_cookware_vintage_bolt_decal
45620053431e9cd,codcaster/ls_perks
456cc65ab4f1e1f,lb_mp_gm_dem_arena
4570e15aac516b1,mc/mtl_p7_slu_stool_swivel_leather
45763e4b241d123,loot_season_1_postseason_all_rng
45769dacd32e63a,ei/gfx_exp_billow_md_anim_em_gp_i16|dup
4578b75b282115e,eq_wraith_fire_extra_tunables_zm
457ab7c69ecd654,mc/t7_decal_tech_panel_inset_normal_20
458043273a35bc3,wc/t7_metal_wall_corrugated_hor_black
458181eb9dbde8b,zm_bgb_extra_credit
4581baff4a7db0e,menu/x_money
458fd4dff2bd9e8,ar_stealth_t8_operator
4591ee8c59c6ba1,zm_contract/wallbuys
4592c30e5951bc2,special_crossbow_t8_zm
4596986d843bcfe,mcs/mtl_p8_crate_wood_01_set
4599132bf7320e8,prt_wz_reznov
459a0af8e8f912b,defaultattachment
459c2d4c2ed4a1e,mc/t7_zm_ctl_screw_decal
459f17f5b5ffefe,dinnext_regular
45a0bac37bda541,scripts/core_common/globallogic/globallogic_score.gsc
45b44c6cae77af8,medal_gravity_slam_multikill_x2
45b576c3e085505,defaultentitlementlist
45b5d0fb89903f3,camo_active_dlc2_apb_wrapper_shop
45beef7b501a673,operator_uber_restriction
45c05b63fb57241,ar_accurate_t8_tunables_wz
45c1e76aca9104f,options/mute_sound
45d011e482e4864,acog_sniper_quickscope_t8_upgraded_tunables_zm
45de1ea3dc675c7,defaultplayertalenttemplate
45de7edba9b7f17,lf_skull_blue_lens
45e7b9d3d1fbed8,mc/mtl_p7_zm_sta_cabinet_glass_edge
45f203a496477f4,mcs/mtl_p8_wine_barrel_01_rings
45f31ad447a5b29,lsl_activecamo_unveil_wz
45f4d58e7d11f1c,attachment_rf_ar_stealth_restriction
45fd158bb58c964,hero_minigun_t8_lv1_zm
460cc5fa8f85fe7,hold_breath
46124631747abab,gamertag_indicator
4614fb159b1ad9c,ei/gfx_lightning_cloud_em_gp_i16
4615c54a8033bc6,splm/p8_zm_esc_gutter_section_spout_128
46186dbea14f993,mc/mtl_p7_zm_mob_hallway_railing_set_decal04
46189dbea14feac,mc/mtl_p7_zm_mob_hallway_railing_set_decal01
4618bdbea150212,mc/mtl_p7_zm_mob_hallway_railing_set_decal03
4618cdbea1503c5,mc/mtl_p7_zm_mob_hallway_railing_set_decal02
461914e692071ec,mc/mtl_p7_spl_trident_post_gold
461bf829fa7e239,pc_switchsecondary
461eaa458576b91,menu/lb_defuses
461f1b18dd182fe,mc/mtl_c_t8_zmb_dlc4_hero_misty_boot_r
461fbb18dd193fc,mc/mtl_c_t8_zmb_dlc4_hero_misty_boot_l
462257c69f5fa27,mc/t7_decal_tech_panel_inset_normal_18
46230fb7b0a7ac8,vd/t7_decal_water_wall_running
4628ccaede1158f,i_mtl_p8_wz_ep_book_demon_frame_c
4628fcaede11aa8,i_mtl_p8_wz_ep_book_demon_frame_n
462cb5783a2010e,bonuscard_secondary_gunfighter_2
462cc5783a202c1,bonuscard_secondary_gunfighter_3
462e8f414ece729,mc/mtl_p8_zm_zod_light_fixture_1st_class_dining_ceiling_decal
4633ed2be1cee37,mc/mtl_p7_signage_elevator_floor_indicator_trim_01_frame
463a42c280d4d3a,mc/mtl_p8_zm_zod_engine_main_condenser_pipe_small_metal
4641e2856606680,p8_fxp_fluid_splash_blood_dark_half_hirez
465006f9064ffd6,gsoc_zm_health
46513144f1265ba,menu/all_caps
46535d99d8af657,wc/t8_zm_zod_wood_trim_01_teak
465c511f38a24c7,outfit_water_legendary1_ajax_sunset_bundle_shop
465f8827c51a630,mc/mti_p7_zm_ori_machine_diesel_paint_02
465fb827c51ab49,mc/mti_p7_zm_ori_machine_diesel_paint_01
4676982abb61480,mc/mtl_p7_zm_moo_floodlight_tall_set_dirty_01
4676b82abb617e6,mc/mtl_p7_zm_moo_floodlight_tall_set_dirty_03
4676c82abb61999,mc/mtl_p7_zm_moo_floodlight_tall_set_dirty_02
46858a65bcf5ce7,quote_take_calculated_risks
4686efc3046c5ef,mc/mtl_wpn_t8_smg_capacity_sig_02_charging_handle
46890918bdba775,gd_c_t8_mp_spe_seraph_heist_lowerbody1
4690cbe43f490d7,ability_sig_buckler_dw_restriction
4694807c8204cdf,pc_music_volume
4694f1351eaa5bb,mcs/mtl_p7_zm_zod_crane_trim_01
4699a615d64dddf,mc/mtl_p8_zm_esc_dark_machine_light_04_off
469d0ddae22b9f4,events_vision_pulse_pulsed_enemy
469f638400cf020,talent/tracker
46b33d0a9b035d2,weapon/concertina_wire
46b3d251afcbf92,i_t8_zm_esc_cliff_sharp_n
46b42251afcc811,i_t8_zm_esc_cliff_sharp_c
46b87384e37fbb5,reaperfoley_crouch_walk_plr
46bb1042d0c64b7,smg_standard_t8_upgraded_tunables_zm
46bfe54eeda9fc1,attachment_clantag_launcher_standard_restriction
46c5ff3e6a6922d,mc/mtl_wpn_tr_powersemi_mag_sig_02
46c8b113a94eae3,mc/mtl_p8_zm_esc_fan_trap_blood
46c9714cfe4e477,i_mtl_p8_zm_esc_perk_vending_soda_menu_02_c
46cc90671a1dc63,menu/interact_reload
46ce58444e62088,scope_acog_tr_powersemi_restriction
46d30ee171ae16a,bullet_ap_enter
46d646b374cee77,wz_escape_death_circles_one_circle
46e05d4b441893c,pc_voice_chat_channel
46e2d7dfb07a6e0,sergei
46e9471e3f0d89b,wc/t7_metal_wall_corrugated_hor_orange_yellow
46ed6b6eabf4db6,p8_zm_esc_sign_reg_deal_with
46ee9b7e292878c,quote_death_solves_all_problems
46ef7df9ab1a67e,ei/gfx8_liquid_radial_lit
46f0129bd47bf64,vd/t8_decal_blood_splatter_wall_directional_02
46f0229bd47c117,vd/t8_decal_blood_splatter_wall_directional_03
46f0429bd47c47d,vd/t8_decal_blood_splatter_wall_directional_01
46f0fbb6aea6360,defaultnpcquietfootstep_crouch_walk_npc
47067c65cc331dc,pstfx_zm_office_teleporter
4709e0f99fbe889,wc/t7_mou_wall_concrete_panel
4709f2cdfec5c52,talisman_shield_durability_legendary
471098b0579a24c,menu/keep_segment
4710bafa57b1438,mc/mtl_wpn_t8_lmg_hades_rail_clamp_base
4726f4cac02db59,mc/t8_concrete_wall_damaged_01_blend
47278adf5790e47,zmweapon/ar_fastfire_t8_upgraded
47297c33b115641,perk_dead_shot
472b833df042903,beam8_zm_teleport_path_beam_ported
472cfb7c66ff88d,ei/gfx_water_splash_side_bits_em_pb_i16
473027d0e61d297,prestige10_zm
4737479896eed26,pc_cinematics_volume
47396ec16eb8e7f,pb_emote_shared_male_nay
473a9984f992946,electric_arc_tesla_beam_energy_ball_red
473acc55b89ab6b,draft_required_clients
473ba8dd42fa200,mc/mtl_attach_t8_loot_shotgun_fullauto_stock02_sig
473d9da1d46c068,team_score_per_kill_denied
47441d0f859c5f5,zombie_perk_bottle_revive_zm
47455b001b7d608,ei/gfx8_liquid_impact_em_pb_i16
474996a75324d5a,null_offhand_primary
4750c081cf6e29b,zmui/ztutorial_caps
475219d05bb0940,crossbow_impact
4758ccfef054689,hero_chakram_lv3_zm
4769a59ac809478,weapon/fx8_muz_ar_dmg_1p
476fc85d93c10be,ui_cam_cac_smg_fastfire
4772efd41b91b30,i_mtl_p8_zm_esc_book_07_character_n
4773bfd41b93147,i_mtl_p8_zm_esc_book_07_character_c
4773d94d456305c,splm/mtl_p8_zm_esc_bodybag_bloody_stripes
47778703cedf6dd,attachment_clantag_smg_accurate_restriction
4777c093494d09d,mc/mtl_p8_zm_esc_jumbled_electrical_wire_decal_dirt
477877bc2158aee,vd/t7_decal_damage_concrete_ground_01_wet
477cc89337a5ea5,smg_drum_pistol_t8_upgraded
477d9e4bdcf4b89,menu/sfx_volume
477eb621d015ebd,gd_c_t8_mp_spe_swat_assassin_lowerbody1
4785f246fd3dece,wz_character_tedd
478bbe9b2fc99fb,mc/mtl_p7_zm_mob_cell_toilet_set_blood
478e0ba47cfb4a8,menu/social
4790c7df71f21d4,menu/perks
47912bc7a0a8d74,wz_rank_80
47913bc7a0a8f27,wz_rank_81
4793b146f1bcc8f,dot_wraith_fire
47a4540faf55ddb,menu/decay_progress
47b17edd4ce6b5d,activecamoinfo_t8_direct_action_kills_fractalflames_wz
47b3c77b73aa2a9,prt_zm_stuhlinger
47b79ea4309bc77,scene_frontend_t8_buff
47bbabe7d5622ba,mc/mtl_p8_zm_off_coat_lab_hanging_plastic
47bc0728f706e54,wc/t8_zm_off_dec_grunge_oilstain
47c26705f2f4f8f,playerentitystatefields_default
47c6b321884d280,zm_trapsenabled
47c7a6218372f91,ei/gfx8_muzzleflash_sparks_omni_em
47ce2933edef841,menu/respawn_delay
47d5f04eb34c91a,charm_plant_melon
47da659ac86c78a,weapon/fx8_muz_ar_dmg_3p
47dbb2f60f86abc,zombie/wallbuy_cooldown
47de96e67fdfa0b,melee_amuletfist_t8_mp
47fbe348869aaa7,wpn_rocket_explode
48018509526325b,zombie_perk_bottle_additionalprimaryweapon
4803695ab0f8582,clan_font_digital_c
4805039198de144,ei/gfx8_spark_shower_core_hdr|dup
48074b09a52f30c,i_mtl_p7_zm_sta_cabinet_glass_n
480a5e6dc4b3386,prestige6_zm
480ae5ecebd9c72,key/lalt
4827c2696cfbb18,max_allocation
48288470fe0b53d,scripts/autogenerated/luielems/zm/zm_red_challenges_hud.gsc
4829dc055748218,pyromaniac_sd_hvo
4836416b63e14b4,i_mtl_p7_zm_tra_table_kitchen_long_02_m
4836716b63e19cd,i_mtl_p7_zm_tra_table_kitchen_long_02_n
48371cd5e901f80,p8_wz_ep_glow_stick
483a483ca2eb5f0,wz/attach_extbarrel
483d8958c765eeb,prt_wz_female_4
483db958c766404,prt_wz_female_1
483dd958c76676a,prt_wz_female_3
483de958c76691d,prt_wz_female_2
483f54a8cff752c,menu/store_additional
484076dffffe7f4,mod_melee_assassinate
48446ad44999b15,lsl_activecamo_unveil_zm
48455970505305b,zero_persian_outfit_bundle
484a9366715bd23,mc/mtl_p8_zm_zod_wall_box_electrical_set_base_dmg_metal_02
484b423f4532769,events_battle_shield_shield_block_assist
484de4585c3d818,aib_t8_zm_zombie_undercroft_spawn_01
484e04585c3db7e,aib_t8_zm_zombie_undercroft_spawn_03
484e14585c3dd31,aib_t8_zm_zombie_undercroft_spawn_02
484e63b7e6d101b,mc/mtl_p8_zm_esc_desk_small_rubber
48504edd4d69f99,activecamoinfo_t8_direct_action_kills_fractalflames_zm
48602c997b1cbb1,mcs/mtl_p7_zm_sta_luggage_vintage_set_leather03
48626f6cdf7e521,medal_wz_zombie_kills
48682bc7a15d620,wz_rank_48
48683bc7a15d7d3,wz_rank_49
4868abc7a15e3b8,wz_rank_40
4868bbc7a15e56b,wz_rank_41
4868cbc7a15e71e,wz_rank_42
4868dbc7a15e8d1,wz_rank_43
4868ebc7a15ea84,wz_rank_44
4868fbc7a15ec37,wz_rank_45
48690bc7a15edea,wz_rank_46
48691bc7a15ef9d,wz_rank_47
486bef4a1059b01,lf_skull_orange_lens
4876e46c064895c,mc/mtl_p8_zm_esc_warden_office_door_frame_top
4878d4e0065fa60,ei/gfx_exp_billow_md_anim_em_pb_i16_desat
488e0801d79e68b,vd/mtl_p7_zm_ori_church_vault_cracks_decal
488e2d212c99d34,mc/mtl_p8_zm_esc_packasplat_engine_base_dirt
4893b83fcbc6f73,mc/mtl_p7_slu_panel_electrical_01_base_part_02
4893c83fcbc7126,mc/mtl_p7_slu_panel_electrical_01_base_part_01
4894d0fe4dfa76d,zmui/orange
48975bcf5e773c0,mcp/hud_outline_model_z_orange_calpha
4899213cd0c0ad3,rts_holograph_distortion
4899ef258715d73,bonuscard_primary_gunfighter
489f9b47c40bf58,splm/p7_pipe_metal_hp_4_straight_32_bare
48a07bc7a18edf6,wz_rank_59
48a08bc7a18efa9,wz_rank_58
48a0d9622bdb762,flash_bounce
48a0dbc7a18f828,wz_rank_53
48a0ebc7a18f9db,wz_rank_52
48a0fbc7a18fb8e,wz_rank_51
48a10bc7a18fd41,wz_rank_50
48a11bc7a18fef4,wz_rank_57
48a12bc7a1900a7,wz_rank_56
48a13bc7a19025a,wz_rank_55
48a14bc7a19040d,wz_rank_54
48a485b9c02fecb,p8_zm_zod_light_fixture_standard_03_gold
48a66d1647df0a3,lsl_reticle_mms
48aa8eed3118f2e,warzone/health
48aaee6dc539756,prestige6_wz
48ac61519a9e8d0,mc/t7_glass_smoked_dark_clean_2
48afd498edf55f3,impacts/fx8_bul_impact_robot_body_nonfatal_exit
48b0b7822bb0ba1,wc/t7_wood_worn_brown
48b10a9c4efa25a,rf_upgraded
48c3287b2d555fb,ei/gfx8_smk_sm_thick_bulb_anim_em
48c50f2c67eac9b,attachment_steadyaim_pistol_standard_restriction
48ccb6442279c8a,mc/mti_p7_zm_ori_machine_diesel_metal
48d0ebc7a1b2fb2,wz_rank_68
48d0fbc7a1b3165,wz_rank_69
48d10bc7a1b3318,wz_rank_66
48d11bc7a1b34cb,wz_rank_67
48d12bc7a1b367e,wz_rank_64
48d13bc7a1b3831,wz_rank_65
48d14bc7a1b39e4,wz_rank_62
48d15bc7a1b3b97,wz_rank_63
48d16bc7a1b3d4a,wz_rank_60
48d17bc7a1b3efd,wz_rank_61
48e0e1716e204b1,mc/mtl_p7_zm_zod_matchstick_glow
48e158ea8a8913c,medal_backstabber_kill
48e57915630c44a,mc/mtl_p7_ntx_tech_panel_metal_01_gray_drk
48e8c9651f00819,zm_ai/fx8_cata_elec_blast
48edff857e04492,menu/noloc
48f1c2fc5b85714,acog_tr_powersemi_t8_tunables_zm
48f7c4ab73137f8,scripts/autogenerated/luielems/zm_laststand/zm_laststand_client.gsc
48fc11d94c483a7,mc/mtl_p8_zm_esc_gondola_decal_01
48fc21d94c4855a,mc/mtl_p8_zm_esc_gondola_decal_02
48fe7b122f227bf,prt_wz_david_mason
490385e7752e128,wc/t7_metal_diamond_plate_worn
4907bbc7a1e1ec0,wz_rank_71
4907cbc7a1e2073,wz_rank_70
4907dbc7a1e2226,wz_rank_73
4907ebc7a1e23d9,wz_rank_72
4907fbc7a1e258c,wz_rank_75
49080bc7a1e273f,wz_rank_74
49081bc7a1e28f2,wz_rank_77
49082bc7a1e2aa5,wz_rank_76
49083bc7a1e2c58,wz_rank_79
49084bc7a1e2e0b,wz_rank_78
49098735b58ca74,scripts/core_common/clientfield_shared.csc
49110e317d532b6,activecamoinfo_t8_sig_shotgun_fullauto_construction_zm
4914218f744517b,scripts/autogenerated/luielems/cp/cp_skip_scene_menu.csc
49187bb48856882,scripts/zm_common/zm_weapons.csc
491c7456134ff9b,codcaster_ds_xray_1p_enemies
491cb0758a0230f,mc/mtl_wpn_t8_shotgun_prec_sights_front_base
491ffe25d48c5fb,p7_cai_vase_ceramic
4923e2875139c50,i_mtl_p8_zm_esc_console_monitor_plastic_n
492b787c3cbcc72,vd/t7_decal_grunge_dirt_base_03
49308bb9d367448,ei/gfx8_dust_mote_bokeh_lit
49324671a91cb9f,events_health_boost_cleansed
4938e1bc3532cf6,outfit_tigerstripe_base_pal_com6_recon_shop
493febc7a213330,wz_rank_04
493ffbc7a2134e3,wz_rank_05
49400bc7a213696,wz_rank_06
49401bc7a213849,wz_rank_07
49403bc7a213baf,wz_rank_01
49404bc7a213d62,wz_rank_02
49405bc7a213f15,wz_rank_03
494086799104c68,gamedata/tables/mp/scoreinfo/mp_scoreinfo_gun.csv
4940abc7a214794,wz_rank_08
4940bbc7a214947,wz_rank_09
494713158da09ea,impacts/fx8_bul_impact_blood_limb_fatal_exit
494cb3c2a3c9c3a,zm_ai/fx8_dog_lightning_spawn
494fe2251127ab5,pb_emote_shared_fem_disgusting
49546bf5f378924,zombie/perk_dying_wish
49562fb1a628ffd,vd/t8_concrete_damaged_cracked_02_blend
496753122154282,architect_control_hvo
496865502d55b8b,splm/p8_zm_esc_citadel_metal_beam_01
496875502d55d3e,splm/p8_zm_esc_citadel_metal_beam_02
496c6f3083248e7,menu/online_only
496d1169199b0a4,zblueprint_shield_zhield_riot
496f6b282e42dad,attachment_stalker_smg_fastfire_restriction
49718066f6ea9f5,boast_waiting_fem
497736588acdfb3,nomad_end_game_pose
49781bc7a2447a0,wz_rank_17
49782bc7a244953,wz_rank_16
49783bc7a244b06,wz_rank_15
49784bc7a244cb9,wz_rank_14
49785bc7a244e6c,wz_rank_13
49786bc7a24501f,wz_rank_12
49787bc7a2451d2,wz_rank_11
49788bc7a245385,wz_rank_10
4978fbc7a245f6a,wz_rank_19
49790bc7a24611d,wz_rank_18
497d2227fab74f8,wc/t8_metal_painted_clean_black
49877ad29535e43,splm/mtl_p8_chi_beam_roof_metal_scratch
498e2af4089e9f3,attachment_quickdraw_pistol_revolver_restriction
499180a32d3c6dc,p8_zm_esc_lab_monitor_base
49919479252591d,smg_vmp_t8_bribe_free
49943510fe46ebd,platform/hold_breath
49988746d50d363,mc/mtl_wpn_t8_smg_accurate_body_upper_sig_03
499dfd37d57355d,mc/mtl_p7_ban_light_hanging_set_metal_02
49a7701a5697c95,zombie_perk_totem_winters_wail
49ab1237d375d92,i_mtl_p8_zm_zod_cylinder_support_column_left_decal_n
49ab6237d376611,i_mtl_p8_zm_zod_cylinder_support_column_left_decal_c
49af9e317dd6026,activecamoinfo_t8_sig_shotgun_fullauto_construction_wz
49afb2862fc3d54,sniper_fastrechamber_t8_upgraded
49b06bc7a275f76,wz_rank_28
49b07bc7a276129,wz_rank_29
49b0cbc7a2769a8,wz_rank_22
49b0dbc7a276b5b,wz_rank_23
49b0ebc7a276d0e,wz_rank_20
49b0fbc7a276ec1,wz_rank_21
49b10bc7a277074,wz_rank_26
49b11bc7a277227,wz_rank_27
49b12bc7a2773da,wz_rank_24
49b13bc7a27758d,wz_rank_25
49b32c066893258,mc/mtl_wpn_t8_shotgun_semi_handguard_sig_02
49b35c066893771,mc/mtl_wpn_t8_shotgun_semi_handguard_sig_01
49b6d4f092db630,mc/mtl_p7_zm_kin_printer_office_big_metalpiant_yellow
49bc5bd248e960d,prestige1_zm
49c0bcceec2daad,pack_hunter_control_hvo
49c28a73a061fd7,talent/skulker
49c36ef9eeac503,gd_c_t8_mp_spe_firebreak_superhero_arms1
49c6f16c4e22959,events_tripwire_ied_objective_defense
49ca5756f6ccd3e,mp/generic_hacking
49cae7a47c9d8de,mpui/duos
49cee5a41042fff,zombie_perk_bottle_death_dash_zm
49deb1fcb5a3f1a,gamedata/ddl/generated/dlog_event_cpequipmentuses.ddl
49e0a53fa2f4947,pistol_revolver_t8_mp
49e0bbc7a299dcc,wz_rank_39
49e0cbc7a299f7f,wz_rank_38
49e0fbc7a29a498,wz_rank_35
49e10bc7a29a64b,wz_rank_34
49e11bc7a29a7fe,wz_rank_37
49e12bc7a29a9b1,wz_rank_36
49e13bc7a29ab64,wz_rank_31
49e14bc7a29ad17,wz_rank_30
49e15bc7a29aeca,wz_rank_33
49e16bc7a29b07d,wz_rank_32
49e353fb642cb3f,menu/characters
49e6e5a5bbcc764,wc/t8_zm_decal_carpet_worn_through_seam_small_reveal
49e75e962ea5275,gear_armor_hardcore
49e7f351ec1ecdc,zm_contract/classic_rounds
49eb7065e82e3e4,menu/scoring
49f091d13da3663,zm_ai/fx8_dog_eye_glow
49f197d0e873497,prestige10_wz
4a0ce002edb74c2,pc_use_consumable
4a0dc115c0e15fa,pfx_dirt_impact
4a112f1e1be11ff,em/hitmarker
4a144a409223007,em/ions
4a189e3711dc6e9,menu/interactive
4a1cf7436e58540,pc_inventory_toggle
4a1ed7fe233c494,zm_weapons/fx8_raygun2_view
4a2461e4b66b91c,mc/mtl_p8_zm_esc_book_07_character
4a24f93332fb8fd,mc/mtl_p8_zm_elixir_icon_alchemical_antithesis
4a2647478e0acd0,mpui/stabs
4a2a334c71f3c2f,codcaster_ds_xray_1p_allies
4a315d3be479fea,menu/scorestreaks
4a3c27fb27f4dc7,menu/loading_profile
4a414a8438e5a54,weapon/ar_galil_t8
4a47b99a0e7d657,zmweapon/lmg_spray_t8_upgraded
4a4b567bbf705fc,ui_cam_cac_pistol_fullauto
4a4fdc179823939,impacts/fx8_bul_impact_blood_limb_fatal
4a5036425c59b91,ui/mod_burned
4a56fda8ced350e,uie_wedge_multiply
4a59645ffdc1b88,extrapellets
4a6bcd22cfc0b4a,wc/t8_zm_zod_carpet_1st_class_stateroom_hallway_01
4a6ce96d79d7d74,ei/gfx8_fog_slow_md_anim_em|dup
4a6d815dd637e80,events_annihilator_activated
4a778f942c9cf15,mc/t7_zm_sta_decal_damage_concrete_cracks_01_dark
4a798c1b67f2112,mc/mtl_mphd_forklift_glass_special
4a7a576f8a10fc0,mc/mtl_p7_zm_kin_projector_movie_blackglass
4a7c345e4589b22,playlist/safeguard
4aa7f22adae7e00,zombie_perk_totem_death_dash
4ab1630843a02fe,mcs/t7_wood_worn_brown
4abe128c2e09118,mc/mtl_p7_shr_chest_wood_lrg_wood_06
4abe228c2e092cb,mc/mtl_p7_shr_chest_wood_lrg_wood_07
4abe328c2e0947e,mc/mtl_p7_shr_chest_wood_lrg_wood_04
4abe428c2e09631,mc/mtl_p7_shr_chest_wood_lrg_wood_05
4abe528c2e097e4,mc/mtl_p7_shr_chest_wood_lrg_wood_02
4abe628c2e09997,mc/mtl_p7_shr_chest_wood_lrg_wood_03
4abe828c2e09cfd,mc/mtl_p7_shr_chest_wood_lrg_wood_01
4acb0bd249ce591,prestige1_wz
4acd82bd4d28a1f,activecamoinfo_t8_direct_action_kills_wz
4ad1389804c20ca,attachment_grip_ar_damage_restriction
4ad504d5a537845,zm_perksvictorious
4adc5d454284943,weapon/fx8_shellejects_saw_link_resting
4add1dcf481b5a9,weapon/hatchet
4ade150ffb574d4,menu/brightness
4aded5d41680486,uie_crop_multiply
4ae2b9ba32c50c8,mc/mtl_p7_zm_isl_gate_machine_metal_05
4ae2c9ba32c527b,mc/mtl_p7_zm_isl_gate_machine_metal_04
4ae2e9ba32c55e1,mc/mtl_p7_zm_isl_gate_machine_metal_06
4ae2f9ba32c5794,mc/mtl_p7_zm_isl_gate_machine_metal_01
4ae319ba32c5afa,mc/mtl_p7_zm_isl_gate_machine_metal_03
4ae329ba32c5cad,mc/mtl_p7_zm_isl_gate_machine_metal_02
4ae5184adc9828d,i_mtl_p8_zm_esc_cryo_chamber_pod_screw_02_n
4ae5f9e39fc4a1f,wz/woods_caps
4ae88c5d22dbe5f,zm_powerupsfiresale
4aee3aaa0b03a5e,wc/t8_cloth_rope_01
4aef303ed69e004,challenge/gear
4af1be5587b532d,zmweapon/launcher_standard_t8_upgraded
4aff88ba8658170,charm_plant_peach
4b08b09636ecd9e,menu/arena_caps
4b12e7e421d0871,mc/mtl_c_t8_bo_hero_trejo_body_skin
4b1790ba95c9a0d,mc/mtl_wpn_t8_lmg_hades_bolt_base
4b1ba7706f991d8,key/kp_downarrow
4b1e982689f19c9,pfx_t8_spark_med
4b1f7052d32300e,maps/zm_escape/fx8_pap_lightning_bridge_up
4b3094fae3bb603,ei/gfx8_spark_round_hdr_desat
4b31b544d86d60e,mc/mtl_p8_zm_crafting_alchemy_set_wire
4b3a5bc6b1aba8c,weapon/pickupnewweapon
4b428bd831f1006,i_c_zom_player_farmgirl_head_n
4b4b27591e674a4,zombie/fx8_perk_altar_symbol_ambient_widows_wine
4b4eeba3a5c0df9,fruit_small
4b4f533c3cb3819,weapon/tr_longburst_t8_operator
4b57ce18a0dad78,sprint_cancel_reload
4b5d9340a966af6,menu/contract_afterburner
4b6481c8550010f,gesture_fishmictoast_bundle_shop
4b671a0762ebce4,mc/mtl_p7_zm_tra_cage_animal_med_net
4b68d0970eb6a02,victim_bullet
4b69592c8dc007f,vd/t8_decal_blood_splatter_floor_tile_01_dry
4b6c84e237fc5c5,i_mtl_attach_t8_ar_muzzle_04_n
4b6cf4e237fd1aa,i_mtl_attach_t8_ar_muzzle_04_g
4b6db4e237fe60e,i_mtl_attach_t8_ar_muzzle_04_s
4b6e12bd4daedef,activecamoinfo_t8_direct_action_kills_zm
4b75910a90bfacb,splm/p8_pipe_metal_hp_4_straight_64_painted
4b783232686d511,cinematic_bink
4b78f913268b146,impacts/fx8_bul_impact_water_xlg
4b78fc62ac61734,ei/gfx_dust_spike_md_anim_em_full_dark|dup
4b7a1b3900d178d,mc/mtl_p8_wz_ep_wallet_police
4b7eb9fde56bd35,eq_frag_grenade
4b85721db08bf93,maptablelist
4b88a326e9b0052,mc/mtl_wpn_t7_camo_silver_archangel
4b924daa49aba34,zm_zombie_melee
4b93044991e4b77,weapon/defaultweapon
4b9eccc20cbbd1d,mcs/mtl_p7_vista_buoy_02_weathered
4ba187135a0ac33,mc/mtl_p8_zm_zod_light_fixture_1st_class_lounge_ceiling_edge_02
4ba197135a0ade6,mc/mtl_p8_zm_zod_light_fixture_1st_class_lounge_ceiling_edge_01
4ba7ec5d6547ce1,attachment_killcounter_lmg_heavy_restriction
4ba806d1e5fa3ff,gd_c_t8_mp_spe_reaper_apocalypse_lowerbody1
4ba820e976d8ae7,mc/mtl_p8_zm_esc_perk_vending_cola_decal_red
4ba9fe546c17aa4,zombie_perk_totem_tortoise
4bbb4d9404c43fc,button_layout_nomad
4bbeb7e1f5f4c52,i_mtl_p8_zm_esc_sign_reg_work_m
4bc4dedc24668a5,destroyer_koth_hvo
4bcbdc19707392f,mpui/stalker_desc
4bce2f951ad2a79,zmui/revives_caps
4bd5d3a2ec6dd67,pc_razorwire_toggle
4bd8b6490927ea8,p8_zm_esc_cell_column_02
4bd8c649092805b,p8_zm_esc_cell_column_03
4bd8e64909283c1,p8_zm_esc_cell_column_01
4be178ba4f3bd0e,mpui/capture_the_flag
4be2b4af3551fbf,mc/mtl_p7_out_mech_spawn_pad_glass_hex
4bf458160edde21,menu/weapon_owned
4bf72a99ae7928f,events_concertina_wire_job_support
4bf7e0b5f287001,gd_c_t8_mp_spe_firebreak_heist_arms1
4bfe13fc1b081da,mc/mtl_c_t8_mp_spe_buffer_chest_skin
4c01d10e6d7cfa1,zm_popcorndamagemult
4c0378051a1bc11,splm/mtl_p7_debris_concrete_rubble_med_01_warm
4c06bc9f040d997,fxstatefields_default
4c0b818678e0baf,mc/mtl_wpn_t8_zm_broadside_canon_body_top
4c0fdfaaf5329ed,mc/mtl_p8_zm_zod_turbine_ribbing_mid_metal
4c10f7d0ea409ff,prestige10_mp
4c15d2ea50f6bf9,codcaster_ds_scorestreaks_notification
4c15fbbb838c794,scripts/autogenerated/luielems/core/interactive_shot.gsc
4c17ec99277000c,mc/t7_plastic_core_ceiling_tile_light
4c1aabd24af3769,prestige1_mp
4c26419e7fb9f5f,vd/t7_decal_blood_pool_01
4c2da427b01cf87,copy_compute_subregion
4c3444a1de2b2d9,mc/mtl_wpn_t8_shotgun_semi_shellmount_sig_02
4c35e5574d48aed,mc/mtl_p7_zm_ctl_weapon_armory_bow_arrow_arrowend_feather
4c3e42288e99e39,cin_t8_zm_zombie_base_trv_entry_climb_272
4c4735f919e4e07,dot_radiation_self_comp
4c489e972998b88,attachment_clantag_sniper_quickscope_restriction
4c52f0f1966165c,p8_zm_esc_sign_location_recreation_y
4c55a442909d57d,pfx_spark_generic
4c60198f8f2afb6,pc_claymore_toggle
4c619de7b13caa6,i_wpn_t8_pistol_standard_back_sig_02_o
4c61ade7b13cc59,i_wpn_t8_pistol_standard_back_sig_02_n
4c61fde7b13d4d8,i_wpn_t8_pistol_standard_back_sig_02_e
4c621de7b13d83e,i_wpn_t8_pistol_standard_back_sig_02_g
4c625de7b13df0a,i_wpn_t8_pistol_standard_back_sig_02_c
4c62b86c01070a7,mc/mtl_p8_zm_zod_light_fixture_1st_class_dining_ceiling_sml_gold
4c632e7bc949a93,mc/mtl_p7_zm_isl_light_operating_vintage_decal_04
4c635de7b13fa3a,i_wpn_t8_pistol_standard_back_sig_02_s
4c635e7bc949fac,mc/mtl_p7_zm_isl_light_operating_vintage_decal_01
4c637e7bc94a312,mc/mtl_p7_zm_isl_light_operating_vintage_decal_03
4c638e7bc94a4c5,mc/mtl_p7_zm_isl_light_operating_vintage_decal_02
4c644460c2b5642,tr_flechette_t8_upgraded
4c68cd9162d08d8,mc/mtl_p7_zm_ctl_book_zombie_paper03
4c68dd9162d0a8b,mc/mtl_p7_zm_ctl_book_zombie_paper02
4c693d9162d14bd,mc/mtl_p7_zm_ctl_book_zombie_paper04
4c7118b4f2757fa,zombie/fx8_wallbuy_reveal_os
4c78b93031d0f44,menu/theater_caps
4c7a593228107d4,weapondeathfx_money
4c8a7fce21e469e,ei/gfx_elec_arc_omni_em_pb_i16|dup
4c8b5182370d00d,platform/left_stick
4c8ddc30f7723b0,zombie_perk_totem_staminup_zm
4c9072fc5e9abac,acog_tr_powersemi_t8_tunables_mp
4c927b092091caf,wc/t8_metal_beam_trim_01_black
4c968eaaea7eb28,vd/mtl_loot_ui_icon_tags_cutemonsters_05
4c969eaaea7ecdb,vd/mtl_loot_ui_icon_tags_cutemonsters_04
4c96beaaea7f041,vd/mtl_loot_ui_icon_tags_cutemonsters_06
4c96ceaaea7f1f4,vd/mtl_loot_ui_icon_tags_cutemonsters_01
4c96eeaaea7f55a,vd/mtl_loot_ui_icon_tags_cutemonsters_03
4c96feaaea7f70d,vd/mtl_loot_ui_icon_tags_cutemonsters_02
4c9961195f364c6,impacts/fx8_bul_impact_money_body_nonfatal
4c99b2714d53549,mc/mtl_p8_zm_bandolier_bandit_perk_totem_copper
4c9bab69f2a2d2a,lmg_double_t8
4c9d56b9caa30b8,p8_zm_esc_bldg_64_stairs_pole_01
4c9d86b9caa35d1,p8_zm_esc_bldg_64_stairs_pole_02
4ca23dc4294835f,medal_survive_30_seconds
4ca5cc7a6b66dbf,em/maze
4caa07c65923c17,wc/t8_decal_blood_splatter_floor_tile_01_dry
4cb4663e341a940,prt_zm_dempsey_whi
4cbd2f6e6ea657c,camo_t8_shotgun_precision
4cc46a35b92db56,attachment_fastreload_ar_fastfire_restriction
4cd3083ab054e17,alt1
4cd3183ab054fca,alt2
4cd4b2e309d725e,activecamoinfo_t8_fast_direct_action_kills_mystic
4cd66248c25cd90,i_mtl_veh_t8_drone_seeker_shocker_m
4cd68248c25d0f6,i_mtl_veh_t8_drone_seeker_shocker_o
4cd69248c25d2a9,i_mtl_veh_t8_drone_seeker_shocker_n
4cdc6fe9f22d6cf,charm_beer
4cddb8d115ca5ec,mc/mtl_p8_zm_zod_turbine_greeble_004_metal
4ce0c6c7e6401a5,gamedata/ddl/generated/dlog_event_mpplayermatchfacts.ddl
4ce227bd4bc0d62,menu/zombies_desc
4ce6042e26a8171,p8_decal_graphics_number_3_charlamagne
4ce68cbc4070a58,zm_loadouts_offline
4ce83a5a6d9b274,mp_control_commander.ai_htn
4ceacd890f3b6ec,reload_clipin
4cf0442a4a6768c,boast_yawn
4cf1fd01202ce12,perk_teamlink_restriction
4cf317bc479f1b7,menu/join_result_mismatch_playlist_version_to_new
4cf94fb065c6637,smg_handling_restriction
4cfc227afc24853,pc_sprint_hold
4d004bc3796bf7f,scope_holo_ar_damage_restriction
4d082d0a3ec7f41,mod_downed
4d17b1c039b64fe,hero_scepter_lv1_zm
4d19f534445a8ad,scripts/zm/powerup/zm_powerup_fire_sale.gsc
4d1cd2982bdf95e,boast_birthday
4d2079a95a2cd00,clan/squad
4d2a1645fa8417e,i_mtl_p8_wz_ep_unicycle_makeshift_r
4d2a2645fa84331,i_mtl_p8_wz_ep_unicycle_makeshift_s
4d2ad645fa855e2,i_mtl_p8_wz_ep_unicycle_makeshift_n
4d2ae645fa85795,i_mtl_p8_wz_ep_unicycle_makeshift_o
4d2b2645fa85e61,i_mtl_p8_wz_ep_unicycle_makeshift_c
4d2b6645fa8652d,i_mtl_p8_wz_ep_unicycle_makeshift_g
4d2f5f59cecb304,smg_fastburst_restriction
4d3870f9a45d848,ei/gfx8_light_ray_solid_wide_em_pb_i16
4d3bcd715f0b4c5,lf_sun_mp_sector
4d460bce9905e64,pc_textchat_public
4d53aed97cd1606,mod_impact
4d57f0c7405b598,i_mtl_wpn_t8_pistol_burst_body_sig_02_s
4d58b0c7405c9fc,i_mtl_wpn_t8_pistol_burst_body_sig_02_o
4d58c0c7405cbaf,i_mtl_wpn_t8_pistol_burst_body_sig_02_n
4d58f0c7405d0c8,i_mtl_wpn_t8_pistol_burst_body_sig_02_c
4d5930c7405d794,i_mtl_wpn_t8_pistol_burst_body_sig_02_g
4d5a9b50658a8b0,p8_wz_ep_drink_coconut
4d5ee498ca4df06,wc/t7_concrete_trim_inset_01
4d60a6e6ed2a53c,mp/waiting_to_spawn
4d626cee3f75022,vd/t7_decal_damage_concrete_cracks_04
4d675b9af8856fc,mc/mtl_p8_zm_esc_packasplat_engine_base_red_small
4d6d09bf9285ee4,ei/gfx_debris_clumps_em_pb_i16|dup
4d75908dac6b4f9,ei/gfx_debris_clumps_em_pb_i16
4d7a76a8b95a3d0,ability_gravityslam_restriction
4d7f9b834b9c575,ei/gfx_exp_billow_md_anim_em_gp_i16_desat
4d8239c68e80927,beam8_zm_scepter_rez_face
4d828be8ece6c1f,menu/spectre_restricted
4d86d39fd4a23d4,wc/t7_min_decal_grunge_ash
4d8cf02a7f6028b,ei/gfx8_smk_cigar_whisp_blur_lit|dup
4d9b1efdb15c0dc,mc/mtl_p8_zm_esc_cell_sink_dirty_01
4d9b4efdb15c5f5,mc/mtl_p8_zm_esc_cell_sink_dirty_02
4db0ef2b8af830f,wc/t7_metal_floor_treadplate_used
4db15931da75b7d,wc/t7_decal_grunge_stain_dark_01
4db4806260b6300,draft_time
4dc0784aeed103a,mc/mtl_p8_wz_ep_bottle_champagne
4dc42b9bb46c154,wc/t7_zm_moo_treadplate_metal_framed
4dc4592eb11ec15,menu/allow_gestures
4dc7fa7fcf0344f,zm_ai/fx8_elec_shock_ground
4dc9a7866c9b600,mc/mtl_p7_spl_crown_toy_crystal_purple_01
4dcad0086455b98,shotgun_precision_t8_tunables_wz
4dcb955e59782f6,pc_inventory_zm_toggle
4dcde1dbab9e9bc,zombie_perk_bottle_marathon_zm
4dcdfbbd1e3361c,wc/t7_zm_isl_metal_trim_riveted_01_bare
4dd21d296d67db0,scripts/zm_common/zm_blockers.gsc
4dd5c2b0374271a,gamedata/ddl/generated/dlog_event_mpteamscores.ddl
4dd67dd8a46d144,hero_minigun_t8_lv1
4dd69dd8a46d4aa,hero_minigun_t8_lv3
4dd6add8a46d65d,hero_minigun_t8_lv2
4ddb580655b2d0b,attachment_grip_lmg_heavy_restriction
4ddd69440b9a368,zombie_perk_bottle_widows_wine_tunables
4ddf0ac3c52d600,light_culling_lights
4de2b5257791347,no_dupe_crate
4de331221cc83eb,zm_weapons/fx8_raygun2_impact
4de98ba0ec0bb9b,monthly_functional_bribe
4defa4db7435fca,i_mtl_p8_zm_esc_perk_vending_cola_light_n
4df2545ba59870c,vd/t8_decal_grunge_rust_drip_01_blend
4e027f5e38ae76d,impacts/fx8_bul_impact_soul_runner_nonfatal
4e0a8e3ca916c88,ei/gfx8_debris_ember_em_gp_i16|dup
4e0abd1ce4162fb,zm_talismanextraselfrevive
4e0ce21c3b88a25,attach_t8_charm_s_demon_view
4e13591a0168906,zm_talismanextramolotov
4e24f261f54133a,mc/mtl_p7_zm_ctl_desk_supply_pen_holder_metal_black_01
4e27a25ac8abb32,i_wpn_t8_zm_pistol_webly_ammo_base_s
4e28625ac8acf96,i_wpn_t8_zm_pistol_webly_ammo_base_g
4e28a25ac8ad662,i_wpn_t8_zm_pistol_webly_ammo_base_c
4e28e25ac8add2e,i_wpn_t8_zm_pistol_webly_ammo_base_o
4e28f25ac8adee1,i_wpn_t8_zm_pistol_webly_ammo_base_n
4e2d192225e770a,light_culling_probes
4e35d3bfd8bbc15,pc_expander_aimdownsight
4e37c9ad7dd6cbc,smg_mp40_t8_tunables_zm
4e3d47c862ff18c,ui/mod_explosive
4e3ee5f3bd73d48,wpn_clip_bounce
4e3f696811f5492,mc/mtl_veh_t8_drone_seeker_shocker_yellow
4e400d3b529e156,gamedata/tables/mp/scoreinfo/mp_scoreinfo_escort.csv
4e535952f7a5ee8,zm_talismanperkperm4
4e53a952f7a6767,zm_talismanperkperm1
4e53b952f7a691a,zm_talismanperkperm2
4e53c952f7a6acd,zm_talismanperkperm3
4e5647b85e53b4b,talent/armor
4e569dd391faf67,scripts/zm/zm_office_teleporters.gsc
4e57c7ef9a57388,paralyzer_koth_hvo
4e59d621e692fc9,equipment_enabled
4e5ae17102a09de,mc/mtl_p8_zm_esc_cell_toilet_dirty_01
4e5b827c7730c96,dualoptic_tr_powersemi_t8_upgraded_tunables_zm
4e6115a2c6d60f7,ability_pineapplegun_restriction
4e62480ff9d7ec2,mpui/extclip2
4e6594c0c3ed7b2,mastercraft_valkyrie_sunset_bundle_shop
4e65b8e44792ead,hero_minigun_t8_lv3_tunables_zm
4e6c256a6f3758a,events_attack_chopper_kill
4e6e3ab94048274,mpui/clean
4e75a696242d6e3,splm/p7_zm_zod_boxer_gym_ibeam_128_01
4e811f92cd1dfd0,mc/mtl_p7_zm_sta_mirror_vanity_set_glass
4e86e917c5b55bb,electric_lightning_dg4_trap
4e8d0d6819d6882,gamedata/ddl/generated/mp_loadouts_arena_custom.ddl
4e8d17432b2197b,hero_sword_pistol_lh_lv3_tunables_zm
4e91ceb9a7b3eb6,prt_zm_bruno_dlc0
4e97d49c6f69fab,wz_character_woods_old
4e9b9c1d82dd8a9,mpui/suppressed
4ea473e983b0a3a,outfit_summer_legendary1_battery_sunset_bundle_shop
4ea590ad951c9cf,zmb_ghost_death
4ea7b4db6034f64,wc/t8_plaster_fort_wall_dirty_01_blend
4ea96db49c76d13,scope_reflex_tr_longburst_restriction
4ea9ee7e78834f6,mpui/bb_conf
4eac99b92e9050f,splm/t8_metal_rebar_rust_01_cap
4eb049c2f5c6c30,attachment_fmj_smg_capacity_restriction
4eb5aaf0d3f84e4,ei/gfx_ring_thin_em_pb_i16|dup
4eba25b3d0514fa,wc/t8_decal_blood_streaks_wall_medium_01
4ec63deffafad91,grenadier_dom_hvo
4eca4ba698ac4ca,quote_if_a_man_does_his_best
4ed3acd8857f8e1,scope_acog_ar_stealth_restriction
4edc0008653ef14,shotgun_precision_t8_tunables_zm
4edc66d8f993c0d,gsoc_zm_powerups
4ee73c0175995db,mpui/objectives
4ef6b7ef0f43d25,sniper_fastrechamber_t8_zm
4efcd75c0f8ac52,attachment_stalker_smg_handling_restriction
4efd92f6e467dc8,guardian_sd_hvo
4f027b2ed2b15fd,zm_barricadestate
4f06cf11f65ffbd,em/blot
4f076f11f6610bb,em/blob
4f12efda1b0bdd0,language_arabic
4f143cad215680c,mc/mtl_attach_t8_pistol_revolver_quickdraw_diamond_mk2
4f17c4fcb3087c8,mcs/mtl_p8_zm_esc_metal_hook_dirty
4f19591329a33bf,impacts/fx8_bul_impact_water_xsm
4f1fead26b8cb3b,warzone_hide_players_alive
4f210488dfa4ce3,splm/p8_zm_esc_bldg_64_stairs_x7_02
4f221a25f8163f8,zombie/odin
4f23623155e78c2,menu/gunsmith_accuracy_caps
4f29d0a8bb18238,i_mtl_p8_wz_ep_pot_metal_01_n
4f332b3c6f33a5f,pb_emote_shared_male_mobile_ops_out
4f3725aa1e81bbc,mc/mtl_p8_zm_esc_birdcage_metal_decal
4f38566d1a86ea7,eq_wraith_fire_tunables_zm
4f397f1a5054ff4,mcs/mtl_c_t8_zmb_gib_gore_stump
4f4331d123dc59c,mc/mtl_p7_zm_zod_cookie_01
4f4361d123dcab5,mc/mtl_p7_zm_zod_cookie_02
4f455cc49e287cf,wc/mtl_p7_ban_south_tribe_well_cover_grate
4f4a3c583c77d4b,scripts/zm_common/zm_loadout.gsc
4f51737665f4515,wc/t8_zm_esc_roof_shingles_asphalt_01
4f551af60c2eb5d,maps/zm_escape/fx8_ghoul_spoon
4f58e8bcf3fafdd,attachment_extclip_pistol_standard_restriction
4f7cf7d1134d0cb,mc/mtl_wpn_t8_zm_broadside_canon_grip
4f7d9bf9bb99a66,mc/mtl_p8_zm_esc_gondola_decal_line
4f7ee0de4a5d674,medal_gungame_gunslinger
4f83c239da58b2d,mpui/holo_desc
4f84cf74e749af4,p8_kit_zt8_exd_05_window_frame_03_01
4f8932cfa800522,camo_active_dlc1_masks_wrapper_4crates_type2_shop
4f8acbcbb02b018,mc/mtl_c_zom_player_farmgirl_arm
4f8c8b07a4112de,splm/t8_decal_trim_weld_01_normal
4f95b73da64d7ee,tr_midburst_t8_upgraded
4f97a780f12b5cf,mcs/t8_rubber_coated_wire_black
4fa36bfcc2244b7,killcounter
4fa841031812d47,vd/t7_decal_blood_smear_02_dark
4fae569d181695a,mc/mtl_p8_zm_esc_sign_reg_recreation
4fb2deb91b9a875,defaultweapon_melee
4fb4dd064821e0d,p8_debris_coal_01_loose_01_emissive_shell_01_hot
4fb87a38257f5de,user_generated_content
4fc4cf3eb667112,mc/mtl_c_t8_zmb_dlc4_hero_misty_sleeve_r
4fc5ef3eb668fa8,mc/mtl_c_t8_zmb_dlc4_hero_misty_sleeve_l
4fc964b75ec2071,molotov_custom_settings_zm
4fcbab40e398a2a,wc/t8_brick_old_red_01
4fccedc9261c75a,attachment_rf_shotgun_pump_restriction
4fd138f5320f759,i_mtl_p8_zm_esc_cypher_10_c
4fd7e566246372f,pc_skip_intro
4fdf5222f9295dc,killstreak/uav
4fdfc46a353226c,disabler_dom_hvo
4fe0c0f7d2049be,splm/t7_concrete_wall_damaged_01
4fe0e06ec7d3b8e,pistol_fullauto_t8_mp
4fe451ebeec2ad8,mc/mtl_p8_zm_esc_magic_box_wood_01
4fe481ebeec2ff1,mc/mtl_p8_zm_esc_magic_box_wood_02
4fe6d186e690e51,mc/p8_zm_off_door_wood_02_brown
4fe7f1f6ddc3551,mc/mtl_p8_zm_zod_basket_wall_tidy_metal
4ff26b11a822912,i_wpn_t8_pistol_burst_decals_sig_02_c
4ff2b60d157bbb2,mp_arena_default_loadouts
4ff2bb11a823191,i_wpn_t8_pistol_burst_decals_sig_02_n
4ff4ce32a8e354c,i_mtl_p8_zm_zod_turbine_bolt_metal_n
500b46700973963,events_gravity_slam_activated
500d2cda2117124,wz_character_sergei
50158f8fb37f010,ui/warzone_placement
50192ae058fbf77,mcs/mtl_c_t8_zmb_mob_ghoul_shirt
501a14214c3056a,attachment_quickdraw_ar_accurate_restriction
501cd3959ac6c7c,weapon/gadget_cleanse
501cd72121ccf80,i_mtl_attach_t8_loot_ar_an94_rapidfire_01_c
501d172121cd64c,i_mtl_attach_t8_loot_ar_an94_rapidfire_01_g
501d972121ce3e4,i_mtl_attach_t8_loot_ar_an94_rapidfire_01_o
501da72121ce597,i_mtl_attach_t8_loot_ar_an94_rapidfire_01_n
501dd72121ceab0,i_mtl_attach_t8_loot_ar_an94_rapidfire_01_s
501ded15bfd09f3,events_tempest_killed_paralyzed_objective_enemy
502158be1ecd7d6,suppress
5021d084670fe84,zm_elixirlicensedcontractor
50225cf07d7d035,key/leftarrow
5029f052112210f,mc/mtl_p7_zm_mob_acid_trap_tank_metal_01
502a005211222c2,mc/mtl_p7_zm_mob_acid_trap_tank_metal_02
502ad5f2ad08240,stratcom_tacquery_trigger
502ebe08228dafc,reaperfoleyloud_prone_npc
502fe939dde7bf3,i_mtl_wpn_t8_shotty_prec_foregrip_base_g
50302939dde82bf,i_mtl_wpn_t8_shotty_prec_foregrip_base_c
50305939dde87d8,i_mtl_wpn_t8_shotty_prec_foregrip_base_n
50306939dde898b,i_mtl_wpn_t8_shotty_prec_foregrip_base_o
50312939dde9def,i_mtl_wpn_t8_shotty_prec_foregrip_base_s
503343f3ea8e131,gamedata/ddl/generated/dlog_event_zmweapons.ddl
5037b4727f99cdb,pfx_flies
503bb1b3a7e08ba,defaultnpcfootstep_prone_npc
503bdbe94e26bab,mcs/mtl_c_zom_zod_zombie_fem_boots
503c40ec4f51b4d,zhield_riot_turret_zm
50405ba651b5c81,ei/gfx_lightning_beam_em_pb_i16
5045ceb1335c08a,pc_expander_sprintsteadyaim
5045fe5eed020f1,scene_frontend_hub_t8_mp_engineer
50478a6e43f9504,gsol_zm_wallbuys
50509cd68c8d5b9,events_battle_shield_job_support
5050fa598e9dc4f,wc/mtl_p7_decal_ctl_grunge_stain_dark_01
505280a80576c58,weapon/eq_emp_grenade
5060eebfc47c41c,menu/lb_revives
5066990f4c858cc,zm_elixirphoenixup
5066f241dfb70fc,talisman_special_startlv3
50670241dfb72af,talisman_special_startlv2
506927a5dcef7f9,scripts/zm_common/zm_unitrigger.gsc
506d118ef3f3a67,events_swat_team_kill
506d3b0f80e667c,i_mtl_p8_zm_esc_lamp_01_c
506d8b0f80e6efb,i_mtl_p8_zm_esc_lamp_01_n
506d9b0f80e70ae,i_mtl_p8_zm_esc_lamp_01_m
507a7c70d7b86dc,tr_powersemi_bundle
508d3922646d60c,mc/mtl_p7_wes_trunk_wood_01_dirt_decal
50928ac12a48667,weapon/ar_peacekeeper_t8
5093ab7b848ed32,shotgun_enemy
50941d296dcc137,mc/mtl_p8_zm_esc_generator_lrg_decal_rust_01
50942d296dcc2ea,mc/mtl_p8_zm_esc_generator_lrg_decal_rust_02
5094c70c76db1a0,attach_t8_lmg_titan_ads_handguard_world
50a2479f17f27a1,wz_character_trejo
50a8d32cac570b9,i_mtl_p8_zm_zod_electric_switchboard_metal_02_m
50ae8d52a8aa406,menu/solo_match
50b0b801a28ad7f,impacts/fx8_bul_impact_blood_body_nonfatal_uw
50b0e51c3fd5bda,special_ballisticknife_t8_dw_zm
50b412d3e8dceeb,ability_smart_cover
50b56eb30768ab1,gamedata/tables/mp/scoreinfo/mp_scoreinfo_tdm.csv
50b7018a1022454,i_mtl_p8_zm_esc_packasplat_engine_base_black_02_c
50b7918facda46d,gib
50b9e22e0743f2f,hardcore_mode
50be9edee0cbd01,pc_category_contentfilter
50bec3fd07c5de2,juke_rumble_end
50c9fe41611face,medal/setback_sas
50cd81fd55926df,ranktable_wz
50d2da3c914076d,zm_elixirstockoption
50d7fc2aca48b7f,wz_character_spectre
50d9816556e0460,mc/mtl_p8_wz_ep_pot_metal_01
50d9b16556e0979,mc/mtl_p8_wz_ep_pot_metal_02
50daf69166297e7,pc_sound_scale_when_speaking_range
50dc2248b1a1cde,scripts/autogenerated/luielems/zm/zm_towers_challenges_hud.csc
50de4669922ff81,scope_pistolscope_smg_fastburst_restriction
50df29aae9b1b7b,menu/jump
50e3f1b89d837dc,cardboardbox_empty
50e4d39caca6560,ei/gfx_dust_swirl_md_anim_em_pb_i16|dup
50e58e4d2209037,mc/mtl_p7_zm_tra_power_panel_set
50e8cc7a6f08c1b,em/mane
50f3433c0e5288b,electric_lightning_dg4_aoe
50f5d7d214e07d7,talent_looter_wz
50fbcad1a16582b,mc/mtl_p8_zm_esc_machine_smelting_main_03_nail
5100dcb1fe633b7,ui_cam_cac_ar_standard
510aac20fa1cf52,mc/mtl_wpn_t8_tr_midburst_furbase_sig_02
510ad15a9ee15f4,platform/mantlevehicle
51139f9ac02e116,ui_cam_frontend_crate_in
5116ddf2f3d2fbe,quickdraw
51189ab225a944f,ui_cam_cac_sniper_quickscope
5119e6b8dca1002,scripts/core_common/teleport_shared.gsc
5122298561b7c46,i_p8_zm_esc_infirmary_doorframe_r
5123e98561babda,i_p8_zm_esc_infirmary_doorframe_n
512703e2c793e0d,prt_mp_engineer
512a0c7c3a584fa,pistol_revolver_t8_tunables_zm
512ce4a557486f8,outfit_dotd_exo2_bundle_ruin_shop
51332c8ea3091fe,mpui/defuses_caps
513b20b90ae4d9b,zmweapon/ray_gun_mk2z
513b30b90ae4f4e,zmweapon/ray_gun_mk2y
513b40b90ae5101,zmweapon/ray_gun_mk2x
513d1029dc43dcf,i_mtl_p8_zm_zod_rack_brochure_case_wood_decal_02_n
513dbf66b669218,ball_count
5145dbf32448a85,cumulative_round_scores
514807ef1137d11,sniper_fastrechamber_t8_mp
5148e1ddc4e6921,fire_extinguisher
514e0dfa41356c1,vd/t7_decal_blood_droplets_02
514f2439f97fe94,zm_weapons/fx8_raygun_trail_ring_emit_zmb
51513c609504a42,scripts/core_common/targetting_delay.gsc
51549d469e816bf,scripts/autogenerated/luielems/luielemimage.csc
51560c7a6f66005,em/male
515f7b4a87fb780,pb_action_figure_male_draft_preready_3
515f8b4a87fb933,pb_action_figure_male_draft_preready_2
515f9b4a87fbae6,pb_action_figure_male_draft_preready_1
515fdb4a87fc1b2,pb_action_figure_male_draft_preready_5
515feb4a87fc365,pb_action_figure_male_draft_preready_4
51605801a32aad2,impacts/fx8_bul_impact_blood_body_nonfatal_zm
516549fe423b5a6,zm_elixirtemporalgift
516a315161a18c6,damageeffecttype_fire
516e11fd5618aaf,ranktable_zm
516f07957b389ae,wc_perk3gluttony_restriction
516f78f3445e02b,mc/t7_concrete_floor_sealed_01
51701546049d917,pb_emote_exotic_shared_fem_shuffle_loop
5176d7187e80f29,events_swat_grenade_blinded_enemy_assist
5178a94d18a80d8,perk_skulker_restriction
5179ea35064800e,icepick_smartcover
517afea8e0801fc,hardcore_blood_settings
517c9fb386359a1,mc/mtl_c_t8_mp_spe_prophet_warrior2_forearmarmor_02_cst
517cf0fe988f71c,ei/gfx8_light_ray_wide_soft_em|dup
517dc5671d0ef7c,menu/crouch_prone
51810b86925aa3e,menu/ethereal_razor
51823d82e9d606d,mc/mtl_c_t8_mp_spe_battery_knight2_elbow_armor
518498bcd4d6e3c,splm/mtl_p8_chi_beam_roof_metal_rust_02
5186b81fc6c3ffa,medal_wz_quadkill
51936120622a9e6,p8_decal_graphics_number_2_charlamagne
51946bb73c0932c,zm_contract/points_spent
51a3d8376211039,pstfx_static
51a40d2d405df81,impacts/fx8_bul_impact_raven_corpse_nonfatal_uw
51a621374033d4e,battery
51a766bae9b7c5c,mpui/pistolscope_desc
51ae008256464a5,killstreaks/fx8_drone_tank_damage_state
51af8259b7cf574,knife_loadout_restriction
51b23796e58f08c,activecamoinfo_t8_direct_action_kills_celestial_zm
51b40f29188697b,mc/mtl_p8_zm_esc_frame_isolation_base
51c3b11efdfec9f,prt_mp_recon
51c980091a18273,ei/gfx_dust_heli_swirl_anim_em_pb_i16|dup
51cd5772fe546db,scripts/autogenerated/luielems/zm/zm_arcade_timer.csc
51cfae481229790,i_attach_t8_pistol_revolver_quickdraw_diamond_mk2_n
51d0ea670b8c95b,pc_category_blackout
51db620d4826e92,mp_tdm_commander.ai_htn
51e2a5456a078ee,loot_shotgun_semi_sig_01_bribe
51e5ec8c2c20af1,melee_coinbag_t8_tunables_mp
51f156d25b2520d,zm_contract/rounds
51f1d71e06c6e72,codcaster_ls_secondary_wpn
51f866a4ec4d78f,zm_healthdrain
51fd293040f234e,zm_escape
52062a4553c09fc,splm/mtl_p8_zm_zod_curtain_state_room_lt_green
5206b8dbbce6a98,splm/p8_zm_esc_fast_travel_track_wood
5206bdfa0116ff6,charm_car_freshener
52086e4c25a6fe4,perk_stronghold
520a1d4f3e0ad4b,zm_weapons/fx8_aat_plasmatic_burst_torso_fire
520bf82a814057c,scripts/autogenerated/luielems/zm/zm_game_over.csc
52171f7e87d102f,zm_weapons/fx8_blundersplat_muzzleflash_ug
521cfa72d3f260f,wc/t7_spa_cloth_carpet_security_blue
5227375852a51aa,quartermaster_dom_hvo
522bda292d39e48,pb_emote_shared_fem_nay
522d33272acd223,mc/mtl_wpn_t8_lmg_hades_front_sight_sig_01
522df2dd41cdac9,mc/mtl_c_zom_player_reporter_head
5231b06ec9c6de2,pistol_fullauto_t8_zm
5233060d71985e2,disabler_koth_hvo
523dc0ea4a12cdf,medal_kill_enemy_with_armor
524d38019f082e1,mod_post_game
524d42d46d7cc2a,hero_chakram_lh_lv1_zm
5256b3307b8d6a4,mc/mtl_p7_shr_chest_wood_lrg_dirty
525be5a39df06ca,mpui/requirement
527ab00868543ac,shotgun_precision_t8_tunables_mp
528370fd5e5576b,menu/conf_desc
5286388ddb2a3de,challenge/handling
528a09176695746,zod_shield_juke
528ba0c66df2dfe,pulse
528e80432296b6d,scene_frontend_t8_firebreak
528ec5cf5d0d424,i_mtl_p8_zm_esc_citadel_stairs_02_m
528ef5cf5d0d93d,i_mtl_p8_zm_esc_citadel_stairs_02_n
52970d0f2aad5c2,mc/mtl_p7_crate_wood_02_lid_wood_blend
529766348cd212c,loot_emote_exotic_shared_rock_shop
529a2369d1ac11c,mc/mtl_p7_medical_bowel_grasper_metal_bloody
52a4c93cb4fc700,operator_adsreload_restriction
52aa166e8c04ef2,ges_plyr_gesture006_zm
52ab7afdccac5a2,gamedata/ddl/generated/dlog_event_potm_error.ddl
52b09e0baf74b5f,wz_escape_death_circles_default
52b25118ed2fd66,i_attach_t8_pistol_burst_suppressor_decal_02_c
52b2edb75183cd5,gamedata/tables/mp/scoreinfo/mp_scoreinfo_dm.csv
52bde3074555d09,mc/mtl_p7_rus_insulator_electrical_snow_ceramics_red
52c029e7ae543d8,mc/mtl_p8_zm_zod_crafting_table_notes_alchemy_sheet_01
52c049e7ae5473e,mc/mtl_p8_zm_zod_crafting_table_notes_alchemy_sheet_03
52c059e7ae548f1,mc/mtl_p8_zm_zod_crafting_table_notes_alchemy_sheet_02
52c300e5ee8de66,charm_snowman
52cae6970867802,attachment_extclip_lmg_standard_restriction
52cdd316a9c6686,em/c01
52d1dbd064586d1,pfx_dirt_fall
52d3071f8fa4062,mc/mtl_p8_zm_dying_wish_perk_totem_bronze_horn_top
52db88126448a3f,pstfx_speedblur
52dc81e8f3ba5bc,smg_mp40_t8_upgraded
52dd22061c30c98,medal/assisted_suicide
52e21cb1005d9d2,zombie/ray_gun_upgraded
52e8de2c7db8293,gd_c_t8_mp_spe_swat_roman_arms1
52e8ee2c7db8446,gd_c_t8_mp_spe_swat_roman_arms2
52ee26734392cff,ei/gfx8_liquid_impact_lit
52ef5f0c0de6b1a,activecamoinfo_t8_fast_direct_action_kills_circle_slice
52f8c14778db344,ges_default
52fa03db6ca14e4,phy_book
52fb29ed3a3ca79,menu/preview
52fe230644c90f3,attachment_clantag_pistol_fullauto_restriction
5307410511dd3aa,menu/support_caps
530d06719b73ed0,wc/t7_asphalt_old_dark
530ff51c41e119a,special_ballisticknife_t8_dw_wz
531714bf00282c8,attachment_fmj2_lmg_standard_restriction
531e0f007e608a8,zm_ai/fx8_blightfather_death_exp_c
53286962fe0c0c5,player/fx8_plyr_breath_steam_1p
533021cc2a772a4,vd/t7_decal_spilled_coffee
5330b23ce3b498a,p8_zm_vapor_altar_icon_01_zombshell
5330e258be3e3cc,ar_mg1909_t8_upgraded
53407ed46bcfc1f,loot_character_nikolai_ofc_shop
534781069ae996f,medal_disrupted
535130f0b042fcb,scene_frontend_hub_t8_mp_reaper
53514d787e02c55,ar_galil_t8_upgraded_tunables_zm
535b9032c264795,tank_rumble_mp
53608acf9c32f82,mc/mtl_p8_zm_esc_cell_bridge_set_decal_edge
5365263415c16f2,prt_wz_diego_dlc0
53658cded89dab7,impacts/fx8_bul_impact_wood_xsm
536b0cd4d12ba84,gamedata/ddl/generated/mp_stats.ddl
536c97d31da908f,bullet_anime_exit
536e7e0d7d0819c,maps/zm_escape/fx8_portal_loop_yellow
5371ffe841afb2a,reaperfoleyloud_crouch_run_npc
537753b8e1e1802,mc/mtl_attach_t8_optic_thermal_scope_screen
5378fe030de05ab,scene_brightness
537bcb95a2babb8,mcs/mtl_c_t8_zmb_mob_ghoul_torso
53868d1e49d0869,lensflare_clear_buffers
53891c7c3c63aba,pistol_revolver_t8_tunables_wz
538cce5ea768320,events_attack_dog_multikill_3
538cde5ea7684d3,events_attack_dog_multikill_2
538d1e5ea768b9f,events_attack_dog_multikill_6
538d2e5ea768d52,events_attack_dog_multikill_5
538d3e5ea768f05,events_attack_dog_multikill_4
53972973713db01,weapon/fx8_muz_lg_gas_1p
53992962fe6f3d7,player/fx8_plyr_breath_steam_3p
539cce72d996bc0,defaultnpcquietfootstep_prone_npc
53a15d5d9a8180e,objectives/shamrock
53a204fd97bd92d,ei/gfx8_fog_slow_md_anim_lit_full_dark
53a6bbadfaafde8,mpui/defends_caps
53a990ff24a639c,p8_kit_zt8_exd_05_trim_05_corner_outside_left_diagonal_painted_metal_32_01
53abc8ae2bc1864,entity_knife_player
53aea2e18e5b5f3,i_mtl_p8_zm_zod_light_morse_lamp_metal_n
53aeb2e18e5b7a6,i_mtl_p8_zm_zod_light_morse_lamp_metal_m
53b7186c9d1e053,zombie_perk_bottle_wolf_protector
53bf04bb132f115,smg_folding_t8_upgraded_tunables_zm
53c1c958e4baf6b,mc/mtl_p7_file_cab_metal_body_02
53cd554a2784629,scene_frontend_t8_male_customization
53ce079cee4ca25,attachment_clantag_lmg_standard_restriction
53d4f4858452c5f,i_mtl_p8_wz_ep_grill_barbecue_decal_n
53d524858453178,i_mtl_p8_wz_ep_grill_barbecue_decal_c
53d564858453844,i_mtl_p8_wz_ep_grill_barbecue_decal_g
53d624858454ca8,i_mtl_p8_wz_ep_grill_barbecue_decal_s
53d88b0a61d652a,reinforcer_sd_hvo
53dc2c28a8bcc08,ei/gfx_gas_blur_core_thick_arctic_em|dup
53e09d74e704eab,director_online_zm_custom
53e09f890c9b246,mcs/mtl_p8_zm_zod_clock_grand_hands
53e64fc0a3a7606,pc_switchtoseat_4
53e65fc0a3a77b9,pc_switchtoseat_5
53e66fc0a3a796c,pc_switchtoseat_2
53e67fc0a3a7b1f,pc_switchtoseat_3
53e69fc0a3a7e85,pc_switchtoseat_1
53eec3784e8af97,gd_c_t8_mp_spe_engineer_assassin_arms1
53f5ca0b53b7c3f,quote_if_the_enemy_is_in_range
53f5e97371824b3,weapon/fx8_muz_lg_gas_3p
53f663a97c1ff4e,mastercraft_blackplague_sunset_bundle_shop
53f9f9ac97bf94e,ar_damage_t8_gold
5400b6b872a5248,i_concrete_plates_c
54030796e7822e0,activecamoinfo_t8_direct_action_kills_celestial_wz
5409cb31f95d413,camo_dlc1_circuitboard_shop
541c80c810c2b8b,mc/mtl_p8_wz_ep_bottle_secret_sauce_cap
54352ab37d6bdcd,ei/gfx8_smk_lg_vapor_anim_loop_lit_full_dark|dup
54386d7bab31331,boast_campfire_fem
543ad644981abf6,pc_smartcover_toggle
544d3bfbfb20861,dot_molotov
5451e17045c1bb2,wc/t8_decal_grunge_rust_12
545a13d31037b19,ges_plyr_gesture009_zm
545e9e6da8c2bf2,pb_action_figure_fem_draft_select_to_preready_3
54605d06f6af902,ei/gfx8_smk_tendrils_varied_em_gp_i16|dup
546550e7c66cb81,ei/gfx8_water_ripple_anim_em_pb_i16_nocull
54683587914f62a,events_swat_grenade_threw
546b8f4255be1f4,outfit_warrior_base_pal_exo1_battery_shop
547186701716f43,wc/t7_wood_beam_worn_oak_bleached_tint_wht
547653c1937ddea,scripts/zm_common/zm_hero_weapon.gsc
547b9a6d99c6287,zombie_perk_totem_bandolier_zm
547d08a37b5b647,mc/mtl_p7_mou_data_recorder_glass_02
547d18a37b5b7fa,mc/mtl_p7_mou_data_recorder_glass_01
54811badbee939a,wpn_t8_zm_elixir_liquid_rare_world
54873bb3c5ed1a2,mc/mtl_wpn_t8_ar_stealth_sig_02_side_lower_pocket
5489b17045f25f0,wc/t8_decal_grunge_rust_07
548aa17045f3f6d,wc/t8_decal_grunge_rust_08
548ee16281f11d6,beam8_zm_teleport_path
54932f36d61fbd0,activecamoinfo_t8_sig_tr_longburst_scrimshaw
549f3dabbe99c56,vd/t7_decal_grunge_brick_stain_03
54a0a19e3773c1a,class/marksman
54a130569a1847b,medal_attack_dog_shutdown
54a1d93fdff271a,ei/gfx8_muzzleflash_omni_desat_em
54a3a94c02aca92,ei/gfx8_smk_sm_thick_bulb_anim_lit
54ab8f5ef9645d6,ges_swim_idle
54b075abcc79851,mpui/firebreak_zombie
54b375ba058a6a4,splm/mtl_p8_wood_beam_generic_01
54b779870b0a37b,rcbomb_engine_stutter
54b896513d0581d,smg_capacity_t8_upgraded
54b9890d4367ec3,em/shimmer
54c14b7a3af9781,mc/mtl_veh_t8_zmb_1931_pickup_unibody
54c60e5126b3dbf,i_mtl_p8_zm_esc_perk_vending_cola_chrome_metal_m
54cf160b0f53c79,pc_fx_quality
54d0a434582ba3d,keyarrowright
54d43c9e35f5a92,scope_ir_smg_standard_restriction
54d614faa4f2af0,ruin_end_game_pose
54da0930efacf8a,attachment_damage2_smg_fastburst_restriction
54e129b87fda485,mc/mtl_p8_zm_esc_perk_vending_cola_metal_bolt
54eb85a28216d99,menu/killstreak_ready
54ed8b1da92f5c0,mcs/mtl_p8_zm_esc_crate_wood_lrg_horrific
54efd5d3fb998a6,prt_wz_replacer_leisure
54efe2a50cdcb19,slide_start
54f87d2e4b708e8,mc/mtl_p8_zm_esc_rock_small_green_blend
54f8efdb3b1ca5a,events_grapple_gun_kill
54fc712bdf06a00,weapon/fx8_muz_ar_mod_1p
54fdde26adda3f3,pb_backhander_fem_draft_readyup_1
54fdee26adda5a6,pb_backhander_fem_draft_readyup_2
54fdfe26adda759,pb_backhander_fem_draft_readyup_3
54fe0e26adda90c,pb_backhander_fem_draft_readyup_4
54fe1e26addaabf,pb_backhander_fem_draft_readyup_5
54fec57e810f500,loot_contract_seraph_muertos
5507b43c25a4a3c,acog_sniper_powerbolt_t8_tunables_mp
550cbb509311ef5,pc_tac_deploy_default_spawn
55109fa356a96f8,mc/mtl_p8_zm_zod_clock_wall_wheel_house_metal_02
5510cfa356a9c11,mc/mtl_p8_zm_zod_clock_wall_wheel_house_metal_01
5517568f2fb8127,prt_mp_reaper
55234fde0d8d78c,weapon/knife_loadout
55250d9e62066d7,impacts/fx8_bul_impact_thin_metal_sm
552f151c43ae036,special_ballisticknife_t8_dw_mp
5532185de59023e,pc_ads_sensitivity_low_zoom
5538aeaa7b203e8,zombie_perk_totem_death_dash_zm
553b8b22b40110c,pistol_standard_t8_upgraded_zm
55411e99c83ad25,attachment_steadyaim2_sniper_quickscope_restriction
5544ca4e86c827f,el/gfx8_smk_wisp_string_trail_em_gp_i16
5555be7edddc8fd,mc/mtl_wpn_t8_zm_shotgun_trenchgun_bolts_base
5558923d1acfcbb,light/fx8_light_pulse_red
555aba9dd051090,mc/mtl_wpn_t8_sig_bow_symmetry_middle_far
555b196532bbcba,splm/p8_col_plank_wood_rustic_02
5561a813078092c,mc/mtl_p7_zm_ver_cookware_vintage_metal_drip_decal
55665f2679243c7,wc/t7_decal_grunge_rust_orange_drips_for_metal
556851bfedbe789,pc_inventory_hold
55694490696efd4,mc/mtl_wpn_t8_zm_perk_bottle_foam_electricburst
556d312bdf69d12,weapon/fx8_muz_ar_mod_3p
556dd90e1cbcb1e,zm_elixirimmolationliquidation
5576d95d372da17,menu/total
5579aa0b17b611c,ei/gfx_lightning_beam_em_pb_i16|dup
557b323e42088da,menu/graphics_caps
557bfbb78701960,attachment_killcounter_pistol_standard_restriction
558453fd9ee7ee5,mc/mtl_p8_fxp_debris_rock_01
558d7cb76c06b27,ei/gfx8_muzzleflash_sparks_omni_desat_em
558ee5092c314e9,menu/round_wins
55959772d0b1882,zm_office_debris_02_purchase
55a59e8633b435d,heat_wave
55a83c7c3e30956,pistol_revolver_t8_tunables_mp
55a9d9c7b117e6b,submachineguns_task
55ac17a26488eea,weapon/sniper_fastrechamber_t8
55b7e31aa0829db,em/p01
55c1d5f297150cf,attachment_mixclip_smg_fastburst_restriction
55c3032da69e7bf,mc/mtl_p7_zm_ctl_radio_recorder_deck_meta_yellow
55c48edddb3a457,talent_engineer_wz
55c6ebacbae8764,weapon/hatchet_short
55cedec71c5aff6,gd_c_t8_mp_spe_seraph_cop_arms1
55d21cd1cbef883,vd/mtl_loot_ui_icon_tags_muertos_firebreak
55d2569c0934eb0,wc/t8_zm_off_wall_wood_02
55d2869c09353c9,wc/t8_zm_off_wall_wood_01
55d2c69c0935a95,wc/t8_zm_off_wall_wood_05
55d2f69c0935fae,wc/t8_zm_off_wall_wood_08
55d96cc762eabdd,menu/multiplayer
55da83e739982e4,mc/mtl_p8_chi_beam_roof_metal_grunge_02
55da93e73998497,mc/mtl_p8_chi_beam_roof_metal_grunge_03
55dab3e739987fd,mc/mtl_p8_chi_beam_roof_metal_grunge_01
55e206f45ff4dcb,pb_emote_shared_male_mobile_ops_loop
55e2a8dfa2bc693,dirt/fx8_dust_linger_100x100
55e6190e8792fd1,case
55fc115055c67b0,mcp/hud_outline_model_z_green_alpha
56004173d451a7b,wc/t7_zm_ori_rubble_concrete_01
5601b6d87c6200d,mc/mtl_p8_wz_ep_bottle_champagne_glass
5603fd5cb826c9b,impacts/fx8_bul_impact_money
560558dbfc188e2,em/wotsit
560ad69c0966b9f,wc/t8_zm_off_wall_wood_10
560bf3ef18537ee,quote_attack_is_going_too_well
560fca84921abef,talent_reveal_mp
5616c6730a7dcc8,dart
561959220c153ad,activecamoinfo_t8_rapid_kills_zm
561ec3edcf4487a,menu/zombies_bonus
561f12a63976df6,splm/mtl_p8_zm_esc_bodybag_bloody_decal03
561f32a6397715c,splm/mtl_p8_zm_esc_bodybag_bloody_decal05
562216b664b36e0,cin_t8_zm_zombie_base_trv_entry_window_272
56230b8e37b3b88,impacts/fx8_bul_impact_water_xxlg
5624ae76a06bf69,ei/gfx_dust_spike_sm_anim_em_full_dark|dup
5625711c99d455f,zhield_spectral_turret_zm
56293a908edc4b0,wc/t7_decal_crack_concrete
562979f67bfefff,ai_tank_marker
5630619e3a334f3,director_lan_mp_arena
56308007f5b7fc8,wc/t7_metal_trim_rivets_01_copper
5639429391bfe18,ei/gfx8_ring_thin_em|dup
5639ef5b1f0bbf8,zombie/perk_ethereal_razor
563cc4647ba3655,events_swat_team_demolition
56478d002b0fdda,zm_elixirsuitup
564d35ba09748f1,events_molotov_cocktail_threw
5657cb1f7c904d8,mc/mtl_wpn_t8_zm_broadside_cannon_barrel_pivot_a
5657ccf2a01bf87,weapon/lmg_double_t8
5658ffb5203a369,scope_dualoptic_lmg_standard_restriction
565979d5cde05fd,mc/mtl_c_t8_mp_spe_recon_samurai1_pants2_cst
565c1eb91ee3034,lmg_standard_t8_upgraded_tunables_zm
565de1fd5a559e7,ranktable_mp
56627a3a6ee6e03,p8_debris_coal_01_loose_02_ember_01_hot
56661bb8691049e,wraith_fire_fire_tall_zm
566a5887cbd6568,mc/mtl_p8_wz_ep_briefcase_pants
566b7c0d852c05b,clantag
567111750d23f4b,ui_icon_gamemode_capturetheflag
56718255a4baf39,mc/mtl_p8_zm_esc_infirmary_door_lock
5674d3b96867b43,vign_zm_mob_into_machine
56793ff665b3cfa,sniper_powersemi_t8_gold
567bfb0a7b459d5,ui/fx8_theater_camera_head_glow_white
567d30a69fb514c,outfit_warrior_epic1_wetworks_outrider
567f18899a438f1,talisman_perk_mod_single
5682ac9c39b1d7b,vd/t8_decal_damage_bullet_holes_metal
56842ba82cbfd0d,uber_suppressivebarrel
568971bdee20108,weapon/sniper_quickscope_t8
568b142fc1d5bd9,impacts/fx8_bul_impact_fireworks_body_nonfatal_uw
568b164f645b825,button_layout_charlie
56908023bcab2a4,wc/t7_decal_grunge_wall_stain01_metal02
5693cefc6baecda,outfit_warrior_epic1_prophet_shop
569783dcccf22b9,wc/t7_decal_tire_marks_03
5698091de0bba25,mc/mtl_p8_zm_esc_warden_office_door_frame_right
569ac3170b39b58,mpui/tip
569bf1603029b2f,mc/mtl_p8_wz_ep_raygun_decal
569c001183e8e38,mastercraft_greatlion_sunset_bundle_shop
569cbc33e55bcbd,p8_zm_esc_packasplat_engine
56a39667cf8c55e,wc/t7_cloth_carpet_backing_blend
56ab9ee992bf111,rob_shield_window
56b65b71da1a28d,scope_elo_sniper_quickscope_restriction
56b8879317373de,scripts/core_common/player/player_shared.gsc
56b958baded5b94,aib_vign_tplt_zm_arm_grasp_01
56b988baded60ad,aib_vign_tplt_zm_arm_grasp_02
56ba9b7afa926eb,mc/mtl_p8_zm_esc_fan_trap_rust
56bd7e61c61e120,wz/fx8_plyr_pstfx_barrier_lvl_01_wz
56bf6461da8211a,scene_frontend_t8_outrider
56c0738d4581820,pb_melee_fem_draft_preready_1
56c0938d4581b86,pb_melee_fem_draft_preready_3
56c09ee72782ed1,menu/purchase_tier
56c0a38d4581d39,pb_melee_fem_draft_preready_2
56c0b38d4581eec,pb_melee_fem_draft_preready_5
56c0c38d458209f,pb_melee_fem_draft_preready_4
56c39f09148ea0f,rob_wound_blood_splatter
56c6895219db1c0,wc/t7_rock_beach_cliff_01
56c9b3c55b457d3,events_radiation_field_assist
56ca3964cd96d15,activecamoinfo_t8_sig_sniper_fastrechamber_western
56cbf65c5e9c729,mc/mtl_c_t8_bo_hero_sergei_body1_chest_skin
56cc58b373213e9,reboot_players
56cd4fba670453d,pc_move_right
56d030a01393169,ei/gfx8_water_bubble_md_anim_em_pb_i16
56d93e24e452ba8,ei/gfx_lightning_cloud_em_pb_i16|dup
56daf6201e11db1,menu/upload_clip
56e6f15ba89eeed,mpui/attachments_caps
56ed1e844148a53,scripts/zm_common/zm_utility.gsc
56f1e3f73fb3120,ei/gfx8_spark_single_em_gp_i16
56f74d2afce0b5f,mc/mtl_p8_wz_ep_gun_toy_plastic
56f83b00961d67b,vd/t8_zm_decal_scuffs_reveal
56f8ced179e36fd,menu/permanent_unlocks
57044cf8027a058,mc/mtl_wpn_t8_shotgun_semi_grip_sig_02
57047cf8027a571,mc/mtl_wpn_t8_shotgun_semi_grip_sig_01
570813e680e2950,splm/mtl_p8_zm_esc_fence_wood_set_wood01
570843e680e2e69,splm/mtl_p8_zm_esc_fence_wood_set_wood02
570cc7366377996,impacts/fx8_bul_impact_wz_concrete_base
570dff98ead7f72,splm/p8_kit_zod_sta_05_elevator_door_left_metal_01
571157ac87a9df0,p8_zm_zod_debris_wood_plank_med_oak_dark
5719c5941033776,wz/longest_kill
571b0a1c628b554,i_mtl_p8_zm_esc_sign_reg_supplies_m
571d197f6e16843,mc/mtl_p8_zm_bandolier_bandit_perk_totem_sculpture
571eddbe183d587,shotgun_precision_t8_upgraded_tunables_zm
572450d01e06cd6,menu/coming_soon
572809220cfa331,activecamoinfo_t8_rapid_kills_wz
572e159a10157b2,impacts/fx8_bul_impact_water_nonfatal
573cf500b2909fe,events_health_boost_vanguard
5748c2e1cd51841,splm/bullet_collision_asphalt
574c2a9f8c27b21,attach_t8_charm_steel_ball_view
575116beccfad85,ultimate_turret
5758e035987d430,i_c_t8_zmb_male_rag_1_c
575944cbf2aca30,mc/mtl_p7_zm_ctl_comm_monitor_set_monitor_glass
5759b035987ea47,i_c_t8_zmb_male_rag_1_n
5763697420ab272,perk_engineer_restriction
57646f9da7dc74c,mc/mtl_p7_zm_ver_cookware_vintage_metal_stain_decal
57649a199c74257,mc/mtl_p7_zm_nac_box_wood_sml_decal_01
5764aa199c7440a,mc/mtl_p7_zm_nac_box_wood_sml_decal_02
5764ba199c745bd,mc/mtl_p7_zm_nac_box_wood_sml_decal_03
57657d1ba9f37f8,mc/mtl_p8_zm_esc_clothes_decal_02
57658d1ba9f39ab,mc/mtl_p8_zm_esc_clothes_decal_03
5765ad1ba9f3d11,mc/mtl_p8_zm_esc_clothes_decal_01
5765dd1ba9f422a,mc/mtl_p8_zm_esc_clothes_decal_04
5765ed1ba9f43dd,mc/mtl_p8_zm_esc_clothes_decal_05
576906de03876c0,volumetric_light_vblur_compute
5769a3cf472fb4e,mc/mtl_p8_wz_ep_grill_barbecue_decal_02
576f70078d776fc,vd/t8_decal_blood_puddle_floor_01_hard|dup
57796313447a6b3,em/h01
577b7f4d048d841,ir_tr
57811d05dd35f12,menu/player_detail
579204f125f52c3,wc/t7_asphalt_edge_cracked_01
5792e1f72128798,footerpreordericon
5799ce86fd238df,mcs/mtl_c_t8_zmb_mob_ghoul_eyes
579be87bfbcc8e8,mc/mtl_p8_zm_zod_luggage_sticker_europe_decal
579d3f3b6e2ea72,quote_leader_leads_by_example
579d9a089708f88,mc/mtl_p7_zm_tra_tank_chemical_dirty_01
579dba0897092ee,mc/mtl_p7_zm_tra_tank_chemical_dirty_03
579dca0897094a1,mc/mtl_p7_zm_tra_tank_chemical_dirty_02
579dea089709807,mc/mtl_p7_zm_tra_tank_chemical_dirty_04
579e0a089709b6d,mc/mtl_p7_zm_tra_tank_chemical_dirty_06
57a91fdf5e2e4bc,mc/mtl_p7_zm_mob_cell_bed_metal01_bloody
57afccdb8fe33a8,em/nine
57b83608b29c463,pc_keybinds_presets
57baa96c8c3a909,menu/heal_speed
57c19fd441c59ff,promo_no_dupe_crate
57c5113a1473ca7,vd/t8_decal_blood_drip_floor_directional_01
57c5213a1473e5a,vd/t8_decal_blood_drip_floor_directional_02
57c71f69d0878a7,attachment_killcounter_knife_loadout_restriction
57cc6a8f7f5bf55,weapon/hero_flamethrower
57d13df2086b9c3,mc/mtl_p8_zm_esc_packasplat_suitcase_base_foam
57d19cbfbeb94b7,smg_accurate_t8_upgraded
57d890df7db4cfc,menu/friendly
57e3eedddd079bf,talent_engineer_mp
57e4aa9849c6cd0,bow_fire
57e8dfeb82d483d,ei/gfx_dust_burst_lg_anim_em|dup
57edf28fcd0e8ba,menu/lb_objectives
57f3927213c6de3,zm_elixirheaddrama
5800cfdce8b2849,output_srgb
5804a37272bc580,zombie/reviving_solo
580570083c8795a,ar_accurate_t8
580f41fb534ac25,wc/t7_decal_damage_bullet_holes_02
58121d9f9803625,tr_flechette_t8_upgraded_tunables_zm
5818113a2c832c6,mc/mtl_p8_zm_bandolier_bandit_perk_totem_pattern
58184c754293634,mc/mtl_p8_kit_zod_fir_01_door_wood_base_06_grunge
5819452b428a619,ar_peacekeeper_t8_gold
581c380714aa3c0,outfit_warrior_epic2cop_seraph_sunset_bundle_shop
581fe787771a38f,zm_contract/headshots
5827b5fd43e4b6f,mc/mtl_p7_zm_ctl_wolf_paw_print_escape
582e5814fda7561,mc/mtl_c_zom_player_farmgirl_gear
5837043c2859124,acog_sniper_powerbolt_t8_tunables_zm
583b3875ba84d71,p7_debris_concrete_rubble_med_09_no_metal_warm_sml
5845c52725a6013,button_layout_experimental
58506dfd222c76e,splm/t8_plaster_fort_wall_dirty_01_blend
58533e8293f131d,maps/zm_escape/fx8_spinning_trap_blood
5854801e31ddcf7,quote_foolish_to_mourn_dead
5858802871f1adb,mc/mtl_p8_zm_esc_machine_smelting_conveyor_02_belt
585a796b6aa9990,zm_wallbuys
58672fa2fde3aa0,impacts/fx8_bul_impact_fireworks_body_fatal_uw
5867a67ee83abd9,wc/t8_decal_grunge_drip_water_flowing_02
586c46ba4ab7dda,gd_c_t8_mp_spe_outrider_superhero_arms1
587318c4418924d,medal/hatchet_kill
587488246eae3c5,demo/jump_forward
58783f66b74d1d0,animals/fx8_bio_fly_dark_50x50
587d5708cbc82c4,lb_mp_gm_dm_hc
588fae8ee8641de,mc/mtl_p8_zm_esc_book_05_character
589ba1ee88d49aa,splm/bullet_collision_glass
58a58e43eaf8a67,mc/mtl_p7_zm_shi_lamp_post_wood_decal_02
58a5a9b0d37907e,mpui/damage
58aa614206cea56,director_online_mp_training
58abad7648730d4,pc_screen_space_reflection
58acae830048a7d,wc/t8_zm_zod_metal_painted_wall_heavy_black
58b9a5dae6b2ad6,options/unbind
58ba22e22e60b4d,pc_aimdownsight_hold
58bd3930d2a8d11,em/squish
58d6a3fcbd62744,pc_user_content
58e09e4b00877a7,attachment_killcounter_tr_powersemi_restriction
58e767fa201f577,gd_c_t8_mp_spe_seraph_assassin_lowerbody1
58e91856722d715,zombie/tonic
58ee9fc6bc8982d,ar_doublebarrel_t8_zm
58ef2d9538fe252,hero_pineapplegun_scoreevents
58f17990283261b,mc/mtl_wpn_t8_sig_bow_base_piece_stick
58f3226202e5503,mcs/t8_metal_bare_steel_worn_01
58f441f4049761c,mc/mtl_p8_zm_esc_pipe_metal_paintmetal_01_rust
58f7c2f14681cba,mc/mtl_p8_wz_ep_foam_finger
5900c523887fdde,wz/attach_fastmag
59017f41745034e,wz/fx8_plyr_pstfx_barrier_lvl_03_wz
590a4e1035df8ce,scene_frontend_t8_arena_fem_team_5
590a5e1035dfa81,scene_frontend_t8_arena_fem_team_4
590a6e1035dfc34,scene_frontend_t8_arena_fem_team_3
590a7e1035dfde7,scene_frontend_t8_arena_fem_team_2
590a8e1035dff9a,scene_frontend_t8_arena_fem_team_1
590a9e1035e014d,scene_frontend_t8_arena_fem_team_0
590fb6cda7bbc57,i_p8_zm_esc_grate_01_c
59110f08c1fde82,cutlass
591c23eae3130fb,scripts/core_common/throttle_shared.gsc
591dd5d6cabbd37,medal/headshot
592b154deb39d70,mc/mtl_t7_camo_black_epic
59330c2b106ea21,mc/mtl_wpn_tac_rifle_mid_burst_charginhandle_mk2
59381938bce01a5,impacts/fx8_knife_impact_bone
593a59a709a32b7,mcs/mtl_p8_zm_esc_metal_hook
593ce6181267de9,attachment_quickdraw2_tr_longburst_restriction
5942219260ec50a,pc_reactorcore_invert_camera_rotation
59497a7a07282e7,weapon/smg_drum_pistol_t8
594ec75e5908b2a,ei/gfx8_light_ray_solid_wide_em_pb_i16_nocull
594f6b1bb19d408,attachment_rf_smg_standard_restriction
594fe00c9b81391,scope_acog_sniper_fastrechamber_restriction
5951b81b59a6d46,zm_weapons/fx8_aat_elec_exp
595527427ea71eb,scripts/autogenerated/luielems/zm/zm_trial_timer.gsc
5955985674d5552,evententitystatefields_default
595c94430266a30,ei/gfx8_fog_slow_sm_anim_em_pb_i16
595dfebebb9f445,events_attack_chopper_objective_multikill_3
59680a0f6f7408c,attachment_clantag_melee_slaybell_restriction
597b1bd675e38d4,challenge/classified
597f5dd8a0c5760,menu/move_forward
59827ac2a3f7070,ch_vign_zm_mob_ghoul_riot_endloop_06
59829ac2a3f73d6,ch_vign_zm_mob_ghoul_riot_endloop_04
5982aac2a3f7589,ch_vign_zm_mob_ghoul_riot_endloop_05
5982bac2a3f773c,ch_vign_zm_mob_ghoul_riot_endloop_02
5982cac2a3f78ef,ch_vign_zm_mob_ghoul_riot_endloop_03
5982eac2a3f7c55,ch_vign_zm_mob_ghoul_riot_endloop_01
598f3e918053303,wc/t8_stone_marble_dark
5990c81b59e3ca0,zm_weapons/fx8_aat_elec_eye
5998a13170e9e3f,contaminator_dom_hvo
599a2720368b625,mc/mtl_p8_zm_light_ceiling_fancy_01_brass
59a6eaad7e117d7,mc/mtl_p8_kit_zod_bri_05_dirty_02
59a6faad7e1198a,mc/mtl_p8_kit_zod_bri_05_dirty_01
59b088f5031a14a,medal_first_kill
59b15e66db62721,maps/zm_escape/fx8_shield_glow_3p
59b82059469705e,zmweapon/pistol_revolver_t8_upgraded
59ba75ea27d7c09,impacts/fx8_bul_impact_wood_sm
59beea3a475808c,loot_ui_icon_tags_muertos_firebreak
59c287087f11281,smg_accurate_t8_gold
59cb09309cf4447,heroes/battery
59cfcb2531bec16,mc/mtl_p8_zm_zod_cipher_carpet_decal
59d1f1a32af3656,medal_wz_first_kill
59d7f0af442b626,perkaholic_task_holiday
59def42f0745c47,mc/mtl_p8_zm_esc_crate_wood_lrg_horrific
59dfac5e48f54de,mc/mtl_p8_usa_vista_crane_control_leather
59e18d622303766,ei/gfx_water_fall_crumble_anim_em_pb_i16|dup
59e8997565398b4,mc/mtl_p8_fxp_zm_energy_portal_ring
59efbe5599474b7,mc/mtl_p7_shr_weapon_shield_05_dmg_wood
59f15018585edda,shotgun_pump_t8_upgraded
59f4eb9452c8a7c,ei/gfx8_liquid_drop_em|dup
59f4fd5e2d79f0c,wc/t7_con_metal_burnt_01_blend
59f62cdede2d4be,impacts/fx8_bul_impact_wood_xlg
59f818af80b75b8,mc/mtl_p8_zm_esc_machine_smelting_conveyor_01_metal
59fa962b1fd0ddc,quote_civilization_dont_advance
59faead257edf27,vd/t7_zm_ori_decal_damage_crater_01_mud
59fe1a72b2373d2,mc/mtl_p7_mou_pallet_wood_snow_decal_dirt
5a0021debb9f9f0,mc/t7_ban_glass_dirty_rust
5a030354441e2b5,wc/t8_decal_blood_splatter_floor_tile_01
5a0867c3e76c085,mc/mtl_p7_zm_der_teleporter_mf_light_brass
5a0c75a65ab011b,pc_monitor_distance_sensitivity_coefficient
5a0df9a0282d9fd,wz/reznov
5a122cb01a7a224,mc/mtl_p7_fir_catwalk_metal_set_floor_02
5a171736553c17d,menu/restart_warning
5a1719de2701507,zm_minibosshealthmult
5a1e94f52ac6dab,mpui/weapon_smg_caps
5a201e66dbc23d3,maps/zm_escape/fx8_shield_glow_1p
5a24641d65014e6,key/kp_5
5a27f77cbd21180,loot_ui_icon_tags_warriors_recon
5a2bb11f43421ee,acrobat_dom_hvo
5a2e955491110fe,smg_capacity_t8_upgraded_tunables_zm
5a30331d6530cf4,mc/mtl_p8_zm_zod_basket_wall_wood
5a30d3df4045b37,splm/p8_zm_esc_dock_rope
5a540a8f6b7368e,mc/mtl_p8_usa_vista_crane_boom_metal_01
5a547a6b4d8d5e2,mc/mtl_wpn_t8_zm_perk_bottle_foam_mulekick
5a57559d3bdc159,pistol_revolver_t8
5a580cf67d916a7,events_battle_command_wipeout
5a5f20143f74d9f,i_mtl_p8_zm_esc_perk_vending_cola_decal_bolt_01_n
5a5f50143f752b8,i_mtl_p8_zm_esc_perk_vending_cola_decal_bolt_01_c
5a6333173b3633c,em/e01
5a776a1c924653f,attachment_killcounter_pistol_fullauto_restriction
5a7bba9b0511b74,attach_t8_charm_pocket_watch
5a7e0fb400baebc,activecamoinfo_t8_sig_sniper_powerbolt_viking
5a93e842017d474,splm/mtl_p8_zm_gla_wall_arena_wood_01_set_post_01_medium
5aa65ff4c21d3a6,scripts/core_common/music_shared.gsc
5aa6b770101a91d,gamedata/ddl/generated/dlog_event_mpteamobjscores.ddl
5aa7d866ca8b6eb,ei/gfx_water_splash_low_anim_em_pb_i16
5aa8294d61686e9,attachment_grip_ar_modular_restriction
5aa89ff4a37c2b9,slowed
5ab363c468e35b2,events_swat_grenade_stunned_enemy_assist
5ab674fdfba3485,lmg_stealth_t8_upgraded
5ab9eceb1a97273,menu/contract_activate
5abefb605c19f58,i_mtl_p8_zm_esc_warden_house_door_01_n
5abf0b605c1a10b,i_mtl_p8_zm_esc_warden_house_door_01_o
5ac0195c09de5e1,assaultrifles_task
5ac0bdfc731aeda,menu/connected_dw
5ac79307e78c536,ei/gfx_smk_billow_thick_anim_mid_max_lit|dup
5aca0149b9b83a3,mc/mtl_p8_wz_ep_zm_teddybear_fur
5acae23718c80fd,quote_a_ship_without_marines
5ad30e446e3e2f0,mc/mtl_p8_zm_bandolier_bandit_perk_totem_rust_decal
5ad40f006fd1b9e,mpui/barebones_tdm
5ae3da99d408d96,combat_medic_sd_hvo
5ae9313c2adca35,p7_fxanim_zm_zod_summoning_key_mod_small
5aea46d6018fbd7,pistol_burst_t8_tunables_mp
5aeae4085f96334,smg_vmp_t8_upgraded
5aeb5bcc26a9685,medal_infect_3_enemies
5aec3d591f4359e,menu/copy
5aecf30486cbef8,impacts/fx8_bul_impact_soul_body_nonfatal_uw
5af1ae8f8ae6f48,impacts/fx8_bul_impact_soul_runner_fatal
5af6c337a4b7d01,mc/mtl_p8_cigar_lit
5b0ae70afc37fff,equipment_tripwire_restriction
5b118add1afe4a3,zombie_perk_totem_electric_burst_zm
5b12cb88f5e229d,keyarrowdown
5b13d0f10e6f7c1,dualoptic_tr_longburst_t8_upgraded_tunables_zm
5b1a12f3de1c7a4,loot_emote_shared_waiting
5b1add5f0f0c4d1,defaultplayerquietfootstep_sprint_plr
5b2206208bd39fc,gd_c_t8_mp_spe_swat_lowerbody1_cst
5b23a08d8f0c171,carrier_move_speed
5b23af6e9be150e,scripts/core_common/name_shared.gsc
5b2a7b0d9f8bc98,zm_escape_pap
5b2a83ab004fa5f,scorestreak_ai_tank_marker_restriction
5b2ae35de718d7f,mute_all_except_party
5b3055140fb91ee,willy_pete_tunables_zm
5b31dce082c48c7,presence/zm_orange
5b353ca9640a639,zmui/classic
5b396636e302d46,loot_emote_exotic_shared_sparkler
5b42fc6b5607463,blind_swat_grenade_scoreevents
5b48ecdb1e18b35,p8_zm_esc_sign_reg_money
5b4cefc6be93989,ar_doublebarrel_t8_mp
5b4db1b08a0dea8,impacts/fx8_bul_impact_raven_runner_fatal_head
5b4dbd591f8ca14,menu/core
5b4e577b5881ca4,ability_dog_mp_scoreevents
5b4f4be2b69464a,impacts/fx8_bul_impact_wz_base_xlg
5b5d4e8a28e804b,talent/ghost
5b612fd769bf2f3,mc/mtl_p7_rus_bookshelf_metal_decal_rust
5b61466db72f95e,wc/t7_zm_gen_decal_damage_paint_peeling
5b707caa12af5de,pistolscope_smg_fastburst_t8_upgraded_tunables_zm
5b74842d2af8439,i_mtl_p8_kit_zod_mai_05_door_frame_set_metal_04_m
5b761f80b963d2d,mpui/elo_desc
5b776eaa7228c6f,events_headshot
5b866ec0355adf3,prestige7_mp
5b95a0b6dcb128b,menu/warzone_desc
5b992d0fee196e4,volumetric_light_compute
5b9fb682a777869,sig_lmg
5ba3ad65c627605,zm_inventory_mansion
5bacb4869814f2f,mc/mtl_p7_crate_wood_02_long_lid_wood_blend
5bad8c825ce783d,mc/mtl_c_t8_bo_hero_sergei_shirt1
5baeea64e2d2e8b,flamethrower_beam_3p
5bb30aa847cd037,scripts/core_common/spawner_shared.gsc
5bb4569c8a011fe,loot_contract_stuhlinger
5bb574aef83c416,pstfx_zm_dying_wish
5bb5ad9e67960de,impacts/fx8_bul_impact_thin_metal_lg
5bbf54a4b1f95e3,mc/t7_min_cloth_leather_blue_lt
5bc2467425590cd,deaf
5bc26367c7cd602,quote_the_measure_of_a_man_is_way_he_bears_up
5bc8395437b3654,explosions/fx8_exp_grenade_smolder
5bdfc4b48eacd25,entity_impact_pineapple_grenade
5be18e80a1b7f06,medal_final_survivor
5be4a02b20f31f1,menu/ok
5be4d02b20f370a,menu/on
5be582e5f86da6e,zm_talismansepic
5be5bedc9a0f190,mc/mtl_p7_zm_ctl_projector_vintage_set_decal_03
5be5cedc9a0f343,mc/mtl_p7_zm_ctl_projector_vintage_set_decal_02
5be5dedc9a0f4f6,mc/mtl_p7_zm_ctl_projector_vintage_set_decal_01
5be5e89bea09930,rank/2ndlt_full
5be692d3b825376,gd_c_t8_mp_spe_nomad_lowerbody1_cst
5be7674d3e7c286,pc_health_regen_toggle
5bee27b2d1d947e,mc/mtl_p7_mirror_wood_ornate_wood_01_bld
5bf034f561c16e4,mc/mtl_t8_wpn_lmg_heavy_emissive_mk2
5bf2c86665eaea4,jumppack_diner_shop
5c00149d848dc80,ei/gfx_water_splash_lit_full_lite
5c054e15475266c,ar_mg1909_t8_tunables_zm
5c08d5ea29c6c18,impacts/fx8_bul_impact_wood_lg
5c0e0cb71d46cfb,p8_zm_esc_clothes_sm
5c0eebfa94b60e4,mc/mtl_p8_zm_zod_bench_boat_deck_wood
5c16e02b211a4f4,menu/no
5c22fd811892fab,pc_autorun
5c29e6d60299aaf,pistol_burst_t8_tunables_wz
5c2aeb8bac7e8be,dirt/fx8_dust_motes_100x100
5c2dcf9ec4c42e2,talent_extraequipment_mp
5c317627290bbde,attachment_extbarrel_shotgun_semiauto_restriction
5c38593ebf6b090,ei/gfx_dust_clump_em_pb_i16|dup
5c3b1ea7a485f69,ray_gun_mk2_zm
5c3c07d99378a6f,ui_cam_icon_shotgun_pump
5c3fb1acf3d5052,em/glob
5c4248e975ed891,outfit_warrior_base_pal_exo2_recon_sunset_bundle_shop
5c4433ed4143421,talent/resistance
5c4524c624f3e20,loot_smg_burst_mk2_bribe
5c488bacdd7ef68,ch_vign_zm_mob_brutus_reveal
5c48d49ea911f7c,wc/t8_decal_blood_splatter_wall_directional_02
5c48e49ea91212f,wc/t8_decal_blood_splatter_wall_directional_03
5c49049ea912495,wc/t8_decal_blood_splatter_wall_directional_01
5c4bbec1916af2d,zdogfootstep_crouch_run_zdog
5c4d2105d3e8247,fxaa_hemi_aa_pass1_compute
5c4f54b2582d030,impacts/fx8_bul_impact_wz_sand_sm
5c51ed13dde86ac,ui_cam_cac_shotgun_semiauto
5c54e0b718a5480,key/ralt
5c5fef0bd980764,hero_gravityspikes_t8_lv2_tunables_zm
5c60f77b9332e5b,menu/equipment_caps
5c695e9e345c653,aib_vign_zm_mob_pap_ghosts_b64
5c6b71cb471511c,em/cardinal
5c6be752542ed1e,menu/announcer
5c710664b7b8f99,leap_end
5c7aa81a63160c1,defaultplayerquietfootstep_crouch_run_plr
5c86e9066cceba8,outfit_warrior_base_pal_exo1_battery_sunset_bundle_shop
5c8d3ac8fb0411d,i_c_zom_player_engineer_body_n
5c8dfbcc63122c9,mpui/hcctf
5c95cab1c376dbd,attachment_fmj_ar_damage_restriction
5c9e9ad2e1fc42b,lb_mp_gm_escort_arena
5ca0624c644794b,zm_ai/fx8_blightfather_weakspot_jaw_amb_uw
5ca3e6700cb924f,perk_tracker_restriction
5cb31b670b176d3,weapon/smg_fastfire_t8
5cb4b334da72c23,debugfog_overlay
5cb80146ba7cb08,p8_zm_esc_warden_candle_02
5cb81146ba7ccbb,p8_zm_esc_warden_candle_03
5cb83146ba7d021,p8_zm_esc_warden_candle_01
5cb86146ba7d53a,p8_zm_esc_warden_candle_04
5cbe41f831b2f28,entity_dud
5cc2422704a1e51,zitem_riotshield_part_3_tunables_zm
5cc3080989727e7,sniper_powersemi_t8_upgraded_tunables_zm
5cc70ec036667fb,prestige7_wz
5cd233dfc9b82a2,weapon/barrel
5cd4c6d630f2fd8,pc_expander_look
5cd5b8ab59173c7,scope_is_sniper_fastrechamber_restriction
5cd876d60337b1f,pistol_burst_t8_tunables_zm
5cdf5330a15448b,scope_mms_smg_capacity_restriction
5cdf67abd3f32b3,i_mtl_wpn_tr_powersemi_upper_sig_02_g
5cdfa7abd3f397f,i_mtl_wpn_tr_powersemi_upper_sig_02_c
5ceb088e89072a0,hero_chakram_lv3_tunables_zm
5cf56ec56addb05,i_c_gen_detail_plastic_rough_n
5cf700c69e28ede,int_botd_raise_fire_s
5d00dd142d3824f,warzone/ui_hide
5d04110d3fbc36b,explosions/fx8_exp_rocket_lg_metal
5d05d7451fa7372,combat_medic_control_hvo
5d0a4bc40402ed4,em/stache
5d0b83ef5b50a0f,i_mtl_wpn_tr_powersemi_grip_sig_02_alt_s
5d0d43b68610807,wc/t7_glass_dirty_brass_opaque
5d0d4d46178f2c8,menu/calling_card
5d2761f63e0d91d,battery_end_game_pose
5d2a51c3774e59f,mc/mtl_p8_zm_zod_frozen_mist_base_01
5d2fde6f2b9f313,closeandpersonal_task_holiday
5d3099e2fd08c28,i_mtl_p8_zm_esc_sign_reg_dining_room_m
5d30af09360ee82,activecamoinfo_t8_fast_direct_action_kills_mystic_wz
5d33eeaeb171341,menu/all_defaults
5d3480c579e3e26,menu/slider
5d357022dfd4898,zombie/fx8_packapunch_zmb_red_gauntlet
5d396197c1b9760,mc/mtl_p7_dresser_wood_vintage_short_01_red_01
5d399197c1b9c79,mc/mtl_p7_dresser_wood_vintage_short_01_red_02
5d3a54b8578e9ba,fxaa_hemi_aa_pass2h_debug_compute
5d4106a4e6c0cef,mc/mtl_p8_zm_esc_lab_monitor_dirt
5d460f3c6d28947,ei/gfx_bio_raven_bottom_anim_lit_nocull
5d47c8c08c8a28b,loot_contract_party_rock
5d4ad876d4b4d93,language_japanese
5d4c4c04ae9366e,volumetric_light_hblur_compute
5d578ac31bee71a,loot_emote_shared_ruin_war_face
5d66f46de9e6b6a,attachment_hipgrip_lmg_spray_restriction
5d67d95517a956f,loot_emote_shared_van_dance_shop
5d6ae994f1027c8,beam8_lighthouse_ley_line_red_short
5d70d2c3b5ad38e,1080_core_common
5d7ca40106b6922,p8_wz_ep_bullet_50cal
5d7f59a4536ae17,assassin_koth_hvo
5d82517831dff0f,zombie_perk_totem_mule_kick_zm
5d8a87c9c374680,weapon/molotov
5d8d3c25c30edb4,dualoptic_ar_damage_t8_tunables_mp
5d9986a93fe4b4b,electric/fx8_elec_spark_gib_robot_limb_lft
5d9dbdc2d5fffcf,pb_melee_fem_draft_select_to_preready_3
5d9f847413a1164,scripts/core_common/doors_shared.gsc
5da2988080d4524,scripts/core_common/system_shared.csc
5daefc4c9b0a8fa,menu/my_shop
5db3140b4f81088,scene_frontend_hub_t8_mp_enforcer
5db8bb5319f761a,output_hdr_sdr_mask
5db8ea8e291946f,outfit_warrior_base_pal_exo2_battery_sunset_bundle_shop
5dbbe72f5672543,zombie/fx8_power_debris_death
5dbefe5d057a66e,loot_emote_shared_shush
5dc54b6c1da7f67,contract/headshots
5dd57e95e6680ad,talent_brawler_wz
5dd5ceccc99e596,ei/gfx8_fog_slow_md_anim_em_gp_i16
5ddb1c7bb44652e,scripts/autogenerated/luielems/zm/zm_tut_hint_text.gsc
5ddf7f5c24efb04,fallwind_loop_rapid
5ddfa5feecb57ba,vd/t7_decal_grunge_dust_wall_01_blend
5de04d6d3a98c2b,frag_grenade_extra_zm
5de45d3817e9910,splm/p8_zm_zod_pnuematic_tube_clamp
5de6f750de03512,mc/mtl_p8_zm_zod_clock_wall_mail_room_metal
5de74e1c10a0e6b,scripts/core_common/default
5de75a536b135fb,sprint_rumble
5deb2500e632825,mpui/plants
5dedd5b3ac28a67,pc_ads_sensitivity_horizontal_high_zoom
5def5da26ed1f8d,wc/t8_decal_blood_drip_wall_edge_long_01
5def8345e8fd7bd,smoke/fx8_smk_smolder_sm
5dfcdd254e3fc0c,mc/mtl_p8_zm_esc_shower_fence_set_01
5dfd0d254e40125,mc/mtl_p8_zm_esc_shower_fence_set_02
5e00b577a530dc6,talent_gungho_wz
5e0150a7cee7aa1,pc_calloutswheel_hold
5e03f4ea9b2dc5b,key/rshift
5e07563d12c4864,wc/t7_brick_irregular_worn_02_light
5e075c6405a7797,mpui/infects
5e0c5d50d6cf9e2,events_automated_turret_deploy
5e0eeefde42dd4d,weapon_null_zm
5e117031b32d25c,attachment_damage_smg_fastburst_restriction
5e12346f106f933,director_lan_zm
5e1283c1adcfd02,wz_character_yuri
5e14f88d6f6f1ea,ec/gfx_water_bubble_pcloud_lit
5e17b60f60b6819,heroes/hudson
5e1a08d09936334,mpui/hacienda_alt
5e1a42a18055551,scripts/core_common/ai_shared.csc
5e1a8c744baa29b,mc/mtl_veh_t7_zhd_tanker_truck_body03_plastic
5e1fc329fdb5c9c,scene_frontend_hub_t8_mp_mercenary
5e20fe516b8589f,wc/t8_decal_trim_relief_jacobean_04a
5e22c8941e7004f,gear_medicalinjectiongun
5e2344509700d20,loot_emote_wetwork_joker_gun_shop
5e25a7d31f5f204,loopfxentitystatefields_default
5e26ecb3dcf69bd,water/fx8_water_drip
5e2f5f439f26596,wz_default_loadouts
5e38f4fbfd13a63,wc/t8_zm_decal_carpet_worn_through_reveal
5e3f9f0936f44d2,activecamoinfo_t8_fast_direct_action_kills_mystic_zm
5e41b674276d396,demo
5e45a4b365d7431,loot_emote_shared_popnlock_06_shop
5e45de1e72b806f,codcaster_ls_primary_attachments
5e4a800d27bd2ce,ei/gfx8_smk_cigar_whisp_blur_lit
5e4bdae7585d9f1,dirt/fx8_dust_linger_200x200_thick
5e58f7e797fc987,melee_club_t8_mp
5e5aed9cff55395,i_mtl_p8_zm_elixir_icon_aftertaste_c
5e5ced9813f0e1b,gd_c_t8_mp_spe_battery_apocalypse_arms1
5e5d9ae9cf921d0,ei/gfx8_snow_flake_flurry_em_pb_i16|dup
5e61d7aa4721759,weapon/water_balloon
5e62e40bcc79ec0,beam8_zm_hammer_lightning_strike_body
5e67108728854a9,attachment_suppressed_smg_accurate_restriction
5e6847895d766e4,splm/mtl_p8_zm_esc_shower_fence_set_01
5e6877895d76bfd,splm/mtl_p8_zm_esc_shower_fence_set_02
5e6b98bbd2bf9ea,mc/mtl_p7_wes_weapon_gun_set_decal_wood_damage
5e79cc86826702e,attachment_suppressed_smg_handling_restriction
5e7b4fd0113745e,vign_zm_mob_into_machine_idle
5e809c2da252e48,zm_elixirslegendary
5e93cdcebc4e250,gsoc_zm_elixirs
5e96c8b24d32151,el/gfx_smk_trail_billow_lit_no_grf
5e975a9f59b7cd0,ei/gfx_gib_wood_01_lit_full_gray
5e9baf8e7f84bed,splm/p8_foliage_hanging_vine_strands_short
5e9bf9fac630145,mc/mtl_p8_zm_zod_turbine_greeble_003_metal
5e9c5c5276ea432,gsoc_zm_mysterybox
5e9c5f76f4313ee,loot_contract_battery_muertos
5e9c86634e25ea8,aar/summary
5e9e71fbe987fc3,mc/mtl_t8_camo_koi2_effect
5ea3f9f486eb37c,splm/p8_kit_spa_gen_01_roof_tiles_01_cap_end_red_clay_0_01_worn_02
5ea409f486eb52f,splm/p8_kit_spa_gen_01_roof_tiles_01_cap_end_red_clay_0_01_worn_03
5ea5f710fc84075,mp_robot_playersounds
5ea7af636069e2c,mc/mtl_p7_spl_jewelry_toy_set_diamonds_green
5eb36fe236dcc0b,equipment_molotov_restriction
5ebb9a942e59c09,mod_electrocuted
5ebbb771aa501b5,ei/gfx8_liquid_trail_em_pb_i16|dup
5ebbc68a78a05ea,attach_t8_shotgun_pump_ammo_steelpellets_dragon_world
5ec5fb80e07f396,scene_frontend_t8_arena_male_team_4
5ec60b80e07f549,scene_frontend_t8_arena_male_team_5
5ec61b80e07f6fc,scene_frontend_t8_arena_male_team_2
5ec62b80e07f8af,scene_frontend_t8_arena_male_team_3
5ec63b80e07fa62,scene_frontend_t8_arena_male_team_0
5ec64b80e07fc15,scene_frontend_t8_arena_male_team_1
5ec8e87ab8982cf,mcs/mtl_p7_zm_sta_luggage_vintage_set_components02_leather
5ecad316aabf815,pc_menu_framerate_cap
5ecb8663266bb43,wc/t7_zm_moo_decal_metal_grate_01
5ed24b34cbad99b,attachment_steadyaim_sniper_quickscope_restriction
5ed605522803d51,ui_cam_cac_smg_standard
5ed6763e6cbabe8,gamedata/ddl/generated/dlog_event_mpheropowerevents.ddl
5ed9bedbd959eb6,ei/gfx_water_splash_low_anim_em_pb_i16|dup
5edb003621c7ca6,i_c_t8_mp_spe_recon_samurai1_pouches1_n
5edb103621c7e59,i_c_t8_mp_spe_recon_samurai1_pouches1_o
5edb903621c8bf1,i_c_t8_mp_spe_recon_samurai1_pouches1_g
5edbd03621c92bd,i_c_t8_mp_spe_recon_samurai1_pouches1_c
5edcd03621caded,i_c_t8_mp_spe_recon_samurai1_pouches1_s
5edeab4e16a8f11,scope_elo_smg_handling_restriction
5ee572cf680d61d,quote_victory_is_always_possible
5ef7078aab2c0bd,mc/mtl_p7_crate_wood_02_long_wood_blend
5ef70bb6b363102,mastercraft_safari_bundle_shop
5ef76c24bb17002,prestige2_wz
5f0420738021504,scene_frontend_inspection_fem
5f086b500e3e02f,camo_t8_ar_an94
5f0a5c0ca10f59e,zm_pointslosspercent
5f0a900303f4c55,sniper_locus_t8_upgraded
5f12d7a7dfd1a1f,mcs/mtl_p7_drape_cloth_hanging_05
5f1316a3f062283,defaulttracer
5f155722e34da5c,menu/recent
5f1de50a25c8830,attachment_quickdraw_lmg_heavy_restriction
5f23246f11585e3,director_lan_wz
5f24e989cf891b3,dst_spark_bounce
5f281ec0387541b,prestige7_zm
5f2b0c6a78531ea,zm_elixirpopshocks
5f2cdde4d3adbe0,p8_kit_zt8_exd_05_trim_05_corner_inside_right_diagonal_painted_metal_32_01
5f300cf94b8008b,platform/downloading_mp
5f31e72bb7bbeb8,pc_textchat_team
5f355b5d35b8488,ww_crossbow_impaler_t8
5f35f26eaa6d402,mpui/null
5f3aeef8b5f66d0,arena_league_play_skill_divisions_default
5f3ba9d498d523c,p8_fxanim_zm_esc_lighthouse_explosion_destroyed_smod
5f3e55b8e1070ab,knife_large_enter
5f3fc891fea13a7,menu/load
5f407bc037861dc,options/advanced
5f43fdfe383f6e5,maps/zm_escape/fx8_portal_lightning_red
5f466b5cdbd2e45,pyromaniac_koth_hvo
5f4bb8e8890aff1,impacts/fx8_flechette_impact_concrete
5f50b2a89bae54c,defaultnpcfootstep_ladder_hand_npc
5f5e36e31e421ba,mc/mtl_p7_zm_ver_cookware_vintage_metal_burn_decal
5f60be9aa27f3a2,ui_cam_cac_lmg_slowfire
5f6158707dbfe75,charm_20_sided_dice
5f6703c39baa71d,impacts/fx8_bul_impact_lava_body_fatal
5f672507f9a0434,mc/mtl_p8_zm_zod_cloth_first_class_bathroom_linen_folded_dirty_02
5f673507f9a05e7,mc/mtl_p8_zm_zod_cloth_first_class_bathroom_linen_folded_dirty_03
5f675507f9a094d,mc/mtl_p8_zm_zod_cloth_first_class_bathroom_linen_folded_dirty_01
5f675821bc3acf3,attachment_damage_sniper_fastrechamber_restriction
5f687373c43481d,wc/t8_zm_off_dec_blood_pool_xlrg
5f69429b2e76f47,wc/t7_decal_metal_vent_01
5f6e52b608f6c7e,loot_contract_seraph_splinter
5f6f40a53b808aa,cap_decay
5f79f88ddcb9b0e,i_mtl_p8_zm_esc_cypher_06_c
5f7c4e683522d1c,camo_active_dlc2_zombie_flick_wrapper_shop
5f8d126ef6022df,scripts/zm_common/zm_spawner.gsc
5f912705332855c,mc/mtl_p7_zm_moo_bridge_crane_track_metal_yellow
5f91a4209f90ab5,i_mtl_p8_foliage_elm_tree_test_branch_02_n
5f91cd9729677d3,mc/mtl_p8_zm_zod_turbine_fastener_metal
5f91d4209f90fce,i_mtl_p8_foliage_elm_tree_test_branch_02_c
5f95a7442485220,zm_contract/rush_multiplier
5f975c212125124,menu/weapons_caps
5f97bef3beea2c9,weapon/pistol_topbreak_t8
5f99adff91cdcc7,camo_active_dlc1_masks_wrapper_2crates_shop
5f9ad249ba06bec,i_c_gen_detail_trash_bag_n
5fb17c8810b6f46,maps/zm_escape/fx8_pap_lightning_bridge
5fb2f3dac6257ab,mc/mtl_wpn_t8_shotgun_semi_receiver04_sig_02
5fb303dac62595e,mc/mtl_wpn_t8_shotgun_semi_receiver04_sig_01
5fb80004783ab29,events_tripwire_ied_deployed
5fb9081fbda10bd,arena_league_play_rank_list_default
5fc4965c0889e77,use_emblem_instead_of_faction_icon
5fc7ff54fa3b31f,mpui/morocco
5fc99405248e7b1,menu/bleedout_time
5fcc0464db76a0f,mc/mtl_p7_shr_chest_wood_lrg_metal
5fcc2ce80765449,p8_fxanim_zm_esc_door_debris_buy_office_idle_anim
5fd09ee60bf30e2,lightmachineguns_task_holiday
5fd3464c72e1a86,maps/zm_escape/fx8_ghost_light
5fd762a6067bda2,wc/t8_decal_tech_detail_low_tech_08
5fda5567f950e4d,p8_kit_zt8_exd_05_railing_03_post_painted_metal_01
5fdaf31b30efb31,contract/ar_kills
5fe8c961a0c0a78,entity_pistol_npc
5ff0e3297252568,ei/gfx8_light_phosphorous_em_pb_i16
5ff52e2f3ad81c8,entity_enter_bullet_small
5ff8260f9374b10,mc/mtl_wpn_t8_tr_midburst_stock_sig_02
5ff8560f9375029,mc/mtl_wpn_t8_tr_midburst_stock_sig_01
5ffc27e74013d98,mcs/mtl_p8_wine_barrel_01_lid_bottom
5ffd12fbff433df,tr_leveraction_t8_upgraded_tunables_zm
60009cba84d972c,community_galil_achievement
60065c24bbfc652,prestige2_zm
6009a636447aaf3,sniper_mini14_t8_operator
600abdebbab8050,attach_t8_charm_pillow_showstopper_view
600e52a606ab016,wc/t8_decal_tech_detail_low_tech_13
600e72a606ab37c,wc/t8_decal_tech_detail_low_tech_15
600ef962dc02f54,ei/gfx_dust_burst_lg_anim_em_full_dark|dup
6018e3f8af3a26a,mpui/quickdraw2
6019633316e676e,wc/t7_zm_ctl_decal_frosty_window
6020d577a6ff792,talent_gungho_mp
602408667daadee,menu/draft_time
6026d20e691b59d,generic_filter_zm_wormhole
602ce1b0581ea40,mcp/rope
602e473c324fc07,ui_cam_cac_equip_frag
60337bcf6d7626b,bot_tacquery_location
60342f1e645df55,events_multikill_8
60343f1e645e108,events_multikill_7
60344f1e645e2bb,events_multikill_6
60345f1e645e46e,events_multikill_5
60346f1e645e621,events_multikill_4
60347f1e645e7d4,events_multikill_3
60348f1e645e987,events_multikill_2
603acea4b72bb4e,impacts/fx8_bul_impact_money_limb_nonfatal
603ef007df3c395,wc/t7_zm_moo_metal_trim_thin_01_aluminum
6041adefbcfeacc,mc/mtl_p8_zm_esc_perk_vending_cola_decal_brown
6041b784ed79ab0,outfit_global_warpaint_bundle_fern
6044c4b951b7bdd,sniper_powerbolt_t8_upgraded
604f20e72319c35,menu/korea_15_plus_reboot
605090fe5328123,uber_firingunit
605483f37772a32,zombie/reviving
60567a49d0e8003,em/crest
605b70e3b465ead,zombie_perk_bottle_slider_zm
605b70ffa92ec20,mc/mtl_p7_shr_weapon_shield_06_dmg_wood
60626feccebced0,i_mtl_p8_wz_ep_bottle_secret_sauce_label_c
606296287f2071a,mcs/mtl_p8_zm_zod_rope_cargo_hold_rope
6062afeccebd59c,i_mtl_p8_wz_ep_bottle_secret_sauce_label_g
6062f11b5caa029,p8_debris_coal_01_loose_04_ember_01_hot
60633feccebe4e7,i_mtl_p8_wz_ep_bottle_secret_sauce_label_n
60715421df731c9,melee_club_sunset_bundle_shop
6072a3b34719d22,prt_zm_diego_dlc0
60764e7f0be1a7e,mc/mtl_p7_zm_moo_teleporter_pad_inside_illuminated
6079d5f8f64bc45,reaperfoley_prone_plr
607a7040a1dd200,challenge/prestige_7
607a8040a1dd3b3,challenge/prestige_6
607a9040a1dd566,challenge/prestige_5
607aa040a1dd719,challenge/prestige_4
607ab040a1dd8cc,challenge/prestige_3
607ac040a1dda7f,challenge/prestige_2
607ad040a1ddc32,challenge/prestige_1
607ad8573a95e51,mpui/conf
607b5040a1de9ca,challenge/prestige_9
607b6040a1deb7d,challenge/prestige_8
607baaacb7e0104,mc/mtl_wpn_tac_rifle_mid_burst_scope_alt
607f5d47c16102b,scripts/autogenerated/luielems/luielemimage.gsc
60836fb8b5de3f9,metal_tray
6086fdf7203d6b5,mpui/incaps
6087ede8e87f86b,mcs/mtl_p8_zm_zod_rope_cargo_hold_base
608fa3d9c862c85,mp/victory
609344f0f879051,platform/missingmap
609a4e2901afb61,vd/t8_decal_blood_puddle_floor_01_hard
60ac7046e08253b,hudson_blackout_character_bundle
60b46e4a40401d4,scope_reflex_pistol_burst_restriction
60b8aa0de376286,wc/t7_ban_metal_rust_painted_01
60bb8c25c5c196c,dualoptic_ar_damage_t8_tunables_zm
60c75822f0d08c0,weapon/pickupnewweapon_keyboard
60ca45c0a2daef2,zm_bgb_phantom_reload
60ca52bf94f19c0,zombie/powerup_max_ammo
60d0067e9703b8b,wc/t7_zm_moo_decal_rubble_sm
60d1548ce0513fa,mcs/mtl_p7_wires_metal_recessed
60d36f8dccbfc90,mc/mtl_p8_zm_zod_toilet_first_class_bathroom_grunge_wood
60d3851e5c54b7e,impacts/fx8_bul_impact_dirt_xtreme
60d7035b6d3336a,activecamoinfo_t8_sig_tr_powersemi_rustymech_zm
60dab011620cfae,ei/gfx8_water_bubble_md_anim_lit
60dae0507645160,rank/ltcol_full2
60daf0507645313,rank/ltcol_full3
60e1581cb8a7a2c,zmweapon/ar_standard_t8_upgraded
60e17ab37ab4874,menu/theater
60e734a9ec51b4f,ei/gfx8_liquid_radial_em_gp
60f4d8d29aced83,killstreak/cuav
60f962a065c73ce,mc/mtl_p7_fxanim_mp_apartments_hanging_tarps_gym_04_s3_flag
61054189d3439f9,special_ballisticknife_t8_dw_upgraded_zm
61100a6b91b62c1,aar/damage
611421ee9b880d3,scripts/zm_common/zm_wallbuy.csc
612240bdc4ecba5,zombfootstep_ladder_hand_zomb
612cc1f55ebe74e,weapondeathfx_lava
612d3a4287529f0,i_mtl_p8_wz_ep_sparkler_c
612e0a428754007,i_mtl_p8_wz_ep_sparkler_n
612e11369a333a5,extbarrel_shotgun
6137511131a7171,i_t8_micro_wood_rough_02_g
61388e338bcc94d,mc/mtl_veh_t8_zmb_1931_truck_fenders
613db22f226d09a,i_c_t8_camo_flecktarn_classic_c
613e085ff090ae5,attachment_grip_smg_capacity_restriction
61411f6a0da9e19,gsol_zm_packapunch
6143767826ada31,melee_stopsign_t8_tunables_mp
6143846f132767b,director_lan_mp
6148ce48b4c6a16,options/general
614ece50714da8d,splm/p7_slu_door_white_frame_double
614fccf94d4e025,platform/downloading_cp
61552bc4df0c1c4,mc/mtl_p7_zm_ctl_light_spot_hanging_set_glass_01
61555bc4df0c6dd,mc/mtl_p7_zm_ctl_light_spot_hanging_set_glass_02
6157750ed7c6584,prt_wz_takeo
61584f25136f32b,splm/mtl_p7_pipe_metal_hp_12_flange_bare_dmg
615da8d5dc249b1,bot_tacquery_nearest_see_enemy
615f306c7c95879,scripts/core_common/turret_shared.gsc
61685943ce2fbb2,mc/mtl_mphd_forklift_rim
616952a261a619a,menu/join_result_could_not_reserve
617545f815fc734,wc/mtl_p8_usa_door_garage_industrial_shutters_01
6175b8eee25f69c,em/ch_592
6175e8eee25fbb5,em/ch_591
617802baa7346c7,pc_category_onfoot
61876ed0782d710,i_mtl_p8_zm_esc_security_console_decal_grunge_02_c
618b65e0b7a5a1d,mc/mtl_p8_wz_ep_wallet_police_pictures
618bf0333907806,ei/gfx8_spark_omni_hdr_desat
618ca460e6b6eb7,mc/mtl_wpn_tr_powersemi_bolt_sig_02
619238a6d1a2e82,menu/1_ball
61934369a4a1786,i_mtl_p8_wz_ep_treasure_chest_diamonds_n
619bdf1b1d61df2,zombie_perk_bottle_death_perception_zm
61a28ac02d868a2,attachment_stalker2_smg_handling_restriction
61a4a3905638cca,key/rightarrow
61a5b8eee282c73,em/ch_588
61a678eee2840d7,em/ch_584
61a698eee28443d,em/ch_586
61ae15471044f0c,splm/t7_concrete_painted_wet_white_blend
61b8acab0e92bd2,mc/c_t8_mp_spe_seraph_superhero_cyberarm_shoulder
61bc21fa41f66a3,mc/mtl_p7_slu_stool_swivel_metal_01
61bea429743a445,gear_medicalgun_restriction
61bf6b1f35d8bf1,maps/zm_escape/fx8_energy_portal_beam
61c0b976944f41a,mc/mtl_veh_t7_zhd_tanker_truck_tanker_steel
61c459e8006cde0,ei/gfx8_light_phosphorous_em
61c51348588ce71,scorestreak_ac130_restriction
61ca9ab95394dd4,blind
61cd0d6fb33878c,talent_drifter
61ceb4bf5961db0,ei/gfx8_light_core_hot_em_gp_i16
61d3f578391fdda,eq_collapse_grenade
61d6090042ec7c4,mc/mtl_p8_zm_esc_dark_machine_decal_steel_02
61d6390042eccdd,mc/mtl_p8_zm_esc_dark_machine_decal_steel_01
61da9149933ecf9,zm_ai/fx8_cata_water_purify_trail
61e641f8f46e5f5,ei/gfx8_ring_thin_em
61ec7c2b6f6639a,custom_games_zm
61efbe496433796,activecamoinfo_t8_fast_direct_action_kills_zm
61efda634c3bf7f,sniperrifles_task
61f2350617895b0,defaulttalent
61f3d684c649071,events_spawn_beacon_assist
61f60d25ae31757,events_concertina_wire_snared
61f65e12682b451,zm_contract/perks
61f6c4e3e3b877e,gamedata/ddl/generated/dlog_event_alerts.ddl
61f72dde533a370,mc/mtl_p7_zm_moo_electrode_teleporter_decal_dirt_01
61f75dde533a889,mc/mtl_p7_zm_moo_electrode_teleporter_decal_dirt_02
61f8d8d71e691d8,gd_c_t8_mp_spe_spectre_apocalypse_arms1
62083f3fbb347e7,mc/mtl_p8_zm_esc_turbine_generator_shrouds
620ac96fd973a2e,ei/gfx_water_ripple_anim_em_pb_i16|dup
620fe276f16d481,wc/t8_decal_blood_handprint_wall_pounding_light_01
6218bc9d24295b8,ei/gfx_debris_trash_multiple_em_full_max_desat|dup
621a5ba2ca5be99,mc/mtl_p7_zm_ver_cookware_vintage_metal_rust_decal
622889ffd6ee983,suppressed_sniper
62296e3317b4d4a,user_settings
62396addddaff63,mc/mtl_p7_zm_isl_medical_stool_decal_02
623d9e86cdea2df,wc/t7_dlc1_wood_varnished
623f29090c7ebfe,medal/bomb_detonated
624264328f37a11,barrel_metal
6258a978ade39d6,mc/mtl_p7_zm_isl_light_flood_stand_metal_04
6258c978ade3d3c,mc/mtl_p7_zm_isl_light_flood_stand_metal_02
6258d978ade3eef,mc/mtl_p7_zm_isl_light_flood_stand_metal_03
6258f978ade4255,mc/mtl_p7_zm_isl_light_flood_stand_metal_01
62629afd9928b00,dualoptic_tr_upgraded
6264cbea37c461e,fallimpact_slow
626805de48f8026,splm/t8_zm_gla_egy_stone_block_wall_01
626e937c581871a,wc/t7_decal_damage_crack_line_02
626f4879680d9b6,mc/mtl_p7_zm_kin_cabinet_metal_medical_decal_08
626fa879680e3e8,mc/mtl_p7_zm_kin_cabinet_metal_medical_decal_02
626fb879680e59b,mc/mtl_p7_zm_kin_cabinet_metal_medical_decal_03
626fd879680e901,mc/mtl_p7_zm_kin_cabinet_metal_medical_decal_01
626fe879680eab4,mc/mtl_p7_zm_kin_cabinet_metal_medical_decal_06
626ff879680ec67,mc/mtl_p7_zm_kin_cabinet_metal_medical_decal_07
62700879680ee1a,mc/mtl_p7_zm_kin_cabinet_metal_medical_decal_04
62701879680efcd,mc/mtl_p7_zm_kin_cabinet_metal_medical_decal_05
627879099b8a337,hero_katana_t8_lv1
627889099b8a4ea,hero_katana_t8_lv2
627899099b8a69d,hero_katana_t8_lv3
6282749a064cb35,menu/zombie
628459b4d7f3ab9,equipment_cooldown
6284a33247bcebd,mc/mtl_wpn_t8_zm_blundergat_armor_ember_acid
628bb1cc00b3bbd,default_specialist_equipment
62913c555ed64fd,i_mtl_p8_zm_zod_menu_second_class_decal_c
629419d6694f62f,pc_sprayandgesturewheel_hold
629c45bbbf2d03b,mpui/holo
629cefbb8b9376a,tomahawk_t8_upgraded_tunables_zm
629e4e4964d1806,activecamoinfo_t8_fast_direct_action_kills_wz
629ed8d287c807a,wc/t7_metal_rust_01
629fc837d2ead1a,outfit_tigerstripe_base_pal_com6_nomad_shop
62a056b913259cb,menu/change
62a39981c41ef89,em/vase
62a54f489eb860d,wc/t8_decal_blood_streaks_wall_light_01
62a70b25975467d,strategic_squad.ai_htn
62a967b3b020a0b,zm_weapsniper
62ab5415a0bd15d,medal_dart_kill
62abbb8dde7c3fd,ei/gfx8_light_ray_spread_streaks_em_pb_i16|dup
62b09b766cb9c33,lmg_heavy_t8_upgraded_zm
62b4242933d9455,wc/t7_wes_plaster_wallpaper_pattern_03_red
62b4c89df6c4748,loot_contract_ruin_modern_viking
62b62f030db393a,noncombat_danger
62b638eee36ad3e,em/ch_532
62b648eee36aef1,em/ch_533
62b658eee36b0a4,em/ch_534
62b6ba889bd9500,attachment_killcounter_tr_longburst_restriction
62b70ae177d182f,loot_smg_fastfire_mk2_bribe_free
62bec1d84d35d18,i_c_zom_player_farmgirl_arm_n
62bf38fca0dd3fa,pc_melee_only
62c4d8fa13738e5,ei/gfx8_light_core_soft_em_gp_i16
62cd0643c3987c3,splm/p8_kit_col_med_01_roof_trim_02_end_left_light_metal_32_01
62cd4c347364ba0,shotgun_trenchgun_t8_upgraded_zm
62cdf997f090db1,menu/campaign
62d0bcf94e98b83,platform/downloading_zm
62d5a2c02e95473,mp_only_headshots
62d72ce6aaf6195,charm_ice_cream
62e2bbb82f6a320,i_mtl_attach_t8_smg_fastfire_fmj_sig_02_n
62e2cbb82f6a4d3,i_mtl_attach_t8_smg_fastfire_fmj_sig_02_o
62e34bb82f6b26b,i_mtl_attach_t8_smg_fastfire_fmj_sig_02_g
62e38bb82f6b937,i_mtl_attach_t8_smg_fastfire_fmj_sig_02_c
62e48bb82f6d467,i_mtl_attach_t8_smg_fastfire_fmj_sig_02_s
62e5e34a960959e,attachment_killcounter_pistol_revolver_restriction
62e9f6d627a15f8,mc/mtl_p7_medical_dispenser_soap_plastic
62ede8eee39b416,em/ch_529
62edf8eee39b5c9,em/ch_528
62ee88eee39c514,em/ch_527
62eeb8eee39ca2d,em/ch_524
62f7710b72065be,attachment_stalker_ar_stealth_restriction
6302f6f817d3317,p8_zm_esc_gutter_downspout_curve
63063ecc86870f6,zombie_perk_bottle_death_dash_tunables
63089f47915dd72,spork_alcatraz_tunables_zm
630bab1cd9d91bc,wc/t7_metal_cable_weave_01_black
6321c6d8ed96c76,mc/mtl_p8_wz_ep_grill_barbecue_dirt_02
6326b3f3e80db2e,mc/mtl_p7_zm_ctl_container115_metal_brass
6326ff81589a75b,coop/reviving
63275b880d3ca7a,operator_boltcylinder_restriction
6328135b6f26c8a,activecamoinfo_t8_sig_tr_powersemi_rustymech_wz
63284211efac4ce,pc_category_general
6328769a8dd523b,splm/t7_metal_trim_worn_iron_dark
63290f85dfef1b7,zm_popcornstate
6329b15476a666b,fxt8_pstfx_zm_fire_blue_trap_c
632c924f3d7483f,warzone/being_revived
6330d0c06d30cec,impacts/fx8_bul_impact_raven_body_nonfatal
6332b00c2a97b13,i_mtl_p8_zm_esc_perk_vending_soda_text_02_c
63385ba2885353c,mc/mtl_t8_wpn_pistol_revolver_various_sig_01
63388ba28853a55,mc/mtl_t8_wpn_pistol_revolver_various_sig_02
633ce92cad338fd,weapon/spawnbeacon
634027e6133e1b0,loot_contract_russman
634afe40fb9d101,smaa_pass4_compute
634c164ac7af606,mc/mtl_t8_wpn_loot_smg_folding_decal_01_mk2
634c7947c5fe181,pb_emote_exotic_shared_fem_heartattack
6350949ad443fa7,p7_dinnerware_ceramic
6352f7214d614ac,zmweapon/smg_handling_t8_upgraded
63681eb0a4f595b,pc_expander_map
636bb005318b629,i_mtl_p8_zm_esc_cell_bed_metal_02_m
636dbbe58fb5ea7,prt_wz_zombie_female
636e3b692ffddec,wc_secondarygunfighter2_restriction
636fae2fafdb55e,eq_swat_grenade_scoreevents
6376bc3965e0a04,i_attach_t8_smg_accurate_handguard_02_attach_s
6376fc3965e10d0,i_attach_t8_smg_accurate_handguard_02_attach_o
63770c3965e1283,i_attach_t8_smg_accurate_handguard_02_attach_n
63777c3965e1e68,i_attach_t8_smg_accurate_handguard_02_attach_g
6377bc3965e2534,i_attach_t8_smg_accurate_handguard_02_attach_c
6377d7540ee379d,mc/mtl_p7_zm_kin_chair_theater_vintage_set_metal_02
6379df785e8fc82,mpui/swayreduc
63865519f43b9e7,spork_alcatraz_zm
638731d17b5e40c,explosions/fx8_exp_grenade_sand
638f09bd2ec6b1c,vd/t7_decal_blood_pool_01_dark
63931164b4b2ac6,zm_talismancoagulant
6393ff34ea56966,menu/continue
639b582de378673,t8_codcaster_icon_team01
639b682de378826,t8_codcaster_icon_team02
639b782de3789d9,t8_codcaster_icon_team03
639b882de378b8c,t8_codcaster_icon_team04
639b982de378d3f,t8_codcaster_icon_team05
639ba82de378ef2,t8_codcaster_icon_team06
639bb82de3790a5,t8_codcaster_icon_team07
639bc82de379258,t8_codcaster_icon_team08
63a12927fb4b868,hero_gravityspikes_t8_lv3_zm
63a866d66c3e113,i_attach_t8_smg_accurate_handguard_01_attach_g
63a8a6d66c3e7df,i_attach_t8_smg_accurate_handguard_01_attach_c
63a8d6d66c3ecf8,i_attach_t8_smg_accurate_handguard_01_attach_n
63a8e6d66c3eeab,i_attach_t8_smg_accurate_handguard_01_attach_o
63a9a6d66c4030f,i_attach_t8_smg_accurate_handguard_01_attach_s
63a9ea6948a637f,cs_all
63ad4b84d724619,arena/win
63b13354a131af8,ar_standard_t8_upgraded_zm
63b25d42cec2446,uber_wildfire
63b2971c43088d2,mpui/icebreaker
63b71fe4d547c4d,wc/t8_dirt_rocky_03_dark_rvl
63cc4c0b588c884,gd_c_t8_mp_spe_prophet_pirate_arms1
63d5ff72cc7847d,attachment_rf_pistol_burst_restriction
63dc8a4db367e01,mason
63e0c007c92bf7e,death_circle
63eaf1f640ff591,smg_fastburst_t8_tunables_zm
63ee3c996426d50,gd_c_t8_mp_spe_spectre_assassin_lowerbody1
63f01269cbff7c6,i_mtl_p8_wz_ep_smoke_bomb_center_c
63f03238c0698c7,mc/mtl_p7_zm_isl_bolt_stainless
63f23ddd1300c16,i_mtl_p8_zm_esc_rock_small_blue_c
63f2e4d18135f2b,i_mtl_p8_zm_esc_warden_vase_03_main_c
63f8f784d6992fd,zm_escape_debris_office
63fb7154130357c,mc/mtl_p8_usa_vista_crane_control_black
63fdd8eee482596,em/ch_558
63fe78eee483694,em/ch_556
63fe88eee483847,em/ch_557
6404c27d72c72d3,impacts/fx8_bul_impact_wz_sand_base_xlg
64071cbb186ee89,ec/gfx8_dirt_pcloud_atlas_lit
640abef02690a68,mc/mtl_p7_zm_ctl_desk_supply_pen_plastic_01
640e56d12b87e1a,zombie_perk_totem_quick_revive_zm
640f7969f5e5b16,wz_open_skyscraper_death_circles_default
640fc357d5d217c,killstreaks/fx8_agr_explosion
64131316b2c1325,mc/mtl_veh_t7_zhd_tanker_truck_body01_light
6414f8ad99363af,mc/mtl_wpn_t8_eqp_stem_shot_gell
6415892153bbeaa,core_concrete_med_warm2_n
6423e31c6bd3175,ei/gfx8_water_bubble_md_anim_em_gp_i16|dup
642c735547cae77,splm/p8_zm_esc_bldg_64_stairs_x6_lrg
642d86a45b45c03,director_online_mp_custom
643003295198190,mc/mtl_t8_wpn_lmg_heavy_clip_sig_01
6435d58073cf5be,menu/standard
643638eee4b3f1f,em/ch_548
6436abdb4d588e8,loot_emote_exotic_shared_snowball
6437849db20741b,zm_weap_swordpistol_special_rumble
643e49386de620d,mpui/cairo
644234ef4afe045,melee_cutlass_t8_tunables_mp
64446ebd8d636dd,mcs/mtl_p7_fxanim_gp_tarp_blue_plain_01_s3
645e7bee08b124d,mc/mtl_p8_zm_esc_packasplat_suitcase_base_hinge_01
645f065f005f353,ar_stealth_t8_upgraded_tunables_zm
645f38d48d5e831,mod_gas
6472cc54dd78903,amb_mosquito
64778c24bfbe93e,prestige2_mp
647bb6fedcb9b66,ei/gfx8_spark_rndhit_hdr_desat
647bd918a7d6dbb,menu/lb_rounds
64809ee22ede787,platform/controller_disconnected
6483261a1e47bd0,breacher_dom_hvo
648a6c2c5ebc58e,impacts/fx8_bul_impact_metal_uw_sm
648fc67df4bf35e,menu/max_level
648fd2a49501d1a,ei/gfx_water_ring_em_pb_i16|dup
6492ab7e1fd204e,wc/t7_dlc1_metal_painted_white
649d689f845945c,motion_vector_static_compute
64a10572604a0ed,mc/mtl_wpn_t8_ar_stealth_sig_02_rail_base1
64a5b65ee2ef3d1,obliterator_dom_hvo
64a5d37c52b81da,pistol_fullauto_t8_bribe_free
64a6c64eac5a463,mc/mtl_p7_zm_mob_cabinet_steel_decal_03
64a6e64eac5a7c9,mc/mtl_p7_zm_mob_cabinet_steel_decal_01
64a6f64eac5a97c,mc/mtl_p7_zm_mob_cabinet_steel_decal_06
64a7064eac5ab2f,mc/mtl_p7_zm_mob_cabinet_steel_decal_07
64a7164eac5ace2,mc/mtl_p7_zm_mob_cabinet_steel_decal_04
64a7264eac5ae95,mc/mtl_p7_zm_mob_cabinet_steel_decal_05
64a7564eac5b3ae,mc/mtl_p7_zm_mob_cabinet_steel_decal_08
64a7664eac5b561,mc/mtl_p7_zm_mob_cabinet_steel_decal_09
64a829d4b7648eb,spawn_teamkilled_penalty
64b59561914c36b,loot_tags_geomedals_01
64b5a561914c51e,loot_tags_geomedals_02
64b5b561914c6d1,loot_tags_geomedals_03
64b5e561914cbea,loot_tags_geomedals_06
64b5f561914cd9d,loot_tags_geomedals_07
64b93ada85a9734,p8_zm_esc_sign_reg_feedback
64c5b52ae5108e3,mc/mtl_p7_aqu_chainlink_fence_kit_door_01
64c701b1646ddc8,wz_character_firebreak
64d00cb5ed004f5,weapon/basketball
64d8128eb1e8207,menu/score_limit
64d87beaeec7875,camo_active_sig_sniper_fastrechamber_western_base_bribe_free
64dd3782051a44a,ei/gfx8_fog_slow_sm_anim_lit_full_dark
64df264eac8bdec,mc/mtl_p7_zm_mob_cabinet_steel_decal_11
64df364eac8bf9f,mc/mtl_p7_zm_mob_cabinet_steel_decal_10
64e53e9942a1592,mpui/destructions
64e55417c23bb71,i_mtl_p8_usa_vista_crane_control_geo_m
64e7d5d440092aa,mc/mtl_p7_zm_ctl_comm_monitor_set_glass_trim
64e84e8da785180,pb_emote_shared_male_give_up
64e92bc09b0e378,wc/t7_zm_isl_metal_trim_riveted_01_blue
64e9a74e1530220,wc/t7_decal_water_wall_running
64ea4c57fdbefe4,wc/t8_snow_ice_rough
64ed6b81eca9e0b,ww_blundergat_t8_zm
64f764b718d29c9,events_battle_command_assist
64fb4d63791df24,mpui/quickdraw_desc
6506ec6a17cdd0b,mc/mtl_p8_zm_off_plate_cover_01_metal
6509699f65bd279,eq_hawk
650adb7fbe404f8,menu/player_range
650c23de3b27bb4,impacts/fx8_flechette_impact_sand
650e0411c055aa7,scripts/abilities/gadgets/gadget_concertina_wire.gsc
650e2d48996a074,loot_contract_crash_muertos
650f0604cb17689,p8_kit_zt8_exd_05_railing_01_corner_inside_left_diagonal_painted_metal_32_01
65121802efb1173,i_c_zom_player_engineer_head_n
65148b9b5563e4a,weapon/pistol_revolver_t8
65152cc94d0d5f5,blood_settings
6516f8f11f9c792,events_deployable_cover_objective_multikill_3
6521c196a692d3f,medal_tak5_multikill_x2
6528cd56b5e2f58,dualoptic_ar_fastfire_t8_upgraded_tunables_zm
6533a4f70527c84,menu/draft_enabled
6535514d3434590,mc/mtl_p7_soc_desk_office_decal_03
6537cb92a495b71,boast_snowball
65390ae0a5c4ce7,mc/mtl_p7_zm_moo_panel_teleporter_set_glass_01
65395ee449cfa7c,zitem_acid_gat_part_1_tunables_zm
6540860daf3cc90,zmweapon/smg_mp40_t8_upgraded
654405507c5a333,vdd/gfx8_decal_exp_blast_01|dup
654bc5588f8fdef,zm_inventory_red
654e19514d6b330,medal_purifier_shutdown
6555ccb6928da1c,gd_c_t8_mp_spe_hacker_superhero_arms1
655dc9e683cb714,loot_tags_graffitiskulls_02_shop
6560af1dd9cce35,attachment_fmj_ar_standard_restriction
656df0976448a5d,outfit_global_warpaint_bundle_hearts_shop
656fdc71c71846f,loot_ui_icon_tags_muertos_ruin
657077a08b7f19e,scripts/zm_common/trials/zm_trial_special_enemy.gsc
6574648f7503b91,shock
65793ed361a5c33,mc/mtl_wpn_tac_rifle_mid_burst_scope_glass
6579f3040175ea4,medal_kill_enemy_while_capping_dom
6584ced84931c9f,ar_an94_t8_upgraded
6585472ba6a60a4,wc/t8_decal_grunge_rust_drip_01_blend
6586baa74f8d109,mc/mtl_p8_zm_esc_warden_steampunk_decal_01
6588b205193d8e0,outfit_warrior_epic1_wetworks_recon_sunset_bundle_shop
6589bd0ddaf2441,p8_zm_esc_infirmary_steps_01_frosted
6592b991948ba45,zhield_lh_tunables_zm
6599cc2c5fa27c3,impacts/fx8_bul_impact_metal_uw_lg
659fff8188f2a75,pc_quickcycle_equipment
65a3a325cf99ac6,menu/laboratory_desc
65a6275961b2486,zmweapon/ar_an94_upgraded
65b2b5036332419,zm_elixirshieldsup
65b7b721073c314,i_mtl_p8_zm_zod_frozen_mist_base_01_c
65b95cd042389ed,gamedata/ddl/generated/dlog_event_zmpowerups.ddl
65c22731c18755c,zm_bgb_conflagration_liquidation
65c695d8da1ca16,zombie/fx8_perk_altar_symbol_ambient_slider
65ca17bd3f8e23f,sniper_powerbolt_t8_gold
65d57ef46158e3e,vd/t7_zm_ver_decal_blood_drips_02
65d58ef46158ff1,vd/t7_zm_ver_decal_blood_drips_03
65d992d4d6ffcd5,ai_zm_mob_zombie_dreamcatcher
65da104e9465ac0,challenge/killer
65e2d62f4e175ce,wc/t8_zm_zod_metal_painted_wall_heavy_trim_black
65e72f4e993d8ea,mc/mtl_veh_t7_mphd_forklift_decal_stain_02
65ee422c8826a73,pistol_standard_restriction
65f4f4a939b484e,lmg_heavy_restriction
65fe50debb3367b,menu/music_volume_desc
6603aa6bca23b10,mc/mtl_p7_ris_construction_ibeam_bracket_grey
660b2a2cdd28d78,mc/mtl_p8_zm_esc_rock_small_red_blend
660bae5b402a1eb,scripts/core_common/ai/zombie_death.gsc
660cff340807695,gamedata/ddl/generated/dlog_event_exchange_failure.ddl
6611feeb4dad181,outfit_global_warpaint_bundle_facepalm_shop
66143504efa1ce1,wc/t7_dlc1_glass_window_stained_01
661537bc73fab42,p8_wz_ep_teabag
6619ec43a7a1f49,director_online_zm_theater
661ddfde5b306cb,launcher_standard_t8_tunables_mp
662481456416524,pack_hunter_dom_hvo
6626d8f17c355d4,mc/mtl_p8_zm_esc_fence_metal_01
662708f17c35aed,mc/mtl_p8_zm_esc_fence_metal_02
662ecd4d6efc21c,firebreak
66338960730e471,mc/mtl_p8_wz_ep_briefcase_skirt
66362f27267815e,season6_triple_play
664b00cad4e64e4,zmui/zod_caps
665027cfd36a1a2,lb_mp_gm_ctf_arena
6653005caa2db53,impacts/fx8_bul_impact_fireworks_runner_nonfatal_uw
6656100f0a852bf,mc/mtl_p8_zm_esc_book_06_character
665aac2b73234f6,custom_games_mp
665c80937e34332,mcp/sonar_weakpoint
665ca201056d458,impacts/fx8_bul_impact_concrete_xtreme
665f14b03bd8314,invalid_task
666294cfaf331a4,zhield_spectral_lh_tunables_zm
666294ef4ccd0dd,melee_cutlass_t8_tunables_wz
66630b89db3532f,mc/mtl_wpn_t8_shotgun_semi_straps02_sig_02
66631b89db354e2,mc/mtl_wpn_t8_shotgun_semi_straps02_sig_01
666d479022f3e32,menu/specialist
6673fb09790241e,weapon/shockrifle_desc
667502a29d67cdd,scripts/core_common/ai_shared.gsc
6677f037918bbca,cymbal_monkey_tunables_zm
6683433a6ef161a,mc/mtl_p8_zm_esc_packasplat_engine_decal
668ba627a4613df,mpui/grip
668c880c9e9bcb8,mcs/global_invisible
669175d931fe99b,zm_healthregendelay
669351134a966b9,p8_zm_esc_desk_small_full
66959452085c290,outfit_global_warpaint_bundle_jester
6696ae091472668,gd_c_t8_mp_spe_ruin_superhero_arms1
669ba81f6058760,wc/t7_decal_fixture_drain
66a08d088ba0366,menu/shared
66ac21f643550c5,smg_fastburst_t8_tunables_wz
66b2feb1208b493,weapon/tank_gun
66b422a6b39c3e1,mcs/t7_concrete_wall_damaged_01
66b90d08b7b9077,zombie/fx8_perk_altar_symbol_ambient_death_perception
66bab3dd15aa3a0,mc/mtl_wpn_tr_powersemi_scope_sig_02
66c2a669c39f9e8,zombie_perk_totem_staminup
66c3a3bac634b5d,zombie_perk_bottle_ethereal_razor_zm
66c5ace8dd83ce2,mcs/t7_wood_planks_weathered_teak
66c954a14925129,dualoptic_ar_accurate_t8_tunables_zm
66d0fa37ea6b1cd,zombie/fx8_perk_blaze_phase_charged_stretch
66d19896f19c05a,slide_rumble
66d4aa084789480,mc/mtl_p8_zm_esc_perk_vending_tonic_chrome_metal
66d89ef0248d1ef,menu/1_minute
66d8bbb6d2c7568,mc/mtl_attach_t8_lmg_front_grip
66da3968e1611fe,impacts/fx8_bul_impact_dirt_base_xlg
66e70577835cb82,i_mtl_p8_wz_ep_treasure_chest_gold_c
66e74577835d24e,i_mtl_p8_wz_ep_treasure_chest_gold_o
66e75577835d401,i_mtl_p8_wz_ep_treasure_chest_gold_n
66e867e056b0244,seraph
66ea68fb97990bc,zombie_perk_bottle_slider_tunables
66ebc486e8cf876,mc/mtl_p7_zm_asc_panel_plastic_black_04
66ee64fa8ec5dff,wc/t7_brick_worn_heavy_grout_white_blend_wet
66f15d5cd3531d1,zblueprint_office_key
66f8eadc97e32af,boast_salute
66ff0bb9cb7adb1,scripts/core_common/bots/bot_chain.gsc
67027ea7017462b,scripts/zm_common/zm_items.gsc
67072e3fca12278,gd_c_t8_mp_spe_swat_arms1_cst
670827fe4769c5d,gamedata/ddl/generated/dlog_event_breadcrumbs.ddl
670ca283f0a9177,p8_zm_mob_table_mess_hall_folded_burnt
6710f71fbdfb219,49_mp_101
6712c69f7d5bea1,riotshield_tunables_zm
6716d4f25d7573d,uber_sentrygrip
671c673e8fb6491,p8_zm_gen_prison_pillar_01
671debf01d7154f,p8_kit_zt8_exd_05_railing_01_post_painted_metal_01
6720c570eeb9ca4,menu/splitscreen_orientation
672436b7c476c19,quote_good_war_bad_peace
6729a440fb1a452,zombie/perk_mystery
672a05f43e110d8,mc/mtl_p7_zm_mob_cell_bed_cloth_white
672b27aac8e4025,wc/t7_rubber_hex_floor_tiles
672c13637f002ca,mc/mtl_p8_tank_fuel_01_set_decal_02_black
672feb468c14886,entity_explosion
672ff7ba3e17b35,guardian_koth_hvo
67346e10a003f67,gadget_health_regen_squad
67375afb6b665a1,events_artillery_barrage_objective_defense
6746ff91b2dd477,molotov_fire_tall_tunables_mp
6747795a62485ee,presence/mp_main_menu
674b3498e3598a3,mc/mtl_p7_zm_moo_bridge_crane_hoist_metal_black
674d175d3480e09,mp/multiplier_x
675cc5184e65eb4,outfit_mean_legendary1_firebreak_shop
67602207e1ebebd,weaver
6770568410f403c,events_war_machine_activation
67710ec436f5d69,breacher_control_hvo
6773aef1e2ac037,eq_concertina_wire_tunables_wz
67792f39c7fc620,mc/mtl_p7_zm_moo_teleporter_sphere_tube_light
677a722d85cbd06,prt_wz_bruno_dlc0
677de91c386b5c0,quote_hardships_often_prepare_ordinary_people
6787f937deba888,vdd/gfx_decal_blood_spray_02|dup
67884c980da8f34,mcp/hud_outline_model_z_scriptint
6789d95802f0442,zmui/trials_desc
678bed888492023,mc/mtl_p8_zm_esc_perk_vending_cola_decal_green
6793e18fcf278ef,oit_apply_ship
679a9c9d33a58f3,quote_may_god_have_mercy_upon_my_enemies
67ab1391c212985,ei/gfx_gas_blur_core_thick_arctic_em
67adcae0d8e7c4f,mc/mtl_p8_zm_esc_gondola_decal_bolt
67b059632a2c4b7,i_mtl_p8_zm_esc_console_monitor_metal_n
67b099632a2cb83,i_mtl_p8_zm_esc_console_monitor_metal_r
67b449d1775f40d,wc/mtl_depth_prime
67b56a717186478,vd/t8_decal_blood_drip_wall_spots_multi_01
67c76165808caa6,i_wpn_tac_rifle_mid_burst_rail_n
67c7add3161ba40,mc/mtl_t8_wpn_smg_accurate_body_upper_sig_02
67c8b57daa18922,zm_bgb_burned_out
67c8e30223cf2eb,wc/t7_ceramic_tile_small_black
67c93165808fbed,i_wpn_tac_rifle_mid_burst_rail_s
67ca0799b7eacf9,dog/name
67cf5cffaba301c,mc/mtl_veh_t7_zhd_tanker_truck_chassis01_green
67cf73ea9863478,ei/gfx_elec_arc_rand_center_em_i512|dup
67d0e4b928401a9,gd_c_t8_mp_spe_battery_superhero_arms1
67daac7d29911bd,menu/1_round
67ec3e27d158d6a,pstfx_zm_hellhole
67f0887bbe2f4c0,i_mtl_wpn_t8_smg_fastfire_clip_sig_02_o
67f0987bbe2f673,i_mtl_wpn_t8_smg_fastfire_clip_sig_02_n
67f1087bbe30258,i_mtl_wpn_t8_smg_fastfire_clip_sig_02_g
67f1487bbe30924,i_mtl_wpn_t8_smg_fastfire_clip_sig_02_c
67f2487bbe32454,i_mtl_wpn_t8_smg_fastfire_clip_sig_02_s
67f7c1aaf2b5c48,attachment_stalker_sniper_quickscope_restriction
67fcc1f6447bdcd,smg_fastburst_t8_tunables_mp
67fcd52a00fd5cf,menu/tier
67fd674f85963ed,gamedata/ddl/generated/dlog_event_medals.ddl
6800a599d7171fa,menu/save
6804a73e15f022b,outfit_assassin_epic1_battery
680bf2bc2219eb1,menu/mastercraft
68122e1f9a064bf,em/pinpoint
6817f2a4542afab,emotes/bravo
681acb51807ca8c,activecamoinfo_t8_sig_pistol_burst_raven_zm
681acd6c7817b96,ei/gfx_gas_blur_thin_em_pb_i16
6822b52f0c079b3,zm_powerstate
68248b0314cca2f,mc/mtl_p7_zm_ori_pump_tank_dirt_08
6824db0314cd2ae,mc/mtl_p7_zm_ori_pump_tank_dirt_07
6824eb0314cd461,mc/mtl_p7_zm_ori_pump_tank_dirt_06
6824fb0314cd614,mc/mtl_p7_zm_ori_pump_tank_dirt_01
68251b0314cd97a,mc/mtl_p7_zm_ori_pump_tank_dirt_03
68252b0314cdb2d,mc/mtl_p7_zm_ori_pump_tank_dirt_02
682bc1859dac7ca,weapon/melee_zombiearm_t8
6832fa2d2a36d3a,shotgun_precision_t8_bribe
683a7dc907a0911,mc/mtl_p7_zm_asc_fire_extinguisher_glass_01
684509a5266daa5,lb_mp_gm_koth_arena
68509ec7cc15fc4,mc/mtl_p7_wes_pump_water_vintage_dirty_01
6850bec7cc1632a,mc/mtl_p7_wes_pump_water_vintage_dirty_03
6850cec7cc164dd,mc/mtl_p7_wes_pump_water_vintage_dirty_02
68595ecc1b3a341,impacts/fx8_bul_impact_robot_base
685a7e0345f0d91,wc/t8_zm_zod_metal_painted_wall
685b4050b555716,mtl_postfx_zm_old_movie
685bc14ab709d54,mc/mtl_p8_zm_esc_power_switch_glass
685e16a034d5a23,mc/mtl_p8_spa_shelf_kitchen_support_metal
6861a00b6788536,scope_ir_tr_midburst_restriction
68642e9ef8ab913,maps/zm_escape/fx8_alcatraz_brut_gas_trail
68660351f4bd597,wpn_grenade_explode
68699d69cf08579,mc/mtl_c_t8_bo_soldier_hardened_helmet
686def5b4c85661,zombie/fx8_fire_torso_zmb
6875a88704d7c94,mpui/pistolscope
687bca25fdf9f2b,menu/tier_boost
6883d9e880f20bc,pc_ads_sensitivity_vertical
6889ef74a2d8d4c,p8_zm_esc_bldg_64_window_small_02
688a1f74a2d9265,p8_zm_esc_bldg_64_window_small_01
688f9acc0e96d77,wz/attach_foregrip
68969f91b40264f,molotov_fire_tall_tunables_wz
689c07ed9239b23,copy_rect
689cc3efd0701a8,mc/mtl_p8_zm_elixir_icon_free_fire
68a75edba6060a0,mc/mtl_c_zom_player_farmgirl_head
68aef03fb2597e5,weapon/lmg_spray_t8
68b0bebfbf58271,heroes/outfit
68b5ca8e9a283e6,tr_damageburst_t8_mp
68b864913045dae,mcs/mtl_p7_zm_zod_dock_crane_metal_chain
68bb1727591e5da,mc/mtl_wpn_t8_smg_capacity_bullet_base
68bfe0b2bd5a74d,vd/t7_zm_ver_decal_blood_hand_04
68c22199ef8d894,medal_mesh_mine_multikill_x2_summary
68c7e7592bb887d,pfx_spark_bounce_blue
68c9bd9c65f6b52,sniper_damagesemi_t8_upgraded_zm
68d0948e4dd42f7,doublejump_rumble_start
68d156f4123dbdd,mc/mtl_p8_zm_esc_sign_reg_music
68d48c7a9aef430,mc/mtl_p7_wes_box_cigar_01_metal
68d7ce2e7cf19a6,boast_mic_drop
68d9d332f93c640,p8_kit_zt8_exd_05_railing_06_basic_painted_metal_128_01
68da1e2006ccf82,throw_score
68f05ff9ca142ee,mc/mtl_wpn_t8_ar_stealth_sig_02_rail_base
68f4dc4afaa11c3,menu/edit
68f4f1bf768e367,menu/pc_credits
68f56915cf75f58,mpui/bm_legendary
68fa874894d29ea,mc/mtl_wpn_t8_zm_perk_bottle_foam_deathperception
68ff0aac469d76f,menu/quit_warning
68ffcc7fc10592c,pc_show_ally_healthbars
69008493b50846e,menu/quick_revive
6903c749906acce,wc/t7_metal_wall_corrugated_panel_hor_black
6905ae2c29b9e6f,wc/t8_concrete_damaged_norebar_01_rvl
690ae1ba72e7e56,charm_steelballs
690ecc04f26be54,slide_int
69118b99a58aa4f,gsoc_zm_points
691f79bfc16f0bf,smoke/fx_smk_explode_md
69270280f68b922,p8_wz_ep_knife_bowie
692714e8aa1afa6,mpui/throws
69275b43c0d60b7,scripts/core_common/util_shared.csc
692b695e19881d7,suppressed
692d36c334b5eb8,gamedata/ddl/generated/mp_combat_training.ddl
69308e654d283f4,icon_minimap_player_friendly_firing
693ab541a2e19f1,knife_zm_spknifeork
693e8227b3d9468,ei/gfx_smk_whisp_anim_02_em_pb_i16|dup
69419b6ef0407dd,ei/gfx_dust_clump_em_pb_i16
694433c3dedbd09,itementitystatefields_default
6947f72271d16df,mc/mtl_wpn_t8_zm_smg_primary_sight
694cb847dad5f30,ei/gfx8_light_phosphorous_em_gp_i16|dup
694cd865ae8d71b,scripts/core_common/vehicle_shared.gsc
6958a1049f0f571,vd/t8_decal_grunge_leak_01
695bb4688e89809,wc/t8_zm_off_dec_tape_safety
69612a2e320248e,mc/mtl_p7_zm_ctl_radio_recorder_deck_plastics_black
6962baae08c9d70,postfx_bundle_default
6965f84b28fec8a,wz/attach_extclip
696889773f6daa2,mc/mtl_p7_zm_isl_pap_elements_gauge_metal_copperrust
696ccb2520df078,wc/t7_decal_blood_puddles_01
696e7f2afddd2bc,mc/mtl_c_t8_mp_spe_ruin_body2_pants01_cst_heist
6970c3fd70143b8,mc/mtl_p8_zm_esc_pulley_prison_key_motor
69744e78cfb49a2,mc/mtl_p7_zm_asc_cabinet_electronic_light_buttons
6975415b39dd1f7,o_t8_zm_zombie_board_1_pull
697584479410eb6,impacts/fx8_bul_impact_raven_runner_fatal_exit
6975fe345452ee6,gd_c_t8_mp_spe_firebreak_cop_arms1
69888499950f5e7,mc/c_t8_mp_spe_seraph_superhero_cyberarm_viewarm
69930ef1e47959f,eq_concertina_wire_tunables_mp
69a54df1e9b8e3e,zombie_perk_totem_slider
69a5ee4bd2ff252,i_mtl_wpn_t8_camo_afterlife_02_c
69aa6f7e0a9ad22,codcaster/team_identity_desc
69b5a528535efa0,p8_zm_esc_sign_reg_supplies
69bce88aa91120b,mc/mtl_p8_wz_ep_pogo_stick
69be8fde5e491c3,launcher_standard_t8_tunables_zm
69bed7386796b18,tr_powersemi_t8_zm
69c0c03c08079e7,ww_freezegun_t8_upgraded_zm
69c1317b51bb4cd,pc_show_global_chat
69c35af8d0492a4,scope_acog_ar_modular_restriction
69c72389800ab5a,activecamoinfo_t8_fast_direct_action_kills
69cb3142a972141,stalker_wz
69cff6935966a74,sniper_powerbolt_t8
69e01317485af95,em/egg
69e1352d2a2c881,tr_midburst_t8_upgraded_tunables_zm
69e23f93ed2a73b,impacts/fx8_bul_impact_dirt_uw_xlg
69e2e84bc83eb74,mp_competitive_settings
69e3040d84bd9c4,zmweapon/hero_scepter
69e66708caa29fa,zm_escape_fast_travel
69f59e0e447e94d,tank_damaged_rumble_mp
69f6aaa91c05d23,extra_time
69f8d1e3151a677,zombie/fx8_pap_idle
69fd983e18b51f3,impacts/fx8_bul_impact_raven_runner_nonfatal_uw
6a0590302f84a91,mc/mtl_p7_sin_box_street_electric_large_worn_carbon_a
6a07ed451084ca5,scripts/zm/zm_office_elevators.gsc
6a0a3dbf10ed5d7,mpui/madagascar
6a1542e55603990,prt_mp_buffassault
6a1899d179d6ec0,p8_wz_ep_hockey_stick
6a193d6920835d7,round_win_limit_escort
6a1b5776384f4c2,outfit_assassin_legendary1_seraph_shop
6a26926de71e647,mc/mtl_p8_zm_zod_turbine_bearing_forward_metal
6a2aa4885bd54e4,weapon/fx8_hero_sig_disrupt_sensor
6a2ec118019192a,lb_mp_gm_tdm_hc
6a2ff5b7c5da23e,splm/mtl_p8_zm_esc_barbed_wire_barbs
6a3bb5b3f6db9ef,medal/shutdown
6a3bdf4681ad4da,loot_contract_vampire_hunter
6a3c4cee7b186a8,mc/mtl_p7_slu_panel_electrical_03_base_part_01
6a3fff2696df3ae,lb_mp_gm_ball
6a43ec6e6ed816b,ei/gfx_gib_wood_01_lit_full_dark
6a4445f9be0ab54,fxd8_zm_char_zombie_base_body
6a4b6859db76381,gd_c_t8_mp_spe_recon_frogman_lowerbody
6a50beffef43b1d,charm_salty_shaker
6a5231982bc2dd0,zombie/fx8_perk_vic_tort_exp
6a556951f75dcd1,mc/mtl_p8_zm_esc_sign_reg_supplies
6a55b647fb22b65,menu/lb_returns
6a57a4279ccb5aa,events_swat_team_vehicle_destruction
6a5b711a9a06cd1,reaperfoleyquiet_run_npc
6a5ba4efeb462c1,grass_debug
6a60ec6d593a418,snowball_tunables_wz
6a6b03d73d9f3bb,splm/mtl_p8_ice_rock_pile_02_dark
6a6b9b51826fce0,activecamoinfo_t8_sig_pistol_burst_raven_wz
6a6e548472df7e8,zmweapon/ar_mg1909_t8_upgraded
6a6fabb1af82551,button_layout_stick_move
6a7058b803c45bb,wc/t7_fir_fence_wire_metal
6a747bfaf262b10,mc/mtl_p7_slu_panel_electrical_02_base_part_02
6a748bfaf262cc3,mc/mtl_p7_slu_panel_electrical_02_base_part_03
6a74abfaf263029,mc/mtl_p7_slu_panel_electrical_02_base_part_01
6a74bbfaf2631dc,mc/mtl_p7_slu_panel_electrical_02_base_part_06
6a74dbfaf263542,mc/mtl_p7_slu_panel_electrical_02_base_part_04
6a74ebfaf2636f5,mc/mtl_p7_slu_panel_electrical_02_base_part_05
6a7ba0a6301c4ab,zm_elixirsrare
6a7bc795d629df4,reaperfoleyquiet_sprint_npc
6a8068c0f20f977,mc/mtl_p7_zm_moo_floodlight_tall_set_decal_01
6a8078c0f20fb2a,mc/mtl_p7_zm_moo_floodlight_tall_set_decal_02
6a8088c0f20fcdd,mc/mtl_p7_zm_moo_floodlight_tall_set_decal_03
6a89d3d0ad3f0ac,mc/t7_metal_panels_detail_chrome
6a8a63ee20ffde0,destroyer_control_hvo
6a90854922eca2c,i_mtl_attach_t8_smg_accurate_handguard_01_attach_r
6a93831b06581af,ei/gfx8_smk_sm_thick_bulb_anim_lit_full_dark
6a9d3f5c5b63476,zmui/standard_desc
6a9e738f21ca1ba,mc/mtl_p8_zm_esc_pulley_prison_key_construction
6aa4ba2a90a62c5,presence/joinable
6aa7872bbd59526,medal_escort_robot_disable_near_goal
6ab4112e5fdcb97,mc/mtl_p7_ra2_balance_scale_vintage_set_decal_01
6ab4212e5fdcd4a,mc/mtl_p7_ra2_balance_scale_vintage_set_decal_02
6ab620e9c4dead4,attach_t8_sniper_power_semi_hical_view
6abe38c1a900a72,mc/mtl_p7_zm_moo_bridge_crane_wire_stainless
6ac2450988435e7,mc/mtl_mphd_forklift_cockpit_black
6ac6a77489908c8,keyarrowleft
6ac89fb876ce5ab,mc/mtl_p8_zm_esc_sign_reg_dining_room
6acd7fde5f2e813,launcher_standard_t8_tunables_wz
6acdd67f2f99c33,mc/mtl_p8_foliage_fern_sword_wild_leaf_04
6ace067f2f9a14c,mc/mtl_p8_foliage_fern_sword_wild_leaf_01
6ace267f2f9a4b2,mc/mtl_p8_foliage_fern_sword_wild_leaf_03
6ace367f2f9a665,mc/mtl_p8_foliage_fern_sword_wild_leaf_02
6acec14f1367728,mcs/mtl_p8_zm_esc_warden_clock
6ad25c2cb3d0808,loot_contract_completed
6ad61320184543e,scope_mms_sniper_powersemi_restriction
6ad824a14c9c7d5,dualoptic_ar_accurate_t8_tunables_mp
6ad9a124c1d1cab,impacts/fx8_bul_impact_raven_limb_fatal
6ade691b29c296c,outfit_assassin_legendary1_crash_shop
6adeb4d1a0422d2,lmg_standard_t8
6ae1b9dddadd189,mc/mtl_p8_zm_esc_dark_machine_light_04
6ae1c9dddadd33c,mc/mtl_p8_zm_esc_dark_machine_light_03
6ae1d9dddadd4ef,mc/mtl_p8_zm_esc_dark_machine_light_02
6ae1e9dddadd6a2,mc/mtl_p8_zm_esc_dark_machine_light_01
6ae6a4370c4ab65,menu/desktop
6aed13bb0231182,ei/gfx8_exp_billow_md_anim_em_gp
6af08723fa1dbbd,mc/mtl_wpn_t8_zm_smg_primary_bolt
6af2eb73a902507,vd/t8_decal_blood_streaks_floor_light_01
6af358cd1bdb5f9,wc/mtl_p7_slu_fire_hydrant_metal_grunge_decal
6af4c3c11427055,pc_mouse_ads_sensitivity_on_fully_scoped
6afea1fd4306918,events_concertina_wire_objective_kill
6b07022478a3d87,outfit_mean_legendary1_zero_shop
6b0e166b3b2a90b,zmui/office
6b11084b77644f7,gamedata/tables/mp/scoreinfo/mp_scoreinfo_base.csv
6b159a8e9c34e0a,tr_damageburst_t8_zm
6b21245e54ed4df,wc/t8_decal_blood_drip_floor_directional_01
6b21345e54ed692,wc/t8_decal_blood_drip_floor_directional_02
6b234cb46b5acd4,menu/kills_caps
6b275b90df19659,el/gfx8_smk_wisp_string_trail_lit
6b28bf32899f614,gamedata/ddl/generated/dlog_event_snap_discard.ddl
6b2cc21540b34c5,splm/mtl_p8_kit_zod_mai_05_set_decal_08
6b2d321540b40aa,splm/mtl_p8_kit_zod_mai_05_set_decal_01
6b335f6f80586b4,mc/mtl_wpn_t8_tr_midburst_ammopouch_sig_01
6b338f6f8058bcd,mc/mtl_wpn_t8_tr_midburst_ammopouch_sig_02
6b33baf95369c87,impacts/fx8_bul_impact_soul_body_fatal_exit
6b4b91bdbe9dd24,menu/headshotsonly_hint
6b4e428591f4082,mc/t8_jpn_ceramic_tile_wall_01
6b51d90ec5c7a06,hero_pineapplegun
6b51f0b2788b293,stunned_swat_grenade_scoreevents
6b560b6eedded39,scripts/zm_common/zm_behavior.gsc
6b64b63ec916fb0,maps/zm_escape/fx8_portal_loop_blue
6b66be9b5923d40,vdd/gfx8_decal_blood_fatal_03|dup
6b69b90a30bcc88,prt_wz_richtofen
6b719efaf293a9a,activecamoinfo_t8_fast_direct_action_kills_phased
6b73a541724733d,objectives/infect_hint
6b754be26339c6c,wwgrenade_bounce
6b7e7595dc5f7cd,p8_wz_ep_hockey_puck
6b836c4df89b027,electric_lightning_dg4
6b84a20c5780923,menu/lb_disables
6b90dcbb03bcf32,bowie_flourish_zm
6b92e1337b43236,prt_zm_nikolai_ofc
6b978c88a02e769,smg_minigun_t8_bribe_free
6b9d4d7946586cd,ei/gfx8_light_core_hot_em_gp_i16|dup
6ba0b9612761027,mc/mtl_p7_zm_sha_drain_stone_set_plaster_decal_b
6ba98beabdafe0b,heavygun_fire
6ba9f826a71cd02,rank/gen_full
6baa6cdc76740d7,zm_enhancedfrequency
6baf073869420c0,tr_powersemi_t8_mp
6bb3d71894e9005,ei/gfx8_spark_grind_anim_em
6bbed37a0b8b16c,gamedata/ddl/generated/dlog_event_zmpurchases.ddl
6bc21547faa8f73,player/fx8_plyr_emote_homunc_spawn
6bc4aaf31b1f1fb,sniper_powersemi_restriction
6bc80636f0fdac4,prt_zm_dempsey_ofc
6bd18f80d0f45d9,mc/mtl_p8_zm_zod_toy_horse_metal
6bd2e256bd93747,weapon/decoy_grenade
6bd5e7b97c2ba68,hero_sword_pistol_lv3_tunables_zm
6bd8b5a9f92940e,menu/revert_setting
6bdc796ed2cbb61,ei/gfx8_shockwave_anim_em_nocull|dup
6be3c0c13786230,i_mtl_p8_zm_zod_turbine_fastener_metal_m
6be3f0c13786749,i_mtl_p8_zm_zod_turbine_fastener_metal_n
6becd1d9b42235f,bruno
6bef50fad886d13,menu/unmute_caps
6bf08c953ee885a,wc/t7_metal_plate_siding_exterior
6c028a55bd26b51,menu/emblem
6c090cf8cc6ca44,outfit_splinter_base_pal_com6_ajax_shop
6c0be258c969bf4,menu/move_back
6c0e4982e218895,em/venn
6c1204971d41b9b,zm_laststandduration
6c15673753dda41,zombie/fx8_perk_altar_symbol_ambient_blaze_phase
6c1ab5011a1a011,zm_bgb_alchemical_antithesis
6c251b27087ca3a,jammer_tankrobot
6c253cf816b40b5,menu/close
6c272a678880ea3,fastreload_launcher
6c287c0a68f34b0,guardian_control_hvo
6c2b4f801d5dcb5,outfit_global_warpaint_bundle_maori
6c2d724df336486,i_attach_t8_charm_pocket_watch_g
6c2db24df336b52,i_attach_t8_charm_pocket_watch_c
6c2df4accc7c779,dropped_tag_respawn
6c2e024df3373d1,i_attach_t8_charm_pocket_watch_n
6c2eb24df338682,i_attach_t8_charm_pocket_watch_s
6c2f065a6aa8da7,menu/title
6c2fdf93ef182e6,impacts/fx8_bul_impact_dirt_uw_xsm
6c35697d53e4010,mc/mtl_p7_ra2_tool_vintage_set_decal_03
6c35897d53e4376,mc/mtl_p7_ra2_tool_vintage_set_decal_01
6c35c97d53e4a42,mc/mtl_p7_ra2_tool_vintage_set_decal_05
6c3a0c6a5852e6c,loot_contract_torque_highlander
6c43a46baa608fb,plane_rumble
6c43d325700203f,killstreak/rcbomb
6c4c08d03068919,vd/t7_decal_blood_pool_01_dry
6c4f15d9f4403a4,mc/mtl_wpn_t8_tr_midburst_barrel_sig_02
6c4f45d9f4408bd,mc/mtl_wpn_t8_tr_midburst_barrel_sig_01
6c50676fe16a6dd,loot_character_takeo_ofc
6c522da6e94cfe0,mc/mtl_p7_zm_kin_data_reel_set_plastic_white
6c58a92df59c54d,events_automated_turret_killstreak_3
6c5e53e0cc7fb0f,menu/1_kill
6c65959881de578,scope_holo_lmg_standard_restriction
6c6d551f5cad313,i_c_t8_mp_spe_seraph_superhero_cyberarm_shoulder_s
6c6e551f5caee43,i_c_t8_mp_spe_seraph_superhero_cyberarm_shoulder_c
6c6e70f363c9595,icepick_sensordart
6c6e951f5caf50f,i_c_t8_mp_spe_seraph_superhero_cyberarm_shoulder_g
6c6f051f5cb00f4,i_c_t8_mp_spe_seraph_superhero_cyberarm_shoulder_n
6c6f151f5cb02a7,i_c_t8_mp_spe_seraph_superhero_cyberarm_shoulder_o
6c764a6dfebf735,ei/gfx8_dust_mote_bokeh_lit|dup
6c768b36254ec2a,paralyzer_dom_hvo
6c7915fa5da14eb,stalker2
6c7f59b0752c063,zm_ai/fx8_cata_elec_blast_c
6c90fc17983182a,defaultcinematicsequence
6c931962926548e,mc/mtl_wpn_t8_smg_accurate_sling_loop_sig_03
6c9d4311616d408,mpui/fmj
6c9e39d4f599034,smg_vmp_t8_upgraded_zm
6c9fc98a19b5cfd,outfit_splinter_base_pal_com6_nomad_shop
6ca01b3b31455b5,scripts/abilities/ability_util.gsc
6ca898f39f34646,zm_office_magicbox
6ca89e7954eea76,medal/swarm_shutdown
6cb57c0da8bd643,el/gfx_beast_mode_tongue
6cba3b9a82eecc0,loot_contract_seraph_crimson_lotus
6cbe0e602879e43,mcs/mtl_p8_zm_zod_tea_cup_02_ceramic
6cbe95c250c6d15,uie_tiled_normal
6cbec5c14d49f5c,defaultnpcfootstep_crouch_run_npc
6cbf12eb8bd8f1f,player_num_lives
6cc51cac5b8d5d8,mc/mtl_p8_zm_esc_machine_smelting_main_03_jack
6cc52f18bcf7e7b,gd_c_t8_mp_spe_reaper_apocalypse_arms1
6cc5421350018c5,zm_office_debris_groom_lake_medium_b
6cccd475c98f38d,outfit_tigerstripe_base_pal_com6_prophet_shop
6cd0bf840600dce,wc/t8_ceramic_tile_large_2x2_creme
6cd3087cb0c63b4,stick_layout_legacy
6ce3c9ae25afc6b,events_drone_squadron_objective_assist
6cebc6c9f7ee664,events_war_machine_savior
6cec8e019370c82,water/fx8_water_drip_line_lit
6ceca41e7a06a42,ei/gfx8_smk_md_thick_scatter_anim_high_dark_lit
6cf30d4b65068cb,splm/p8_zm_zod_pipe_set_conduit_01
6cf46920795de4f,talent_teamlink_mp
6cfc7f70dbd8712,gear_armor_tier_two
6cffa61df87b15c,mc/mtl_p8_zm_esc_power_switch_glass_dirt
6d085869134e96e,attachment_killcounter_smg_handling_restriction
6d0a1523d5ac2aa,attachment_fmj_lmg_spray_restriction
6d0af5e29bcc3c8,mc/mtl_p7_zm_moo_console_control_decal_01_02
6d0dc927aee6793,zm_weapons/fx8_magmagat_explosion
6d0f1b9710af0b2,ei/gfx8_fog_slow_sm_anim_lit_full_lite
6d12c0c8640126e,points_per_melee_kill
6d14416898991e9,vd/t8_decal_metal_trim_rivets
6d1da18a9c65260,pc_ui_link
6d1f3318e6e3492,i_wpn_t8_smg_handling_bullets_sig_02_s
6d1ff318e6e48f6,i_wpn_t8_smg_handling_bullets_sig_02_g
6d203318e6e4fc2,i_wpn_t8_smg_handling_bullets_sig_02_c
6d2048ea40ed849,events_battle_command_activated
6d208318e6e5841,i_wpn_t8_smg_handling_bullets_sig_02_n
6d2791a641b8f64,ui_cam_icon_pistol_shotgun
6d29397d32cd577,mc/mtl_p7_wes_weapon_gatling_gun_decal_dirt_03_yellow
6d29df9cf6c0651,weapon/fx8_impact_secretsanta
6d2b7b63ef58cd8,ability_annihilator_restriction
6d33ac7c6591ab5,smaa_pass2h_compute
6d356398d443541,scripts/core_common/lui_shared.gsc
6d35c28cab44b9b,mc/mtl_p7_zm_ctl_weapon_armory_bow_arrow_arrowbody_cloth
6d37a20e089d72d,mc/mtl_p8_zm_esc_perk_vending_soda_menu_page
6d3b2a1eefaba2f,mc/mtl_p7_zm_moo_radar_dish_vista_set_decal_frame_02
6d3b3a1eefabbe2,mc/mtl_p7_zm_moo_radar_dish_vista_set_decal_frame_01
6d3df5058c56523,zm_bgb_shields_up
6d475d6aa2d7c0c,zmweapon/shotgun_trenchgun_t8_upgraded
6d4bac7ea71a2e4,ei/gfx_dust_fall_lg_anim_em_pb_i16|dup
6d4fa9a55965aeb,menu/score_multiplier
6d65f17b2602792,mc/mtl_p7_zm_tra_sign_biohazard_01
6d6638ee0a24ffc,mpui/captures
6d66c9852f53a6a,beam8_zm_shield_key_ray_targeted
6d6837d785a0e17,splm/p7_pipe_metal_hp_12_straight_64_broken_rust_dmg
6d6ddc95ade716a,spy_dom_hvo
6d743e97763f31f,mc/mtl_p7_spl_crown_toy_decal_02
6d744e97763f4d2,mc/mtl_p7_spl_crown_toy_decal_01
6d75d013ad67a29,pc_category_shortcuts
6d7a60320ba60ab,charm_toilet_gold
6d7e2768f92309c,mc/t7_zm_moo_metal_support_panel_01_green
6d8226001474790,mc/mtl_p7_zm_ctl_table_wood_decal_01
6d8246001474af6,mc/mtl_p7_zm_ctl_table_wood_decal_03
6d82860014751c2,mc/mtl_p7_zm_ctl_table_wood_decal_07
6d8296001475375,mc/mtl_p7_zm_ctl_table_wood_decal_06
6d8f2152c519b03,smoke_bounce
6d8f5dcfeb248e9,mc/mtl_p7_jun_bucket_chum_blood_decal
6d936bf0dae721b,mc/mtl_p7_zm_kin_printer_office_small_plastic_black
6d963a0e921462b,mcs/t8_zm_zod_metal_painted_wall_heavy_trim
6d994839bea94be,zm_weap_scepter_melee_rumble
6d9fa5c4633eb07,mc/mtl_p7_zm_asc_train_bracket_decal
6da4540b4705513,menu/cancel_caps
6da605ae6458720,extclip2
6da6f4c53f791ce,wc/t7_wood_worn_painted_white_striped
6da9084066d42bc,zombie/fx8_perk_phd_exp
6dad343a8912d83,menu/defuse_time
6daf08c914372de,quote_if_you_feel_down_yesterday
6db7da7c2b66fb1,p8_debris_coal_01_loose_01_emissive_shell_01
6dba2ee95df9e0e,menu/dying_wish
6dc1396f31cb8c0,attachment_killcounter_shotgun_pump_restriction
6dd46005bd8a77a,playerstatefields_default
6dd6bd169f68ad4,light_culling_base
6dda5291a5070ef,talent_resistance_mp
6de1b00d04691cf,mc/mtl_p7_zm_asc_barrel_02_metal
6de2cee2f66a6b0,dst_spark_xlrg
6de80efed42a7ee,aib_t8_zm_zod_homunculus_throw_loop_01
6de851751f94592,i_mtl_wpn_t8_shotty_prec_ammo_door_base_s
6de911751f959f6,i_mtl_wpn_t8_shotty_prec_ammo_door_base_g
6de951751f960c2,i_mtl_wpn_t8_shotty_prec_ammo_door_base_c
6de991751f9678e,i_mtl_wpn_t8_shotty_prec_ammo_door_base_o
6de9a1751f96941,i_mtl_wpn_t8_shotty_prec_ammo_door_base_n
6df215d80a0ce46,mc/mtl_t8_camo_leather_armor_blue_shiny
6df4cfec76376bf,menu/contract_russman
6dfabebe8c8b1e1,challenge/marksman
6e08d8783e662bc,medal_bounty_hunter_downed_enemy
6e0a1d533ac0edd,impacts/fx8_bul_impact_soul_head_nonfatal
6e0ab5aec6ea050,attachment_hipgrip_shotgun_semiauto_restriction
6e0c87c1e0ee209,wz/weaver
6e14a45a8055f2d,lmg_double_t8_tunables_zm
6e1d726b0fdf977,mc/mtl_wpn_t8_zm_smg_primary_decal
6e1d731162b6b02,mpui/ffa
6e200bd2ae83ce7,reaperfoley_sprint_plr
6e255af84b6a2ae,wc/t8_decal_grunge_stain_oil_01
6e2a2e4fc05029a,contract/longshot
6e2a4aab9eb4cdd,mc/mtl_p7_zm_moo_bridge_crane_hoist_metal_white
6e2e09642499044,fxaa_hemi_aa_pass2v_debug_compute
6e3073852684125,killstreak/remote_missile
6e33a724c601ce9,zm_roundcap
6e3521849133ba9,wc/mtl_p7_kfu_weapon_rack_wood_worn_varnished
6e401264a90ae2c,weapon/tr_flechette_t8
6e48c25cc4b9f93,i_t8_concrete_wall_cast_04_g
6e49025cc4ba65f,i_t8_concrete_wall_cast_04_c
6e49325cc4bab78,i_t8_concrete_wall_cast_04_n
6e4994512710ba4,defaultdestructible
6e4a446e82a560b,wc_primaryoperatormod_restriction
6e4cfd9a42933e7,i_mtl_p8_zm_esc_lab_monitor_base_decal_n
6e5449768a51f41,ei/gfx8_exp_burst_sm_anim_em_desat|dup
6e64fabf583208c,weapon/fx8_hero_flamethrower_tip_3p
6e668ae38592454,platform/stick_layout
6e6c9c83987136b,smg_mp40_t8
6e6db3c91014222,rob_tricannon_classified_zombie_ice
6e6f5bf4a293426,shotgun_exit
6e702652cccfd9e,exe/playerkick_team_kill
6e7b1eeda8eeba3,mc/mtl_p7_zm_kin_printer_office_small_button_plastic_yellow
6e87f89740f4b2c,explosions/fx8_exp_rocket_mud
6e948969bee6d92,wz_stats_online
6e9593df28749f2,uie_repeat_normal
6e97786dba846c6,equipment_swatgrenade_restriction
6e9852ea83ebd55,menu/every_round
6e9a34a523133d2,russman
6e9eecb169adbc5,ei/gfx8_liquid_splat_em_gp_i16
6e9f49c9f63d579,i_t8_zm_off_trim_wood_01_n
6e9fb9c9f63e15e,i_t8_zm_off_trim_wood_01_g
6e9ff9c9f63e82a,i_t8_zm_off_trim_wood_01_c
6ea376297778d1f,gd_c_t8_mp_spe_battery_apocalypse_lowerbody1
6ea5dacaa9d9e31,gadget_icepick_hacked_3p
6ea736b2ebc1b80,pyromaniac_control_hvo
6eab0fcd0d8c2b4,weapon/sig_bow_quickshot
6eafaa98d061dbd,mc/mtl_p8_zm_esc_bldg_64_shelve_01_wood_decal_a
6eafee8b0023288,i_mtl_p8_zm_zod_electric_switchboard_copper_02_n
6eb01e8b00237a1,i_mtl_p8_zm_zod_electric_switchboard_copper_02_m
6eb514fe532af30,survey_list
6eb61b89479e71b,events_cluster_semtex_threw
6ec0e5c086190c2,mc/mtl_p8_zm_esc_lab_monitor_screw
6ec390b9295ad27,outfit_warrior_epic1_wetworks_ajax_sunset_bundle_shop
6ec77e85c463d93,pc_blackoutminimap
6ec8c8433ebc378,zm_headshots
6ec99ba0fcd585d,eq_decoy_grenade
6ecfd06d1da599c,weapon/shotgun_precision_t8
6ed5babf589539e,weapon/fx8_hero_flamethrower_tip_1p
6ee1ee5840018a5,medal_grapple_gun_multikill_x2_summary
6ee9df26d2df66a,gamedata/stats/zm/zm_event_callings.csv
6ee9e9192dacafc,clan/none
6eeb2a7dd0a0991,weapon/fx8_muz_md_gas_1p
6ef4fc6c00cc18e,bullet_large_exit
6ef5fefeb29c436,zm_weapons/fx8_tomahawk_impact_ug
6ef653ee9e868d4,mc/mtl_p8_zm_esc_turbine_generator_paintednumbers_01
6ef8543a25ef511,mod_meta
6eff6575c67a4a6,mc/mtl_p7_zm_mob_cell_bed_weld
6f012cc086d66b0,mc/mtl_p7_zm_shi_lamp_post_wood_insulator_silver
6f04dd7bc4b9033,grenade_explosion_sticky_widows_wine
6f0e163ea28dcee,wc/t8_metal_beam_trim_02
6f105a897d64112,prt_wz_scarlett
6f188c98c5735fc,hero_chakram_lv2_zm
6f1a64d70f86216,tr_midburst_t8_tunables_zm
6f1c61f6331ba74,mc/mtl_p8_zm_zod_turbine_pipe_tee_metal
6f1fe264f6c04c4,bot_tacstate_default
6f237371a0f9026,presence/mp_jungle2
6f2695fdf96c2e7,pc_mantle_press_jump
6f2d97979fd4c44,mc/mtl_p8_zm_esc_sign_reg_complaints
6f2f4ab08807bd0,i_mtl_p8_zm_esc_dark_machine_copper_01_o
6f37ddb39efc211,mcs/mtl_p7_debris_bath_towels_01
6f45660e07f3d13,mc/mtl_p8_zm_esc_chemistry_kit_04_metal
6f58f14e7899deb,loot_contract_ruin_muertos
6f590f4c5bbc17c,sniper_quickscope_t8_upgraded
6f59ea7dd100643,weapon/fx8_muz_md_gas_3p
6f5a81348e35487,zm_bgb_perk_up
6f5ebf8c833f159,medal_bounty_hunter_melee_downed_enemy
6f5fba841e29965,ei/gfx_debris_clumps_em_gp_i16|dup
6f63809e1a52ed1,zmweapon/pistol_burst_t8_upgraded
6f65e87f96f155d,pistol_fullauto_t8_tunables_mp
6f66cd3f614e57c,prestige4_mp
6f73b0a92f6a3a5,mc/mtl_p7_zm_moo_electrode_teleporter_decal_rust_01
6f766795c999637,activecamoinfo_t8_direct_action_kills_115
6f76868f93ca7c7,architect_dom_hvo
6f78339ca6e3b7b,events_dirty_bomb_objective_defense
6f78f5aea99a7e8,challenge/perks
6f795f682d179ec,mc/mtl_p7_slu_stool_swivel_plastic
6f8837a4ade79f1,wc/t8_decal_metal_trim_rivets
6f8c62fbe064c59,surface_explosion_rocket
6f941a6aa53ab0c,i_wpn_tac_rifle_mid_burst_scope_n
6f946a6aa53b38b,i_wpn_tac_rifle_mid_burst_scope_c
6f94aa6aa53ba57,i_wpn_tac_rifle_mid_burst_scope_g
6f956a6aa53cebb,i_wpn_tac_rifle_mid_burst_scope_s
6f95a374c7a6fb1,rob_skull_grab
6f96928c6c8839b,medal/rcxd_killjoy
6f987415e56026b,weapon/knife_ballistic
6f9bd560fe7ae3a,mpui/returns_caps
6f9d468a0cbe302,show_subtitles
6fa51de1bc5c8a4,ei/gfx8_smk_lg_vapor_anim_loop_lit|dup
6fac278019d654e,fmj2_sniper
6fb2b2b68e52456,breacher_koth_hvo
6fba834032b8fb7,class/support
6fc8f4d71024286,tr_midburst_t8_tunables_wz
6fd4c4a789cc674,weapon/smg_vmp_t8
6fd57be1c6dc427,mc/mtl_p7_zm_sta_mirror_vanity_set_dirty01
6fd58be1c6dc5da,mc/mtl_p7_zm_sta_mirror_vanity_set_dirty02
6fd6ff8584fef66,mc/mtl_p7_zm_moo_fuel_tank_06_grey
6fd89d1041d210f,lb_mp_gm_dom_hc
6fe338d6cdb6236,mc/mtl_p8_zm_esc_warden_vase_03_decal
6fe7e9916e4e6ef,quote_while_i_thought_i_was_learning_to_live
6fe89b677eb34c0,steadyaim2_sniper
6feb1e4985f20a7,lmg_stealth_t8_gold
6feb6c795532af5,menu/special_order
6feb89ab464a8b4,prt_wz_weaver
6ff405317939bb2,activecamoinfo_t8_fast_direct_action_kills_spinal_wz
6ff4d232661e12e,frag_grenade_extra_tunables_zm
6ff4f796c5fd6d0,eq_concertina_wire_scoreevents
6ff6d776332ad3c,wc/t7_decal_blood_hand_03
6ff9e1b88053712,dualoptic_sniper_powerbolt_t8_upgraded_tunables_zm
6ffdd7910b75023,i_mtl_p8_zm_esc_infirmary_bathtub_blood_c
6ffe87910b762d4,i_mtl_p8_zm_esc_infirmary_bathtub_blood_n
6fff5ddf4340b26,p8_kit_zt8_exd_05_railing_01_basic_painted_metal_64_01
70021b32da0d85d,mc/mtl_p7_zm_shi_lamp_post_wood_insulator_blue
7006f53a70be6ab,special_ballisticknife_t8_dw_bribe
7007d8f5d86a577,i_mtl_p8_zm_esc_cypher_12_c
7007fa09f1bb15c,menu/talisman_impatient
70085d4cc563f13,wc/mtl_p7_zm_shi_medical_divider_decal_blood_hand
700a4f181acbd6a,mc/mtl_wpn_t8_tac_rifle_swordfish_flipbook_mk2
7011fcc480d6641,outfit_benjamins_legendary1_prophet_shop
70141fbe89b753d,menu/60_points
701611bf6804343,clan/team_name
701cc7ca921a0af,mc/mtl_wpn_tac_rifle_mid_burst_upperfront
7021e2872781bfa,spawnbeacon/name
702d8e10c92ad80,mcp/hud_outline_model_z_yellow
702e0c31a4321d4,medal_attack_chopper_killjoy
702e524e8e2ac8e,attachment_fmj_smg_fastfire_restriction
70366e5c4470353,lb_zm_gb
703d5344b824323,mpui/score
704604275bd979c,mc/mtl_p7_mou_pallet_wood_snow_decal_dirt_01
704624275bd9b02,mc/mtl_p7_mou_pallet_wood_snow_decal_dirt_03
704634275bd9cb5,mc/mtl_p7_mou_pallet_wood_snow_decal_dirt_02
704962990565947,mc/mtl_attach_t8_sniper_vanguard_bullets_01
704dbf923b4c4b3,events_swat_grenade_kill_stunned_enemy
70519c0bccfa6eb,activecamoinfo_t8_sig_sniper_powersemi_vietnam
7053e5d39bdc7ef,gd_c_t8_mp_spe_swat_apocalypse_lowerbody1
705512b692565cb,zm_elixircacheback
705826eb5028d5a,mc/mtl_p7_zm_tra_fence_chainlink_post_metal
705986aedfcc704,ui_cam_icon_pistol_fullauto
705a80062bd09c2,mp_default_loadouts
705bd8caf36bae2,menu/trending
705cb8207f499e9,mpui/grip2_desc
70675323adaa7d6,menu/fullscreen
7072308edbd0ee6,i_mtl_wpn_t8_smg_fastfire_stock_sig_02_c
7072708edbd15b2,i_mtl_wpn_t8_smg_fastfire_stock_sig_02_g
7072a08055a1a14,gear_equipmentcharge_restriction
7072f08edbd234a,i_mtl_wpn_t8_smg_fastfire_stock_sig_02_o
7073008edbd24fd,i_mtl_wpn_t8_smg_fastfire_stock_sig_02_n
7073308edbd2a16,i_mtl_wpn_t8_smg_fastfire_stock_sig_02_s
707c5a8243a14b6,torque_smokedup_outfit_bundle_shop
707f2826fb291fd,camo_active_sig_tr_midburst_bomber_base_shop
708123409640966,presence/theater
70867ea1cf82079,outfit_warrior_com1_bundle_torque_shop
7092bbf4ba6583f,camo_active_dlc4_spinal_wrapper_shop
7096ce82588028f,ei/gfx_exp_billow_md_anim_em_pb_i16|dup
7096d260bee1c41,weapon/ar_modular_t8
70990793fc5bd0f,damage2_upgraded
709bb820754a3fc,lf_light_veh_headlight_gen
709f06b708f43c8,o_t8_zm_zombie_wallchunk_1_pull
70a0809146daee4,outfit_dotd_com1_bundle_torque_shop
70a4e65fb578882,gamedata/ddl/generated/dlog_event_global_leave.ddl
70a8f7d23d409fc,maps/zm_escape/fx8_wolf_soul_charge_impact
70a91af979c9f50,scene_frontend_t8_zero
70a9fdc87cd3d48,menu/back
70aee90ef950689,o_t8_zm_zombie_wallchunk_4_pull
70b030d3ed436b2,special_ballisticknife_t8_dw_bribe_free
70b2dde2480af65,acog_tr_longburst_t8_tunables_mp
70b3ea8e649ec70,i_mtl_p8_wz_ep_treasure_chest_shovel_n
70b4fc15bf9f694,killstreaks/fx8_atkchpr_chaff
70b66fc18cf7428,mc/mtl_p8_wz_ep_horse_spring_metal
70b6f18e2b5b1ae,shaw
70b9b24d161eed7,mc/mtl_p8_wz_ep_treasure_chest_gold
70bb663c887a446,cosmic_silverback
70bf9456e92fe6d,look_sensitivity_vertical
70c12ea6b4d8eff,talent/brawler
70c18f2ae62c195,challenge/career
70c1b0cfe934751,scripts/core_common/gameobjects_shared.gsc
70ce15c68fcb4c2,mms_sniper
70ced6197673cdd,mc/mtl_p8_zm_esc_book_08_character
70d1765540cb557,smg_folding_t8_zm
70d461aaa719f4e,ei/gfx8_spark_blink_anim_em_pb_i16|dup
70d68d97b727710,i_t8_zm_zod_decal_ice_impact_02_n
70d6b6f438918b5,director/home
70d6eb7b66645c6,camo_active_dlc1_ww2_wrapper
70d75d97b728d27,i_t8_zm_zod_decal_ice_impact_02_c
70d8363f420718d,wc/t8_rubber_coated_wire_worn
70ec18f854c2611,p8_col_foliage_root_hanging_02
70eeedf59e1057f,mpui/infected
70f2a0564cf0ca9,i_mtl_p8_wz_ep_raygun_glass_g
70f2cc698849d4f,mpui/desc_slums2
70f2e0564cf1375,i_mtl_p8_wz_ep_raygun_glass_c
70f3783fa77af62,loot_smg_standard_sig_01_sunset_bundle_shop
70f3795ae7cd1ed,i_mtl_p8_wz_ep_grill_barbecue_metal_n
70f394a0a9611e3,wc/t7_wes_wood_floor_01_varnished_blend
70f3f1d5834a7f0,quote_five_second_fuses
70f5d520ee60fef,smg_capacity_t8_tunables_mp
70f5dba291fc0c0,zombie_perk_bottle_mystery_tunables
70f6f3b3eeab1bf,wc/t7_decal_damage_plaster_drywall_01
70fd4890cbe8c7f,pbrsky_transmittance_cs
70fe115fad3f4fa,prt_mp_zombie_male
70ff2a53f36d580,mc/mtl_p7_zm_isl_barricade_wood_plank_set_decal_03
70ff3a53f36d733,mc/mtl_p7_zm_isl_barricade_wood_plank_set_decal_02
70ff4a53f36d8e6,mc/mtl_p7_zm_isl_barricade_wood_plank_set_decal_01
70ff9a53f36e165,mc/mtl_p7_zm_isl_barricade_wood_plank_set_decal_04
7101cc33a68f354,outfit_summer_legendary1_nomad_sunset_bundle_shop
7104238174e3b65,vd/t7_decal_damage_bullet_holes_metal_set
7104f5317a22862,activecamoinfo_t8_fast_direct_action_kills_spinal_zm
7110ed7eb11e7e5,mc/mtl_p7_con_metal_handrail_tile_black
7118b5dbb73e0b6,prt_wz_menendez
711d749394a9ffa,zombie/danu
7120b60980426e9,ei/gfx8_smk_tendrils_varied_lit
712684a7bec5f59,zombie/fx8_perk_altar_symbol_ambient_bandolier
7129c2ef942745a,mpui/quickdraw2_desc
712d536d86f3277,fmj2_lmg
71356dae9abfd2a,ei/gfx_web_strands_03_lit
7135dabfee2de3f,beam8_plyr_emote_elec_hands_arc
713e2e54cf453f5,pc_openfriendsmenu
713ea534ae6a6c7,dualoptic_sniper_powerbolt_t8_upgraded_zm
713ef5325251f4e,scope_reflex_smg_fastburst_restriction
7142e7a354c1c7d,victim_hatchet
714ab02cd2232da,splm/mtl_p8_zm_esc_gun_gallery_metal_beam_03
714ac02cd22348d,splm/mtl_p8_zm_esc_gun_gallery_metal_beam_02
714cf54076ee386,outrider_buccaneer_outfit_bundle_shop
714fe17b9d7dff4,mp/sentry_deploy
7156584833ce8d0,loot_season_2_postseason_all_rng
715c545776f8f72,menu_social_friendlist_mw_icon
7161a8f5b3c4323,mc/mtl_wpn_t8_zm_shotgun_trenchgun_strap_base_alt
7166575b86b1308,gd_c_t8_mp_spe_outrider_superhero_lowerbody1
716cb3888f5dd8a,talent_extraequipment
71754ed3e891200,mc/mtl_p7_zm_moo_tank_holder_set_decal_05
71755ed3e8913b3,mc/mtl_p7_zm_moo_tank_holder_set_decal_04
71756ed3e891566,mc/mtl_p7_zm_moo_tank_holder_set_decal_07
71757ed3e891719,mc/mtl_p7_zm_moo_tank_holder_set_decal_06
71758ed3e8918cc,mc/mtl_p7_zm_moo_tank_holder_set_decal_01
7175aed3e891c32,mc/mtl_p7_zm_moo_tank_holder_set_decal_03
7175bed3e891de5,mc/mtl_p7_zm_moo_tank_holder_set_decal_02
71762d03339aab0,knife_zm_spoon
7179fb7efc57d8a,o_t8_zm_zombie_wallchunk_5_repair
717a94ea371d784,ui_cam_icon_shotgun_semiauto
717a9d896c0a85c,i_mtl_p8_wz_ep_hockey_stick_decal_c
717b49b863a8b34,mc/mtl_p7_sin_sh_truss_platform_01_metal
717fbd42621b46c,mcs/mtl_p8_zm_zod_lifeboat_tarp_03
7186ed3f631cf48,prestige4_wz
718a406d5efecc8,medal_assisted_suicide
7195fae71b9bcdd,weapon/icepick_unavailable
719ad669d6f0aa1,codcaster/ds_scorestreaks
719c105250df124,wc/t7_con_metal_painted_panels_gray_dk
71a0cf776a7a2b5,mc/mtl_p8_zm_elixir_icon_cache_back
71a106004286db1,ui_icon_director_mp_playlist_tdm
71a7bbf2a12e113,dualoptic_sniper_powersemi_t8_upgraded_tunables_zm
71aeebd534fb1dc,weapon/melee_amuletfist_t8
71b2e5825738185,mc/mtl_p7_zm_asc_fire_extinguisher_cloth_01
71b5aadc7b2a87d,medal_won_match
71c33d826ef9afe,attachment_quickdraw_lmg_standard_restriction
71c63b45373ba8f,weapon/bare_hands
71ce30f874aec02,medal_gunship_killjoy
71d4e44913d0abe,gd_c_t8_mp_spe_ruin_heist_arms1
71dd096ae31e233,warzone/compass_northwest
71df1ff1d07edfb,mc/mtl_veh_t7_zhd_tanker_truck_interior02_red
71e4ca9f073ac86,ei/gfx8_muzzleflash_side_em
71e914d711f2c52,tr_midburst_t8_tunables_mp
71f2f834ec72ba7,mc/mtl_p7_jun_bucket_chum_dust_decal
71fb0f7ee301371,quote_some_people_live_a_lifetime
71fc7c98ce24a0c,events_vision_pulse_objective_kill
71feca69875dfc8,mc/mtl_p7_zm_sta_dragon_network_console_set_part_02_plastic_white
7203723142c8eb2,events_battle_shield_kill
720501fe5723475,acog_lmg_standard_t8_upgraded_tunables_zm
72077741f48c1c5,mc/mtl_p8_zm_zod_cylinder_support_column_right_decal
72084186ed5d2ef,zombie_perk_totem_death_perception
720a36f968c26ea,mc/mtl_p7_zur_nw_fan_vent_set_decal_03
720a46f968c289d,mc/mtl_p7_zur_nw_fan_vent_set_decal_02
721c688766673fb,lmg_double_t8_upgraded
721e4bce067574b,weapon/lmg_stealth_t8
7226187f9945561,pistol_fullauto_t8_tunables_zm
72298789927c26c,round_start_explosive_delay
7232f45af418461,sniper_mini14_t8_gold
72337c49055cd28,mpui/hcconf
723874c2d7eeaf6,fallimpact_npc
7246dec9409a561,scope_dualoptic_smg_accurate_restriction
724a2d201a59f9c,mc/mtl_p7_crate_wood_02_wood_blend
72514767b4cedbc,loot_ar_standard_mk2_bribe_free
7252f16d6cf4edb,heroes/swatpolice
7256b6679d6ed96,splm/p8_zm_esc_shower_drain
7259bd726f863e2,wc/t7_ban_decal_grunge_rust_corrosion
725b1a6773d4dc0,menu/staminup
725c24833fe0fa4,camo_dlc3_armor
725fa310487cbe7,mc/mtl_p8_zm_zod_fire_equipment_extinguisher_rubber
726ae0493e0b43a,outfit_warrior_epic1_prophet_sunset_bundle_shop
727497c98331842,pb_emote_shared_male_stubborn
7274a5d30d2c5f9,contract/match_wins
727544a4f3a7e59,menu/scoreboard
727be2457f2a582,ar_fastfire_t8_mp
728598f96f52361,explosions/fx8_exp_rocket_metal
7287553986a9e8c,events_health_boost_aggression
72876d1aec43ba3,keybackspace
728af291a906d67,talent_resistance_wz
7292af24742c797,medal/prop_survived
72961d3f6402c64,prestige4_zm
729e877012b041b,attachment_clantag_smg_fastburst_restriction
729f68462cf1ad6,events_molotov_cocktail_objective_assist
72a2e4a22d8d744,vd/gfx8_decal_blood_fatal_02
72a2f4a22d8d8f7,vd/gfx8_decal_blood_fatal_03
72a314a22d8dc5d,vd/gfx8_decal_blood_fatal_01
72af3c2690ab41b,wc/t7_metal_panel_rust_trim_brown
72b5e12c9c5b3bf,mpui/stalker2_desc
72b66ddf97f08cc,weapon/fx8_amulet_impact_ch
72bb745fed1cd7e,menu/offline
72bd583f4fd0023,acog
72c15961fd4002c,wc/t8_rock_coal_01
72c2cdd763fb870,stratcom_tacquery_region
72d70520eff2dc7,smg_capacity_t8_tunables_zm
72db8eeec405c65,pc_category_shadow_and_lighting
72e420abae2c3f3,ei/gfx_water_fall_crumble_anim|dup
72e7876e9d45c1e,mc/mtl_p7_zm_ctl_radio_recorder_deck_plastics_red
72e82ad8de678c3,wc/t7_decal_grunge_wall_scratch_marks
72e82c875e23821,mc/mtl_p7_zm_asc_train_bracket_metal
72f03b36450b5df,mpui/slums2
72f53865aa0e0ba,impacts/fx8_bul_impact_default_lg
72f53b4e2f7a28d,stratcom_tacquery_wander
73040967fe4f754,sniper_powersemi_t8_upgraded
7313a0668f93b02,zm_perksbandolier
7319ea6bf4db5b8,pistol_fullauto_t8_upgraded_tunables_zm
732d212e4511a00,mpui/last_stand
732d5c5491c9365,ei/gfx8_muzzleflash_sparks_side_desat_em
732d63c8fb15301,events_cluster_semtex_demolition
7333d620d29bdc3,mc/mtl_p7_zm_asc_machinery_industrial_watch_yellow
7334ce5e2db9502,loot_season_8
7334ee5e2db9868,loot_season_6
7334fe5e2db9a1b,loot_season_7
73350e5e2db9bce,loot_season_4
73351e5e2db9d81,loot_season_5
73352e5e2db9f34,loot_season_2
73353e5e2dba0e7,loot_season_3
73355e5e2dba44d,loot_season_1
7335efb978484ea,mc/mtl_p7_zm_mob_cell_sink_set_porcelain_far
73397990b08b4ec,mc/mtl_p8_zm_esc_desk_dirt
733ad208ac92691,wc/t8_snow_ice_slushed_blend
7340953a91f8da0,mc/mtl_p8_zm_esc_warden_vase_03_main
7342d87aacb445c,menu/100_points
73450f1b1906cb2,wc/t8_concrete_cast_01
7348e6af84bf22e,outfit_summer_legendary1_torque
734b3c0c3ba63f8,tr_fire
734f461cbe4850d,talisman_permanent_heroweap_armor
735376f53e328a7,weapon/homunculus
73588c42072757f,attachment_clantag_shotgun_semiauto_restriction
73658d3e456a8c2,heroes/shadowman
73668b572da7027,mc/mtl_p8_zm_esc_packasplat_suitcase_base_main
7366f484746100e,scene_frontend_zm_elixir_lab_book
736799334b90d78,vd/t8_decal_bullet_holes_concrete_02_gray
7367f99839e513b,zombie_perk_bottle_tortoise_zm
7368c5c1ed1e6dc,ar_doublebarrel_t8_tunables_zm
7375fa1eb855428,specialty_extraprimaryweapon_zombies
737905e546b7cf6,maps/zm_escape/fx8_portal_loop_orange
737cd5b8792ee68,zm_pointsfixed
73820de24a78739,acog_tr_longburst_t8_tunables_zm
738a655f4ba97f0,zombie/fx8_power_door_death
738cbadcc3bf715,mpui/stalker2
738d06ee20f3a03,outfit_snake_legendary1_firebreak_sunset_bundle_shop
738d99a9383d088,vd/t8_decal_grunge_stain_sand_01
739372450ea257a,cardboardbox_full
739b238346a9477,frag_grenade_tunables_zm
739bb8ec60a8727,ei/gfx8_fog_slow_lg_anim_em_gp_i16|dup
739cc87aa191bdf,mini_turret_zm
73a7619dea60089,menu/removes_attachments
73a8486beb6601e,acog_ar_stealth_t8_upgraded_tunables_zm
73abc5c90d921b9,mc/mtl_p7_sin_sh_truss_platform_frame_04_metal
73af9032db3bfde,weapon/sig_buckler_dw
73b3b981b30693e,mc/mtl_wpn_t8_zm_perk_bottle_foam_staminup
73bda45ddb58335,ei/gfx_fog_slow_wide_sm_anim_em_pb_i16|dup
73c0c1951656524,copy_compute_256
73c9e4beb67b030,shotgun_pump_t8_gold
73ca8a8b6bf4495,pstfx_burn_loop
73ccd298c3c56bd,hold_breath_mp
73d4d821100e80e,events_artillery_barrage_objective_multikill_3
73d5ce33dd7cde9,perk_death_dash
73d8c7df395d60b,activecamoinfo_t8_diamond
73dae7323b4314e,ei/gfx_lightning_bolt_ground_em_pb_i16|dup
73e368e20a3e75c,reaperfoleyquiet_crouch_run_npc
73e610f4e3b2107,mcs/t7_plastic_wire_black
73ecf1cb1f93dc8,mc/mtl_p8_wz_ep_zm_teddybear_eyes
73ee81ea75e7894,splm/mtl_p8_ice_large_rock_01
73fde36f4e19e34,zombie/brew
73ff9736bc4d463,smg_fastburst_t8_bribe
73ffc97a1a468f2,mc/mtl_p8_zm_esc_sign_reg_glass
7409f5cc536bcd1,mc/mtl_p8_zm_zod_luggage_sticker_mediterranean_decal
740ba98c65ca15d,equipment_concussion_restriction
741d835425c6579,tacticalrifles_task
74210698ab5fdba,outfit_global_warpaint_bundle_sun_shop
742854d20bb9b14,menu/enabled
7428bdc73d6e24b,setbacks_sas
74298aae54c9682,i_p8_zm_esc_cell_skylight_grate_c
7429aaae54c99e8,i_p8_zm_esc_cell_skylight_grate_m
7429daae54c9f01,i_p8_zm_esc_cell_skylight_grate_n
742b163d5abf728,codcaster_ds_player_numbers
74329c0cacd68e5,special_ballisticknife_t8_dw_tunables_mp
7434fe290210bb8,bare_hands
7435b7abbd5bf56,eq_frag_grenade_tunables_zm
7439aff8c1b48bf,mcs/mtl_p8_zm_esc_warden_clock_screw
743fc6448644dba,molotov_fire_zm
74467d03360a11a,knife_zm_spork
744cf0d2618dc5b,mc/mtl_p7_slu_fuse_box_electric_set_fuse_metal_01
744d00d2618de0e,mc/mtl_p7_slu_fuse_box_electric_set_fuse_metal_02
744d3395dfa15c0,mp_player_max_health
744ee0ea477fe83,playlist/zm_white
745062cddf947c7,ei/gfx8_spark_rndhit_core_hdr_desat|dup
745247c6044651b,zitem_riotshield_part_1_tunables_zm
745343ba9b74e46,zmweapon/tr_flechette_t8_upgraded
746fae8dea38849,suppressed_smg
7471bde81e12116,pullout_small
747ffe75a228b18,loot_ui_icon_tags_dinohunters_01
74801e75a228e7e,loot_ui_icon_tags_dinohunters_03
74802e75a229031,loot_ui_icon_tags_dinohunters_02
74803e75a2291e4,loot_ui_icon_tags_dinohunters_05
74804e75a229397,loot_ui_icon_tags_dinohunters_04
7489d869a2b2c0e,medal_retrieve_own_tags
748a7d4dd18d500,i_mtl_p7_jun_foliage_bush_01_proxy_distance
748d29f808bf47f,i_wpn_t8_pistol_standard_grip_sig_02_s
748de9f808c08e3,i_wpn_t8_pistol_standard_grip_sig_02_g
748e29f808c0faf,i_wpn_t8_pistol_standard_grip_sig_02_c
748e59f808c14c8,i_wpn_t8_pistol_standard_grip_sig_02_n
748e69f808c167b,i_wpn_t8_pistol_standard_grip_sig_02_o
74921e765ddc8bc,mc/mtl_p8_zm_zod_hairbrush_vanity_set_metal
749377c7b529473,events_radiation_field_activated
749387bc38a81fe,splm/mtl_p8_zm_esc_bodybag_bloody_lowerpart
74946fc88d1749d,barrel_explosion
7495939f228e438,scripts/zm_common/zm_aoe.gsc
74a2df544c470e4,splm/mtl_p8_zm_zod_table_wood_sml_wood_decal
74a30f3c2f15054,mpui/weapon_lmg
74a64de67adc224,attachment_clantag_tr_longburst_restriction
74b218820c4c413,mc/mtl_p8_col_coat_lab_hanging_plastic_01
74b22516ff300b9,prt_mp_technomancer
74b228820c4c5c6,mc/mtl_p8_col_coat_lab_hanging_plastic_02
74b236cec5b523d,zm_elixirsecretshopper
74b267ae90b4ed8,aib_vign_zm_mob_ghost_spoon_pickup
74b554fccfabfb2,rank/col_full
74b7d8822b7cfba,mc/mtl_p8_zm_esc_turbine_generator_connector
74b80778f2aca1e,attachment_stalker_sniper_fastrechamber_restriction
74ba8b0c46166dc,events_swat_grenade_kill_disoriented_enemy
74bef02eb5ab63a,zm_office_teleporter_distort
74bf48966c0bb1b,splm/p8_zm_zod_pipe_set_straight_er_128
74c1059ac378b5e,gestable_shroud
74c372ed8b908bc,mc/mtl_c_t8_bo_hero_trejo_arms_skin
74c50c733d1aa5a,p8_kit_zt8_exd_05_window_frame_05_01
74c5f424c0e492a,mc/mtl_c_t8_bo_hero_trejo_pouchesdown
74cefc1b351ccba,ui_cam_cac_smg_burst
74d3842fcfa826a,mc/mtl_p7_zm_ori_scope_vintage_brass
74d62927487ca4d,splm/mtl_p8_ice_fuel_tank_large_pipe_hp_12_flange_bare
74d62a5b1e616d8,mc/mtl_p7_zm_ctl_hunting_pouch_strap_leather
74da8cdbb6b66b6,paragon_mp_t7_08
74da9cdbb6b6869,paragon_mp_t7_09
74daecdbb6b70e8,paragon_mp_t7_02
74dafcdbb6b729b,paragon_mp_t7_03
74db1cdbb6b7601,paragon_mp_t7_01
74db2568df3fa36,mc/p7_zm_ctl_decal_emissive115_droplets_01
74db2cdbb6b77b4,paragon_mp_t7_06
74db32f605f92eb,mc/mtl_p8_zm_esc_infirmary_bathtub_metal
74db3cdbb6b7967,paragon_mp_t7_07
74db4cdbb6b7b1a,paragon_mp_t7_04
74db5cdbb6b7ccd,paragon_mp_t7_05
74e7f2ffbc5cee7,gd_c_t8_mp_spe_firebreak_superhero_lowerbody1
74eecde35d75433,camo_t8_special_crossbow
74f22c940b693a1,p8_chemistry_kit_beaker_mid_base_piece_01_dmg
74f49701b8bf3da,ability_ice_pick_restriction
74f5487f9bb2d35,pistol_fullauto_t8_tunables_wz
750425f1ada63b1,c_rus_nikolai_zm
750b5cdbb6db2a4,paragon_mp_t7_11
750b6cdbb6db457,paragon_mp_t7_10
750cad65864da8c,defaultnpcloudfootstep_sprint_npc
7514387a88cdd7a,mc/mtl_wpn_t8_zm_perk_bottle_foam_timeslip
7525250556c866c,menu/fileshare_waiting
7527bee1bd1a3e3,spy_control_hvo
752d82e21c59ca2,loot_contract_ajax_roman_warrior
7533840d35260b0,i_mtl_p8_wep_ceiling_structure_set_base_n
7533b40d35265c9,i_mtl_p8_wep_ceiling_structure_set_base_m
7538be6175fbf15,button_layout_gunslinger
753f13a51c98188,pc_display_resolution
753f7a46a644d3e,ei/gfx8_smk_sm_thick_spray_anim_lit
75466e6cd6b33f8,p8_fxanim_zm_esc_water_tower_mod
75492bed1cd9e3e,mc/mtl_p7_zm_mob_bed_infirmary_frame_fix
75586520d3e3d2c,boast_30
756136c6b0e2086,recon_samurai_outfit_bundle
7561dc6f9822f87,shotgun_semiauto_t8_gold
7571c945b9f1e96,pistol
757611ab21edce7,attachment_killcounter_ar_fastfire_restriction
757bfe856b15aba,medal_kill_enemy_who_has_high_score
758f578d1ea9a58,loot_emote_exotic_shared_finger_spin
758f7d43a083a3b,mc/t7_drywall_painted_white_01_glossy
759164343b5c489,weapon/special_issue
75929ae02a77aaa,smg_handling_greatlion_mastercraft_bundle
759340d85f8905e,mcp/hud_outline_model_green
7593d15df10e62f,splm/mtl_p8_zm_esc_citadel_metal_beam_01
7596eba05416636,loot_pistol_revolver_mk2_bribe_free
7598c85fec2e10a,i_mtl_p8_wz_ep_wallet_police_pictures_c
75a32169790a6f1,mc/t7_zm_ori_decal_concrete_edge_seam_01
75a516076ff4e0b,demoplayerstatefields_default
75a585f92a2e385,loot_ui_icon_tags_poster_ajax
75a67520f260c67,smg_capacity_t8_tunables_wz
75ab6fa6b81a43f,button_layout_lefty
75acf1c54dea82f,activecamoinfo_t8_kills_without_dying
75ad55270b8d7ce,mpui/neutral
75b0c2ccec045a3,mpui/suppressed_desc
75b2465544eecbf,smg_folding_t8_mp
75b77ac44dd0ffb,menu/constant
75c3184636c0627,wc/mtl_p8_zm_esc_windows_glass_01_bloody_01
75c3f25062ecca3,ei/gfx_water_splash_tall_center_anim_em_gp_i16
75c795c1ef295d0,ar_doublebarrel_t8_tunables_wz
75cd4feeb10181f,splm/p8_zm_zod_pipe_set_straight_32
75d04d2f8fd8aec,scene_frontend_zm_callings
75d0804dbd6d74c,foley_heavy
75d3caefe2be4c3,fxt8_lightning_beam_trail
75d3d64898763b2,wc/t7_decal_grunge_dust_wall_01_blend
75dd7f7d9d13fae,activecamoinfo_t8_kills_without_dying_retro_vegas_neon
75dde2862da72d9,dualoptic_ar_an94_t8_tunables_mp
75de12927e5add6,menu/bandolier_mod
75e88ea6b462dd4,medal_gunship_kill
75e96f604db77c5,mc/mtl_p8_zm_esc_book_vintage_cover_01
75f047f46ac4458,medal_deployable_cover_x2_multikill_summary
75f6ebb0b54a07c,zm_elixirperkaholic
75f9fdc236f0776,ei/gfx8_water_ripple_anim_lit
75fb617ccf15022,contract/gunship_kills
75fd5ab70fcf398,mc/mtl_p7_slu_pole_utility_set_decal_04
75fd6ab70fcf54b,mc/mtl_p7_slu_pole_utility_set_decal_05
75fd7ab70fcf6fe,mc/mtl_p7_slu_pole_utility_set_decal_06
75fd8ab70fcf8b1,mc/mtl_p7_slu_pole_utility_set_decal_07
75fdaab70fcfc17,mc/mtl_p7_slu_pole_utility_set_decal_01
75fdbab70fcfdca,mc/mtl_p7_slu_pole_utility_set_decal_02
75fdcab70fcff7d,mc/mtl_p7_slu_pole_utility_set_decal_03
760112479afe6e2,zm_ai/fx8_zombie_eye_glow_yellow
7604ee16fb27e93,impacts/fx8_bul_impact_metal_xsm
760a21947c76240,zm_nova_crawler_settings
760ffc1c3c6ae65,zm_inventory_white
76162cc5dbbac74,mc/mtl_c_t8_bo_hero_tedd_lefthand
761ff9bfe65d0f7,mc/t7_glass_clean_01_clear_scratch
76221ec95a6b4d1,talisman_start_weapon_lmg
7625b0cc093a9b7,camo_dlc2_full_suite_shop
762879456907a3b,zm_weap_hammer_slam_rumble
7628eb3b353c879,activecamoinfo_t8_sig_ar_modular_porcelain_wz
762b130e2c00a2c,mc/mtl_p8_zm_esc_console_monitor_plastic
762b1a3aa910d84,menu/preview_clip
762badd5be897d7,culling_clear_instance_counters
762da971ef45de4,depth_copy_in_place
762f19f1987daab,zm_pointlossondeath
763845d5abb91b4,lb_mp_anticheat_koth
763a625872d2d9c,mc/mtl_p7_wes_wood_wall_worn_dark
763ce249b3f2dc0,mc/mtl_p8_wz_ep_pirate_flag_post
763ff7049de45a5,mpui/unnamed
763ffb92dacd4b2,show_probe_blends
7641091324a6fba,vd/gfx8_decal_blood_fatal_03|dup
764155a07514330,mc/mtl_p7_zm_ctl_fuse_gold
7641a90431a47bf,cymbal_monkey_zm
764aac8d1ad256d,mpui/survived
764b326740448a0,talent_tracker_mp
764b70864821af6,medal_killstreak_15
764bc0864822375,medal_killstreak_10
764f45b5b73f1f7,impacts/fx8_bul_impact_water_sm_decal
765252cf47a2af5,survivor_task
7652fc0caea597d,special_ballisticknife_t8_dw_tunables_wz
765597154e6badb,loot_ar_peacekeeper_mk2_bribe_free
7657f0b2dbad9e0,ui/mod_falling
765b251ece9ddc2,mc/mtl_wpn_t8_smg_accurate_body_sig_03
7661344f14fab4c,mcs/t8_glass_rain_wet
76718e7dd2c83b7,mc/mtl_p8_zm_esc_jumbled_electrical_wire_decal_01
76769731a392603,wpn_t8_zm_elixir_liquid_base_world
7676a39571ce670,ei/gfx_exp_alpha_anim_em_pb_i16|dup
767910d15f40688,zm_elixiranywherebuthere
767acc53f60b469,mpui/firingrange2
767b324582876c6,ar_fastfire_t8_zm
767c2086484637e,medal_killstreak_20
767c70864846bfd,medal_killstreak_25
768205f8a24e721,events_dirty_bomb_kill
768536b3df0180e,quote_without_will_to_win
768b46ba75651ce,melee_demohammer_t8
768b8db10c8dfbf,zm_shielddurability
768c27b2b9cef48,mortarblast_friendly
768ed644883507a,molotov_fire_wz
768eeb3d27f5a12,ei/gfx8_shockwave_anim_em_pb_i16
7696395a77d17fc,mc/mtl_wpn_t8_smg_accurate_handguard_armor_sig_03
769a5b4f62e5472,mcs/mtl_p8_zm_esc_crate_wood_lrg_dust
769f43531503fcc,medal_quickly_secure_point
76a02f3e0ed8990,mc/mtl_p7_crate_wood_02_metal_blend
76b480864877d07,medal_killstreak_30
76bc271dd0d0153,loot_contract_ajax_muertos
76be92e4744f91f,splm/p8_zm_esc_barbed_wire
76cad6dd21794d8,zm_weapons/fx8_raygun2_ug_impact
76cdfc356494b4e,menu/multi_kills
76d6500aad8fb77,menu/multi_zone
76d73c366a23b04,mcs/mtl_p8_zm_esc_warden_clock_copper
76d877329d20b49,mcs/t7_plastic_rubber_trim
76db684c016c6b8,p8_zm_esc_magic_box_lock_sml
76e6ad8ca7fa630,points_per_primary_kill
76e99e16737bdb3,mc/mtl_p7_zm_ctl_desk_supply_pen_decal_01
76e9c45e58c0ee9,gamedata/ddl/generated/dlog_event_aar_mp.ddl
76ef3a54ceaf616,zm_weapons/fx8_tomahawk_impact_fire
76f4f7558767a64,talent_scavenger_mp
76f713b33ca278a,key/home
76fcc329c6703ff,menu/equip_shield
7701cc0caf440b9,special_ballisticknife_t8_dw_tunables_zm
77046e8a3b712f1,i_mtl_p8_zm_elixir_icon_licensed_contractor_c
770875c1f0356a4,ar_doublebarrel_t8_tunables_mp
770fb2632f3ecee,mc/t7_metal_panel_4x1_aluminum_brushed_2
7711e349af23d4c,reaperfoleyquiet_ladder_hand_npc
7712c2a759eba7b,mc/mtl_p8_zm_esc_box_cardboard_c_closed_damaged_tape
771cdacd069d844,menu/join_result_mismatch_protocol_version
771e8b66f69e861,director_online_mp_theater
7721b68409ed9bd,zmtrials/hell
7723846e924b381,medal_wz_revives
77255f1ef2c811e,zm_poweruplimit
772a4d52c882f9c,zm_castle_pap_tp
772b94434b7d921,weapon/fx8_muz_lg_shtgun_1p
77306bb1c5f2b37,pfx_water_drip_hit
773ccf2680fad5f,ei/gfx8_smk_lg_vapor_anim_loop_high_dark_lit
773d0a14770cc8f,smg_drum_pistol_t8_tunables_zm
7744db125431de6,outfit_warrior_epic1_wetworks_torque
7745b7bf5b23423,p8_fxanim_zm_esc_door_debris_buy_cell_block_idle_anim
77491805fa50df6,i_t8_decal_damage_crack_impact_01_n
7749e805fa5240d,i_t8_decal_damage_crack_impact_01_c
774b06da489e4a3,paralyzer_control_hvo
774bfd79b3c84a4,outfit_super_hero_epic1_spectre_shop
775313b0b6537e1,camo_t8_sniper_locus
775cac45ecf087f,mcs/mtl_p8_zm_esc_metal_hook_leak
775eda2bf4ce241,boast_head_shot_fem
77600252b55c452,challenge/bootcamp
776826d501dabf4,mp_default_surfacefxtable
7772152f4aa2fd6,zm_talismanperkmodsingle
7775f5bdcf2bbc8,zombie_perk_bottle_cherry_tunables
7787d452575f39c,concussion_grenade_mp
778f9c2b8d6c697,wc/t7_barrel_vintage_metal_bands_rust
7794a58d4e65848,zm_shield
7794d7c1d76106c,mc/mtl_p8_zm_zod_notes_nee_blueprint_scarlett
7795c7bc303ac80,menu/cross_title
77996b9bc6d0117,mcs/mtl_p8_zm_zod_clothes_jacket
779a54434bdd5d3,weapon/fx8_muz_lg_shtgun_3p
77a573463ee3545,attach_t8_lmg_hades_snake_base_sig_01_view
77a5ba2b401e21f,weapon/optic
77a7a741cacfb1d,assault_fire
77a87b757f6b4f9,p7_mou_data_recorder_dmg_01_full
77b4073dffac518,mp/10th
77cfcbda3b30288,mc/mtl_p8_zm_esc_packasplat_engine_base_red
77dcc892fe6a41d,special_ballisticknife_t8_dw_dw_tunables_mp
77e54b43d0b72ab,pc_expander_switchweapon
77ea318753f5418,zm_bgb_point_drops
77ef8a97f1d83bb,codcaster_qs_battle_chatter
77f5a734f0e330e,outfit_northern_lights_legendary3_firebreak
77f6f1011afd71d,loot_emote_shared_mad_respect_shop
77f94b22c27be81,mc/t7_ntx_metal_grate_flooring
77fe05e21fe4de4,frag_grenade
78029bc3d357e6d,events_annihilator_kill
78075d31e2fdc10,mc/mtl_c_t8_bo_soldier_seal_ar1_helmet
78099f9ef8ec7fd,mpui/desc_station
7816de2a237fa39,sticky_grenade_zm
7819602f48915e2,elemental_bow_base_upg
781a2d66710a179,obliterator_koth_hvo
78219191fafc5f7,mc/mtl_p7_shr_weapon_spear_sml_leather
7822c558a509de9,zm_bgb_head_scan
782ea06bca8883d,pc_nextseat
783057563ce1ca2,dog_ai_defaultmelee_zm
7832d8232b4b9d1,wpn_spectral_key_charging
7834fb8428c72e8,pc_elixir_3
78350b8428c749b,pc_elixir_2
78351b8428c764e,pc_elixir_1
78356b8428c7ecd,pc_elixir_4
78364d499f0f7f6,pc_ui_loweropacity
783b982cd55d22c,outfit_flecktarn_base_pal_com6_recon_shop
78449865ae90fbb,impacts/fx8_bul_impact_default_sm
784a962c71f2b3b,mod_hit_by_object
784b9756142fb58,vd/t8_decal_blood_handprint_wall_pounding_heavy_01
784e974560c3da9,sentry_dom_hvo
78500116e98d73f,zm_contract/gauntlet_bronze
7851669aaf7b331,lf_flash_spark_sm
7851da6a21572c9,weapon/lmg_pbr
785439150747111,menu/lb_captures
7855c33b39cfa84,menu/setting_controlled
785bb2450c54e47,mc/mtl_p8_zm_esc_cell_bridge_set_decal_weld
7861cf034bea436,score_limit_ctf_round
78652d4fa0b4885,i_mtl_p8_zm_esc_warden_steampunk_decal_01_n
78655d4fa0b4d9e,i_mtl_p8_zm_esc_warden_steampunk_decal_01_c
786c88ad70cff54,wc/t8_zm_zod_wood_mahogany_02
786cb8ad70d046d,wc/t8_zm_zod_wood_mahogany_01
787d431b490bb11,em/r01
787f34710f55f46,mcp/sonar_frontend_locked_gun
78834cc51913c92,ei/gfx_fire_candle_sm_1_anim_em
7884a2c523e688c,vd/t8_decal_blood_splatter_floor_03
7884b2c523e6a3f,vd/t8_decal_blood_splatter_floor_02
7884c2c523e6bf2,vd/t8_decal_blood_splatter_floor_01
78883b3b3748505,activecamoinfo_t8_sig_ar_modular_porcelain_zm
788b1d63e45b3eb,mc/mtl_p7_shr_weapon_shield_04_wood
788b4c33b4deceb,events_swat_grenade_disoriented_enemy_assist
788bf7b8631d86d,mcp/hud_outline_model_orange
788d83f0d37ef1c,i_mtl_p7_zm_vending_flopper_01_n
788db3f0d37f435,i_mtl_p7_zm_vending_flopper_01_m
7892fd45399d507,zm_lab_150np_discount
7893572c6b90761,p8_zm_esc_bed_infirmary_mattress_02_horrific
789b0f04f75fdd0,zmweapon/sniper_powersemi_t8_upgraded
789b1bb18060943,menu/starting_in
789b44871c63c83,splm/mtl_p7_foliage_vines_roots
789c3f536caf0b5,zm_elixirextracredit
789df1c27e15a69,lb_mp_gm_gun_hc
78a0ab4e5a24d16,attachment_killcounter_tr_midburst_restriction
78a15cac6f40bec,zombie_perk_bottle_additionalprimaryweapon_tunables
78a32d0ab7f3ec4,vd/t7_con_metal_burnt_01_blend
78a8ad151508c77,events_cluster_semtex_detonations
78adf6448a01f16,molotov_fire_mp
78af9539deca7a9,activecamoinfo_t8_ar_accurate
78b3ee1c2e57db8,contract/quad_feed
78ba19b294b2b21,mc/mtl_p7_zm_asc_floor_gantry_screw_nm
78c41a3fdff2c3b,wc/t7_con_metal_grate_wall_1
78c6299db16e268,zmarcade/key_count
78ca3d0102c4d44,i_t8_micro_stone_sandstone_01_g
78d35e03a52b01a,prt_mp_trapper
78d3b0c416e2ad9,wc/t7_metal_bare_acrylic_matte_trim
78d439e1b360368,menu/back_caps
78dca7c6dcd0e60,wc/t7_dlc1_metal_paint_scratcch_01_grey_trim
78df7d8e5d395a3,mc/mtl_p8_zm_esc_nixie_decal_dirt_02
78df8d8e5d39756,mc/mtl_p8_zm_esc_nixie_decal_dirt_01
78dfcb4034f8941,defaultlabelstorelist
78dff4cb2e2069d,p8_wz_ep_treasure_chest
78e13c7faffe503,i_attach_t8_pistol_revolver_stock_diamond_mk2_n
78e598b92990538,vd/t8_decal_grunge_dirt_01_dark
78e71d96c16eb50,ar_damage_t8_upgraded
78e98a475e04fa3,heat_wave_damage
78f5c626336a4ae,mc/mtl_p8_zm_zod_electric_switchboard_copper_02
7903d81053b8727,camo_dlc1_shimmer_shop
7907e5d0d33cfde,surface_weapon_bounce
790a452faf61dbb,pc_textchat_party
791011e918500d4,impacts/fx8_bul_impact_raven_corpse_nonfatal
7914288765adae6,zm_elixirscooldown
791b466f6591ce9,menu/credits_caps
791d725a18374d7,events_annihilator_vanguard
791e44a583d0411,attach_t8_pistol_revolver_quickdraw_hammer_mk2_view
792f836d17ef9f8,gamedata/ddl/generated/dlog_event_mpplayerlives.ddl
793dbb54e47884f,mc/mtl_p7_spl_table_dining_vintage_dmg_02
793dcb54e478a02,mc/mtl_p7_spl_table_dining_vintage_dmg_01
7941842180d2d3f,en_zm_office
7947f56585a825a,mc/mtl_p8_zm_zod_light_lamp_desk_round_linen_lampshade
794aa31bd4bbf67,em/t01
794eb5b81f9a75b,create_colorgrade_lut3d_compute
795016ac5f92d36,ai_t8_zm_zombie_base_attack_14
7955b744fbbdd04,camo_active_sig_ar_standard_adventure_base_bribe
795601d7453dc18,mcs/mtl_p8_zm_esc_warden_organs_hand
7958c57c5b4edb6,em/rhino
7960798b76957f5,vd/t8_decal_blood_drip_wall_directional_02|dup
79608b3abd7ed24,melee_amuletfist_t8_bribe
796437a762a3f78,splm/p8_zm_esc_bldg_64_stairs_x3
796457a762a42de,splm/p8_zm_esc_bldg_64_stairs_x1
796477a762a4644,splm/p8_zm_esc_bldg_64_stairs_x7
79658c4dee6485b,bonuscard/underkill
79661fac7dd1452,pc_lowerstance
79667c41c171e54,medal/warthog_kill
7969129e8286be5,spawn_suicide_penalty
796ecbec9ffbdcd,weapon/seeker_mine
7970ecf7061296c,animals/fx8_bio_moth_light_source
7973e537117af97,mc/mtl_t7_camo_flat_black_b
797b7f2ecfd672f,medal_wz_frenzykill
7980a6ac5fb7258,ai_t8_zm_zombie_base_attack_01
7984eca6c5c186a,attachment_suppressed_sniper_fastrechamber_restriction
7987709ed27a278,pb_action_figure_fem_draft_transition_3
7987809ed27a42b,pb_action_figure_fem_draft_transition_2
7987909ed27a5de,pb_action_figure_fem_draft_transition_1
7987d09ed27acaa,pb_action_figure_fem_draft_transition_5
7987e09ed27ae5d,pb_action_figure_fem_draft_transition_4
798bfe358ee22e9,ui_cam_icon_shotgun_energy
79908e086a90b19,explosion_shock
79a7e1c31a3e8cc,scripts/weapons/deployable.gsc
79aa3dbdcd8ac61,i_t7_zm_shi_wall_hut_wicker_n
79aae48f88a6ac8,ui/mod_dot
79adb2200c562d1,events_attack_dog_objective_kill
79b1352c502af5c,wc/mtl_p7_mou_tank_metal_01_red
79b2e604b63ff62,pc_cpu_priority
79bc77a16da8fc1,zm_lab_carbon_combo
79c33394a0b1e8f,wz/attach_suppressed
79c39bac554b220,i_mtl_p8_zm_zod_bed_bunk_third_class_berths_frame_01_m
79c5ff81572edb3,mc/mtl_p8_kit_zod_mai_05_door_frame_set_metal_09
79c67f81572fb4b,mc/mtl_p8_kit_zod_mai_05_door_frame_set_metal_01
79c68f81572fcfe,mc/mtl_p8_kit_zod_mai_05_door_frame_set_metal_02
79c69f81572feb1,mc/mtl_p8_kit_zod_mai_05_door_frame_set_metal_03
79c6af815730064,mc/mtl_p8_kit_zod_mai_05_door_frame_set_metal_04
79c6bf815730217,mc/mtl_p8_kit_zod_mai_05_door_frame_set_metal_05
79c6cf8157303ca,mc/mtl_p8_kit_zod_mai_05_door_frame_set_metal_06
79c6df81573057d,mc/mtl_p8_kit_zod_mai_05_door_frame_set_metal_07
79c81bb12e7cebc,zm_weap_special_activate_rumble
79c8878686af94d,melee_club_bundle
79c90e8cbc7318e,mc/mtl_p8_zm_zod_turbine_steam_reciver_metal
79db388d50e336f,mc/mtl_p7_zm_ctl_115_grenade_glass
79ef101247c956d,surface_grenade_debris
79ef458ba589cf8,c_t8_zmb_ofc_zombie_male1
79ef658ba58a05e,c_t8_zmb_ofc_zombie_male3
79ef758ba58a211,c_t8_zmb_ofc_zombie_male2
79f1467ea8314e1,ei/gfx8_fog_slow_md_anim_lit|dup
79f8de44d618b68,zombie_ai_defaultmelee_zm
79fab66208b3145,mp/plus
79feaf815760fbb,mc/mtl_p8_kit_zod_mai_05_door_frame_set_metal_12
79febf81576116e,mc/mtl_p8_kit_zod_mai_05_door_frame_set_metal_11
79ff797d939af11,menu/days_sun
7a023700261f0b2,codcaster/team_identity
7a091664ede52cf,mpui/escort
7a0a319f4085796,melee_secretsanta_sunset_bundle_shop
7a0b3725f8789c3,mc/mtl_p7_zm_moo_ship_container_decal_02
7a0b4725f878b76,mc/mtl_p7_zm_moo_ship_container_decal_01
7a189d29d15e5e8,ei/gfx8_fog_slow_lg_anim_lit_full_lite|dup
7a1a3ac82ca56f0,dot_radiation_final_stage_comp
7a1e201eb8953c6,medal/killstreak_15
7a1e701eb895c45,medal/killstreak_10
7a2bf4fa5ebcbce,dirt/fx8_dust_motes_200x200
7a2d5d6949f1e8c,mc/mtl_p7_zm_moo_fuel_tank_04_grey
7a3113241ab021b,vd/p7_zm_sta_debris_wood_lath_grunge_burnt_stain
7a34afe4a33ddba,attachment_extclip_smg_accurate_restriction
7a354b2c836f704,mastercraft_ahabsrevenge_sunset_bundle_shop
7a361c5ebc007c3,splm/t8_cloth_rope_02_dirt
7a3bad6934ad95b,events_radiation_field_objective_multikill_3
7a4397b805ad372,wood_chunk
7a46c313ed11169,em/j01
7a4d92863166cfd,dualoptic_ar_an94_t8_tunables_zm
7a4fdabe47b6c3f,menu/hide
7a50f0dff142ff6,mc/mtl_p7_mirror_wood_ornate_density
7a52479552e4948,mc/mtl_p7_fxanim_gp_plastic_tarp_cover_blue_s3
7a53e617158e419,animals/fx8_bio_moth_light_source_sm
7a55d4be900e3a3,zmweapon/smg_fastburst_t8_upgraded
7a56d01eb8c75ce,medal/killstreak_20
7a57201eb8c7e4d,medal/killstreak_25
7a591e8e548d676,p8_kit_zt8_exd_05_railing_01_end_right_painted_metal_0_01
7a599908fc84cb5,ei/gfx8_smk_sm_thick_bulb_anim_high_dark_lit|dup
7a5be9708ad5963,mc/t8_concrete_floor_sealed_dark_01
7a635e4999d0205,menu/extra_time
7a666dfbe20d000,ei/gfx8_liquid_spurt_em
7a6844285d32238,female1
7a6864285d3259e,female3
7a6874285d32751,female2
7a6894285d32ab7,female4
7a6b21cc52ea4e2,water/fx8_drip_single
7a6e18ef4c744d0,impacts/fx8_bul_impact_soul_limb_nonfatal_uw
7a743cf84f0e5ca,mc/mtl_p7_zm_ctl_radio_recorder_metal_green
7a76cb127b6a0f1,zmb_ai_catalyst_corrosive_death
7a790b4c3a1119f,mc/mtl_p7_rus_bookshelf_metal_decal_dirty
7a84149362785b3,zm_lochit_dmgtable
7a8557478c110ce,impacts/fx8_bul_impact_gravel_lg
7a865eb50d80ad9,scripts/core_common/hud_util_shared.gsc
7a87301eb8eb5d7,medal/killstreak_30
7a8c1341b20e52c,mc/mtl_p8_zm_esc_cypher_12
7a8c3341b20e892,mc/mtl_p8_zm_esc_cypher_10
7a8d1440d2cb4c7,mp/match_bonus_is
7a8ecf357e0c1a1,menu/capture_time
7a90dc057361f0b,mc/mtl_p7_zm_ver_cart_metal_surgical_decal_01
7a923b6cbbfa11d,ei/gfx_light_ray_wide_soft_em_pb_i16
7a9cf89300be421,special_ballisticknife_t8_dw_dw_tunables_zm
7a9f66c7a650e19,zombie/stanton
7a9fa450f909a1f,gsol_zm_elixirs
7aa501eb603156a,mc/mtl_p8_zm_zod_scale_food_set_seam_decal
7aa8c8297216d28,weapon/uber_sentrygrip
7ab4b7478c335a7,impacts/fx8_bul_impact_gravel_sm
7ab78b54114de4a,wz_open_skyscraper_death_circles_pandemic
7ab8ab6fce16e8b,loot_emote_shared_shuffle_shop
7ab9eb96252c1a0,wc/t8_zm_zod_metal_diamond_plate_01
7abeeb3e26ad6ff,impacts/fx8_flechette_impact_base
7ac3f3c06587d27,entity_rifle_swipe_victim
7ac40341b23f2d0,mc/mtl_p8_zm_esc_cypher_09
7ac41341b23f483,mc/mtl_p8_zm_esc_cypher_08
7ac48341b240068,mc/mtl_p8_zm_esc_cypher_01
7ac4a341b2403ce,mc/mtl_p8_zm_esc_cypher_03
7ac4b341b240581,mc/mtl_p8_zm_esc_cypher_02
7ac4c341b240734,mc/mtl_p8_zm_esc_cypher_05
7ac4d341b2408e7,mc/mtl_p8_zm_esc_cypher_04
7ac4e341b240a9a,mc/mtl_p8_zm_esc_cypher_07
7ac4f341b240c4d,mc/mtl_p8_zm_esc_cypher_06
7acd3242cbc4435,mpui/urban
7ad8d6e9a24df18,events_gravity_slam_aggression
7ad95b47e69c3b7,pistolscope_special_crossbow_t8_tunables_zm
7ada7fd501a027e,attachment_extrapellets_shotgun_semiauto_restriction
7adb9a4e334b389,zmb_zombie_spawn
7add035728bec74,mc/mtl_mphd_forklift_main_body_black
7adeaa4f608c4d8,ei/gfx8_spark_round_hdr|dup
7ae3c34b5b4f5d9,maps/zm_escape/fx8_portal_loop_white
7ae3c4549b012b0,pistolscope_pistol_revolver_t8_tunables_zm
7ae48e16ff495b2,impacts/fx8_bul_impact_metal_xlg
7ae58d5b4fd7efe,p8_zm_esc_sign_location_recreation_y_off
7af22abe483ffa3,menu/high
7af302efbcea2c5,spawn_health_boost_percent
7af43698f175b3a,menu/double_double
7af730df29089ab,mc/mtl_p8_zm_zod_piano_victorian_bone_01
7af740df2908b5e,mc/mtl_p8_zm_zod_piano_victorian_bone_02
7afab5369a406a9,talisman_perk_permanent_4
7afac5369a4085c,talisman_perk_permanent_3
7afad5369a40a0f,talisman_perk_permanent_2
7afae5369a40bc2,talisman_perk_permanent_1
7b02c364a74f9e2,mc/mtl_p8_zm_esc_sign_reg_clothing
7b0e99e7bac7031,vd/t8_zm_decal_frost_reveal
7b0ff9816abf488,sniper_mini14_t8_upgraded_tunables_zm
7b154ba0e2e14bf,talent_coldblooded
7b1a0d3cc276883,grenade_rumble
7b1d6c23e952abc,scope_holo_smg_fastburst_restriction
7b248f79c3f6b20,mc/mtl_wpn_t8_zm_broadside_cannon_back
7b25be0b37c472f,medal_tank_robot_kill
7b28b6d039e6213,splm/t7_metal_trim_rivets_01_dark
7b29666d22ba3ab,rob_sonar_set_friendly
7b3bea931147db0,menu/outfit
7b3d809d3e1669c,weapon/fx8_muz_sm_gas_3p
7b3e0da3d259688,activecamoinfo_t8_sig_pistol_fullauto_arcade_zm
7b3edd44ce8c787,zblueprint_shield_spectral_shield
7b40fa9fd0f0eef,mc/mtl_p8_light_metal_hanging_mechanic_bulb_on
7b415e7a20ec576,wc/t7_decal_damage_glass_shatter_05
7b449021bfd797c,mc/t7_brick_worn_heavy_grout_dirty_wet_blend
7b459309f8eba43,attach_t8_charm_crystals_view
7b4684ace3c84ae,loot_character_russman_sunset_bundle_shop
7b478f6984bc959,mcs/mtl_p7_zm_zod_crane_paint_01
7b531acfbd77015,gamedata/ddl/generated/dlog_event_test.ddl
7b54501a6d42fb9,dualoptic_tr_flechette_t8_upgraded_tunables_zm
7b55f6eb897e98d,charm_teabag
7b578d3ff97996d,mc/mtl_wpn_t8_sig_bow_complex_piece
7b5b30f9aa8786c,sniper_locus_t8
7b5e47e21d172f7,impacts/fx8_bul_impact_wood_uw_xxlg
7b60ee6503b05f7,mp/4th
7b61319bc66e472,pistolscope
7b619533511f172,ei/gfx_snow_flake_flurry_01_em|dup
7b67753fec12694,p8_kit_zt8_exd_05_railing_06_end_left_painted_metal_0_01
7b76c048559720e,gd_c_t8_mp_spe_spectre_apocalypse_lowerbody1
7b89f94e5abd475,ui/mod_telefrag
7b995b902df3cd9,zm_weapons/fx8_tomahawk_trail
7b9cfac708d387f,demo_recordwithautoplay
7b9d75c95dd86a3,vd/mtl_loot_ui_icon_tags_muertos_nomad
7b9e409d3e5e6ae,weapon/fx8_muz_sm_gas_1p
7b9fe59853c1b82,aar/score
7ba1fbf33d61016,zmui/standard_caps
7ba6748d83412fd,scripts/zm_common/zm_fasttravel.csc
7baa05710ce37d3,mpui/summary_caps
7bb6110c191ab8d,ei/gfx8_liquid_string_em
7bb98ae1ba6c32b,prt_mp_firebreak
7bb9bdf28ce88fa,golden_knife_zm
7bbd531907db607,killstreak_core
7bbe628c06f825b,zm_equipcharge
7bc0612d00f1dbe,impacts/fx8_bul_impact_water_xtreme
7bc13450e3158d8,ei/gfx_debris_clumps_em_gp_i16
7bc4e42ef06e83d,ability_dog_restriction
7bceebba7a62db7,defaultunlockableitemtable
7bd51daff3a142c,scope_mms_ar_damage_restriction
7bdd5da3d2dd85c,activecamoinfo_t8_sig_pistol_fullauto_arcade_wz
7be50edce1bcca8,prt_wz_woods_old
7be9af59a4fe6d8,zm_off_pig_animated_bundle
7beefc1a1438ff8,events_battle_shield_killstreak
7bf930796eb8e52,wc/t7_concrete_dirty_quad_01
7c0002237d9acce,impacts/fx8_bul_impact_soul_head_nonfatal_exit
7c02481305f0e24,prt_wz_enforcer
7c081dcdfa75f0d,loot_ui_icon_tags_poster_ruin
7c0bdacaa90081b,p8_decal_graphics_number_5_charlamagne
7c0c1666311a375,medal_radiation_kill
7c0e7aa2563f999,lb_mp_gm_koth
7c138030e08a688,wc/t8_water_ocean_mp_seaside_cave
7c14b6c36228491,pc_monkeybomb_toggle
7c165117833e69f,scripts/core_common/callbacks_shared.gsc
7c17db9b72d5e28,hero_katana_t8_lv1_tunables_zm
7c1fc376825ea54,boast_champagne_fem
7c22e1d8df4d852,scripts/zm_common/zm_trial_util.gsc
7c234f25de2ddc2,mc/mtl_p7_zm_ctl_radio_recorder_deck_meta_black
7c2598a7322d86c,mpui/koth_cwl
7c265a7e4034a3d,acog_lmg_heavy_t8_upgraded_tunables_zm
7c283301ae4031e,medal_setback_sas
7c29ff2fcaccd58,scene_frontend_t8_zm_male_team_1_takeo
7c2d51be5390478,ei/gfx_gel_splat_string_em_pb_i16
7c425bd8790e598,mc/mtl_wpn_t8_ar_stealth_sig_02_bulet
7c42df197257922,wc/t8_decal_damage_dent_metal_thin_01
7c4787526063f8b,mc/mtl_p7_zm_ctl_chemistry_kit_liquid_blue
7c479655d474f31,mp/waiting_for_players
7c480b01301a8f1,medal_wz_triplekill
7c4c7d497dbdf78,mcs/mtl_p8_zm_zod_light_fixture_utility_light_set_metal_02
7c4cdd497dbe9aa,mcs/mtl_p8_zm_zod_light_fixture_utility_light_set_metal_04
7c4e0ae8a1c235e,scope_holo_smg_capacity_restriction
7c561b3be46bdf6,presence/zm_zodt8
7c597fa0460b73e,events_dirty_bomb_exploded
7c5c560c9fd83ef,rob_headshot
7c6ca32810425f9,wound_purifier
7c6dbe4809bbbe7,menu/mystery_mod
7c6dc714c1e66ff,zmweapon/lmg_double_t8_upgraded
7c6f8d18c24a8c5,c_t8_zmb_mob_hero_dempsey_body1_igc
7c6ff590813d202,gd_c_t8_mp_spe_hacker_superhero_lowerbody1
7c7575277329d43,scene_frontend_hub_t8_mp_recon
7c76603d7ec760d,events_swat_team_area_defense
7c78b7131e26255,attachment_extbarrel_shotgun_pump_restriction
7c7bf9df881082c,i_wpn_t8_pistol_burst_slide_sig_01_o
7c7c09df88109df,i_wpn_t8_pistol_burst_slide_sig_01_n
7c7e58d5b5e00a3,scope_acog_tr_longburst_restriction
7c7fe3864e3b636,zm_contract/gauntlet_silver
7c8d9dfa894ef99,mc/t7_cry_metal_exterior_painted_grey_drk
7c953aa3c0e3104,mc/mtl_p7_zm_ctl_radio_recorder_deck_meta_white
7c9a990c0db216c,scripts/autogenerated/luielems/cp/full_screen_movie.gsc
7c9b4f2053f5a96,ei/gfx8_smk_md_thick_lobe_anim_lit
7c9c02f608d0a75,uie_tiled_add
7ca49714794c3fa,ei/gfx8_light_ray_wide_soft_em_pb_i16|dup
7ca684fbd27f859,surface_grenade_pineapple_bounce
7ca6f1fefffa9b8,wc/t8_zm_zod_wood_deck_01_blend
7ca860fd2521ed3,gd_c_t8_mp_spe_seraph_assassin_arms1
7cb029d6dd4f03e,mc/mtl_p7_zm_vending_flopper_01
7cb2ddc3f730d3d,pfx_water_drip
7cb6018c11fbe79,wc/mtl_p7_ris_construction_droid_01_metal_grate
7cbaa5bf2212308,icepick_supplypod
7cc345e83a35250,vd/t7_decal_blood_splatter_01
7cc365e83a355b6,vd/t7_decal_blood_splatter_03
7cc375e83a35769,vd/t7_decal_blood_splatter_02
7cc4379f6ca40af,scripts/core_common/trigger_shared.gsc
7cca98462b42f63,p8_zm_esc_paper_pile_straight_mod_frosted
7ccc8feb895b00c,mc/mtl_p7_spl_jewelry_toy_set_diamonds_red
7ccd2560fd86cf3,codcaster/ls_wildcards
7cd2f4549caad28,pistolscope_pistol_revolver_t8_tunables_mp
7cec040ef6f8a62,ei/gfx8_smk_cigar_whisp_blur_em|dup
7cf401ec3ec2467,attachment_mixclip_lmg_spray_restriction
7cfaf65695b3c77,em/disintegrate
7cfba16a5ed6907,gd_c_t8_mp_spe_recon_frogman_arms
7d0130496c3e80e,menu/ball_count
7d0948b70638419,zitem_office_trap_battery_part_1_zm
7d165bdae842da7,talent_skulker
7d18bcfd2c5f591,pc_category_gamepad
7d1a0e5bd191fce,mp/friendly_fire_will_not
7d20e2c8a7d34fd,activecamoinfo_t8_sig_ar_damage_fighter_plane_zm
7d289317e3bf472,em/g01
7d2e64a12a44b07,multiplayer_music
7d30da9f63bb153,pb_backhander_male_draft_preready_to_select_3
7d361f2c533a91a,vd/t7_ban_decal_grunge_rust_corrosion
7d39aeb0bbab9ff,pc_refresh_rate
7d448a6e341e441,fxaa_hemi_aa_resolve_work_queue_compute
7d46c8d5f305ffb,p8_kit_zt8_exd_05_trim_05_basic_painted_metal_32_01
7d4986e8a3cb579,mp_class_sets
7d4fc759f718a27,hero_annihilator_oic
7d5002dc06ba8cd,primis_nikolai
7d5005a2884060b,ray_gun_mk2_upgraded_tunables_zm
7d512e78457d8f9,mc/mtl_p7_zm_asc_machinery_industrial_decal_other
7d517dec4fba992,ui_cam_cac_ar_peacekeeper
7d52dbdc8d42cd8,round_switch
7d5a8382c2414e5,attachment_stalker_lmg_standard_restriction
7d5c289303108f5,special_ballisticknife_t8_dw_dw_tunables_wz
7d5eb2265b79a7b,codcaster_ds_map_numbers
7d6337a77ef98ad,gamedata/weapons/mp/mp_gunlevels.csv
7d64c31359f95d0,mc/mtl_t8_camo_flat_brown
7d681250287807d,bonuscard_perk_1_greed
7d7258a469c8790,mc/mtl_p8_tank_fuel_01_set_decal_02_end
7d728787195b936,i_mtl_p8_wz_ep_book_demon_page_n
7d735787195cf4d,i_mtl_p8_wz_ep_book_demon_page_c
7d7b3fff8aaf878,medal_infected_survivor
7d7b86aed625be2,menu/settings
7d816bc7a76ddad,ei/gfx8_debris_ember_em_pb_i16|dup
7d83782999b5cfc,pc_auto_weapon_switch
7d85caaea2e00cf,p8_zm_esc_citadel_pillar_concrete_square_01
7d860d034c6d266,wz_loadouts_online
7d8b19a8b615c96,wc/t7_wood_hardwood_oak
7d8d313fa5424d0,zmweapon/shotgun_precision_t8_upgraded
7d91b2d1acec49f,ei/gfx8_smk_sm_thick_spray_anim_em
7d935f111e8021a,quote_war_will_end_us
7d9b3888e881512,attachment_fmj2_tr_powersemi_restriction
7d9e6fc77f8801d,mpui/autoassign
7d9e98fa3f08f76,prt_wz_soldier_sea_male
7da42470abf086d,i_mtl_p8_zm_esc_sign_reg_money_m
7dabea6e26ecda3,nomad_detective_outfit_bundle
7db946e6d758f36,starter_pack_season_3
7db976e6d75944f,starter_pack_season_4
7db996e6d7597b5,starter_pack_season_6
7dbff5069e7e449,amb_thunder_strike
7dc3fc26d23e8ed,challenge/equipment
7dc50e597f8a742,mcs/mtl_p8_wine_barrel_01_barrel_body
7dc83941674c874,menu/mystery_desc
7dd0cedea99be51,player/fx8_plyr_emote_homunc_end
7ddef71fffdce07,mc/mtl_p8_zm_zod_electric_switchboard_copper
7de1de6cf3b4c41,wc/t7_wood_varnished_clean_cherry_dark
7de803947a217ee,vd/mtl_loot_ui_icon_tags_halloweenevent_monster_1
7de833947a21d07,vd/mtl_loot_ui_icon_tags_halloweenevent_monster_6
7de8d901264042b,draft_every_round
7dee4a28f098580,o_t8_zm_zombie_board_2_pull
7deed0ce4d37971,sig_buckler_dw
7df30ce4bc75ca3,i_mtl_p7_microtile_wood_c
7df3bce4bc76f54,i_mtl_p7_microtile_wood_n
7df3dc03553754a,rank/majgen_full
7dfa346a00e1d59,prt_wz_russman
7dfad8ad99eb607,neutral_zone
7dfc11743c74578,smg_thompson_t8
7dfe7671be41f10,splm/mtl_p8_zm_esc_rug_01_decals
7e16ec8f57862dd,default_lb
7e1d14da11ccb6d,events_hellstorm_missile_objective_kill
7e251454edf7a26,menu/public_tab
7e2a463bc1cf7b1,mc/mtl_p7_zm_ctl_desk_supply_pen_holder_decal_02
7e3192c8a8bbae1,activecamoinfo_t8_sig_ar_damage_fighter_plane_wz
7e36ce663a60d4b,ei/gfx_dust_heli_swirl_anim_em_gp_i16
7e3982d7d0fbf6a,attachment_stalker_pistol_revolver_restriction
7e3ca72a942f42f,reflectionprobe_compute_cube_debug1
7e3cb72a942f5e2,reflectionprobe_compute_cube_debug2
7e419f30d845a54,recon
7e426610eacef53,wc_primarygunfighter3_restriction
7e4a834d5057f10,key/or
7e4b87e4fc1644c,mc/mtl_wpn_tr_powersemi_upper_sig_02
7e4dced1caf2e95,menu/zombshell_desc
7e4e648c3fa2a25,pc_vehicle_horn
7e53a4619da1a63,mc/mtl_p8_zm_zod_wash_basin_third_class_berths_set_towel
7e56a13038a21ff,mc/mtl_p7_zm_ctl_scroll_bundle_paper
7e6a95d0dcf2152,el/gfx_dust_mote_01_em_i64
7e7d9f13593aad2,attachment_clantag_tr_midburst_restriction
7e7e89e1dd87ebb,maps/zm_office/fx8_elec_trap_light_green
7e8363ee26619d4,zm_talismanspecialstart3
7e8373ee2661b87,zm_talismanspecialstart2
7e8688e813c3293,mc/mtl_p8_zm_esc_shock_box_plastic_02
7e8698e813c3446,mc/mtl_p8_zm_esc_shock_box_plastic_01
7e86cb80deceb48,vd/t7_decal_grunge_rust_orange_drips_dark
7e8a8bffb7d0cd4,menu/overlay_label
7e8c97ca285f127,loot_emote_shared_shadowboxing_shop
7e9384351288e52,zm_zodt8
7e97611763cac40,wc/t7_zm_mob_window_cellhouse_ext
7e9ed2a4b5925bb,mc/mtl_p8_zm_esc_perk_vending_soda_decal_01
7e9ee2a4b59276e,mc/mtl_p8_zm_esc_perk_vending_soda_decal_02
7e9ef2a4b592921,mc/mtl_p8_zm_esc_perk_vending_soda_decal_03
7e9f02a4b592ad4,mc/mtl_p8_zm_esc_perk_vending_soda_decal_04
7e9f12a4b592c87,mc/mtl_p8_zm_esc_perk_vending_soda_decal_05
7e9f22a4b592e3a,mc/mtl_p8_zm_esc_perk_vending_soda_decal_06
7ea22f85d22540a,mc/mtl_p7_zm_asc_panel_glass_grey_04
7ea4827662d4cd4,uie_repeat_add
7ea4c79706fd49b,gamedata/tables/wz/scoreinfo/wz_scoreinfo_base.csv
7ea585db743b007,quote_older_declare_war_youth_fight
7ea811fd6047f63,338_fmj
7ebcd2fc13f0fb9,activecamoinfo_t8_lmg_standard
7ebd045fc412a3f,zmweapon/lmg_standard_t8_upgraded
7ec3ccbfb565994,zm_perksetherealrazor
7ec8b8d6fa32dd6,attachment_steadyaim_pistol_burst_restriction
7ecc36bc335354c,sentry_control_hvo
7ed51b55d2d46e4,mp/remote_exit
7ed5e24f12cbe58,menu/quit_caps
7ee0cf4766eb6db,outfit_flecktarn_base_pal_com6_prophet_shop
7ee719e763aca7c,mc/mtl_p8_zm_esc_packasplat_engine_base
7eec6573453519d,icepick_seeker
7eeef143d161672,zm_weap_swordpistol_melee_rumble
7eefc620387c132,i_mtl_p8_wz_ep_hockey_stick_o
7eefd620387c2e5,i_mtl_p8_wz_ep_hockey_stick_n
7ef00620387c7fe,i_mtl_p8_wz_ep_hockey_stick_c
7ef04620387ceca,i_mtl_p8_wz_ep_hockey_stick_g
7efa7f8d5969d8b,explosions/fx8_exp_rocket_lg_concrete
7efc8b1121dd770,mc/mtl_p7_cry_warning_light_metal
7efe5cdb953394d,zombie_perk_totem_zombshell_zm
7f012c059c3614e,mpui/infect_desc
7f0333451cf1c73,mc/mtl_p7_shr_food_decay_wood_01
7f0343451cf1e26,mc/mtl_p7_shr_food_decay_wood_02
7f0353451cf1fd9,mc/mtl_p7_shr_food_decay_wood_03
7f0629ca0748a85,quote_war_is_an_interlude_in_peace
7f0bd5b7a01a46c,wc/t8_concrete_damaged_rebar_01_rvl
7f0be0115114c61,zm_ai/fx8_zombie_eye_glow_red
7f0d63aeb138ee7,splm/p8_zm_esc_concrete_slab_destroyed_01
7f13c20416d0113,mc/mtl_veh_t7_mphd_forklift_decal_leak_03
7f13f63a160d5f3,spoon_alcatraz_flourish_tunables_zm
7f17044073d7043,replacer
7f192d3aafc115d,equipment_sextemcluster_restriction
7f1bd0a6167eed1,ei/gfx_fol_flower_petal_single_lit
7f1df39d61340f5,mpui/seaside_alt
7f22fd8ec44d450,metal_container_lrg
7f2464b44ac145c,mc/mtl_p7_zm_ctl_chemistry_kit_metal_02
7f28b74f5fc18a8,talent_flakjacket
7f2e0635ded0516,mpui/maldives
7f33047be8815f2,ei/gfx8_smk_sm_thick_spray_anim_em|dup
7f35353cc45cb09,ei/gfx8_liquid_string_nocull|dup
7f35a4dcef08d4c,mc/mtl_p8_zm_esc_shower_fence_set_chainlink
7f3c0db50765552,gd_c_t8_mp_spe_nomad_arms1_cst
7f3ee3f02b00cb0,medal/destroyed_cover
7f42494da1182aa,attachment_killcounter_sniper_fastrechamber_restriction
7f46c2caf1de7fc,lmg_stealth_t8
7f49c2be8fdf01f,i_c_zom_player_oldman_body_n
7f588adc1ab9c78,mc/mtl_p7_zm_tra_table_kitchen_long_01
7f58aadc1ab9fde,mc/mtl_p7_zm_tra_table_kitchen_long_03
7f58badc1aba191,mc/mtl_p7_zm_tra_table_kitchen_long_02
7f58cadc1aba344,mc/mtl_p7_zm_tra_table_kitchen_long_05
7f58dadc1aba4f7,mc/mtl_p7_zm_tra_table_kitchen_long_04
7f5ad3549344eff,exe/offline
7f639451efa927e,overdraw_overlay
7f65c74fe7ea1af,sniper_powerbolt_t8_tunables_mp
7f6a23c908f0703,emotes/floating
7f6e240c700bc51,gsol_zm_specialweapons
7f7003580bb15e0,scripts/core_common/status_effects/status_effect_util.gsc
7f7562b96c53203,zombie/fx8_perk_altar_symbol_ambient_secret_sauce
7f76359dad49c6c,bowie_knife_tunables_zm
7f77d9c244d3279,beam8_zm_hammer_lightning_sm
7f7c1a218961cd2,mc/mtl_p8_zm_esc_generator_lrg_decal_sticker_01_on
7f81c0d83693060,weapon/fx8_muz_smg_fast_1p
7f83c8e6faa7de3,scorestreak_strike_team_restriction
7f8780ff93f0e8b,fallwind_loop_slow
7f889da8da45ade,mc/mtl_p8_zm_esc_book_05_cover
7f8993b54842aa6,vd/t8_decal_grunge_rust_01_blend
7f8c9426aa9bce4,p8_kit_zt8_exd_05_railing_01_corner_outside_left_diagonal_painted_metal_32_01
7f8f0be684fb933,i_mtl_p8_zm_zod_grand_staircase_tapestry_cloth_n
7f8fbbe684fcbe4,i_mtl_p8_zm_zod_grand_staircase_tapestry_cloth_c
7f95e2cdb6d37df,menu/lb_defends
7f9622ccf27a681,veh_drn_qrdrone_mp
7f99c018225c2d5,splm/p8_ice_fuel_tank_large_pipe_hp_12_32_bare
7f9b57329e77c31,volumetric_light_cull_compute
7f9bad3a7ec0a29,i_mtl_p8_wz_ep_cone_ice_cream_n
7f9c1d3a7ec160e,i_mtl_p8_wz_ep_cone_ice_cream_g
7f9c5d3a7ec1cda,i_mtl_p8_wz_ep_cone_ice_cream_c
7f9e6f0d6bc5155,mc/mtl_p8_zm_esc_console_monitor_dirt
7fa3a55891f3666,explosions/fx8_exp_rocket_lg_mud
7fa6f65b638c95b,pbrsky_aerial_perspective_tex3d
7fa7861c9095cfa,retro_vegas_reactive_camo_bundle
7fa8e172709ff83,weapon/uber_wildfire
7fac9925bbab1cd,outfit_global_warpaint_bundle_rorshach
7faefbd3fe7fed0,ray_gun_mk2_upgraded_zm
7fb40c4d855e7af,zm_bgb_head_drama
7fb4483fdb80448,menu/invulnerable
7fb478448c49e05,vd/t7_decal_damage_crack_04
7fb62300ac0bd60,scripts/core_common/player/player_stats.gsc
7fb8cddb87a2040,operator_quadshot_restriction
7fba2b47eabfb1f,pistolscope_special_crossbow_t8_tunables_mp
7fbaa3313bbf240,score/survivor
7fbc988e8328f6c,i_mtl_p8_zm_esc_cypher_04_c
7fbe8c39ab1d473,pb_emote_exotic_shared_fem_shuffle_out
7fc0a39b7c3af7c,impacts/fx8_bul_impact_glass_uw_lg
7fca90ccb9bd246,menu/languages
7fcbff622b2ad9f,tomahawk_t8_upgraded_zm
7fcebd47cbe2dc6,gd_c_t8_mp_spe_recon_samurai_arms2_cst
7fd5579ae9b3ed2,mc/mtl_mphd_forklift_pillar
7fd821c76be44d5,stratcom_tacquery_gameobject
7fdb93047577c73,i_mtl_wpn_t8_smg_fastfire_barrel_sig_01_c
7fdbd304757833f,i_mtl_wpn_t8_smg_fastfire_barrel_sig_01_g
7fdc43047578f24,i_mtl_wpn_t8_smg_fastfire_barrel_sig_01_n
7fdc530475790d7,i_mtl_wpn_t8_smg_fastfire_barrel_sig_01_o
7fdc6b25bee0eff,smg_thompson_t8_upgraded_zm
7fdc930475797a3,i_mtl_wpn_t8_smg_fastfire_barrel_sig_01_s
7fde9218a9ca51f,mc/mtl_p7_zm_moo_console_control_decal_06_02
7fdea218a9ca6d2,mc/mtl_p7_zm_moo_console_control_decal_06_01
7fe05bc917df31d,mpui/hctdm
7fe0f928ccbdba7,gamedata/ddl/generated/dlog_event_loading.ddl
7fe9db86397ea48,splm/p8_cables_electrical_triple_64
7feb135f15a12f1,mp/survivors_eliminated
7ff280d836f6372,weapon/fx8_muz_smg_fast_3p
7ff5fb527953314,grenadier_control_hvo
7ff87435c878900,medal_kill_enemy_who_killed_teammate
7ff9c4b9d7ef8b9,pb_emote_shared_male_ice_cream
7ffa37ab5a783f6,pc_scoreboard_wz_toggle
7ffa8223e34ba1f,vdd/gfx8_decal_blood_fatal_02|dup
800cbd9308e73c2,mpui/bonus_caps
8011a95e697ce43,specialslaughter_task
801fe63d4a288bb,team_num_lives
80212db6af36f0c,wc/t8_metal_deck_painted_01
80234a872bd64ac,score/blank
80242c363c0ff1e,ei/gfx_light_glow_square_em_pb_i16|dup
8025e191762abb4,mms
802e7c3cf4c7fa0,mpui/lockxp
8031a3b0cc0f6a0,mc/mtl_p7_shr_chest_wood_lrg_glass
80360b28f5d4c72,outfit_dotd_com1_bundle_prophet_shop
8037734d51fdc5c,key/f9
8037834d51fde0f,key/f8
8037b34d51fe328,key/f5
8037c34d51fe4db,key/f4
8037d34d51fe68e,key/f7
8037e34d51fe841,key/f6
8037f34d51fe9f4,key/f1
803808acc80b464,p8_zm_zod_notes_nee_newspaper_time
8038134d51fed5a,key/f3
8038234d51fef0d,key/f2
804117203b748de,wc/t7_cry_metal_painted_white
8044d5194227e8b,tr_powersemi_t8_gold
80451f3b562c136,reload_rechamber
804a9d7b3e79481,ei/gfx8_liquid_spurt
804b102c9e65ad1,bolt_impact
804e668a29f97d5,loot_character_dempsey_ofc_shop
805554a157db85c,frag_grenade_mp
805690687fd870a,ei/gfx_light_incandescent_hot_em_pb_i16|dup
805823bcebe6512,deferred_permute_uber_resolve_gtao_2
805cc4acacec2eb,pc_scorestreak_1
805cd4acacec49e,pc_scorestreak_2
805ce4acacec651,pc_scorestreak_3
805cf4acacec804,pc_scorestreak_4
806644f4310b9e4,gamedata/ddl/generated/dlog_event_overhead_map.ddl
806c6f39b832170,mcs/mtl_p8_crate_wood_decal_08
806cff39b8330bb,mcs/mtl_p8_crate_wood_decal_01
806d0f39b83326e,mcs/mtl_p8_crate_wood_decal_02
806d2f39b8335d4,mcs/mtl_p8_crate_wood_decal_04
806d5f39b833aed,mcs/mtl_p8_crate_wood_decal_07
807478a0261ba21,scripts/core_common/aat_shared.gsc
8078da652e685d2,suppressed_shotgun
8079e33b18c9831,ambusher_koth_hvo
807e42be4ea349b,mc/mtl_veh_t8_zmb_1931_truck_bed_top
8084ce1d85e52d7,outfit_snake_legendary1_nomad_shop
8089055510b5985,pc_expander_inventory
809225576a498e7,ar_standard_restriction
809672db7f761cd,medal_purifier_x2_multikill_summary
80980cf74bad7cc,mc/mtl_p8_zm_esc_press_steel_small_copper
8099ab1b258e0ba,blood/fx8_blood_gib_spray
809bf766eba194a,scripts/core_common/ai/archetype_utility.gsc
809f08a7dd1dde3,charm_pufferfish
80a3191309d3449,grenade_explosion
80a5b6b14713b53,exe/pending
80a5d5402e48a40,ges_plyr_gesture004_zm
80a6c4f284a4ae8,ei/gfx8_spark_omni_hdr
80ac20fea19c8e9,warden_character_bundle
80af2e2fbd10295,zm_weapons/fx8_cymbal_monkey_light
80b01cda93b66bb,charm_plant_pineapple
80b020f7cfc5db4,mcp/hud_outline_model_red_calpha
80b04db9cd1ee12,weapon/fx8_equip_seeker_active
80b19bef737064e,bribe_menu_asset
80b263393082c1e,vd/t8_decal_grunge_stain_noise
80b6dfcaa649a6f,charm_cartoon_bomb_shop
80b95f05eed479d,attachment_grip_ar_accurate_restriction
80bb87a68ac9090,zm_minibossdamagemult
80c48bcc4b324cc,activecamoinfo_t8_direct_action_kills_celestial
80c8648d1887ada,mc/mtl_veh_mphd_bm21_decal_grunge_rust_09_red
80ca4f26bd4cdea,vd/t7_zm_isl_concrete_rebar_02_blend
80ce747007803d5,splm/t7_metal_chain
80d6e3a911fa923,mc/mtl_p7_fir_barricade_barbed_wire_set_decal_01
80dfb6a5b157b0b,mc/mtl_p7_pipe_metal_hp_12_support_grey_dk
80e91d9d66acd07,menu/x_weapons
80ed03edb130528,t7_hud_medal_destroyed_tank_robot
80f3fc7bf1128b8,loot_emote_shared_head_shot
80f8bf95529ec68,mc/mtl_p8_zm_zod_luggage_sticker_canada_decal
80fe096040ec102,suppressed_tr
81037f4efa063b1,mc/p7_zm_sta_debris_wood_lath_grunge_burnt_stain
810712b4b815082,wz/yuri
810d7b89b98b61e,p8_zm_esc_sign_location_cafeteria
810d7b8d78a9adf,outfit_snake_legendary2_ajax_sunset_bundle_shop
811a0a4194e7441,outfit_warrior_com1_bundle_ajax_shop
811a0dba720c3a4,ei/gfx_snow_hail_em|dup
811e6d4af9c146f,i_c_t8_camo_ruin_snake1_exo1_g
8120353e988a126,playlist/zm_office
8127959b06d9bdc,vd/t7_decal_grunge_wall_stain01_metal02
8128df52791f437,ar_modular_t8_tunables_mp
813f58e0907f626,splm/mtl_p8_zm_esc_bodybag_bloody_buckle
8152e9b7165cf3f,mc/mtl_p8_zm_esc_packasplat_suitcase_lid_foam
8156090316fdca5,mc/mtl_p8_wz_ep_pirate_flag
8156f74fe997287,sniper_powerbolt_t8_tunables_zm
815f130a1c1d840,prt_wz_bruno
81620a7f0ad9827,mc/mtl_wpn_t8_zm_homunculus_syringe_glass
81658267c32e2db,mc/mtl_p7_zm_asc_pipe_modular_set_decal_dirt_02
8165cdb86ed3685,zm_talismanextraminiturret
816a81161ac66db,wz_character_bruno
816defc5ae61484,smg_standard_t8_upgraded_zm
816f1f1b0228983,zom_icon_minigun
8173b5f68ddab23,mpui/victory
8176d03dac16eec,rcbomb_slide
8178b2dafb0bca3,weapon/hatchet_desc
817960b41361168,mc/mtl_p7_zm_kin_cabinet_storage_set_decal_03
817970b4136131b,mc/mtl_p7_zm_kin_cabinet_storage_set_decal_02
817980b413614ce,mc/mtl_p7_zm_kin_cabinet_storage_set_decal_01
8179a0b41361834,mc/mtl_p7_zm_kin_cabinet_storage_set_decal_07
8179b0b413619e7,mc/mtl_p7_zm_kin_cabinet_storage_set_decal_06
8179d0b41361d4d,mc/mtl_p7_zm_kin_cabinet_storage_set_decal_04
817e67c6d52016b,mc/mtl_veh_t7_zhd_tanker_truck_body03_paint
818e0224b9df3d5,impacts/fx8_bul_impact_raven_head_fatal
81906673324142a,events_swat_team_objective_multikill_3
81923ec01f26c5c,camo_active_sig_pistol_fullauto_arcade_base_bribe_free
819617439bd96c8,weapon/shotgun_pump_t8
81970d75cbd1718,keyd
81975d75cbd1f97,keya
81983d75cbd3761,keyw
819d3514e6b40a0,mpui/steadyaim2_desc
819ea9604172685,suppressed_wz
81a1a9e3aef740b,zombie_perk_bottle_slider
81a8c24d61deacb,impacts/fx8_bul_impact_fireworks_limb_fatal
81a959c46610563,p8_zm_esc_pipe_metal_4_64_rust
81a96fe9c28ada2,mp/change_class_next_spawn
81abc4248c2bc7d,scripts/autogenerated/luielems/zm/zm_zod_wonderweapon_quest.gsc
81ade10aca1dee6,director_lan_select
81b2b47d9fb71c9,zm_weapons/fx8_tomahawk_impact
81b38cd9d47190b,wc/t8_zm_esc_concrete_slabs_01_2x2
81b663e5324c42b,pb_backhander_male_draft_select_to_preready_3
81b752e51069cc8,zm_powerupsmaxammo
81b8101db89a014,i_mtl_p8_zm_zod_engine_pistons_piston_rod_large_metal_n
81b9a89f0915f79,attachment_rf_smg_fastburst_restriction
81baf12a1b3672a,menu/3_minutes
81bcff49221fc81,ei/gfx_gib_glass_01_lit_em_i1024
81c373345c076c1,tr_powersemi_t8_upgraded
81cb7cda6ee7b0e,wz_character_takeo_ofc
81d001c8d958aa6,wpn_t8_zm_perk_totem_bloodwolf_world
81d603caefe4cdb,bowie_knife
81d791aeaa50a93,mc/mtl_p8_wz_ep_raygun_power
81d92cbc6591ff8,scene_frontend_t8_mp_male_team_0
81d93cbc65921ab,scene_frontend_t8_mp_male_team_1
81d94cbc659235e,scene_frontend_t8_mp_male_team_2
81d95cbc6592511,scene_frontend_t8_mp_male_team_3
81d96cbc65926c4,scene_frontend_t8_mp_male_team_4
81d97cbc6592877,scene_frontend_t8_mp_male_team_5
81dc23147e80e1f,em/l01
81dd0a524c1e033,male1
81dd1a524c1e1e6,male2
81dd2a524c1e399,male3
81dd3a524c1e54c,male4
81de9d3a80ef205,p8_debris_coal_01_medium_01_ember_01
81e15e629b80175,ei/gfx8_water_bubble_md_scroll_em_pb_i16
81eb4ea57ac9c72,recon_end_game_scene
81ebae714462baf,o_t8_zm_zombie_wallchunk_4_repair
81ebd767c504e98,wc/t7_decal_bullet_wood_exit_02
81ec0767c5053b1,wc/t7_decal_bullet_wood_exit_01
81f0be70a65b86d,pistol_revolver_t8_upgraded_tunables_zm
81f4d1215e979eb,menu/slayer_caps
81f5eb1093bfbbc,mc/mtl_p8_wz_ep_horse_spring
81fef1650b71a9c,hero_hammer_lv2_tunables_zm
82014b524ef1859,impacts/fx8_flechette_impact_metal
820f0bea55744eb,spawner_zm_nova_crawler
82102b689c84a5f,weapon/smg_accurate_t8
8212a1c4376c358,scripts/weapons/deployable.csc
821783e1bd0c2ad,impacts/fx8_flechette_impact_snow
8217b09f4092b60,zm_elixirpowerkeg
8219c9f8bfe506f,wc/t7_zm_isl_concrete_poured_bunker_dirty_01
8222048e6736323,zombie/repair_shield
822249d7e10d80c,ztable_office_trap_battery
8228a2c81e439ca,melee_coinbag_t8_mp
822ba76af090ef8,zm_elixirundeadmanwalking
822befa0cd65777,p8_zm_esc_tea_plate_lrg
822ddc954cf3a29,talent/awareness
8237affa0a01422,emotes/unstoppable
82385b12f2cd2df,i_wpn_t8_smg_handling_bolt_sig_02_n
82388b12f2cd7f8,i_wpn_t8_smg_handling_bolt_sig_02_c
8238cb12f2cdec4,i_wpn_t8_smg_handling_bolt_sig_02_g
82398b12f2cf328,i_wpn_t8_smg_handling_bolt_sig_02_s
823ac18201743d9,zmweapon/smg_capacity_t8_upgraded
824b558792b7b9d,acog_tr_damageburst_t8_upgraded_tunables_zm
8251067ca3385ae,wc/t8_decal_graphics_caution_stripe_01
8254ea47cb62dfe,mc/mtl_veh_t7_mphd_forklift_decal_bolt_17
8255d9ce2a09382,prt_zm_scarlett
8258234e75623c0,mc/t7_glass_cracked_tempered_dark_gray
826097777b40eff,impacts/fx8_bul_impact_money_headshot_fatal
82633202f4ba21c,sniper_quickscope_t8_upgraded_zm
8268163e567ead0,zm_friendly_fire_type
82687f527a2930f,ar_modular_t8_tunables_wz
826da92b70ef24d,nomad_crook_outfit_bundle_shop
827012191765cc9,wz_open_skyscraper_death_circles_three_circles
82702d577bf4da1,eq_acid_bomb_extra_zm
828378f80576e5b,gbuffer_overlay
8287be3b94dea1a,attachment_stabilizer_sniper_powerbolt_restriction
8288cdc3c183204,menu/instant
8289a7c27dd8bba,mc/mtl_p8_zm_esc_chemistry_kit_clamp_02_glass
828ba03b928f289,defaultscriptbundlelist
828c1bc7a50d4a3,hero_gravityspikes_t8_lv3_tunables_zm
828c245dcac8944,sniper_damagesemi_t8_bribe
828d3a3ed66572c,mc/mtl_t8_wpn_pistol_revolver_flick_switch_sig_02
828d6a3ed665c45,mc/mtl_t8_wpn_pistol_revolver_flick_switch_sig_01
8292fbf8f005960,mc/mtl_p7_spl_table_dining_vintage_set_dirt_03
82930bf8f005b13,mc/mtl_p7_spl_table_dining_vintage_set_dirt_02
82931bf8f005cc6,mc/mtl_p7_spl_table_dining_vintage_set_dirt_01
82a6b3e2a8f4bd1,ei/gfx_gas_blur_thin_em_pb_i16_desat|dup
82a73aea0a68bc6,ui_menu_popups_toastnotification_icon_mail
82abbaf2eef04bc,ei/gfx8_water_bubble_md_em_pb_i16|dup
82b3ac5cad371b1,scene_frontend_t8_wz_silverback_team_4
82b3bc5cad37364,scene_frontend_t8_wz_silverback_team_3
82b3cc5cad37517,scene_frontend_t8_wz_silverback_team_2
82b3dc5cad376ca,scene_frontend_t8_wz_silverback_team_1
82b3ec5cad3787d,scene_frontend_t8_wz_silverback_team_0
82bab6f307816e6,grenade_bounce
82c01e60babdc1b,events_war_machine_objective_multikill_3
82c56951c99d50d,medal/zeroed_out
82d1b9df88268fb,attachment_clantag_ar_fastfire_restriction
82d2162812e9943,loot_emote_exotic_shared_blowing_bubbles_shop
82d4d1d3ec87299,melee_club_t8
82d5139616f522b,perk_electric_cherry
82d55804b58cfcb,zm_weapons/fx8_spectral_shield_light_3p
82e1ec6fcc31708,ei/gfx8_light_ray_cone_em
82eee5cc31b6039,mpui/desc_firingrange2
82f262dfc0f72e8,wpn_t8_eqp_radar_shroud_gun_view
82fb54cadc755c8,zm_inventory_office
82fd43598b73b31,hero_sword_pistol_lh_lv1_tunables_zm
8302d5cf8304ece,maps/zm_escape/fx8_ghoul_riot
83048bbbd98fc6a,menu/purchase_complete
83070f527aac07f,ar_modular_t8_tunables_zm
830f9eec4b03ada,reaperfoley_run_plr
831027e16d46d62,zombie_perk_bottle_tortoise_tunables
8310caf6b70c78f,medal_wz_assists
83130b5f6982cfa,eq_molotov_mp_scoreevents
8316bbb4126f705,outfit_snake_legendary1_battery_sunset_bundle_shop
831788dfddfdb91,director_online_wz_public
83184d2e540a823,allow_ingame_team_change
831f8c85ad4f6a2,p8_zm_esc_gutter_downspout_02
832910afc0d1d13,mc/mtl_p7_zm_asc_barrel_02_color
832a0ef5af0040d,zm_ai/fx8_cata_water_death
832f81facf07555,zombfootstep_crouch_run_zomb
8335378888b3826,mpui/tomahawks
83365a73b27bd1f,create_lut2dv_compute_alt
833ed31b97968fe,weapon/fx8_trail_rocket_xm
83455a968205009,knife_loadout
834dd9be914b732,mc/mtl_p8_zm_zod_electric_switchboard_metal_polished
83525957b69a075,mc/mtl_p8_zm_esc_packasplat_suitcase_main_shiny
8353f44d80fbc93,zm_talismanperkreducecost4
8354244d80fc1ac,zm_talismanperkreducecost1
8354444d80fc512,zm_talismanperkreducecost3
8354544d80fc6c5,zm_talismanperkreducecost2
835b689e880b400,mc/mtl_p8_zm_esc_citadel_stairs_01
835b889e880b766,mc/mtl_p8_zm_esc_citadel_stairs_03
835b989e880b919,mc/mtl_p8_zm_esc_citadel_stairs_02
8363d0e4a2b6f25,p8_fxanim_zm_esc_warden_curtain_spawn_02_smod
8365c4c7909c6d5,shotgun_pump_restriction
8367170708054b5,ei/gfx8_spark_round_hdr
836dcb6b72a70ed,zdogfootstep_ladder_hand_zdog
8373ccd71549c96,ui_cam_icon_smg_fastfire
8376260fadcc332,presence/zm_escape
8379315ac69283c,icepick_trophy
837931ce185238c,hero_flamethrower
8380365f76f554b,quote_real_war_never_in_books
83840bfed0427fb,mc/mtl_p7_zm_nac_pallet_wood_rustic_02
83841bfed0429ae,mc/mtl_p7_zm_nac_pallet_wood_rustic_01
8384a4a15a8ff44,frag_grenade_zm
838af3e244f2c4c,weapon/system_disabled
83931fc38e2a4a0,i_mtl_wpn_t8_camo_afterlife_n
83937bfd5f10e7e,wc/t8_zm_esc_lava_flow
8393afc38e2b3eb,i_mtl_wpn_t8_camo_afterlife_g
8393efc38e2bab7,i_mtl_wpn_t8_camo_afterlife_c
8394efc38e2d5e7,i_mtl_wpn_t8_camo_afterlife_s
839a071f02b83f0,ar_an94_t8_upgraded_tunables_zm
839b914b042fe14,gamedata/ddl/generated/wz_progression.ddl
839d08fa3b89f16,zmb_ghost_seagull_spawn
839e5f12e61cdad,i_mtl_p8_zm_elixir_icon_immolation_liquidation_c
83a2457f6a180b2,ec/gfx8_spark_01_pcloud_em_pb_i16
83a3b1bb18ba876,scripts/killstreaks/killstreakrules_shared.gsc
83ab8b555ce9413,defaultplayerquietfootstep
83b2c6d4c380e93,splm/p8_cables_electrical_single_64_02
83bea9604340ceb,suppressed_ar
83c2bc969ca3e87,ei/gfx8_fog_slow_sm_anim_lit
83ce6bdc3961766,mpui/shots_hit
83d23933403cafa,mc/mtl_c_t8_bo_soldier_patch_prestige
83d7bb562344a45,mc/mtl_c_t8_mp_spe_battery_knight1_back_harness
83dbb8b3c0d3b21,trophy_system
83e9a86216946f9,em/tent
83eb33038ff5494,mc/mtl_p8_wz_ep_gun_toy_base
83f6cff7548d743,i_c_t8_camo_flecktarn_jungle_c
83f8a1c5110d4dc,shotgun_fullauto_t8_gold
83fa9c204fffef2,amb_paper_rustle
83fcde35d7e0c17,entity_knife_swipe_player
83fce43f3f0f0f2,i_t8_zm_gla_egy_stone_block_wall_01_n
83fcf43f3f0f2a5,i_t8_zm_gla_egy_stone_block_wall_01_o
83fd343f3f0f971,i_t8_zm_gla_egy_stone_block_wall_01_c
84011b3d9a7227c,mc/mtl_p7_zm_sta_shelf_wall_metal_1
84014b3d9a72795,mc/mtl_p7_zm_sta_shelf_wall_metal_2
840b12f8025bfaa,preround_period
840b7b398f4bb83,sniper_fastrechamber_t8
840eea3ee698367,rob_sonar_set_friendly_zm_ls
8411434acf4e931,ei/gfx8_liquid_streak_anim_lit
8415d2eb0d4074b,zm_ai/fx8_cata_plasma_aura
8416674febe9e27,sniper_powerbolt_t8_tunables_wz
841b98a2e011140,i_mtl_p8_zm_esc_cryo_chamber_pod_decal_01_c
841bd8a2e01180c,i_mtl_p8_zm_esc_cryo_chamber_pod_decal_01_g
841c1873b25b61c,scripts/core_common/ai/archetype_damage_effects.csc
841fc1755e40761,zm_talismanshielddurabilitylegendary
84227ac5b4075d2,weapon/fx8_shellejects_pistol_resting
84242d922e01326,score/assists
8426e7fc33b745d,ray_gun_tunables_zm
8427dd445bb9218,ar_damage_t8_upgraded_zm
843009c282e83f9,mc/mtl_p8_wz_ep_vintage_book_cover_01
84308e5d969005b,capture_time
84329b0ae550953,medal_concertina_wire_multikill_x2_summary
8433f823de2e710,mp_combat_training
843d640ba217f60,menu/extras_caps
843facdbe21c207,menu/fileshare_permissions
844b7026fd0f451,maps/zm_escape/fx8_walnut_teleport
844b80839355f58,paragon_wz_t8_43
844b9083935610b,paragon_wz_t8_42
844ba08393562be,paragon_wz_t8_41
844bb0839356471,paragon_wz_t8_40
844be083935698a,paragon_wz_t8_45
844bf0839356b3d,paragon_wz_t8_44
84557971c4f7c3c,events_automated_turret_objective_multikill_3
8457cb4699c33c8,pc_show_enemy_healthbars
845e858720ce671,mpui/hcbounty
8461d2fce932db1,boast_give_up_fem
8462e7d46a0e9f0,zombie/fx8_perk_altar_symbol_ambient_staminup
84653545060d78b,wc/t7_decal_blood_grunge_01
84674b17f312c8c,ei/gfx8_smk_md_thick_lobe_anim_em_pb_i16|dup
846d8e9a76a4a77,bonuscard_secondary_operator_mod
846f7e59ac8571c,mpui/desc_gridlock
847077627974c80,impacts/fx8_bul_impact_blood_limb_zm
8475d6172b19504,outfit_dotd_exo2_bundle_ajax_shop
847649e274f1933,eq_frag_grenade_zm
847b199dc1f81c7,mc/mtl_p7_wes_weapon_gun_set_pistol_anotherside_wood
847b8511647815a,ray_gun
8488557131f3e62,mc/mtl_wpn_tac_rifle_mid_burst_upperfront_mk2
848ffaebb6da076,menu/melee_attack
84903ada2f4b698,presence/mp_maldives
849450bac28d0a1,pc_ui_acceptinvite
84945affa66b68d,mc/mtl_p8_zm_esc_desk_decal01
8497b0faae322f5,wc/t8_ceramic_roof_tiles_01_orange
84984d6b9d02644,events_radiation_field_kill
849e7d09b0f3898,menu/survey_intro
849f3dc064bbf2f,wc/t8_zm_esc_rocky_dirt_01
84a8c6d2c1775dd,attach_t8_lmg_titan_ads_handguard_view
84a931e42e30058,zm_contract/rush_wins
84aab23869b774a,medal_care_package_killjoy
84b610d57c2f9ca,pc_expander_jumpstandmantle
84be509d895cade,wc/t7_decal_blood_puddles_01_dry
84c626739d69321,p8_kit_zt8_exd_05_trim_05_window_outside_curved_painted_metal_288_15
84cbd60811dfaa1,mcs/mtl_p8_zm_esc_warden_organs_kidney
84ce8b243faedb0,default_sprayorgesturelist
84cf4aaa607f8f5,mc/mtl_c_t8_zmb_dlc0_hero_bruno_right_pauldron
84d03655aeff778,en_zm_common_script
84d78686a733b7f,ui/fx8_theater_camera_head_glow_red
84d83fd50c8e825,mpui/rf_desc
84e0529e39a7e8e,tr_longburst_t8_tunables_mp
84e1eec5c33c992,mc/t8_glass_edge_trim_nocull
84e410ab74764df,zombie_perk_bottle_widows_wine
84e6a6a5ab216ca,medal_uav_killjoy
84ec61ebb0ebbc9,p8_kit_zt8_exd_05_railing_01_corner_inside_curved_painted_metal_32_01
84f27416cb486e2,scripts/zm_common/zm_melee_weapon.gsc
84f2908393e73e0,paragon_wz_t8_14
84f2a08393e7593,paragon_wz_t8_15
84f2b08393e7746,paragon_wz_t8_16
84f2c08393e78f9,paragon_wz_t8_17
84f2d08393e7aac,paragon_wz_t8_10
84f2e08393e7c5f,paragon_wz_t8_11
84f2f08393e7e12,paragon_wz_t8_12
84f3008393e7fc5,paragon_wz_t8_13
84f3508393e8844,paragon_wz_t8_18
84f3608393e89f7,paragon_wz_t8_19
84f5590d2ac48f8,scripts/autogenerated/luielems/cp/full_screen_movie.csc
84f98b67f9508e1,ww_blundergat_fire_t8_unfinished_tunables_zm
84fdf4b41cd6825,i_attach_t8_pistol_revolver_uber_diamond_mk2_n
850c05fa9fa7ff8,reload_large
852485a1051a788,i_mtl_p7_jun_foliage_tree_burnt_bark_c
852ac0839418850,paragon_wz_t8_07
852ad0839418a03,paragon_wz_t8_06
852ae0839418bb6,paragon_wz_t8_05
852af0839418d69,paragon_wz_t8_04
852b00839418f1c,paragon_wz_t8_03
852b108394190cf,paragon_wz_t8_02
852b20839419282,paragon_wz_t8_01
852ba083941a01a,paragon_wz_t8_09
852bb083941a1cd,paragon_wz_t8_08
8530d59eb5d4048,ei/gfx_fog_slow_wide_sm_anim_em_pb_i16
8535aeb9e457f37,scripts/zm_common/zm_laststand.gsc
8539dade7ded104,mpui/extclip
853ec4543b9401c,ei/gfx8_water_ripple_anim_em_pb_i16_nocull|dup
854081282804166,mcs/t7_zm_ctl_plaster_int_01_white
8542970511ffee3,zm_contract/fast_travel
854584bfe3b09a4,gd_c_t8_mp_spe_firebreak_cop_lowerbody1
854630e69ad3947,mc/mtl_wpn_t8_zm_shotgun_trenchgun_strap_base
8546353622315e0,sprint_rumble_start
8548edec29310ba,mc/mtl_wpn_t8_pistol_burst_plate_sig_01
854c4833fe59c97,splm/t7_decal_grunge_calcium_drip_02_blend_rust
854e235ec734440,i_mtl_wpn_t8_shotty_prec_lower_base_o
854e335ec7345f3,i_mtl_wpn_t8_shotty_prec_lower_base_n
854e435ec7347a6,i_mtl_wpn_t8_shotty_prec_lower_base_m
854ea35ec7351d8,i_mtl_wpn_t8_shotty_prec_lower_base_g
854ee35ec7358a4,i_mtl_wpn_t8_shotty_prec_lower_base_c
854fe35ec7373d4,i_mtl_wpn_t8_shotty_prec_lower_base_s
855b1083943c6a6,paragon_wz_t8_38
855b2083943c859,paragon_wz_t8_39
855b7083943d0d8,paragon_wz_t8_32
855b8083943d28b,paragon_wz_t8_33
855b9083943d43e,paragon_wz_t8_30
855ba083943d5f1,paragon_wz_t8_31
855bb083943d7a4,paragon_wz_t8_36
855bc083943d957,paragon_wz_t8_37
855bd083943db0a,paragon_wz_t8_34
855be083943dcbd,paragon_wz_t8_35
855d4309ca89927,wc/mtl_p7_ris_tarp_blue_creased_nocull
85608f9f71b4dd0,scene_frontend_t8_mp_fem_team_1
85609f9f71b4f83,scene_frontend_t8_mp_fem_team_0
8560af9f71b5136,scene_frontend_t8_mp_fem_team_3
8560bf9f71b52e9,scene_frontend_t8_mp_fem_team_2
8560cf9f71b549c,scene_frontend_t8_mp_fem_team_5
8560df9f71b564f,scene_frontend_t8_mp_fem_team_4
85613bf610701d4,wc/t7_spa_cloth_carpet_security_grey
856594e5fe07c2e,gd_c_t8_mp_spe_spectre_lowerbody1
8565aedd5fbb5b8,activecamoinfo_t8_take_it_personally
856804086d49d61,elo_pistol
85699066c8c4f0c,pb_fem_lobby_wz_pos_03
8569d813d145e18,loot_season_4_postseason
856a031e976516b,zmui/ztutorial_desc
856feff4cbc8ef0,ar_damage_t8_tunables_mp
857136905a991de,p8_zm_esc_pipe_metal_4_32_rust
8573e2e720dcab1,mc/mtl_p7_zm_zen_proto_machine_electric_shelf
8573f87ad6a6329,damage_launcher
857609dab2686fc,c_t8_zmb_mob_zombie3_dst_def
858343d3fea4a44,splm/mtl_p7_zm_asc_train_bracket_dirty_01
858373d3fea4f5d,splm/mtl_p7_zm_asc_train_bracket_dirty_02
8585ce4b2360c38,scope_pistolscope_pistol_revolver_restriction
85897836cd3007d,special_crossbow_t8_tunables_mp
858a6319714b9c4,mc/mtl_p8_zm_zod_light_fixture_million_suite_triple_bulb
858a86f018a0a33,i_mtl_p8_zm_esc_perk_vending_soda_decal_02_c
85936083946de7c,paragon_wz_t8_29
85937083946e02f,paragon_wz_t8_28
8593a083946e548,paragon_wz_t8_25
8593b083946e6fb,paragon_wz_t8_24
8593c083946e8ae,paragon_wz_t8_27
8593d083946ea61,paragon_wz_t8_26
8593e083946ec14,paragon_wz_t8_21
8593f083946edc7,paragon_wz_t8_20
85940083946ef7a,paragon_wz_t8_23
85941083946f12d,paragon_wz_t8_22
85952acc6d0c1b0,menu/purchase
85956d66eb48394,mc/t7_decal_blood_puddles_01_dry
85959da897dcba4,menu/store_code
8596bc069593313,prt_wz_firebreak
859c0cb14ffa1b7,ei/gfx_exp_alpha_anim_em_gp_i16_desat|dup
85aacfbc6be69b4,splm/mtl_p7_debris_concrete_rubble_med_04_warm
85acc3e1b4ca46b,medal_rcxd_killjoy
85b3b571eb7a397,boot_time
85b404e7bd35400,platform/mode
85b656efb0fd0f8,shotgun_trenchgun_t8_upgraded
85b7ee7e3edf2ac,emp_shock
85c0447ffcf9bee,extclip_wz
85c407ef6d01a23,vd/t7_decal_blood_grunge_01
85c6ac71e1e9b15,veh_bo3_mil_apc_riders
85c6b3c9af41ca2,mc/mtl_p8_zm_zod_light_morse_lamp_light
85c9e2c845de256,events_vision_pulse_objective_enemy_pulsed
85cc34e79f9814d,gd_c_t8_mp_spe_battery_superhero_lowerbody1
85cec24b7fe0527,player_respawn_delay
85d0d5e33d6802b,sniper_quickscope_t8
85e25d7d1bc21bd,acog_ar_damage_t8_tunables_mp
85e46fa335c5b8a,mc/mtl_p8_zm_esc_packasplat_engine_base_white
85e4db5e8bd3129,volumetric_light_scatter_compute
85ee556a46c1860,c_t8_zmb_mob_brutus
85eedc1d3cd8c52,extclip
85f1439b8183dd5,impacts/fx8_bul_impact_glass_uw_sm
85f8a52dff8d4ec,mpui/reflect
85fb049d358cde8,mp_teamkill_punish_count
85fb8ce34d84c4b,mp_koth_squad.ai_htn
8610b6f10363e43,key/kp_leftarrow
8614e9b589b3f95,weapon/fx8_muz_ar_galil_3p
861afd0e0adbd4d,entity_rifle_player
861c1d79609c1f1,zombie_perk_totem_deadshot
8620329e3ab2432,tr_longburst_t8_tunables_wz
862051271956427,zm_elixiralchemicalantithesis
862f2143d364d1d,ei/gfx8_snow_flake_flurry_em_pb_i16
86326a20415978d,dualoptic_sniper_mini14_t8_tunables_zm
86350de2c8119f7,zombie/fx8_perk_blaze_phase_trail_emit
8640da9220f8485,pc_rgb_disabled
864152d2c19b238,vd/t8_zm_esc_cracks_walls_01
86423725091afbd,events_automated_turret_kill
8651b3232abdcb6,quote_you_just_cant_beat_a_person_who_wont_give_up
8654bcdffc6d5ed,ai_vign_zm_mob_pod
8657b32591bdb79,ztable_office_open
8658f77fe7aade8,p8_kit_zt8_exd_05_railing_04_post_painted_metal_01
865a7857e4aa44d,brutus_melee_zm
865c2c17a1f1526,o_t8_zm_zombie_board_2_repair
865e12bb2b2a8f5,mc/mtl_wpn_t8_zm_perk_bottle_foam_victorioustortoise
8666fe0cdb7f803,attachment_extclip2_sniper_powersemi_restriction
866b7cee6f88d6a,mcs/mtl_p7_wires_electrical
8675d9299e8a99d,ei/gfx8_spark_single_em_gp_i16|dup
86767da92adb29b,mc/mtl_c_zom_player_reporter_body
867be59364dd53b,menu/redeem
867c43303f826f8,ei/gfx8_liquid_drop_em_gp|dup
867d52f7a86b003,mc/mtl_p7_zm_vending_flopper_blood
867d70900f4b6b5,gts_pvp_only
8684ee114815e31,i_wpn_t8_pistol_standard_decal_sig_01_s
86859e1148170e2,i_wpn_t8_pistol_standard_decal_sig_01_n
8685a9b58a172a7,weapon/fx8_muz_ar_galil_1p
86862e11481802d,i_wpn_t8_pistol_standard_decal_sig_01_g
86884aae31003e5,challenge/precision
868b70351712f6e,ar_stealth_t8_gold
869223ac06ba6f0,mastercraft_vampire_hunter_pixel_bundle_shop
8693be301cbd3b9,mc/mtl_c_t8_bo_hero_old_woods_robe_lower
86a3ae315dc4f3c,loot_emote_exotic_shared_lunchtime_shop
86a7031be0117c2,em/two
86aace4927abd25,medal_clean_multi_deposit_normal
86acf8cd80eba8b,explosions/fx8_exp_rocket_lg_snow
86aeee239c2ba2a,pc_zm_cartoonmode
86b2b8ba5abf6e5,menu/use_equipment
86b910c6f081cc0,camo_active_sig_pistol_revolver_cyberpunk_base_bribe_free
86bdc9a8dfe1c4f,mcs/mtl_p7_fxanim_gp_plastic_tarp_cover_blue_s3
86c6126ccd12bb8,pc_ui_nexttab
86d2258723b7185,vd/t8_decal_blood_streaks_wall_light_01
86d43ddb787d24a,splm/mtl_p7_pipe_metal_hp_4_01_grey_dk
86d975c3ede75db,mc/mtl_p8_zm_esc_packasplat_engine_base_02
86de208aa7bcec0,weapondeathfx_confetti
86e622b637828e8,pc_combataxe_toggle
86e623e31860b84,boast_megaphone_fem
86e9dedf9ce846d,quote_deadliest_weapon_in_the_world
86e9fdb12a44820,vd/t8_decal_damage_blast_impact_01
86ee08879c95795,mc/mtl_p8_zm_esc_pipe_metal_decal_solder_01
86f00b14820673d,events_annihilator_objective_kill
86f264dc5fd1d81,loot_emote_exotic_shared_magician_hat
86f37745c591077,activecamoinfo_t8_fast_direct_action_kills_symbiosis_zm
86fb4e705f2cd23,mc/mtl_zm_perk_stronghold
86febb191ba3386,eq_collapse_grenade_wz
8707d569d312f76,splm/mtl_p7_slu_plank_wood_set_decal
870e86c773803b5,pc_monitor
870ebae9604fd79,vd/mtl_p8_zm_esc_decal_paint_concrete_white_blend
871913c569620bf,sig_lmg_alt_mp
871bd97f28d7444,mc/mtl_wpn_t8_ar_stealth_sig_02_side_top_pocket
871e28dd4a86b4e,zombie_cartoon
87239ca28a32e04,ei/gfx8_shockwave_elec_anim_em_pb_i16
87283fe1f3162c0,p8_wz_ep_lamp_robot_leg
872bcd1b82f437d,splm/p8_zm_esc_warden_house_wood_handrail_32
872c9b44ecd89cf,notosans_regular
872d40f0db1027d,zombie/survived_round
8731229e3b9b0e2,tr_longburst_t8_tunables_zm
87331e21ca3802a,reaperfoley_walk_plr
8734a8d53602e1a,mod_aat
8735aac29077c20,gamedata/ddl/generated/dlog_event_loadouts.ddl
873731f0969d04a,pc_expander_textchat
873c08c2ade7b96,mpui/bbtdm
873d2e43d4830da,zombie_perk_totem_dying_wish_zm
874506d3bfcc38c,ui/mod_head_shot
87450cb2b95060f,pc_sfx_volume
87457cd189f982e,menu/craft_layers
87488a61eaa0973,warzone/compass_southeast
874a5f8082e359b,mc/mtl_wpn_t8_zm_smg_primary_sight_alt
874e8f29926f448,beam8_zm_scepter_ray
875529a63b2a197,default_sprayorgestureitem
875f6889f2f8ecf,splm/p8_zm_zod_curtain_hanging_rod_straight
8769728eaec63cc,wc/t8_zm_gla_cel_stone_wall_cut_01
876b8099628e81a,scope_is_sniper_powerbolt_restriction
8776d8e15183728,i_mtl_p8_zm_esc_magic_box_light_e
877ff6ec301daa5,scripts/core_common/audio_shared.csc
8795a5d411699b4,mc/mtl_p8_wz_ep_gun_toy_receiver
879cb08e3f4c598,el/gfx8_chakram_trail_em
879d5d80a5e68d4,gsol_zm_shield
87a0cc7dcac9e0f,ei/gfx8_smk_tendrils_varied_em_gp_i16
87a6bbc1c939fc4,hero_sword_pistol_lv2
87a6cbc1c93a177,hero_sword_pistol_lv3
87a6ebc1c93a4dd,hero_sword_pistol_lv1
87a7964a68bbf90,attachment_steadyaim2_pistol_burst_restriction
87a82191862a2e0,wc/t7_decal_tech_panel_inset_normal_17
87a8659a829da3c,medal/completed_match
87aacc5c754b9b0,key/use
87ab5ded7fb1b6f,freezegun_impact
87ac1e857f44064,mc/mtl_p8_zm_esc_warden_cabinet_wood_02
87ac4e857f4457d,mc/mtl_p8_zm_esc_warden_cabinet_wood_01
87ada7b56e46c3a,events_supply_pod_used
87b0a277f1c77e5,pc_ui_cutlayer
87b2693615ab91a,zombie_bgb_grab_zm
87b5c7307bf0f51,emotes/annihilation
87ba8653795b277,sig_lmg_mp
87c0230505673f9,zombie/craft_riot
87c92656e7ac7d1,scripts/core_common/ai/planner_generic_commander.gsc
87c9d61a3851db2,zm_inventory_orange
87ca03b9d73ca5c,explosions/fx8_exp_bomb_surface_metal_child
87cab73573849d7,mc/mtl_p8_wz_ep_briefcase_socks
87cc35a2d6637c2,impacts/fx8_bul_impact_fireworks_runner_fatal_uw
87d0473700e6140,scripts/core_common/clientfield_shared.gsc
87d28b935d29b2c,impacts/fx8_bul_impact_fireworks_limb_fatal_exit
87d5793b6fba873,boast_dracula
87d5ccc961427db,zm_winter_2018_reward_4
87d5fcc96142cf4,zm_winter_2018_reward_1
87d61cc9614305a,zm_winter_2018_reward_3
87d62cc9614320d,zm_winter_2018_reward_2
87e8dfeb572aa4f,wc/t8_concrete_wall_poured_01
87ebd31a8b55eaf,menu/level
87ee71d246b8dc6,activecamoinfo_t8_kill_counter
87f069c95d155da,medal_kill_enemy_one_bullet
87f3d1b0f3dbe88,entitlementlist
87f796b9df7b16a,el/gfx_desat_tracer
87f96878663474e,pistolscope_wz
87f98b0e40cc796,zmui/fmj2_desc
87feabbb470eb31,mc/mtl_attach_t8_smg_fastfire_muzzle_wz
8806228b2ed3848,pc_play_hitmarkers_sfx
881142feb8d9d46,menu/use_spawngroups
88114e093bdea00,hero_hammer_lv3_zm
881337fbc905e1d,i_attach_t8_pistol_revolver_scope_diamond_mk2_n
882819e0e994941,zm_talismanboxguaranteelmg
8829d56b3fbd75b,hero_flamethrower_t8_lv1
8829e56b3fbd90e,hero_flamethrower_t8_lv2
8829f56b3fbdac1,hero_flamethrower_t8_lv3
882bd90a36b05bb,ges_plyr_gesture003_zm
882d18332855a1b,loot_ui_icon_tags_warriors_ruin
882e337d28ec4df,special_ballisticknife_t8_dw_upgraded
882fdb1598fc95d,vd/t7_decal_blood_puddles_01_dark
883175a343269c2,loot_lmg_mark_48_seal_mk2_bribe_free
88380710fe38f70,mp_loadouts_offline
8839d33ada68a16,ei/gfx_dust_heli_swirl_anim_em_gp_i16|dup
883a7751d722379,ei/gfx_fire_candle_sm_1_anim_em_pb_i16_desat|dup
88409915f198cc0,menu/lb_score
8842148a233df48,ei/gfx8_liquid_splat_em_gp_i16|dup
8846515dc62093f,mc/mtl_c_t8_zmb_dlc4_hero_misty_jeans_r
8847b15dc622ea1,mc/mtl_c_t8_zmb_dlc4_hero_misty_jeans_l
88495647d7cf65f,mc/mtl_p7_zm_asc_pipes_electrical_set_metal_01
88496647d7cf812,mc/mtl_p7_zm_asc_pipes_electrical_set_metal_02
88497647d7cf9c5,mc/mtl_p7_zm_asc_pipes_electrical_set_metal_03
8859a836cf9f381,special_crossbow_t8_tunables_zm
885e05c82ed5db6,reaperfoley_ladder_hand_npc
885ee836ac2953b,activecamoinfo_t8_sig_lmg_spray_venom_wz
8860af58c34c7dc,gadget_vision_pulse
886451ca11ad90e,outfit_warrior_epic1_wetworks_seraph_sunset_bundle_shop
8872b460327dacf,i_mtl_p8_zm_dying_wish_perk_totem_bronze_horn_top_m
8872c460327dc82,i_mtl_p8_zm_dying_wish_perk_totem_bronze_horn_top_n
887acc53e18c42f,mcs/mtl_p8_zm_zod_clothes_shirt
8885f060438a752,mc/mtl_p7_mou_pallet_wood_snow_decal_wood
88874ff85fb3008,wc/t8_metal_beam_trim_02_gray
8888884978f5233,loot_tags_graffitiskulls_01_shop
888b176f495ea4f,scripts/zm_common/zm_equipment.gsc
888d1367d69b3a7,waterballoon
88909a032bc1d60,wc/t7_zm_ctl_metal_diamond_plate_worn
8890ba2043638e9,dualoptic_sniper_mini14_t8_tunables_mp
88916c1df1b4675,mc/mtl_p8_zm_esc_nixie_decal_weld
889fee9bcf0360a,ei/gfx_web_strands_02_em_gp_i16|dup
88a23253e5ea3c2,ei/gfx8_spark_blink_anim_em_gp_i16
88a28d7d1e161c1,acog_ar_damage_t8_tunables_zm
88a513c4238c9c5,entity_pistol_swipe_npc
88a63b50c1e64bb,mc/mtl_p7_zm_kin_clock_mantel_metal_01
88a8085f9f33610,i_mtl_p8_usa_vista_crane_control_decal_n
88a8d85f9f34c27,i_mtl_p8_usa_vista_crane_control_decal_c
88aba4e402515fc,attachment_clantag_ar_damage_restriction
88ad94d7fc21074,gd_c_t8_mp_spe_seraph_cop_lowerbody1
88ae57dbd792b20,ei/gfx_exp_underwater_bubble_em_pb_i16|dup
88ae60edf632dae,heroes/blackjack
88c37446a59bea4,mcs/mtl_p7_zm_sta_luggage_vintage_set_components01_metal
88c50b78845ba77,medal_seeker_shock_mine_paralyzed_headshot
88c5c81dd39eed3,wpn_t8_zm_elixir_liquid_epic_world
88ceb3b9ae00ad1,menu/exit_caps
88d2b20034e39c8,wc/t8_decal_grunge_puddle_01
88dad79155c522e,eq_shroud_tunables_mp
88db849e259f2fb,defaultrumble
88f5456dbadc611,mc/mtl_p7_zm_moo_radar_dish_vista_set_dirt_04
88f5556dbadc7c4,mc/mtl_p7_zm_moo_radar_dish_vista_set_dirt_03
88f5656dbadc977,mc/mtl_p7_zm_moo_radar_dish_vista_set_dirt_02
88f5756dbadcb2a,mc/mtl_p7_zm_moo_radar_dish_vista_set_dirt_01
88f9c02c4d7f976,events_cluster_semtex_multikill_3
88f9d02c4d7fb29,events_cluster_semtex_multikill_2
88f9e02c4d7fcdc,events_cluster_semtex_multikill_5
88f9f02c4d7fe8f,events_cluster_semtex_multikill_4
88fa102c4d801f5,events_cluster_semtex_multikill_6
88fbf10bb091b22,zm_talismanweaponpapcost
88fe06988471765,weapon/supply_pod
890412edfa79a7c,em/sharp
8909878abd87744,mc/mtl_wpn_t8_tr_midburst_details_sig_02
8909b78abd87c5d,mc/mtl_wpn_t8_tr_midburst_details_sig_01
8913bb17653a8db,mc/mtl_attach_t8_loot_ar_an94_ext_barrel_01
8914107b53b8bcc,dw
89143b27d35173e,p8_cigar_lit
8915486b174d015,splm/p8_zm_esc_power_house_stair_metal_corner
8918526d48e03ff,loot_ar_accurate_sig_01_sunset_bundle_shop
891b89bdb9c5c84,weapon/hero_chakram
891c839e650c67a,fxt_tracer_beam_dead_turret_mask
891d42756dc530b,activecamoinfo_t8_rapid_kills
891ddb30f6d6734,mc/mtl_p7_zm_moo_electrode_teleporter_decal_trace
8921bb125b28b77,mc/mtl_p8_zm_esc_lab_monitor_main_01
89239873e62d1d3,i_wpn_tac_rifle_mid_burst_frontend_mk2_n
89255873e630167,i_wpn_tac_rifle_mid_burst_frontend_mk2_r
89279de891e16a9,events_sensor_dart_objective_multikill_3
89287b3f5a1f0a4,beam8_wpn_amulet_idle
892ff88f17498fa,smg_vmp_t8_bribe
8932d2054c58cd0,zm_bgb_equip_mint
893732e4cac10b8,loot_ui_icon_tags_warriors_seraph
893f839f94e8b35,pc_motion_blur
893fae07d3ff214,mc/mtl_p7_zm_kin_printer_office_big_metalpaint_blue
894155cb1e8c932,platform/mouse
8941683df037f9b,wc/t7_ntx_metal_grate_flooring
8943cb8b497ff00,emotes/campfire
8945b1f9dd0f7b0,acog_tr_longburst_t8_upgraded_tunables_zm
89473d87754d61b,zombie_homunculus_zm
894b23015ff2626,maps/zm_escape/fx8_glow_eye_blue
8953a07b53f68be,gl
8958fb54928e46e,scripts/core_common/flagsys_shared.csc
89658c69fd837f8,mc/mtl_p7_zm_isl_medical_stool_metal_01
8965ac69fd83b5e,mc/mtl_p7_zm_isl_medical_stool_metal_03
8965bc69fd83d11,mc/mtl_p7_zm_isl_medical_stool_metal_02
8965dc69fd84077,mc/mtl_p7_zm_isl_medical_stool_metal_04
896f0662478bcf0,dualoptic_lmg_standard_t8_upgraded_tunables_zm
897061e92ee5bfc,aar/rewards
897490f4097b694,vd/t8_decal_blood_handprint_wall_pounding_light_01|dup
8988a4f93c43a67,aib_vign_zm_mob_traverse_dock_fence_actor_2
8988fdbc78d6c53,scripts/weapons/weaponobjects.gsc
898c75ce77fb524,i_mtl_p8_zm_zod_toilet_first_class_bathroom_grunge_wood_n
898ca5ce77fba3d,i_mtl_p8_zm_zod_toilet_first_class_bathroom_grunge_wood_m
898cf20bafaa515,ei/gfx_water_splash_radial_anim_em_pb_i16|dup
898e3eb1fcc7d86,mp/battleshield_hint_press
898ffb7db87f879,i_mtl_wpn_t8_smg_fastfire_sights_sig_01_g
89903b7db87ff45,i_mtl_wpn_t8_smg_fastfire_sights_sig_01_c
89906b7db88045e,i_mtl_wpn_t8_smg_fastfire_sights_sig_01_n
89907b7db880611,i_mtl_wpn_t8_smg_fastfire_sights_sig_01_o
89913b7db881a75,i_mtl_wpn_t8_smg_fastfire_sights_sig_01_s
8995ae256682914,gd_c_t8_mp_spe_recon_samurai_lowerbody2_cst
899a042c417a5a0,impacts/fx8_bul_impact_fireworks_limb_nonfatal
89ae06c844da13e,fmj2_pistol
89b4e745c7e7277,activecamoinfo_t8_fast_direct_action_kills_symbiosis_wz
89b9c27e4b7ca25,gsoc_zm_perks
89c137c2f4eb4cf,mc/mtl_veh_t8_drone_seeker_shocker_white
89c40d24f2f164f,zm_weap_gravityspikes_vortex
89c47e157805c38,talisman_perk_reducecost_4
89c4ce1578064b7,talisman_perk_reducecost_1
89c4de15780666a,talisman_perk_reducecost_2
89c4ee15780681d,talisman_perk_reducecost_3
89c5cedc5a1f9c8,ability_dog
89c623974b25390,ei/gfx8_debris_ember_em_pb_i16
89c6588fa1a6380,i_mtl_p8_zm_esc_cypher_08_c
89cf1420a8398fe,menu/player_caps
89d0bc9c10726fb,zm_weapons/fx8_tomahawk_pickup
89d1e07f6e486b1,weapon/sniper_mini14_t8
89dd623c8fd2703,i_mtl_p8_wz_ep_foam_finger_g
89dda23c8fd2dcf,i_mtl_p8_wz_ep_foam_finger_c
89ddb9ff540bc9e,eq_decoy_grenade_tunables_wz
89ddd23c8fd32e8,i_mtl_p8_wz_ep_foam_finger_n
89dde23c8fd349b,i_mtl_p8_wz_ep_foam_finger_o
89e067f1a8b2f83,mp/battleshield_hint_toggle
89f09b84c162e3e,ei/gfx8_spark_round_hdr_desat|dup
89f50a5ab4ee929,menu/join_result_full_version_required_title
89f75b4231c443c,wz_open_skyscraper_death_circles_one_circle
89faf0e3a744e33,attachment_clantag_tr_powersemi_restriction
89fe6a116a1ee1f,mpui/damage_done
89ffd51988697d4,splm/p8_zm_esc_bldg_64_stairs_x3_lrg
8a026c6b27b019f,p8_zm_esc_sign_reg_clothing
8a0894957bb1498,wraith_fire_steam_zm
8a13e658cb52844,wc/t7_brick_trim_worn_dirty_red
8a16b9c726d4812,camo_dlc2_smooch_shop
8a1bafe30d7da94,gamedata/ddl/generated/dlog_event_mpxp.ddl
8a1cf94c609ff52,pc_show_real_names
8a1da9ee821c9e3,pc_expander_prone
8a247c302b06203,ei/gfx_fire_candle_sm_1_anim_em_gp_i16
8a29837a0e5cd48,outfit_warrior_epic1robber_ruin_shop
8a2b56939a972ee,special_crossbow_t8
8a2f9d77c7cc3d2,splm/p8_zm_esc_concrete_destroyed_base
8a39b7460bcb9a1,mc/mtl_p8_zm_esc_lab_monitor_metal
8a3b1bb41f4483e,i_mtl_p8_zm_elixir_icon_sword_flay_c
8a3bf953110baea,scene_frontend_t8_zm_male_team_3_diego
8a3d2684056d788,zmui/zodt8
8a45c77b90bafe2,entity_rocketshield_npc
8a4e60712353b69,mpui/mk_desc
8a4f7aabbc1a245,pc_fire
8a51bff4cfee188,ar_damage_t8_tunables_zm
8a5344bbc451046,pistol_revolver_t8_upgraded_zm
8a54abd492b3d1b,mc/mtl_p8_zm_esc_bldg_64_wood_storage_wood
8a61050e241e705,medal_killstreak_more_than_30
8a67de0416d7948,objectives/koth
8a684cc66d24121,ei/gfx8_water_bubble_md_em_pb_i16
8a6ec9b39623071,medal_lightning_strike_kill
8a7206d6233f4d5,prt_wz_sergei
8a7e7fc5e25144b,wc/t7_glass_frosted_condensation_transparent
8a8645808ae1a13,pc_ui_group
8a8a2d6d70fbc5d,wz_character_mason
8a8c5e36e4dfab2,rob_key_charging
8a8f647842632f1,mc/mtl_c_t8_bo_soldier_seal_ar1_pants
8a9089b39cb91ab,presence/mp_offshore
8a92677478f2e1b,heroes/decal
8a92699a7cd5eb3,platform/controller_sound
8a954b0cb9f04e2,melee_stopsign_t8
8a97ef1c1b24759,wc_perk2gluttony_restriction
8a980198a51e72b,melee_actionfigure_t8
8a9d13cb3c99494,pc_expander_pushtotalk
8a9d6d210c6c206,events_battle_shield_activation
8aa3a2f86dc11eb,splm/p8_zm_esc_citadel_concrete_beam_01
8aa5247d6b46232,i_attach_t8_sniper_vanguard_fmj_01_o
8aa5347d6b463e5,i_attach_t8_sniper_vanguard_fmj_01_n
8aa5647d6b468fe,i_attach_t8_sniper_vanguard_fmj_01_c
8aa5a47d6b46fca,i_attach_t8_sniper_vanguard_fmj_01_g
8aa6647d6b4842e,i_attach_t8_sniper_vanguard_fmj_01_s
8aa6812c38263ba,prt_zm_nikolai_whi
8aab585ea255b38,acog_sniper_locus_t8_tunables_zm
8aaba5c7c8a1e98,events_vision_pulse_multikill_2
8aabb5c7c8a204b,events_vision_pulse_multikill_3
8aabe5c7c8a2564,events_vision_pulse_multikill_6
8aac05c7c8a28ca,events_vision_pulse_multikill_4
8aac15c7c8a2a7d,events_vision_pulse_multikill_5
8aade9f5a47d94f,medal_rcxd_kill
8aaff836ae1ce5b,activecamoinfo_t8_sig_lmg_spray_venom_zm
8ab214a9019e01c,attachment_damage_pistol_fullauto_restriction
8ac5c9ff2f04bea,zm_elixirphantomreload
8acbcb110b2626c,zm_contract/office_rounds
8acdac066fc81c2,camo_dlc2_benjamins_shop
8ace08d186e5db5,wc/t8_zm_esc_cracks_floor_01
8ad1787b99b08b8,swatpolice
8ad2cc2afc02a5e,attachment_clantag_sniper_fastrechamber_restriction
8ada48e694bfe2c,menu/delete
8adcbbbccee5e60,scripts/autogenerated/luielems/core/interactive_shot.csc
8adf19c95e8d435,gesture_dance_bundle
8adf2fda88f3b6f,mc/t8_plastic_base_clean_glossy_red
8ae1c5b1cbb75bb,splm/mtl_p8_kit_zod_sta_05_column_decal_inset_01
8ae1d5b1cbb776e,splm/mtl_p8_kit_zod_sta_05_column_decal_inset_02
8ae302374d576cf,tr_damageburst_t8_upgraded
8ae8a678b12e5e5,menu/lb_headshots
8aeacf7192bd07b,mc/mtl_p7_zm_ctl_chemistry_kit_cork
8aee7175fb9dba4,p8_zm_esc_door_frame_security_extend
8aee947e0637858,mc/mtl_p7_spl_weapon_toy_sword_01_silvery
8af10ff4d07235c,ar_damage_t8_tunables_wz
8afb587aed12e1c,feature_default_class_5
8afb687aed12fcf,feature_default_class_4
8afb887aed13335,feature_default_class_6
8afe045609b0cd1,mc/mtl_p8_zm_esc_perk_vending_cola_red_metal
8b061894981d613,wc/t7_cloth_carpet_checker_01_blue
8b07da941955a79,ei/gfx8_shockwave_anim_lit
8b08b1e3abe13bc,ei/gfx8_dust_mote_long_lit|dup
8b09871eb37ced4,zm_escape_walnut
8b0ebea10d5a554,ui_cam_cac_ar_an94
8b117d16a96acb4,menu/widows_wine
8b18d836d1f1855,special_crossbow_t8_tunables_wz
8b1ad4ef120fca2,loot_ar_stealth_mk2_bribe_free
8b22e0f7d6fbc1a,attachment_extbarrel_tr_powersemi_restriction
8b30c3346f42a98,scope_reflex_smg_capacity_restriction
8b372862db33839,mc/mtl_p7_trunk_steamer_lrg_paintred_bld
8b38bc1c93073be,sniper_powerbolt_t8_upgraded_tunables_zm
8b38fa134e54223,smg_vmp_t8
8b411118a61e00b,scripts/core_common/callbacks_shared.csc
8b428bea297466e,tr_longburst_t8_upgraded_zm
8b484298ae7d4a7,warzone/minimap_square
8b497be6d1e8e43,scene_frontend_t8_seraph
8b4f634664131ee,escalation_enabled
8b52daf0accb4c4,i_mtl_p8_zm_zod_lifeboat_flag_metal_n
8b530af0accb9dd,i_mtl_p8_zm_zod_lifeboat_flag_metal_m
8b59fbe2fbc8657,ei/gfx_fog_slow_wide_md_anim_em_pb_i16
8b606880a23605f,wc/t7_spa_cloth_carpet_security_yellow
8b6540ea799b6f9,charm_plant_eggplant
8b67b8f9d9a7f0e,heroes/spectre
8b68a143f640ba9,mc/mtl_p7_jun_bucket_chum_water_rust_decal
8b6c2bcaaa94ab4,mp_playersounds
8b6cfdf213fb478,zm_zombiespread
8b71694a9eb85b5,maps/zm_escape/fx8_lighthouse_explosion_xsm
8b74407b55c6022,ir
8b745f116ab1b97,ar_galil_t8_zm
8b812cd0c50e09b,hero_sword_pistol_lv1_zm
8b8f41f5f86f33b,mc/mtl_p8_zm_esc_fan_trap_screw
8b8fb8821c1787e,wc/t7_cobweb_corner_01
8b916b11cee309e,explosions/fx8_exp_rocket_glass
8b9272a4130eb14,quote_all_that_is_necessary_for_evil_to_succeed
8b94b24c257b6ea,outfit_benjamins_legendary1_firebreak_shop
8b9830a0deee36a,events_war_machine_vanguard
8bb02d76697fab5,tabun_gas_nokick_mp
8bb75631596b5ce,gamedata/ddl/generated/mp_loadouts_custom.ddl
8bb7d93747987a1,prt_wz_stanton_dlc0
8bb92216a655f60,mc/mtl_p7_zm_mob_cell_sink_set_blood_horrific
8bbd5e2e6d62625,zombie/ra
8bbf970ca91a557,presence/mp_firingrange2_alt
8bc38ba30aece69,zombie/soda
8bc8e2c69f119c6,events_battle_shield_savior
8bcdd5cab80b581,mc/t8_zm_esc_plaster_wallpaper_vintage_pattern_01
8bcee93cabc32e0,mc/mtl_p7_zm_kin_table_wood_decal_04
8bcef93cabc3493,mc/mtl_p7_zm_kin_table_wood_decal_05
8bcf493cabc3d12,mc/mtl_p7_zm_kin_table_wood_decal_02
8bcf593cabc3ec5,mc/mtl_p7_zm_kin_table_wood_decal_03
8bd0acaba0837e2,events_seeker_shock_mine_deployed
8bd2b7d101e45dd,ei/gfx_exp_billow_md_anim_em_pb_i16_desat|dup
8bd341953b58325,explosions/fx8_exp_rocket_snow
8bd60285a6d99eb,outfit_dotd_exo2_bundle_battery_shop
8bd8dd966b4310e,mc/mtl_p8_zm_zod_wall_box_electrical_sml_set_metal
8bdd7f912e1e764,mpui/perks_caps
8be496d122061c2,loot_emote_exotic_shared_hula_hoop_shop
8be4c0edf0119d2,impacts/fx8_bul_impact_wz_dirt_base_xlg
8beb50ae38e1d30,p8_zm_esc_infirmary_steps_02
8beb7e0db26fa7d,wz_character_reznov
8beb80ae38e2249,p8_zm_esc_infirmary_steps_01
8bebf6517dcd233,menu/talent_resistance
8beec53fe78e666,mc/mtl_wpn_t8_zm_smg_primary_bullet
8bf066333014621,zm_weapknife
8bf6462b162891a,zm_powerups2x
8bf74f5d43b4ebd,mc/mtl_mphd_forklift_main_frame_grey
8bf76f79e90f6cf,menu/move_right
8bfaf5d14337a27,mpui/autoassign_desc
8bff409f2edf0a0,mc/t7_plastic_black_matte_fine_bump
8c0100c581630df,scope_holo_ar_standard_restriction
8c030b05d6551a3,mc/mtl_p7_spl_weapon_toy_sword_01_black
8c03a568bff9252,weapon/fx8_shellejects_shotgun
8c0c1908e5d4460,scene_frontend_t8_prophet
8c11d80f9768a42,defaultplayerfootstep_walk_plr
8c176152188e03f,perk_additional_primary_weapon
8c19a59d96859f3,weapon/hero_icepick
8c20f4397d9debc,mc/mtl_veh_t7_mphd_forklift_decal_rust_10
8c2324fb324d35b,mc/mtl_p8_zm_zod_light_flashlight_box_glass
8c33a7a0523faa5,codcaster_ds_portrait_scorestreaks
8c342edd81589fb,scripts/zm_common/zm_round_spawning.gsc
8c357c8a5680d67,prt_wz_recon
8c3582044a657b4,maps/zm_escape/fx8_ghoul_trail
8c3d92409399d63,player_force_respawn
8c4677860af3f43,mc/mtl_p7_mou_bracket_pipe_lrg_set_decal_06
8c4687860af40f6,mc/mtl_p7_mou_bracket_pipe_lrg_set_decal_05
8c4697860af42a9,mc/mtl_p7_mou_bracket_pipe_lrg_set_decal_04
8c46a7860af445c,mc/mtl_p7_mou_bracket_pipe_lrg_set_decal_03
8c46b7860af460f,mc/mtl_p7_mou_bracket_pipe_lrg_set_decal_02
8c46c7860af47c2,mc/mtl_p7_mou_bracket_pipe_lrg_set_decal_01
8c47f6440f84989,mcp/hud_outline_model_z_orange_alpha
8c49caa1928fd43,quote_quickest_end_is_losing
8c4b3f648f66222,riotshield_zm
8c4f568eb91156e,mastercraft_gearhead_sunset_bundle_shop
8c51743a2e90bc0,vd/t7_zm_moo_concrete_slab_01_blend
8c56a36f8a765e1,mc/mtl_p8_zm_esc_warden_cabinet_dirt_01
8c59d4397dd05dd,mc/mtl_veh_t7_mphd_forklift_decal_rust_08
8c5caa7f400dc0a,menu/cooldown_desc
8c5f9c26d6bfd62,loot_contract_valkyrie
8c63fc26f8c1b43,zm_elixirctrlz
8c65c3982b44bd4,zitem_spectral_shield_part_1_tunables_zm
8c682144597b29b,i_mtl_p8_zm_esc_sign_location_set_02_e
8c686a035ca482f,charm_ufo
8c688144597bccd,i_mtl_p8_zm_esc_sign_location_set_02_c
8c6f58a98130d7b,events_swat_team_killstreak_3
8c76c4071b2a24b,zm_weapons/fx8_aat_brain_decay_head
8c76dcad847c51a,p8_wz_ep_toilet_gold
8c7cdc5af026836,damage2
8c7cf57605b3ec7,ui/mod_suicide
8c899d3b96cb850,menu/classified
8c8b885ea3e5de0,acog_sniper_locus_t8_tunables_mp
8c8d09a7f7e043e,mpui/fmj2_desc
8c8f5e8f9945ce8,conqueror_dom_hvo
8c916c4edf23bd7,pc_voice_chat_output_device
8c93e7485980e46,splm/mtl_p8_zm_zod_table_wood_sml_wood
8c94447e5a69009,daysofsummer_vacation_bundle
8c94de7c4121472,camo_active_sig_smg_fastburst_diy_base_bribe_free
8c988ab0b7dc577,splm/p8_ice_rebar_patch_64x64_03
8c9d96711636921,objectives/ctf
8ca2dad6e659b12,i_mtl_p8_zm_zod_turbine_pipe_tee_metal_n
8cadd3d78c04519,hud/heal
8cbeb878871ef2f,paragon_zm_t6_08
8cbee878871f448,paragon_zm_t6_05
8cbef878871f5fb,paragon_zm_t6_04
8cbf0878871f7ae,paragon_zm_t6_07
8cbf1878871f961,paragon_zm_t6_06
8cbf2878871fb14,paragon_zm_t6_01
8cbf4878871fe7a,paragon_zm_t6_03
8cbf5878872002d,paragon_zm_t6_02
8cd12a84004546d,ei/gfx8_light_incandescent_hot_em_gp_i16|dup
8cd4377dfade1ec,loot_sniper_quickscope_mk2_bribe_free
8cd96847135c1d8,mc/mtl_p7_zm_moo_bridge_crane_hoist_part02_metal_yellow
8cd9ea503c69210,pb_backhander_fem_draft_preready_to_select_3
8ce722545297238,air_female
8ceb5f21ced8a88,medal_killed_bomb_planter
8cef1fcc003fab7,events_tank_robot_objective_kill
8cf489ee703c1fe,events_spawn_beacon_objective_defense
8cf4e6a2e72a91b,wc/t7_zm_isl_concrete_rebar_01
8cf53e2f0d4a054,events_swat_grenade_stunned_enemy
8cf593c6fe1d09e,lb_mp_gb_score_arena
8cf91023f3f96cf,lsl_reticle_ir
8d01315b11b34ee,outfit_global_warpaint_bundle_hazard_shop
8d0c9b512f57c33,mpui/reaper_zombie
8d11f0284e16500,impacts/fx8_bul_impact_raven_limb_nonfatal
8d195d1aa3ea977,impacts/fx8_bul_impact_raven_head_nonfatal_exit
8d1a655c11c5028,splm/mtl_p8_zm_esc_gun_gallery_metal_beam_03_white
8d2ee1489345a1d,scripts/killstreaks/killstreaks_util.gsc
8d306c3a39587d1,scope_reflex_ar_stealth_restriction
8d36f686569f6db,ar_mg1909_t8
8d3b12b565f651e,presence/mp_casino
8d4a937b98bd30b,mc/mtl_c_t8_mp_spe_recon_samurai1_pouches1_cst
8d4ae9cb88422fb,pb_melee_fem_draft_transition_1
8d4af9cb88424ae,pb_melee_fem_draft_transition_2
8d4b09cb8842661,pb_melee_fem_draft_transition_3
8d4b19cb8842814,pb_melee_fem_draft_transition_4
8d4b29cb88429c7,pb_melee_fem_draft_transition_5
8d526e72e303c3e,idle_flag_reset_time_ball
8d5279e6acc7037,splm/mtl_p8_zm_esc_fence_wood_set_dirt
8d52d100eea910c,mpui/gridlock
8d5bc4a77c74f69,prt_zm_russman
8d5e8ad8296ccc2,weapon/eq_smoke
8d5f5fe0d58d88e,p8_wz_ep_mug_transform_full
8d64118bc387e40,pc_category_audio
8d6bcd6848113e5,attachment_extclip_ar_standard_restriction
8d744b7a4685229,knife_melee_surface
8d889252e3e782c,loot_season_6_postseason_all_rng
8d92163e5da54fa,attach_t8_charm_bomb_rockget_view
8d9ef8c9e7aabb8,sniper_powersemi_t8_tunables_wz
8da2f8e4b2e2478,pc_display_temperature
8da57ab0bf465c9,mc/mtl_attach_t8_pistol_revolver_hammer_diamond_mk2
8da713ad1278ca4,wc/t8_cloth_carpet_commercial_noisy_01_blue
8db03a2a810bafb,zm_ai/fx8_cata_cor_aura
8db478f37d347f1,outfit_wetworks_legendary1_ruin
8db91d90c43bca9,mc/mtl_p7_rus_lamp_tinhat_metal_worn
8dbb1dd9dc32416,splm/mtl_p8_stairs_stone_set_05
8dbb2dd9dc325c9,splm/mtl_p8_stairs_stone_set_04
8dbb3dd9dc3277c,splm/mtl_p8_stairs_stone_set_03
8dbb4dd9dc3292f,splm/mtl_p8_stairs_stone_set_02
8dbb5dd9dc32ae2,splm/mtl_p8_stairs_stone_set_01
8dbc1d6c2f4ef15,activecamoinfo_t8_sig_ar_stealth_vampire
8dc5207b57b9429,rf
8dc72b5220a1a67,scripts/autogenerated/luielems/luielembar.csc
8dc93ca00a725a1,wc/t7_spa_wood_floor_seamless_darker
8dcf82d3a03244e,special_ballisticknife_t8_dw_dw_mp
8dd33773ab42aa7,entity_rocketshield_plr
8de530dc81699d9,events_attack_dog_savior
8de535d4aca78c4,mc/mtl_mphd_forklift_glass_white
8de73f72ff7d74b,mc/mtl_p8_zm_esc_dark_machine_decal_number_01
8de74f72ff7d8fe,mc/mtl_p8_zm_esc_dark_machine_decal_number_02
8de75f72ff7dab1,mc/mtl_p8_zm_esc_dark_machine_decal_number_03
8df13209fd2b6e0,mc/mtl_p7_wes_weapon_gun_set_decal_dirty_02
8df16209fd2bbf9,mc/mtl_p7_wes_weapon_gun_set_decal_dirty_01
8df19fb4cca6920,i_c_t8_mp_spe_seraph_superhero_cyberarm_skull_s
8df283807dfe7a3,weapon/lmg_standard_t8
8df29fb4cca8450,i_c_t8_mp_spe_seraph_superhero_cyberarm_skull_c
8df2dfb4cca8b1c,i_c_t8_mp_spe_seraph_superhero_cyberarm_skull_g
8df35fb4cca98b4,i_c_t8_mp_spe_seraph_superhero_cyberarm_skull_o
8df36fb4cca9a67,i_c_t8_mp_spe_seraph_superhero_cyberarm_skull_n
8dfa9631f17ef08,impacts/fx8_bul_impact_default_xtreme
8e03deb2245f76e,ei/gfx8_liquid_string_em_pb_i16|dup
8e04ebaab53b502,talent_squadlink_wz
8e069841770004e,medal_quickshot_bow_shutdown
8e0a97bbbf0b555,grenade_explode_material
8e0ff6d76d4f009,wc/t8_zm_esc_decal_crack_plaster_01
8e12415f85c001c,team_score_per_headshot
8e13d15352e09b2,scene_frontend_t8_spectre
8e1495ae6fd6399,medal_kill_enemy_while_sliding
8e17a08cf65c334,decay_captured_zones
8e19ea97c659e79,pc_show_friends_notifications
8e1ed5dd8479b41,ei/gfx8_spark_single_em_pb_i16
8e1ef20f33bbe75,mp/halftime
8e2134a403b66b8,i_mtl_p8_zm_esc_magic_box_wood_01_n
8e2164a403b6bd1,i_mtl_p8_zm_esc_magic_box_wood_01_m
8e2a0fe21f10983,mc/mtl_p7_zm_asc_box_electrical_metal_02
8e2a4fe21f1104f,mc/mtl_p7_zm_asc_box_electrical_metal_06
8e2a6fe21f113b5,mc/mtl_p7_zm_asc_box_electrical_metal_04
8e2a982e7e6c57a,zmui/headshots_caps
8e2aafe21f11a81,mc/mtl_p7_zm_asc_box_electrical_metal_08
8e2f30fd2704edf,reaperfoleyquiet_prone_plr
8e301ccc58adec6,mc/mtl_t8_mil_remote_missile_glass
8e36e4c9f7f7e92,activecamoinfo_t8_direct_action_kills_shattered_wz
8e3c2c9515d1037,impacts/fx8_bul_impact_wood_uw_lg
8e58cc95db34427,mp/match_starting_in
8e5904330b89d9a,ei/gfx8_snow_flake_flurry_lit
8e5dcb83dfb1dee,menu/interface
8e6014e7358dc56,mcs/mtl_p7_can_milk_vintage_metal_painted_white
8e646c9133efa2e,gamedata/ddl/generated/zm_match_record.ddl
8e6924f4648f805,molotov_fire_tunables_mp
8e6ae9680552a5b,ui_cam_cac_ar_galil
8e6b9b89ff8727d,knife_tunables_zm
8e6e978c2d8a229,mc/mtl_c_zom_player_engineer_head
8e701cfe787f66f,impacts/fx8_flechette_impact_metal_base
8e70b8be9ddfc13,codcaster/team_name
8e7167c12f494bc,mc/mtl_p7_zm_asc_switch_electric_05_metal
8e725b3ff81c45d,mc/mtl_p8_zm_zod_light_fixture_1st_class_dining_ceiling_on
8e73fd98327c8a3,codcaster_ls_wildcards
8e75c639a1447e8,splm/p8_stairs_stone_set_01_border_02
8e75d639a14499b,splm/p8_stairs_stone_set_01_border_03
8e75f639a144d01,splm/p8_stairs_stone_set_01_border_01
8e762639a14521a,splm/p8_stairs_stone_set_01_border_04
8e763639a1453cd,splm/p8_stairs_stone_set_01_border_05
8e7772dfd9bbdeb,menu/options
8e77b7c48a06cf8,mc/mtl_p8_zm_esc_cryo_chamber_pod_decal_04
8e77c7c48a06eab,mc/mtl_p8_zm_esc_cryo_chamber_pod_decal_05
8e7807c48a07577,mc/mtl_p8_zm_esc_cryo_chamber_pod_decal_01
8e7817c48a0772a,mc/mtl_p8_zm_esc_cryo_chamber_pod_decal_02
8e7827c48a078dd,mc/mtl_p8_zm_esc_cryo_chamber_pod_decal_03
8e7e78955d69311,spknifeork_zm
8e858aac44bce3c,i_mtl_p8_wz_ep_pot_metal_n
8e85baac44bd355,i_mtl_p8_wz_ep_pot_metal_m
8e875beadfb3f71,jumptakeoffthirdperson_surface
8e89f94d2e530ba,menu/all
8e8b536edcdd0d2,menu/contract_richtofen
8e8c9812d761276,sniper_locus_t8_upgraded_tunables_zm
8e92cf632904af5,loot_emote_exotic_shared_megaphone_shop
8ea4bfd4c94967a,p8_zm_esc_sign_reg_work
8eabdfbfc84b096,pc_gamepad_flip_triggersbumpers
8eb028c9e893f34,sniper_powersemi_t8_tunables_zm
8ebd0839fcccd88,gd_c_t8_mp_spe_battery_arms1_cst
8ec14572d948374,bonuscard_perk_3_gluttony
8ec3bd3a6ad06f4,mc/mtl_c_t8_bo_hero_johnson_shirt_torso
8eccb19213dbb36,zm_character_customization
8ed520191033c32,torque_assassin_outfit_bundle
8edbcc951655a8a,impacts/fx8_bul_impact_wood_uw_sm
8ee46d01c5c2900,outfit_flecktarn_base_pal_com6_crash_shop
8ee5cd293d05e20,i_mtl_p8_zm_elixir_icon_secret_shopper_c
8ee62a32fc05591,bot_tacstate_zm_laststand
8efe5632fb17ad8,activecamoinfo_t8_fast_direct_action_kills_apb_wz
8f007fed2a20980,daysofsummer_triple_play_01
8f00afed2a20e99,daysofsummer_triple_play_02
8f02617f4f71d8a,zm_ai/fx8_dog_head_glow
8f0898e2ac5173d,reaperfoleyquiet_crouch_run_plr
8f0c0d76cb8455f,zombie_bgb_use
8f0f62d3a13c9f2,special_ballisticknife_t8_dw_dw_wz
8f1ab6d0a5a1b3c,menu/time_pm
8f1e7a96f2bd166,abr_5_crates_shop
8f21b5f6279966c,mc/mtl_p7_zm_sta_dragon_network_console_set_tube_chrome
8f22446fa93e6ab,mpui/reflex_desc
8f27b1c327d01ec,impacts/fx8_bul_impact_wz_metal_base
8f2aa407d227799,zombie/perk_quickrevive
8f3188c09b234b3,pc_slowgrenade_toggle
8f35727a26093f1,mc/mtl_p8_wz_ep_smoke_bomb
8f3774e667beb7f,weapon/tr_damageburst_t8
8f47d4c9f8e0b42,activecamoinfo_t8_direct_action_kills_shattered_zm
8f491d2d7abd9d9,scripts/core_common/math_shared.csc
8f4c37769ff9dc8,spy_koth_hvo
8f4c886197f5b83,director_online_mp_arena_custom
8f54e9a81fd29f3,splm/mtl_p7_slu_door_white_decal_01
8f5529a81fd30bf,splm/mtl_p7_slu_door_white_decal_05
8f574e659ec09cf,hero_scepter_lv3_tunables_zm
8f5f4919d443ff5,clan/name
8f624d0cdfdae1f,wc/t7_decal_blood_smear_01
8f625d0cdfdafd2,wc/t7_decal_blood_smear_02
8f663d5cddb83d6,mc/mtl_p7_zm_mob_cell_door_set_decal_02
8f6f10fac9ac24c,ei/gfx8_smk_md_thick_scatter_anim_lit_full_dark|dup
8f7d69e97e041dd,wpn_t8_zm_elixir_liquid_legendary_world
8f808c767805112,eq_swat_grenade
8f826ea6b822135,mc/mtl_t8_mil_vtol_fighter_weapons
8f8469dfc7cca4b,pistol_topbreak_t8_lh_upgraded_tunables_zm
8f9025ced42e632,p8_fxanim_zm_esc_warden_curtain_spawn_01_smod
8f916763f904900,mastercraft_fabergek_sunset_bundle_shop
8f92505521f46e5,wc/t7_out_decal_damage_metal_scratches_black
8f9ea4d16282daa,mc/mtl_p8_zm_esc_debris_wood_burnt_decal_emissive
8f9f625a9aae35e,impacts/fx8_bul_impact_money_corpse_nonfatal
8fa01f53879ef74,mc/mtl_wpn_t8_zm_broadside_cannon_octopus
8fa786007d9d597,packmule_task
8fa86ecd3c10502,wc/t8_zm_esc_concrete_slabs_02_2x2
8fa8ed1efb2c58d,defaultplayerfootstep_crouch_walk_plr
8fb611712f99c70,ei/gfx8_light_ray_cone_em_pb_i16
8fb67ac394849e8,mc/mtl_p7_slu_pole_utility_base_metal_decal
8fb7b6581fc57fb,smg_fastfire_t8_operator
8fc340b10ec6667,straferun
8fc39efc4e7768d,attachment_quickdraw_sniper_quickscope_restriction
8fc518d9fe62cdb,smg_capacity_t8_upgraded_zm
8fd73fbd4de7eee,gamedifficulty_hard
8fe011060c3cc2a,mpui/extbarrel_desc
8fe02484379b449,vd/t7_con_decal_paint_scratched_white
8fef59ca2b64ba7,loot_emote_shared_popnlock_04_shop
8ff8c4f59024276,mc/mtl_p8_zm_esc_infirmary_doorframe
8ffdf9d731e5096,entity_knife_swipe_victim
9005f35f2ca0211,medal/jackpot
9006a6fff297b0d,mastercraft_wundergewehr115_sunset_bundle_shop
900ec48b2f264fe,zombie/fx8_perk_zombshell_exp
900f8632fc00e54,activecamoinfo_t8_fast_direct_action_kills_apb_zm
90100cdca62e7db,mp/spawn_next_round
901686e3a78da63,pistolscope_upgraded
901717f91845592,mc/mtl_attach_t8_pistol_revolver_stabilizer_diamond_mk2
901762ff7d7704a,beam8_invisible
9019fac7287a177,lmg_heavy_t8_gold
901c89ecaf6e419,sig_lmg_scoreevents
901fe1440c67f35,zombie/dempsey
902052d3a2256a2,special_ballisticknife_t8_dw_dw_zm
902844272532641,menu/multi_bomb
90285b70fcfee32,splm/t8_metal_cable_01
902e7e687e9d7a8,mp/9th
903db58ad85b7cc,smg_fastfire_restriction
90442a3db8dba74,quote_world_war_iv_sticks_and_stones
9045b0020cc3e00,gear_armor_tier_three
904ba48b91d71ee,pb_backhander_male_draft_readyup_5
904bb48b91d73a1,pb_backhander_male_draft_readyup_4
904bc48b91d7554,pb_backhander_male_draft_readyup_3
904bd48b91d7707,pb_backhander_male_draft_readyup_2
904be48b91d78ba,pb_backhander_male_draft_readyup_1
9050d7b3430366e,grenade_exit
9050f26947c89e4,pbt_zm_takeo
90552f116ed52ff,ar_galil_t8_mp
905a7afe467b3fa,mc/mtl_c_t8_mp_spe_seraph_assassin_corset
9060cd4ebcb6872,mp_loadouts_external
906e4551082d546,defaultcamo
907001958235d9a,outfit_zombie_epic1_reaper_bundle_shop
90720eac3933bd2,killstreaks/fx8_agr_drop_box
907b19e1a44c529,wc/t8_decal_blood_puddle_floor_01_hard
90808e1ff32f322,zm_weapons/fx8_viper_bite_death
9083f4e19b7a2e7,downsample_depth_with_uv_4x_compute
908984f4665e89d,molotov_fire_tunables_wz
908ae7a79f141a7,zone_count
9090991154e5b4a,mcp/sonar_frontend_normal
9098982d77c0748,scope_elo_pistol_burst_restriction
909b7a622671fe8,loot_contract_fourth_of_july_event_stream
909ea40355265c1,mpui/desc_russianbase
909ef024b1f4e05,i_mtl_p8_wz_ep_hockey_puck_rubber_n
909f2024b1f531e,i_mtl_p8_wz_ep_hockey_puck_rubber_c
909f6024b1f59ea,i_mtl_p8_wz_ep_hockey_puck_rubber_g
909f7d24e4e84e3,zm_weapons/fx8_tomahawk_charge
90a84ae25f6bf39,zm_specialrounds
90ab66f6739db52,pc_specialability
90abe17aa299f51,ec/gfx_dust_mote_2_pcloud_lit
90b4cfffce8a264,i_mtl_p8_zm_zod_turbine_base_main_metal_n
90b4fd6d0062719,mc/mtl_p8_zm_zod_signage_light_box_light
90b4ffffce8a77d,i_mtl_p8_zm_zod_turbine_base_main_metal_m
90ba9f91705ab61,scripts/core_common/flag_shared.gsc
90baac479d01ff4,mc/mtl_p7_shr_weapon_shield_01_dmg_metal_02
90babc479d021a7,mc/mtl_p7_shr_weapon_shield_01_dmg_metal_03
90badc479d0250d,mc/mtl_p7_shr_weapon_shield_01_dmg_metal_01
90bb709d9b21aa1,medal_wz_squad_wipe_quad
90c55f046707b38,damageeffecttype_electrical
90ca58432a44136,splm/bullet_collision_paintedmetal
90cb485432b03e9,mc/mtl_mphd_forklift_rim_paint_black
90ccd4ac1839ada,weaponcamo_cherryblossom_bundle_shop
90cd5bf86d24185,menu/general
90d6b82bcca0908,scripts/autogenerated/luielems/zm/zm_game_over.gsc
90dc0012d3fca3b,vd/t7_decal_blood_splatter_02_dry
90de007220b79fe,prt_wz_menendez_leisure
90e0161742e23b3,em/ruined
90e049bff65327a,mc/mtl_wpn_t8_tr_midburst_glass_sig_02
90e08af4b92031a,presence/clean
90e19148bdc233b,i_mtl_p8_zm_zod_engine_pistons_rod_small_metal_m
90e1a148bdc24ee,i_mtl_p8_zm_zod_engine_pistons_rod_small_metal_n
90e5eab1d77d59a,scripts/core_common/scriptbundle_shared.csc
90e6c6678c45058,vd/t7_zm_ctl_decal_damage_bullet_plaster_01
90e99b72ab53006,meansofdeathlist
90ee332a42078dd,shotgun_pump_t8_upgraded_tunables_zm
90f877d1215a9e6,boom_task
90f87cae0f617a8,aib_vign_zm_mob_traverse_dock_staircase
90fc0a27d9ec367,mc/mtl_p7_ris_paint_roller_set_decal_01
9106a7c8d95760b,mc/mtl_p8_zm_zod_scale_food_set_metal_decal_01
9106b7c8d9577be,mc/mtl_p8_zm_zod_scale_food_set_metal_decal_02
9106c7c8d957971,mc/mtl_p8_zm_zod_scale_food_set_metal_decal_03
9106d7c8d957b24,mc/mtl_p8_zm_zod_scale_food_set_metal_decal_04
910b2740f456ab7,charm_codfish
910e713da5ce1cf,warzone_hide_distance_to_circle
9110fd100108ab9,claymore
91118f9e89803a2,wc/t7_decal_blood_drips_02
91222c9c98b70b0,quote_only_one_tactical_principle
912854f466e1cd9,molotov_fire_tunables_zm
913234075b92fcb,wc/t7_concrete_wall_dark_01
9138be9171521b8,jammer_tripwire
913b5e2900cdf3f,zm_bgb_perkaholic
91415df8989b05e,menu/gunsmith_desc
914389b178b995b,mc/mtl_p8_zm_esc_turbine_generator_floor
9147998aead3bd2,menu/bundle_titan
9148c5e02fa1b63,mc/mtl_p7_fir_barricade_barbed_wire_set_decal_dirty01
9149930a2f00f78,ar_stealth_t8_upgraded_zm
91511506a6d8036,clan/inbox
9151297a3b50fce,gd_c_t8_mp_spe_engineer_arms1_cst
91612150e625c5b,mc/mtl_p7_wes_box_cigar_01_base_02
91613150e625e0e,mc/mtl_p7_wes_box_cigar_01_base_01
916329f24adb167,specialist_healing_enabled
91641bee32b9cd5,scripts/core_common/encounters/wave_manager.gsc
91701ef423e11e1,half_off_no_dupe_crate
91713560147aecf,p8_debris_coal_01_loose_02_ember_01
91778095be5c6d0,zm_crawlerstate
917fa2b035e2717,mc/mtl_veh_t7_zhd_tanker_truck_body03_light
91829275c00db24,zmarcade/fasttravel_disabled
91876e35becf3cd,menu/enemy
91927dff479d9e0,p8_kit_zod_eng_01_engine_bridge_bracket_02
9192adff479def9,p8_kit_zod_eng_01_engine_bridge_bracket_01
9192ddff479e412,p8_kit_zod_eng_01_engine_bridge_bracket_04
9192edff479e5c5,p8_kit_zod_eng_01_engine_bridge_bracket_05
91943ac9ed00ebc,prt_zm_misty
9197a4964e0bf6f,homunculus_tunables_zm
9197cb048373fd1,reaperfoleyplr
9197ebd50418e48,wc/t7_con_metal_trim_panel_grey
919a1e4063c0134,i_mtl_p8_zm_zod_turbine_after_end_lower_metal_m
919a4e4063c064d,i_mtl_p8_zm_zod_turbine_after_end_lower_metal_n
919c1f53a263c86,ar_peacekeeper_t8_mp
919f84a5e5f8845,pc_expander_mousesensitivity
91a5f9ec403b793,connection_meter
91a7763a3a5ea91,em/shield
91aa2a5e5a80e9a,medal/uav_killjoy
91aa4547dd6c2f3,mc/mtl_p8_zm_esc_perk_vending_cola_decal_bolt
91ac1c8cc05c675,impacts/fx8_bul_impact_fireworks_head_fatal
91b1d38f4d65c14,activecamoinfo_t8_darkmatter
91b7092988549b5,beam8_emote_superhero_eyebeam_ultra
91bc27099a43a40,pc_ui_navleft
91c364488e3abab,menu/carry_score
91c96722cf04e25,impacts/fx8_bul_impact_soul_head_fatal_exit
91d031a3d79f860,zmweapon/sniper_fastrechamber_t8_upgraded
91d97e1086cec51,points_for_survival_bonus
91de8aad5059d4b,events_battle_shield_objective_multikill
91e3ec433749ed3,fxt8_lf_streak_03
91e40c43374a239,fxt8_lf_streak_01
91ed68ae22fc278,mc/mtl_p7_sin_parkingmeter_screen_glass
91ef2698967b2db,attachment_clantag_smg_capacity_restriction
91f59c33fe184a9,menu/removes_uber
91f7099216ff48b,minigun_tunables_zm
92096431fbd48e5,wc/t7_rubble_wood_flood_02_wet
920c79839a01bf3,mc/mtl_t8_wpn_pistol_revolver_bolts_sig_01
920feeac497209a,tr_powersemi_restriction
921851ddd0f2777,ei/gfx_exp_billow_md_anim_em_gp_i16
921923d71030a8b,medal_wz_megakill
92202bdb5fbc7e2,weapon_clip_empty
9220d85d51330b9,wc_primarygunfighter1_restriction
92216dece8d820d,activecamoinfo_t8_kills_without_dying_alt_zm
9224308dc463599,passthru_alpha_scene
922fd32529302dc,stratcom_tacquery_trigger_all
9232beb920daab6,maps/zm_escape/fx8_portal_lightning_blue
9236d1e24832c9a,brick
9237ad5750fee06,wc/t8_decal_blood_streaks_floor_heavy_01
9239ea1e9518385,demo_controllerconfig
923ed8c9eb8e0cc,sniper_powersemi_t8_tunables_mp
9246624d6595f80,scope_holo_ar_fastfire_restriction
9246bfe6af57652,mcs/mtl_p8_zm_zod_tea_cup_01_ceramic
924af6d0a857ba1,menu/time_am
9250b23ac7ac4a8,mod_burned
9254c1b3e5f8d32,overwatch_helicopter
925fd4b0210c6fc,p8_kit_zt8_exd_05_railing_01_diagonal_painted_metal_32_01
92620fbfe2bb385,mpui/uber_desc
9263230545f68e8,zm_shield_break
92665b1a78d5f6e,impacts/fx8_bul_impact_robot_body_nonfatal
926b1c47ee8ef77,wc/t8_zm_off_ceramic_tiles_01
926cf65bee67da3,zombie_ai_defaultmelee_tunables_zm
927088c511744e0,prt_mp_mercenary
9272c24309abc33,weapon/fx8_equip_seeker_light_os
9277c23d2092c39,gamedata/ddl/generated/dlog_event_mpplayerscore.ddl
927b7980dc9f79f,rob_zm_eyes_red
927ddf9618831e8,mc/mtl_wpn_t8_zm_blundergat_armor_ember_tempered
927f3df3ddec8f8,smg_minigun_t8_upgraded_zm
927fea821ffa36c,bonuscard_perk_2_greed
9280919087f73f7,assassin_dom_hvo
9284d4d13adde85,starting_cash
92878dd19a9aad8,menu/next_page
92891cbb03be6a0,wc/t7_zm_ctl_decal_damage_bullet_plaster_01
928c4afb7f13df8,codcaster_fe_team_identity
928f106356229b3,mcs/mtl_p8_zm_esc_crate_wood_lrg_dust_yellow
928f118849ee2b9,warzone/storage
928f11fdf670c96,wc/t7_concrete_painted_wet_white_blend
9294bfe2f2f1199,reload_clipout
929cca754583514,p8_zm_esc_door_barricade_01
92a108e70ffd28c,events_grapple_gun_grappled_to_objective_first
92a37b72e9cab84,gamedata/stats/zm/statsmilestones4.csv
92a7dbdc35fb5e0,zombie/perk_slider
92a977f33286279,ei/gfx8_muzzleflash_omni_em|dup
92ae3e6dc85bc3a,holdbreath
92b1322cfcce34a,quote_victory_goes_to_better_trained
92bd4b63676c060,menu/scorestreak_selection
92c00e066e3afd3,mc/mtl_p7_zm_kin_cart_av_rubber_04
92c03e066e3b4ec,mc/mtl_p7_zm_kin_cart_av_rubber_01
92c05e066e3b852,mc/mtl_p7_zm_kin_cart_av_rubber_03
92c06e066e3ba05,mc/mtl_p7_zm_kin_cart_av_rubber_02
92c5f98e22e8368,mc/mtl_p8_zm_zod_bed_captain_sml_metal
92c948203c1c133,loot_ui_icon_tags_poster_prophet
92ca8d296218c2c,presence/lobbytheater
92cf3cf8154e256,maps/zm_escape/fx8_wolf_soul_charge_start
92d12ccc1b2ef86,weapon/uber_firingunit
92d2dcc9c2b9c5f,gsol_zm_mysterybox
92e16798b34aeac,mc/mtl_p8_zm_esc_electrical_wire_outlet_decal_02
92e1fbf4f096406,mc/mtl_p7_shr_vista_viking_ship_bigship_metal_01
92e6967619e0981,splm/t7_dlc1_wood_trim_moulding_01_white
92eeca423da1c40,ei/gfx8_spark_blink_anim_em|dup
92ef25053f5ae07,scope_is_sniper_quickscope_restriction
92f1b1f2e62d2ae,attachment_stalker2_ar_stealth_restriction
92f244c17527a10,zm_elixirpowervacuum
92f3bb6a87c7a28,pc_trophy_toggle
92fdf6ebf6cb75a,impacts/fx8_bul_impact_soul_limb_fatal
930a1728237c238,events_gravity_slam_objective_kill
9310db65f78b7ab,loot_contract_divinity
93138393567febe,p8_zm_esc_pipe_metal_4_128_rust
931b3cbde435c94,mpui/deathmatch_caps
931d28f37519e57,equipment
93237993610a155,loot_contract_koshka_mastercraft
9326754577ef5b8,mc/mtl_p8_zm_esc_fan_trap_metal
93301dece9bd191,activecamoinfo_t8_kills_without_dying_alt_wz
93302776ed327dc,mc/mtl_t8_wpn_pistol_revolver_sight_sig_01
93305776ed32cf5,mc/mtl_t8_wpn_pistol_revolver_sight_sig_02
9331a6cb288079d,zombie/usealtar
9347bf1d8f961aa,attachment_clantag_pistol_revolver_restriction
934a8893560a945,medal_battle_shield_x2_multikill_summary
934d3a322ddf1e1,zombie/fx8_doorbuy_emit
9350176f278e5f3,mc/wpn_smg_capacity_laces
93531f1b80b5348,mc/mtl_p8_zm_esc_dark_machine_steel_04
93532f1b80b54fb,mc/mtl_p8_zm_esc_dark_machine_steel_05
93536f1b80b5bc7,mc/mtl_p8_zm_esc_dark_machine_steel_01
93537f1b80b5d7a,mc/mtl_p8_zm_esc_dark_machine_steel_02
93538f1b80b5f2d,mc/mtl_p8_zm_esc_dark_machine_steel_03
9356e6bce250d45,mc/mtl_p8_zm_box_wood_sml_decal_bolt
93582834683fcc5,menu/store_cod_points
935f768e4a7a63b,pc_invert_y_axis
935f9a7eb53e890,mc/mtl_p8_zm_esc_perk_vending_soda_menu_02
935fc5a096efe25,warzone_hide_team_list
935fca7eb53eda9,mc/mtl_p8_zm_esc_perk_vending_soda_menu_01
9360bad0ae2e928,warzone_incognito_others
9363797165a7311,medal_wz_ultrakill
93668a760b1cb97,menu/friend_request_accepted
9367ee2b08bdff4,mc/mtl_t8_wpn_pistol_revolver_bullet_sig_02
9369cf997f31ad2,codcaster_ds_xray_air_allies
936adc8e305a4ba,jumppack_hide_shop
936bc35225a3b8c,p8_fxanim_gp_raven_idle_standing_anim
9371f14531fad6a,menu/faction_calling
9374cb5f1c473b8,menu/10_points
9376ab9d627e38a,zm_bgb_join_the_party
937af03db52b360,boast_juggling
937bbdefc3e1011,mc/mtl_p7_shr_food_decay_metal_01
937e4136979240e,quote_from_my_rotting_body
9381bfdada76e77,menu/specialist_weapon
9391429271b02d2,mc/mtl_wpn_t8_zm_broadside_cannon_aim_sight
9395041d36f3874,mc/mtl_p7_zm_isl_pap_elements_gauge_metal_copper
9397133a2f9d17a,zm_weapshotgun
939d4ab4ecdb98c,lmg_double_t8_upgraded_tunables_zm
93a0b52b6178c9b,stalker_pistol
93a1f4ce320fb78,mc/mtl_wpn_t8_shotgun_semi_griptape_sig_02
93a74b22428f3ad,syrette_zm
93a8f76b8cd71b3,points_per_primary_grenade_kill
93b31dc679b6108,gamedata/ddl/generated/mp_loadouts.ddl
93b426f0d8e4801,ei/gfx_light_ray_wide_straight_em
93c0014114ffa02,mc/mtl_p7_zm_sta_shoe_vintage_male_01_plastic
93c300624593a27,mc/mtl_wpn_t8_zm_blundergat_stock_details
93cbd6544eb9cf9,weapon/hawk_desc
93ce55f8f8555e6,outfit_warrior_base_pal_exo1_recon_sunset_bundle_shop
93d1eb87c5b393c,store/owned
93d5bb642e1803d,ei/gfx_smk_whisp_anim_em_pb_i16|dup
93e24a156946489,p8_zm_zod_crafting_table_notes_blueprint_01
93e27ba80166870,pc_ui_navup
93e2af4ff7bc211,mc/mtl_p7_zur_nw_fan_vent_set_paint_03
93e719493e9e18f,menu/new
93ebef53a4553aa,ar_peacekeeper_t8_zm
93f64e4d97f2784,i_mtl_wpn_t8_camo_afterlife_04_c
93fef4035e59c91,mcs/mtl_p8_kit_zod_din_05_decal_grunge_01
9402cb807338f25,output_sdr_mask
9403d3ae8fec071,mpui/killcounter
94088d6102a4cc6,zdogfootstep_run_zdog
9409bd86755b82c,torque_end_game_pose
940adb2bbd74bae,i_mtl_p8_zm_esc_pipe_metal_edge_01_c
9410cbb68aa41b6,attachment_fmj_ar_accurate_restriction
941171167459c22,p8_wz_ep_pogo_stick
9417526d0316c80,mpui/fastreload
941c54e18fc7811,explosions/fx8_exp_grenade_metal
941c9e6f436e2a4,menu/create_a_class_caps
941fa475331328c,ei/gfx8_muzzleflash_sparks_omni_em|dup
9420605f1e5a978,mc/mtl_p8_zm_esc_console_monitor_plastic_black
9425b3230b40881,activecamoinfo_t8_ar_fastfire
942aaa4b6144a65,loot_contract_gks_mastercraft_presunset
942b9fc21abde9e,mc/mtl_p7_zm_moo_teleporter_pad_cover_glass_blue
9430367bad342f0,rank/ltgen_full2
9430467bad344a3,rank/ltgen_full3
9432ae9817b1d89,menu/barricades_caps
9433b8d6d1902a1,mc/mtl_p7_zod_booth_table_metal_01
943567fc572df23,wc/t7_shr_wood_wall_weathered_dark_blend
9436a3ceb00b3f1,menu/vertical
943d6d96f724478,entity_rifle_victim
943e32cfd033945,dualoptic_smg_accurate_t8_tunables_zm
9441d00baf3d952,mc/mtl_p7_shr_weapon_spear_sml_cloth
94454cdd8615880,medal_multikill_7
94455cdd8615a33,medal_multikill_6
94456cdd8615be6,medal_multikill_5
94457cdd8615d99,medal_multikill_4
94458cdd8615f4c,medal_multikill_3
94459cdd86160ff,medal_multikill_2
9451e27db2ea413,mc/mtl_c_t8_zmb_homunculus_clothing
9453f8a216fb8c5,new_health_stage
9454c76102fec87,wc/t7_zm_moo_tape_safety_caution
94583665d258782,lf_light_grime01
945a907c95c5ac9,zm_scepter
9465e2ecb22ef4c,electric_lightning_wunderfizz
94669342858bd84,i_p8_zm_esc_door_isolation_r
9466d342858c450,i_p8_zm_esc_door_isolation_n
9469b9a09261800,i_c_t8_mp_spe_seraph_superhero_cyberarm_gear_g
9469d9a09261b66,i_c_t8_mp_spe_seraph_superhero_cyberarm_gear_e
9469f9a09261ecc,i_c_t8_mp_spe_seraph_superhero_cyberarm_gear_c
946a39a09262598,i_c_t8_mp_spe_seraph_superhero_cyberarm_gear_o
946a49a0926274b,i_c_t8_mp_spe_seraph_superhero_cyberarm_gear_n
946af9a092639fc,i_c_t8_mp_spe_seraph_superhero_cyberarm_gear_s
946ead07772cbbb,_t6/misc/fx_zmb_phdflopper_exp
94728226cdea0a2,mc/mtl_p8_zm_off_podium_plastic
9474909885dfec5,impacts/fx8_bul_impact_default_uw_xxlg
947577ba6c3c754,p8_zm_esc_citadel_pillar_concrete_long_01
9475a7ba6c3cc6d,p8_zm_esc_citadel_pillar_concrete_long_02
9476c74d4d1f275,scope_reflex_ar_damage_restriction
947a7766aa4c246,mc/mtl_p8_zm_zod_chair_dining_wood
947abbb91b5fbfe,heroes/outrider
94805f94b7f1c9b,gsol_zm_talismans
948071f2255b3d3,hero_chakram_lh_lv3_tunables_zm
9481d8845c13c74,events_annihilator_collateral
9489972fcd2d750,menu/open_inventory
948d2704d704974,outfit_vampire_legendary1_torque_shop
9492bccb285aadc,mc/mtl_p7_shr_weapon_shield_02_dmg_wood
949f8bcbdd0a92f,melee_amuletfist_t8_bribe_free
949fbd5fdffb9d4,wc/t7_zm_der_chalk_lightning_bolt
94a326a7d3d139f,ui/mod_impact
94a6e5eeafb99e1,mc/t7_wes_wood_trim_01_oak_varnished_drk
94a8db4790f62cc,mcs/mtl_c_t8_zmb_male_arms1
94a8e74231e507c,wc/t7_metal_wall_panel_old_grunge
94a98dc17629098,weapon/melee_slaybell_t8
94af0a7d0e4c4e7,activecamoinfo_t8_darkmatter_classic_red
94b95f03cf343f9,slide_loop
94bf3e16d654e47,zm_elixirarsenalaccelerator
94c1be99ac6face,p8_zm_esc_security_windows
94c49898c7649e8,mc/mtl_p7_zm_kin_projector_movie_dirty_04
94c4a898c764b9b,mc/mtl_p7_zm_kin_projector_movie_dirty_05
94c4e898c765267,mc/mtl_p7_zm_kin_projector_movie_dirty_01
94c4f898c76541a,mc/mtl_p7_zm_kin_projector_movie_dirty_02
94c50898c7655cd,mc/mtl_p7_zm_kin_projector_movie_dirty_03
94c94e68eff6b56,wc/t7_metal_bare_iron_polished
94ca4d87f9a0d1c,warzone/compass_east
94cd7d744648ac3,defaultplayerfootstep_ladder_hand_plr
94cdf6226588c87,splm/mtl_p7_pallet_wood_splinters
94cf26182e35057,impacts/fx8_bul_impact_fireworks_head_nonfatal_exit
94d216e7e52be0e,warzone/compass_west
94d2b95bfd001e9,zitem_spectral_shield_part_2_tunables_zm
94d70bb38d65cfa,mp_progression_online
94d88cd87ad8550,ar_standard_t8_tunables_mp
94da8747f0c0f23,triple_play_mar2019
94de168a0f0cbab,mc/mtl_p7_zm_ver_cookware_vintage_metal_burned_decal
94e0216811ac028,jammer_trophy
94e5a6d16e08992,mc/mtl_p8_wz_ep_book_demon_cover
94e8ff2c42caffb,warzone/start_warzone
94eb0e3329edf5f,menu/disabled
94efb357b43bced,flare_mp
94f026d279c4410,1080_zm_common
94f62b95042a955,ragdollsettings
94f87b3a1b82cdf,gun_mini_turret_tunables_zm
95002022017d7c2,amb_fireworks
9503c43bbd4ac91,mc/mtl_wpn_t8_sig_radiation_device_upper_shell
9504595eb00a1dc,ar_accurate_t8_upgraded_tunables_zm
9508d8d8de9d4d2,mc/mtl_attach_t8_loot_shotgun_fullauto_stock02_alt
950c53408bd7f31,gd_c_t8_mp_spe_ruin_cop_lowerbody1
950c70b20cef9c8,loot_ui_icon_tags_poster_battery
950d926bf65ec1d,mcs/mtl_p8_zm_esc_crate_wood_lrg_wear
95127713c314319,mc/mtl_p7_zm_asc_barrel_02_middle
951294518aa470b,jumppack_american_flag_shop
95135c0ffdb6fb6,mpui/elevation
95136494c4ccb59,charm_computer_teeth
951af0951907559,buzz_high
951d976c077229b,xboxlive/mustlogin
9523f309f782a88,i_mtl_p8_zm_elixir_icon_respin_cycle_c
95246ea3a4026bb,mcs/mtl_p8_zm_esc_warden_organs_heart
952544f2c424f63,unitrigger_zone_tacquery
952bf5ab5d2b0bc,mpui/casino
952e08594e632f7,perk_mystery
952f22704f77851,wc/t7_concrete_sidewalk_slab_01
9533caf858a9f3b,shock_zm_trap
95358b5f2ea49b5,mc/mtl_wpn_t8_zm_perk_bottle_foam_quickrevive
953696819bf1875,zm_bgb_ctrl_z
953ab3b9633a079,vdd/gfx_decal_liquid_splatter_02
953f9994247f44b,i_mtl_p8_zm_zod_turbine_pipe_elbow_metal_n
95401edd9ceee9f,ei/gfx_elec_arc_shock_em_gp_i16
954494eb4c452d3,menu/end_game
9546e25476beabf,events_deployable_cover_objective_kill
9547cb092095ac0,menu/x_on_x
954ad527ee31de9,vd/t7_decal_grunge_wall_stain_01_blend
954ca7a977a22c2,attachment_damage_tr_powersemi_restriction
954e0e694a1f8c6,impacts/fx8_bul_impact_blood_corpse_nonfatal
955598dc04fa476,events_attack_chopper_multikill_2
9555a8dc04fa629,events_attack_chopper_multikill_3
9555b8dc04fa7dc,events_attack_chopper_multikill_4
9555c8dc04fa98f,events_attack_chopper_multikill_5
9555d8dc04fab42,events_attack_chopper_multikill_6
9557074949e5ead,mp/intermission
955bf423dfce011,impacts/fx8_bul_impact_thin_metal_xsm
9561af29f55c3af,dot_radiation_self
956cd8ccd8f9532,zitem_acid_gat_part_3_tunables_zm
956e5389dd643d9,gd_c_t8_mp_spe_swat_assassin_arms1
957297d548a3164,lf_light_cool_grime_sector
9576fa619d9dbe6,i_mtl_wpn_t8_shotty_prec_mag_base_s
9577fa619d9f716,i_mtl_wpn_t8_shotty_prec_mag_base_c
95783a619d9fde2,i_mtl_wpn_t8_shotty_prec_mag_base_g
9578ba619da0b7a,i_mtl_wpn_t8_shotty_prec_mag_base_o
9578ca619da0d2d,i_mtl_wpn_t8_shotty_prec_mag_base_n
957d30382218b27,p8_zm_esc_bldg_64_broken_wall_01_brick
957ecb20017e238,paragon_mp_t4_10
9584349d375280d,eq_smoke
958940d667c72e9,menu/offline_lobby
958a70a459ec3f2,attachment_mixclip_sniper_fastrechamber_restriction
958b1721048cf5a,mc/mtl_wpn_tac_rifle_mid_burst_stock
95987772878ad99,talent/doublejump
95989aa3b051ebb,ei/gfx8_shockwave_elec_anim_em_pb_i16_nocull|dup
9598a47b8d2e103,aib_vign_zm_mob_brutus_grand_attack_energy1
9598b47b8d2e2b6,aib_vign_zm_mob_brutus_grand_attack_energy2
9598c47b8d2e469,aib_vign_zm_mob_brutus_grand_attack_energy3
959976d30a883cb,menu/connecting_dw
959a0c34cbc2ca0,loot_character_johnson_shop
959e6ed7f400af6,zm_playerfx
95a961cf9001c96,weapon/willy_pete
95ac1f5dd028583,zbarrierfields_default
95b1e9d1fa5ce63,doublejump_rumble_loop
95b60dc11210da0,hero_sword_pistol_lh_lv3_zm
95b69b2001aec76,paragon_mp_t4_09
95b6ab2001aee29,paragon_mp_t4_08
95b6ca52b78e095,demo_button_layout_digital
95b6fb2001af6a8,paragon_mp_t4_03
95b70b2001af85b,paragon_mp_t4_02
95b71b2001afa0e,paragon_mp_t4_01
95b727ad63f9c44,p8_bookcase_wood_3_shelves_frosted
95b73b2001afd74,paragon_mp_t4_07
95b74b2001aff27,paragon_mp_t4_06
95b75b2001b00da,paragon_mp_t4_05
95b76b2001b028d,paragon_mp_t4_04
95b85cf3602c96c,zm_timecap
95bef07bc73ade8,mc/mtl_p7_pipe_metal_hp_4_01_off_white
95c489f13cd94cd,quote_the_problems_of_victory
95c58fc12b4dc68,outfit_dotd_com1_bundle_ruin_shop
95cedab8022cabb,warzone_hide_on_screen_buttons
95d5eb05d43509c,vd/t7_decal_bullet_wood_03
95d5fb05d43524f,vd/t7_decal_bullet_wood_02
95d60b05d435402,vd/t7_decal_bullet_wood_01
95d896ea5e8f187,mpui/desc_geothermal
95db735bf1031a6,mastercraft_fighter_ace_sunset_bundle_shop
95deeec8d53f426,acog_sniper_damagesemi_t8_upgraded_tunables_zm
95e6bd10c7f85e8,p7_food_fruit
95ec99920a6dcf0,acog_ar_accurate_t8_tunables_mp
95ee3c2fe726d8c,pc_aimdownsight_toggle
95efa8e0c7dcf7f,attachment_extclip_tr_midburst_restriction
95f0f01b84486f8,menu/specialist_outfit
95f58f842f96488,medal_longshot_kill
95f9eff2ce8160d,ei/gfx_smk_explosion_02_anim_em_pb_i16
95fa1cb57db38f8,charm_violin
95fb44bf2a142da,p8_wz_ep_bullet_dodge
95fc5a9464aa5d4,menu/slots_full
96070554871e371,talent_resistance
960ecf816455be9,mc/mtl_p8_zm_bandolier_bandit_perk_totem_leather
96122a2bd702251,prt_wz_brutus
9612cd1bb0d9f98,killstreak/ac130
9613c3003c76914,gd_c_t8_mp_spe_firebreak_dragon_arms2
9615719626bea59,mc/mtl_p7_zm_isl_light_flood_stand_backlight_white
9618269d014e1fe,sniper_mini14_t8
9619a4b889eabd0,mc/mtl_p8_usa_ventilation_duct_coupler_01
961deb533dad533,scripts/autogenerated/luielems/luielembar.gsc
9625196a970f3f2,zombie/fx8_perk_altar_symbol_ambient_victorious_tortoise
9626b30aedd5539,mc/mtl_wpn_t8_tr_midburst_leather_sig_02
9626ccaf6fb407e,mc/mtl_p7_rus_chair_swivel_wood_decal_04
9626dcaf6fb4231,mc/mtl_p7_rus_chair_swivel_wood_decal_05
9626ecaf6fb43e4,mc/mtl_p7_rus_chair_swivel_wood_decal_02
9626fcaf6fb4597,mc/mtl_p7_rus_chair_swivel_wood_decal_03
9626fd7788646c7,tr_midburst_mk2_bundle_shop
96271caf6fb48fd,mc/mtl_p7_rus_chair_swivel_wood_decal_01
9627db608c66755,zm_bgb_whos_keeping_score
96331215349e6c7,loot_emblems
96349b5be5ee6ae,wc/t8_decal_damage_concrete_cracks_02_wet
9634b0b3d5e6833,operator_wildfire_restriction
9634e745a60c95d,defaultnpcfootstep_walk_npc
963d40063988af2,splm/mtl_p8_kit_zod_mai_05_door_frame_set_metal_06
963d632a692f5a6,mc/mtl_p8_wz_ep_raygun_glass
963d6671b4faeaf,i_mtl_p7_sgen_silo_wall_blue_glass_c
96470e1e65763da,aar/ekia
96490210ffb22a0,mc/mtl_attach_t8_smg_fastfire_fmj_sig_02
964b12e32faafd6,steadyaim2
964b840761ba8b7,weapon/fx8_shellejects_shotgun_resting
964c211767bba0f,mpui/reticle_caps
9659c553f610ef5,vd/t8_concrete_damaged_rebar_02_rvl
965ec9e0938553f,zm_weapons/fx8_cymbal_monkey_lightning
966582b22e648d6,ei/gfx8_spark_grind_anim_em_pb_i16|dup
9666e24a02b3f4a,scripts/autogenerated/luielems/zm/zm_towers_challenges_hud.gsc
96751ff8b251f82,wc/t7_zm_moo_ibeam_metal
967e2ae8da039ee,pb_emote_shared_male_shush
9683325c04adcbb,zombie_arm_melee_bundle_shop
96885207b313379,alchemist_task
968a794e7f44fad,menu/play_local
968f82cfd227931,dualoptic_smg_accurate_t8_tunables_mp
9690169811500d5,mc/mtl_p7_shr_weapon_shield_02_wood
96913e2736706d7,knife_loadout_mp
9693332c420de6a,em/zero
969eb8206bf916c,menu/fileshare_tags
96a42b9715fcf4e,talisman_box_guarantee_box_only
96a6ddb38151b75,explosions/fx8_exp_rocket_default_wz
96a7389e6e7df50,gd_c_t8_mp_spe_buffer_paladin_arms1
96a7689e6e7e469,gd_c_t8_mp_spe_buffer_paladin_arms2
96a88b63b286cd7,mpui/geothermal
96aaf5ec9304044,wc/t8_metal_wall_corrugated_hor_galvanized
96b103ce83903b8,mc/mtl_p8_zm_zod_wall_metal_trim_ornate_32
96b2477923b2f7f,shotgun_trenchgun_t8
96b988ed314f1c0,ec/gfx_dust_mote_3_pcloud_lit
96b99e623c030fd,mc/mtl_wpn_t8_zm_broadside_cannon_centre_barrel
96bbb39eb23533e,mc/t7_decal_blood_puddles_01
96c4540d3179114,gear_awareness_mp
96c6f5ce9aeb7a6,ei/gfx8_smk_md_thick_lobe_anim_lit_full_dark|dup
96c8b2f4c742a08,zm_escape_metal_rumble2
96c8c2f4c742bbb,zm_escape_metal_rumble3
96c8e2f4c742f21,zm_escape_metal_rumble1
96cb96c276cbcf8,zm_office_debris_groom_lake_medium
96d16a531088a3f,quote_try_to_look_unimportant
96d311f05e435df,wc/t8_zm_off_panel_metal
96d5cf70602cb55,nikolai_bundle
96d5fd836df4e14,i_mtl_p8_zm_zod_turbine_forward_lower_metal_n
96d62d836df532d,i_mtl_p8_zm_zod_turbine_forward_lower_metal_m
96d9a8f7540d6b6,menu/laboratory
96dfd614ced6c49,menu/slots_low
96e17d011c82ee6,events_swat_team_focus_fire
96e8464382b1054,scripts/core_common/exploder_shared.gsc
96e9cc06f8c8601,basic_hvo
96f4768094fd78e,charm_marley_twin
96f6ae70bbb02b4,vd/mtl_loot_ui_icon_tags_warriors_ruin
970572ff3d00946,zm_elixirpointdrops
970c252d8c79e52,ei/gfx8_dust_mote_lit
970d0444222d41d,pc_spawnbeacon_toggle
970ef9c2e20f908,vd/t8_decal_blood_drip_wall_directional_02
970f29c2e20fe21,vd/t8_decal_blood_drip_wall_directional_01
970f8a5b331793a,medal_bounty_hunter_revived_teammate
9716389b675f314,melee_action_figure_sunset_bundle_shop
971a6ab940789d4,wz_character_nikolai
97206c749c8fbce,pb_melee_alt_fem_draft_readyup_5
97207c749c8fd81,pb_melee_alt_fem_draft_readyup_4
97208c749c8ff34,pb_melee_alt_fem_draft_readyup_3
97209c749c900e7,pb_melee_alt_fem_draft_readyup_2
9720ac749c9029a,pb_melee_alt_fem_draft_readyup_1
97288c582849975,camo_active_dlc4_115_wrapper_shop
972a6320009275c,gamedata/tables/mp/scoreinfo/mp_scoreinfo_conf.csv
972e5771d142200,mc/mtl_p7_zm_ctl_desk_supply_blotter_decal_03
972e6771d1423b3,mc/mtl_p7_zm_ctl_desk_supply_blotter_decal_02
972e7771d142566,mc/mtl_p7_zm_ctl_desk_supply_blotter_decal_01
972ed2e1557d317,wc/t7_con_metal_grate_wall_1_gray_drk
973bdccfff6450c,dot_radiation_scoreevents
97425ec0504a7dd,vd/t7_out_decal_damage_metal_scratches_black
9742e0f8552d2f6,mcp/hud_outline_model_z_white_alpha
974a42b504104f4,warzone_hide_minimap
975126817a5ea2a,menu/gamepad
9754c7233a51189,mc/mtl_p7_zm_moo_bridge_crane_hoist_part04_metal_black
975964169e6c693,events_automated_turret_multikill_6
975974169e6c846,events_automated_turret_multikill_5
975984169e6c9f9,events_automated_turret_multikill_4
975994169e6cbac,events_automated_turret_multikill_3
9759a4169e6cd5f,events_automated_turret_multikill_2
975fcf85d57505c,i_mtl_p8_zm_esc_birdcage_metal_n
975fff85d575575,i_mtl_p8_zm_esc_birdcage_metal_m
9763285df838cbf,pistol_standard_t8_upgraded_tunables_zm
9763f6c6d07c2d8,events_drone_squadron_kill
9765dba7271d9dc,lb_mp_anticheat_koth_arena
976e198cea3170c,bow_launcher
97700f6c7195bc7,p8_zm_esc_sign_reg_recreation
977296c705abf04,mc/mtl_p8_zm_light_ceiling_fancy_01_glass
9772b1fab5ee98c,zombie/powerup_nuke
97744d71b184f53,mpui/bm_bribe
9778e19b3a74e27,events_swat_team_objective_kill
97791879ba3c5f2,zm_elixirscommon
977a022b8323362,menu/register_caps
977d753aad337b8,loot_tags_bundle_altdimensions_shop
977fbf6aab682aa,wc/t7_rubble_concrete_lg
978100197904899,menu/x_zones
979096cc3ab6d4d,mc/mtl_p8_zm_esc_machine_smelting_main_02_metal
9795f1e0f07d4ed,mc/mtl_mphd_forklift_main_frame_black
9797e3d905db100,dualoptic_ar_accurate_t8_upgraded_tunables_zm
979ae057fc77815,ei/gfx8_dust_mote_em_pb_i16
979bcbb28846378,mpui/extbarrel2
97a3988758e6a61,mc/mtl_p7_zm_moo_console_control_emissive_white
97a42095ea753ce,quote_difference_just_an_eyelash
97a6922839f7cec,mc/mtl_p8_wz_ep_bottle_secret_sauce_foam
97aa5735b9514cb,grip_wz
97b2d5fc883552a,zhield_spectral_turret_tunables_zm
97bd6fbffa55b80,mpui/holdbreath_desc
97be43b1d1d39b5,mc/mtl_p8_zm_esc_bldg_64_wood_storage_hinge
97c29b15dbc0379,wc/t8_decal_blood_drip_wall_directional_01
97c8b08cfbefe45,medal/killed_dog
97cc94321ba2ee7,mc/mtl_p8_zm_esc_book_zombie_metal
97d0d76ab671664,mc/mtl_p7_zm_der_teleporter_mf_light_glass
97d3824e705398c,lmg_heavy_t8
97d45e7d1977763,impacts/fx8_bul_impact_wz_gravel_sm
97d7b6338f53607,reaperfoley_crouch_run_plr
97de16c0c9f0fa7,zm_powerdoorstate
97e8911c26ed740,mc/mtl_p8_zm_zod_turbine_forward_lower_metal
97f207547358a9d,extclip_x
97fc03e2349a6ae,zm_stats_online
980209be9d0deeb,weapon/melee_stopsign_t8
98066110f701811,clan/delete
980f57bbd5293f8,menu/join_result_mismatch_playlist_version_to_old
98116e605e610ad,entity_impact_hatchet
982304cd6e4a8da,maps/zm_escape/fx8_pwr_up_blood
982768e0f2f9a38,pc_battlechatter
982b4b2af0a1636,scorestreak_planemortar_restriction
982c1d4968119fc,activecamoinfo_t8_diamond_classic
9832a8e15d6167d,mc/mtl_p8_zm_zod_light_flashlight_flask_glass
9835272a4b714f8,gravity_spike
983a4c093d7f821,gamedata/ddl/generated/dlog_event_mploadouts.ddl
9846e9d40fc79d7,i_wpn_tac_rifle_mid_burst_scope_glass_n
98471d43c169ad3,splm/t7_concrete_floor_sealed_01
984c3c46dadaa7b,groups/favorites
984ea58e7da0cd6,mc/mtl_p8_zm_elixir_icon_danger_closest
9852565f17d79f4,mcs/mtl_p7_vista_buoy_02_dark_gray_weathered
9853c1e012ce562,outfit_zombie_epic1_ruin_shop
985e1efe428c876,wc/t7_zm_asc_metal_trim_black
9864277e5b10d87,scripts/core_common/scene_shared.gsc
98662fe1b9729bc,mc/mtl_p7_zm_ori_scope_vintage_brass_sew
986e88f987ed519,i_mtl_p8_zm_esc_perk_vending_tonic_letter_01_c
98705834ff44396,revenant_task
9871b8fe9ab51f8,mc/mtl_p7_zm_kin_chair_wood_windsor_decal_02
9871c8fe9ab53ab,mc/mtl_p7_zm_kin_chair_wood_windsor_decal_03
9871e8fe9ab5711,mc/mtl_p7_zm_kin_chair_wood_windsor_decal_01
987218fe9ab5c2a,mc/mtl_p7_zm_kin_chair_wood_windsor_decal_04
9877abbdb97f156,pc_category_general_1
987c8ea2fe81800,pc_cursor_immediate_lock_map
987f1ee15be4e73,mc/mtl_wpn_t8_smg_fastfire_stock_sig_02
987f2ee15be5026,mc/mtl_wpn_t8_smg_fastfire_stock_sig_01
9883bb55b56ddda,scripts/core_common/flagsys_shared.gsc
9884b09ae8d1ecd,vd/mtl_loot_ui_icon_tags_poster_battery
98851aab9a0e153,mc/mtl_p7_zm_asc_pipe_modular_set_decal_rust
9899d4fe9360bc8,ei/gfx8_fog_slow_sm_anim_em
989be768e5c0f61,quote_power_tests_a_mans_character
989fb7bfa483194,lmg_heavy_t8_mp
98b3b2cf86059b0,wc/t7_cai_stone_block_wall_01
98b485878d075b2,assassin_control_hvo
98b891c6acdd797,pc_framerate_uncapped
98bd245e259c64f,zm_bgb_reign_drops
98c00d2ee7c2082,mc/mtl_p8_zm_clock_grandfather_a_wear
98cdd118cea2156,shotgun_fullauto_t8_tunables_zm
98d7067115d11d4,smg_handling_t8_upgraded_dw_zm
98d8113dbc1f622,sniper_damagesemi_t8_tunables_mp
98def05d0fd2ddf,suppress_uber
98e52f81d3f4f4c,mcs/t8_cloth_rope_02_dirt
98e7fae2b50c8b7,mc/mtl_veh_t7_zhd_tanker_truck_body03_grill
98ea2937af15476,medal/flag_capture
98ebeaea5262dd3,ei/gfx8_liquid_string_em_pb_i16
98f1998ad8421ce,gd_c_t8_mp_spe_engineer_highlander_lowerbody2_cst
98f350cc46b0e86,mc/mtl_p8_zm_bandolier_bandit_perk_totem_eyes
98f5f8423906f40,scope_mms_ar_standard_restriction
98fab76bb132a7e,mc/mtl_attach_t8_smg_accurate_trigger_attach
9905cf297b35566,quote_make_war_that_we_may_live_in_peace
990634cec4a1aff,defaultplayerfootstep_sprint_plr
990b2f784154c56,wc/t8_decal_grunge_concrete_sidewalk_01
990d77d3f871543,i_mtl_p8_zm_esc_rope_n
990d85086acf096,scripts/autogenerated/luielems/zm/zm_location.csc
990de7d3f872128,i_mtl_p8_zm_esc_rope_g
991011052844563,prt_wz_yuri
99111ac48b87792,mc/mtl_p8_zm_esc_birdcage_metal_dirt
99145de9cf614d9,menu/x_points
9915cb23bd5c9ab,score/melee_kill
9916ce4e24e9f6d,tr_damageburst_t8_tunables_wz
9917851c0b3e9c5,defaultstoragefile
9919089080ba090,mc/mtl_p8_zm_esc_machine_smelting_main_02_metal_orange
991a8ee8f25a14b,dogfight_reactive_camo_bundle
991b91125329366,i_mtl_p8_light_table_lamp_shade_metal_m
992005764613311,zmweapon/sniper_powerbolt_t8_upgraded
9925188c43b0ded,medal_hellstorm_missile_killjoy
9925f3188688d48,em/y01
99327b3f93ca728,reaperfoleynpcquiet
993664ecadb139e,mc/mtl_p8_zm_esc_dark_machine_light_03_off
99389157e569b07,zombie/perk_stronghold
993ad28e55acd70,ui/fx8_theater_camera_head_glow_yellow
993b2eb81d650d2,charm_avocado_toast
993c1a7dd3452ba,mp/slash
994438c1e3f441d,ei/gfx8_liquid_spurt_em_gp_i16
9947780a0e1251e,platform/reset_all
994a7e688945611,menu/fileshare_victory
9954234245383e7,loot_pistol_revolver_mk2_bribe
995be1b779bb1a7,smg_handling_t8_upgraded_dw_tunables_zm
995e4da6dece8a0,wc/t8_concrete_trim_slab_side_01
995ec7b4bec9f80,zmweapon/sniper_quickscope_t8_upgraded
99602499fe52be0,equipment_concertinawire_restriction
99623181177da4d,vd/t8_concrete_floor_rough_01_blend
99698a587a6a621,i_mtl_p8_zm_esc_perk_vending_soda_glass_01_c
996c6118cf24ec6,shotgun_fullauto_t8_tunables_wz
996cb494b626e68,mc/mtl_wpn_tac_rifle_mid_burst_ammopouch_mk2
99704b7a9318e3d,zmweapon/ww_freezegun_t8_upgraded
997ac9375956aed,zm_perkdecay
9994bfc54840797,p8_zm_esc_dock_light_lamppost
999516e5e35a515,prt_wz_engineer
9997e902639a032,attachment_suppressed_smg_standard_restriction
999d29db04a4177,pc_category_common
999ee59a501fa76,attachment_damage_lmg_heavy_restriction
99a3ef7b1a3ce7f,firebreak_dragonslayer_outfit_bundle
99a97d1a6f94031,menu/level_caps
99acc0ab6fa2580,mc/mtl_p7_wes_engine_steam_set_decal_12
99acf0ab6fa2a99,mc/mtl_p7_wes_engine_steam_set_decal_11
99b52434bf2f486,melee_slaybell_t8_tunables_mp
99b739f0a536cc7,events_hellstorm_missile_vanguard
99b79e4e2570a09,tr_damageburst_t8_tunables_zm
99b7d00ba007fed,gd_c_t8_mp_spe_nomad_apocalypse_arms1
99ba5cd87efd7e8,ar_standard_t8_tunables_zm
99bb9f175b2afbb,mc/mtl_p7_shr_food_decay_wood_decal_03
99bbbf175b2b321,mc/mtl_p7_shr_food_decay_wood_decal_01
99bbef175b2b83a,mc/mtl_p7_shr_food_decay_wood_decal_04
99c139eb0db3c40,lf_light_fluorescent_streak
99c1e5a5f7725f3,lf_light_direction_basic
99c36e5f7526314,outfit_dotd_com1_bundle_ajax_shop
99c75aab120973c,mc/mtl_p8_foliage_tree_birch_decals_dead
99d07d3f340bb82,pc_move_forward
99d49828c6da2e1,pc_weaponcyclewrap
99d6c82f99c6547,menu/equipment_enabled
99dc80444b3bbb7,allow_spectating
99e520ab6fd3f09,mc/mtl_p7_wes_engine_steam_set_decal_06
99e530ab6fd40bc,mc/mtl_p7_wes_engine_steam_set_decal_01
99eabfe1054001c,defender_control_hvo
99ed94c1f25feb1,mc/mtl_wpn_t8_sig_bow_symmetry_middle_close
99f2e1556fdfdce,mc/mtl_p7_zm_ver_farm_tools_decal_10
99f2f1556fdff81,mc/mtl_p7_zm_ver_farm_tools_decal_11
99f352f9c3db81f,mc/mtl_p8_zm_esc_infirmary_bathtub
99f918a7e3660d7,mcs/mtl_p7_fxanim_gp_tarp_blue_grunge_01_s3
99fcf70b0cf6ca5,maps/zm_escape/fx8_pap_arrival
99ff12f54b83b7b,attach_t8_sniper_power_semi_hical_sig_02_view
9a021342e7d43d2,lb_mp_gm_tdm
9a0238642951f41,gd_c_t8_mp_spe_ruin_viking_arms2_cst
9a0710274b585f0,impacts/fx8_bul_impact_robot_head_fatal_exit
9a182376c6440ca,dog_melee
9a2026494ae3298,em/snake
9a205ff531f2a73,splm/mtl_p8_zm_esc_gun_gallery_metal_beam_02_white
9a221c841690dcf,zm_weapons/fx8_raygun_impact_zmb
9a22b1557002e8c,mc/mtl_p7_zm_ver_farm_tools_decal_09
9a22c155700303f,mc/mtl_p7_zm_ver_farm_tools_decal_08
9a22f1557003558,mc/mtl_p7_zm_ver_farm_tools_decal_05
9a230155700370b,mc/mtl_p7_zm_ver_farm_tools_decal_04
9a23115570038be,mc/mtl_p7_zm_ver_farm_tools_decal_07
9a2321557003a71,mc/mtl_p7_zm_ver_farm_tools_decal_06
9a2331557003c24,mc/mtl_p7_zm_ver_farm_tools_decal_01
9a2351557003f8a,mc/mtl_p7_zm_ver_farm_tools_decal_03
9a236155700413d,mc/mtl_p7_zm_ver_farm_tools_decal_02
9a3ef484cce8d37,mc/mtl_p7_zm_isl_pap_elements_glass
9a409506fc84b31,i_mtl_p8_zm_esc_birdcage_metal_01_m
9a532ca00938e4a,blood/fx8_blood_decal_impact_ground_reaper
9a53a84459b111f,contaminator_koth_hvo
9a56a5eb2c35db5,mpui/desc_seaside
9a58948c3b976f5,exe/seconds
9a592223c0680c0,zm_enhancedstate
9a594311b209ee5,playlist/arms_race
9a59acd87f819bc,ar_standard_t8_tunables_wz
9a5d466eae0aeb3,zm_office_debris_groom_lake_medium_idle
9a5d51206d8c160,gsoc_zm_talismans
9a5e6058aaec916,attachment_extbarrel_smg_capacity_restriction
9a65f3562b61389,gd_c_t8_mp_spe_prophet_lowerbody1_cst
9a79068dae16b85,vm_zipline_loop
9a82e835c65908e,c_t8_default_character_fb
9a97e8f67700877,gd_c_t8_mp_spe_prophet_arms1_dotd_cst
9a9df89db47871d,wc/mtl_p7_con_charging_station_metal_grate_circles
9aa6798365693cc,mc/mtl_p8_zm_powerup_free_perk_02
9aac6a1759d4b0a,shamrock_free_bundle_2019
9ab32ccf7222471,homunculus_bounce
9ab4424affe55ad,hatchet_bounce
9abd86c8f963545,mc/mtl_p8_zm_esc_cell_bridge_set_decal_macro
9ac034e8856c1ba,zm_talismanweaponstartlmg
9ac7a5d04075a06,i_mtl_p8_zm_esc_gondola_decal_01_c
9accceb2e195e04,splm/mtl_p8_pipes_electrical_fittings
9ace69920e92f88,acog_ar_accurate_t8_tunables_zm
9ad3535ae4d7f3b,mc/mtl_p8_foliage_elm_tree_test_branch_02
9ad790d4d93beaa,pc_empty_separator
9ada5df28de70d1,mpui/russianbase
9adc6fa0771654e,medal_prop_killed_three_props
9ade482789e4210,vd/mtl_loot_ui_icon_tags_warriors_ajax
9ae253c2d91e7e6,i_t8_zm_esc_ceramic_tiles_02_n
9ae2e3c2d91f731,i_t8_zm_esc_ceramic_tiles_02_g
9ae323c2d91fdfd,i_t8_zm_esc_ceramic_tiles_02_c
9ae6e2150d40edd,explosions/fx8_exp_rocket_lg_default
9ae9fc610d6c99b,scripts/zm/zm_orange_zones.gsc
9aeb41b98bc1671,mpui/grip_desc
9af33c4f04269d9,splm/mtl_p7_zm_asc_train_bracket_metal
9af50acea041c94,activecamoinfo_t8_sig_smg_accurate_darkunicorn
9b0196ca2cf2b09,splm/mtl_p8_zm_esc_barbed_wire_barbs_horrific
9b04447e22b4f0c,zombie/powerup_minigun
9b063d245eab917,wraith_fire_fire_wall_zm
9b066858c1507d4,mc/mtl_p7_zm_moo_console_control_emissive_yellow
9b07d3d5e73e818,menu/lb_level
9b0935565759c5b,hero_katana_t8_lv3_zm
9b0b2bf6f91eb63,warzone/spknifeork_t8
9b10d7a1085b0dc,acog_ar_galil_t8_upgraded_tunables_zm
9b14e13b3db5243,crash_end_game_pose
9b17a7a23f6d081,prestige9_mp
9b18757fbadcc9d,mc/mtl_p7_spl_jewelry_toy_set_diamonds_blue
9b1a2c461ed0eaf,claymore_zm
9b1b5423e4b2dc0,impacts/fx8_bul_impact_thin_metal_xlg
9b1ce7f36d2a8ad,events_automated_turret_objective_kill
9b1ec5fe08e3f2f,attachment_fmj2_ar_damage_restriction
9b25bead08c8f3c,charm_basketball_william
9b25de05718b20c,zm_ai/fx8_dog_belly_glow
9b27a43fb7aa733,dog/desc
9b2a206f8a10740,ray_gun_mk2_tunables_zm
9b38048511326b7,shotgun_pump_t8_mp
9b4f5ecbedf922f,ray_gun_mk2z
9b4f6ecbedf93e2,ray_gun_mk2y
9b4f7ecbedf9595,ray_gun_mk2x
9b5bab2fa9bbf5d,weapon/fx8_muz_lg_rifle_3p_4sqr_mb
9b5d77f7e29f973,zombie_perk_bottle_dying_wish
9b5ec48c6e4d1cb,menu/store_featured
9b60c65f2cdbe43,deferred_permute_uber_resolve_gtao
9b60eea06da7dd2,weapon/sniper_powersemi_t8
9b61db1f3b9e7bb,scope_mms_lmg_spray_restriction
9b702baf0287d00,i_mtl_p8_wz_ep_gun_toy_stock_o
9b7eaba098a37d6,zm_elixirneardeathexperience
9b80beee26ad699,mc/mtl_p7_zm_asc_pipe_modular_set_painted_yellow
9b814200018a236,killstreak/drone_squadron
9b83096368befc2,zm_office_debris_groom_lake_medium_clear
9b8b68fefabf70e,maps/zm_escape/fx8_lighthouse_explosion_md
9b8c8118d0f3892,shotgun_fullauto_t8_tunables_mp
9b90ae1434aa7bc,zombie/perk_cooldown
9b90e35b488dc83,menu/screenshot
9b9d7e30b9815fa,boast_waiting
9b9edf14a95494e,reinforcer_control_hvo
9ba36ce7d9715e7,i_veh_t8_zmb_1931_truck_body_m
9ba37ce7d97179a,i_veh_t8_zmb_1931_truck_body_n
9ba38ce7d97194d,i_veh_t8_zmb_1931_truck_body_o
9ba40edebc67d51,mc/mtl_p8_zm_esc_power_switch_dirt
9ba9d7896259104,ges_plyr_gesture000_zm
9baad7b770e1731,scripts/zm_common/zm_devgui.gsc
9bae3df0056a7c4,ei/gfx_fog_slow_wide_md_anim_lit_full_lite|dup
9bb21a546c3bc30,special_ballisticknife_t8_dw_upgraded_tunables_zm
9bb4e45ee88ad8b,medal/anti_hack
9bba28e974bf8a3,mcs/mtl_p8_zm_zod_clock_mantel_minute_metal_01
9bbe1ec48f79df5,prt_wz_swatpolice
9bc0a4103fca48b,tools/fx8_color_grade_calibration_sm
9bc2b49a2a1ccb1,options/reset
9bca58fefafc302,maps/zm_escape/fx8_lighthouse_explosion_lg
9bca68cb10dea7f,pbt_zm_nikolai
9bce07bfa735d4c,lmg_heavy_t8_zm
9bd1dc0fcbe19be,bottle_plastic
9bda6e0b0de96f1,camo_active_sig_pistol_revolver_cyberpunk_base_bribe
9bdc7611de0c74a,pb_action_figure_fem_draft_preready_to_select_3
9bef403851f5e26,gsol_zm_perks
9bf19dbac28433d,pyromaniac_dom_hvo
9bf401875f3d4fc,mc/mtl_p8_zm_zod_table_settings_set_porcelain
9bff5f3112013e0,camo_active_dlc5_phased_wrapper_shop
9c04f569762ba22,mpui/carries
9c0e101e15f26f8,mc/mtl_p7_zm_gen_sphere_ghost
9c10031c7d4509d,em/v01
9c157f2230454ad,ww_blundergat_t8
9c16ee25f38869c,mc/mtl_wpn_t8_shotgun_semi_bolt_sig_01
9c171e25f388bb5,mc/mtl_wpn_t8_shotgun_semi_bolt_sig_02
9c1f35350983a03,lb_mp_gm_conf_hc
9c2407c47316d6a,zitem_office_teleporter_modifier_part_3_zm
9c2697cc12650a7,dualoptic_tr
9c2a68bcb3137c1,special_crossbow_t8_upgraded_zm
9c2cd90812a848d,mc/mtl_wpn_t8_sniper_vanguard_sig_02_mag_v2
9c371b49162512d,ar_accurate_t8_upgraded_zm
9c39673ea9bd106,mp/12th
9c455a409c49fd5,charm_pink_dice
9c462d9380284ce,ar_modular_restriction
9c470196b6040d9,shotgun_trenchgun_t8_zm
9c4873fb3f59620,events_molotov_cocktail_objective_multikill_3
9c4c7825ef776c9,scene_frontend_t8_zombies
9c51c5c9edcfbf0,fxaa_hemi_aa_pass2v_compute
9c53569010253ae,i_mtl_p8_usa_vista_crane_boom_scratches_decal_m
9c5c4d287045c53,zm_weapons/fx8_viper_bite_launch
9c5d5881cc195b0,scripts/core_common/system_shared.gsc
9c61335d85620af,scripts/core_common/ai/planner_commander.gsc
9c6f32f4c3d212e,wc/t8_decal_grunge_rust_large_01
9c739d281da7a8d,explosions/fx8_exp_bomb_metal
9c7793a94f37a15,spoon_alcatraz_zm
9c7a0305443344f,ei/gfx8_liquid_streak_anim_em_pb_i16|dup
9c7b3dba5eac3a9,mc/mtl_p8_usa_restroom_sign_set_male_decal
9c7bb19a2bd6ea4,mc/mtl_p8_zm_esc_pipe_metal_decal_rust_01
9c83d133519dd68,scope_reflex_shotgun_semiauto_restriction
9c848b73bfceab1,ui_cam_cac_equip_incendiary
9c916f78b9ea950,random_objective_locations_koth
9c91b19a8d32d19,spawner_zm_zombie_office
9c937cd580d9c61,loot_season_5_postseason
9c93f9be053eccb,pc_expander_changestance
9c975db16cceba5,zmui/towers
9c977a9cba42bee,p8_zm_esc_infirmary_bathtub_full
9c983a85b236414,team_score_per_kill_confirmed
9c9847890053b4e,zm_ai/fx8_elec_shock_os
9c98e37764b80e7,impacts/fx8_bul_impact_soul_limb_nonfatal
9c9a526b1a58e53,pc_ui_contextual_1
9c9a626b1a59006,pc_ui_contextual_2
9c9a726b1a591b9,pc_ui_contextual_3
9ca23a2e02b1a1a,mc/mtl_p7_signage_elevator_floor_indicator_trim_01_arrows_off
9ca2b6a2949dab8,sessionmode_zm
9ca7698e26c83cc,mc/mtl_p7_zm_asc_wire_exposed_metal_01
9ca88e68d8e8351,mc/mtl_p8_zm_esc_nixie_metal_grill
9cabd2f4841c98f,zm_pointlossonteammatedeath
9cae1df2d4492d2,gear_comsecdevice_restriction
9cae3b1019e9a29,decay_progress
9cb09d985e43ac5,gd_c_t8_mp_spe_spectre_arms1_cst
9cc05e66d1fdd2a,weapon/claymore_desc
9cca7c9bb019c97,wpn_t8_zm_elixir_liquid_common_world
9cd3e3d44f7cae4,quickdraw2
9cd7613dbf7c766,sniper_damagesemi_t8_tunables_zm
9cdc7560ca42caf,mc/mtl_c_t8_bo_hero_old_woods_sandals
9cdca9cc5bd4fa6,em/halo
9cdf269b7334ba9,wc/t7_glass_dirty_grimes_01_cracked_bloody
9ce063740522bdd,i_mtl_p8_zm_esc_perk_vending_cola_glass_c
9ce5ed216a4f972,camo_t8_ar_galil
9ce8732181889f0,ei/gfx_fog_slow_wide_lg_anim_lit_full_lite|dup
9cf38b861b57f9f,wz_character_buffassault
9cf7330ad6e7d2f,charm_tanuki
9cf961a9b170be7,wc/mtl_p7_zm_ori_concrete_wall_damaged_01_blend
9cfadbc669d29f9,wc/t7_zm_moo_decal_asphalt_square_lg
9d00a7d3d969f6e,menu/purchase_processing
9d06111f74a5b0a,mc/mtl_veh_t7_zhd_tanker_truck_body01_steel
9d080503c6a8d96,zombie/trap_active
9d0ea7e84243270,loot_contract_prophet_egyptian_warrior
9d12e5cce8d95e6,i_wpn_tac_rifle_mid_burst_barrel_n
9d1375cce8da531,i_wpn_tac_rifle_mid_burst_barrel_g
9d13b5cce8dabfd,i_wpn_tac_rifle_mid_burst_barrel_c
9d14481bc90d7db,splm/p8_zm_esc_rug_rectangle_01
9d14b5cce8dc72d,i_wpn_tac_rifle_mid_burst_barrel_s
9d16348512bf2ff,shotgun_pump_t8_zm
9d1f7e348c145a1,pistol_topbreak_t8_upgraded_zm
9d227ecf0a71262,weapon/smg_standard_t8
9d23ec5d6e2bc92,gamedata/ddl/generated/dlog_event_pac_card.ddl
9d28ca62babbb9c,mc/t7_metal_paint_scratched_01_grey_drk
9d2a326ce337592,mcp/hud_outline_model_white_calpha
9d2ebfde2e1ed80,wz_character_stuhlinger
9d3707a2413a5e9,prestige9_wz
9d3af62cbad73f5,zm_zombie.ai_asm
9d3ba37a9b8c75a,wc/t8_zm_esc_rocky_dirt_cliff
9d3ff8658f9b4af,zm_talismans
9d4406a295252ec,sessionmode_wz
9d45158b74185f2,heavy_bullet_exit
9d459c41c611585,mc/mtl_p8_zm_zod_bed_bunk_third_class_berths_sheet_01
9d460e03464f25e,fallimpact_slow_surface
9d47844d30cfbcb,events_vision_pulse_objective_assist
9d488a7ac20a9f6,scope_holo_ar_modular_restriction
9d603af8d5d73db,equipment_fraggrenade_restriction
9d62e4e4330c1f3,explosions/fx8_exp_bomb_default
9d631784cdc318a,wc/t7_wood_plank_floor_01_dark
9d69985608e10d5,p8_wz_ep_wrench_ratchet
9d6a3b0f79914a2,scope_elo_smg_fastfire_restriction
9d6e3f034d94a8a,eq_acid_bomb_zm
9d87f13dc01de36,sniper_damagesemi_t8_tunables_wz
9d8e84e0613cf64,prc_mp_objective
9d973eceffee639,em/teardrop
9d9d428c598e1b9,ei/gfx_snow_hail_em
9da063ca28173b6,ei/gfx8_fol_grapevine_leaf_lit
9daab8fefc8cac3,maps/zm_escape/fx8_lighthouse_explosion_sm
9daae8ece060ec1,eq_collapse_grenade_tunables_wz
9dabcbaabe45431,mc/mtl_p7_zm_moo_bridge_crane_catwalk_soldering
9dae3619cb86be8,zombie/fx8_perk_altar_symbol_ambient_timeslip
9db0f0e5b7d14a8,key/kp_rightarrow
9db22483753c266,events_grapple_gun_objective_kill
9db5fd571400f66,attachment_quickdraw_smg_accurate_restriction
9db7b4a11e7b7e6,electric/fx8_sparks_burst_dir_xsm_orange_os
9db9c526e6370ab,menu/multiplier_x
9dbc8cee7057640,aib_tplt_zombie_base_dth_f_float_notrans_01
9dbccb01b2884f5,ei/gfx8_liquid_impact_em_pb_i16|dup
9dc66e4e28e80b5,tr_damageburst_t8_tunables_mp
9dc7f57f47a3222,menu/linear
9dc8cc62e7f540a,pc_audio_presets
9dc939c4153e2dc,ztable_escape_open
9dcb602d181eafc,wc/t7_rubber_mat_flooring_small_black
9dd18528e9edce5,weapon/melee_cutlass_t8
9dd98315214a6f5,em/n01
9dde758523296b3,melee_demohammer_bundle_shop
9de1de0acb9c490,i_mtl_p8_zm_box_wood_sml_decal_bolt_01_g
9de21e0acb9cb5c,i_mtl_p8_zm_box_wood_sml_decal_bolt_01_c
9de25e0acb9d228,i_mtl_p8_zm_box_wood_sml_decal_bolt_01_o
9de26e0acb9d3db,i_mtl_p8_zm_box_wood_sml_decal_bolt_01_n
9df4b2e9683446c,sniper_rechamber
9df4f23b6286f4c,mc/mtl_p8_zm_esc_cell_doorframe_glass
9df56a07d91d21a,hero_gravityspikes_t8_lv1_zm
9dfa04ccb5f2c13,sniper_locus_t8_upgraded_zm
9e0639c0962c3f2,p8_wz_ep_puzzle_structural_block
9e0c6245c2620eb,mc/mtl_p8_zm_esc_cell_doorframe_lines
9e0cc2b3ab81c93,loot_emote_shared_laughing_at_you_shop
9e16a711deb37c9,medal_prop_killed_all_props
9e1a9db336342db,ei/gfx8_liquid_radial_lit|dup
9e22c6ce275abc3,menu/preview_segment
9e237f89eab306b,passthru_alpha_postfx
9e2507782ff4484,medal_uninterrupted_obit_feed_kills
9e2574533cf4238,mc/mtl_p8_zm_esc_dark_machine_rubber_01
9e25a4533cf4751,mc/mtl_p8_zm_esc_dark_machine_rubber_02
9e284e65ac3cd8d,mp/6th
9e298bf946aaf65,mc/mtl_p8_zm_esc_pipe_metal_paintmetal_01
9e2a3e9bcb28e03,menu/x_kills
9e3336b7969b99f,gear_acousticsensor_restriction
9e4445fa4671757,reaperfoleyquiet_crouch_walk_plr
9e560434c3144ca,melee_slaybell_t8_tunables_wz
9e566b0119b429b,weapon/freezegun_desc
9e59c853a8f0c51,ei/gfx_lightning_cloud_em_gp_i16|dup
9e63d06fd8503f7,i_mtl_p8_zm_esc_packasplat_engine_decal_m
9e65c595cba4a29,mc/mtl_p8_zm_zod_bed_bunk_third_class_berths_sheet_messy_01
9e6e0cac8bf9e63,clear_compute_texture_red_4
9e73dd2e9d9d345,scripts/core_common/math_shared.gsc
9e740ad10eead80,menu/not_available
9e742eb4de65b99,zm_contract/powerups
9e78fd8e4e7865f,clan/team
9e82e6a2962dd60,sessionmode_mp
9e85390b94496a3,outfit_snake_legendary1_nomad_sunset_bundle_shop
9e87124447f292c,mc/mtl_p7_zm_ctl_desk_supply_clock_portable_metal_01
9e87324447f2c92,mc/mtl_p7_zm_ctl_desk_supply_clock_portable_metal_03
9e87424447f2e45,mc/mtl_p7_zm_ctl_desk_supply_clock_portable_metal_02
9e87ce16861fa0e,splm/p8_wood_beam_generic_01_seaside_long
9e88141356a0ffc,mc/mtl_p7_zm_der_light_set_metal_aluminum
9e905b0fa078f18,mc/mtl_p8_zm_esc_birdcage_metal_01
9ea51abd3bd196f,wc/wood_teak_decking_dark_dlc1
9eaef177aabc815,zm_bgb_bullet_boost
9ebdf38d021b6cc,i_wpn_t8_smg_handling_front_sig_02_o
9ebe038d021b87f,i_wpn_t8_smg_handling_front_sig_02_n
9ebe338d021bd98,i_wpn_t8_smg_handling_front_sig_02_c
9ebe738d021c464,i_wpn_t8_smg_handling_front_sig_02_g
9ebee57351e527e,p8_ice_rebar_single_64_01
9ebf338d021d8c8,i_wpn_t8_smg_handling_front_sig_02_s
9ebf9b7667b93f2,i_mtl_wpn_t8_pistol_burst_clip_sig_02_o
9ebfab7667b95a5,i_mtl_wpn_t8_pistol_burst_clip_sig_02_n
9ebfdb7667b9abe,i_mtl_wpn_t8_pistol_burst_clip_sig_02_c
9ec01b7667ba18a,i_mtl_wpn_t8_pistol_burst_clip_sig_02_g
9ec0db7667bb5ee,i_mtl_wpn_t8_pistol_burst_clip_sig_02_s
9ec343bdf77ae98,menu/death_circle
9ecc8713c7779f3,zm_pointlossondown
9ed65b8840afa44,mpui/kills
9ed67e6a57383e8,quote_real_and_lasting_victories
9ed8590086048c3,boast_juggling_fem
9ed8b395ce0d321,maps/zm_escape/fx8_packasplat_crafting
9ed9199a567e400,scripts/core_common/visionset_mgr_shared.gsc
9eda3eac4bc8896,ges_crouch_to_prone
9edb7989f85ab5f,impacts/fx8_bul_impact_wz_concrete_sm
9ee0649a7683018,attachment_killcounter_ar_damage_restriction
9ee1d812a3deca8,warpaint_daysofsummer_bundle
9ee3eb3ce76c324,prt_wz_hudson_shop
9ee47b0c71ab0f1,scripts/autogenerated/luielems/zm/zm_trial_weapon_locked.csc
9eec78e87d57afc,hvolist
9eee28789fe067a,zm_default_loadouts
9eee41f4c3761f1,charm_crystal
9eef2b4ff09b8e4,hero_sword_pistol_lv2_zm
9ef028efd188f05,menu/rename
9ef394cf2d1aa32,operator_dw_restriction
9efab3675c38d69,loot_emote_shared_head_shot_shop
9f00dd69822811f,mc/mtl_attach_t8_smg_fastfire_handguard_01_mk2
9f03b27b69353ce,medal_kill_enemy_with_care_package_crush
9f047f62eeb800b,mc/mtl_p7_zm_ori_scope_vintage_glass
9f04cfbf3682b3d,dualoptic_ar_fastfire_t8_tunables_mp
9f08eac42fc4b58,vd/t8_decal_damage_bullet_holes_wood_02
9f1504f8b1fb4cd,bullet_penetration_zm
9f162da789bae1a,zm_contract/gauntlet_rounds
9f1c572f7cab38b,camo_active_dlc1_masks_wrapper
9f1e94f575e12d0,i_mtl_wpn_tr_powersemi_receiver_sig_02_g
9f1ed4f575e199c,i_mtl_wpn_tr_powersemi_receiver_sig_02_c
9f204220e84b450,missileentitystatefields_zm
9f205a627a6a4bd,charm_basketball_hoop
9f2611cd2be6976,perk_resistance_restriction
9f26d6489345083,gamedata/tables/mp/scoreinfo/mp_scoreinfo_clean.csv
9f3416401c9cf0c,i_mtl_p8_wz_ep_bottle_champagne_cork_n
9f3466401c9d78b,i_mtl_p8_wz_ep_bottle_champagne_cork_c
9f3598ad57dadd8,prt_zm_richtofen
9f38c0f663020ba,reaperfoleyquiet_prone_npc
9f396eb1dead9ef,events_seeker_shock_mine_paralyzed_enemy
9f3e9878da82f44,em/heart
9f3ed0cc60b06d3,wc/t8_zm_decal_scuffs_reveal
9f43d523eb31b9f,pcdidyouknow
9f44606aefb8527,zombfootstep
9f480787c9809f5,menu/stickers_caps
9f532470e65682f,game/usage
9f558892224d9dc,presence/mp_mountain2
9f579200da477fe,menu/player_limit
9f5b1fc47f14be5,mc/mtl_p8_zm_esc_turbine_generator_cables
9f5c3434eab9ca6,ei/gfx8_spark_round_em|dup
9f5fa398233ef25,i_mtl_wpn_t8_shotty_prec_grip_base_s
9f5ff0a6d8751e8,mpui/desc_jungle2
9f5ffb7fd07889b,loot_emote_zapoc_roadwarrior_unicycle_shop
9f6063982340389,i_mtl_wpn_t8_shotty_prec_grip_base_g
9f60a3982340a55,i_mtl_wpn_t8_shotty_prec_grip_base_c
9f60d3982340f6e,i_mtl_wpn_t8_shotty_prec_grip_base_n
9f60e3982341121,i_mtl_wpn_t8_shotty_prec_grip_base_o
9f63568ef5980e9,mc/mtl_c_t8_bo_hero_russman_chest_skin
9f64bc3deb6959e,vd/t8_zm_decal_scorch_mark_reveal_02
9f661e8606b99c1,attachment_damage2_ar_damage_restriction
9f6c9abf90e31c8,ei/gfx8_smk_sm_thick_bulb_anim_high_dark_lit
9f71be7c70d2c4e,mc/mtl_p8_zm_zod_music_sheet_01_detail
9f7ebf85ca30f4b,loot_character_replacer_leisure_sunset_bundle_shop
9f837eedfbb8117,menu/graphic_content
9f8857a2432e5d5,prestige9_zm
9f8be14095feb5a,pc_ui_toggleoutline
9f8da0fe0112eeb,vd/t8_zm_decal_carpet_worn_through_reveal
9f8e3dcf8b6367c,scripts/zm_common/zm.gsc
9f912224ccd9c91,slaybell
9f99f2ac484b410,shock_seeker_secondary
9f9a830f04564a7,menu/network
9fa2b9b1918e66d,attachment_extbarrel_tr_longburst_restriction
9fad558b2ed3e0f,mc/mtl_p7_shr_weapon_bow_02_cord
9fad94aa6db721a,mc/mtl_p7_rus_insulator_electrical_snow_ceramics_yellow
9fb2125b3e673e5,gear_armor_one
9fb93b830d11f2f,ui_cam_cac_special_knife
9fba346413b70ab,pc_equipment
9fbd94f520a572b,ui_cam_icon_shotgun_precision
9fbf7429bacd59e,swat_team
9fcd929e9adc3cf,bleedout_time
9fcf7d746edeeaf,perk_cooldown
9fd01adfed81d20,smg_thompson_t8_zm
9fd7c67cf0ff612,depth_clear_cache_tile
9fe85d144724724,quote_war_is_delightful
9fea0c2f6b30289,wz_character_weaver
9fec172f283cf6a,mc/mtl_wpn_t8_ar_stealth_sig_01_rail_base1
9feca694c7bea24,mc/mtl_p7_zm_sta_shoe_vintage_male_01_cloth_white
9fed1ee25ed580c,gear_awareness
9ff63df2f200741,attachment_grip_pistol_burst_restriction
9ffc46206fe8de7,sniper_fastrechamber_t8_upgraded_tunables_zm
a00200a2a43879c,zm_playersounds
a0027d350d9449e,zombie/fx8_perk_altar_symbol_ambient_quick_revive
a0039cf9ccd3e36,warzone/ammo_full
a009f37e1567367,menu/notice
a00abffc119e4e9,impacts/fx8_bul_impact_fireworks_body_nonfatal_exit
a00c81e88ad3882,scope_reflex_pistol_fullauto_restriction
a00fd8384a3f1fe,attachment_damage_sniper_powerbolt_restriction
a010ef702d5ff19,p8_zm_off_monitor_security_screen_labs
a011dffec0dd650,prt_mp_spectre
a0128bdbef0445c,zm_minibossstate
a0184c9638e7caf,mc/mtl_p8_zm_esc_infirmary_door_frame
a01e480a50edabb,quote_success_is_how_high_you_bounce
a02239d7de99877,splm/mtl_p8_zm_zod_curtain_lounge_rt
a023ca311ba0a0e,wc/t8_decal_grunge_rust_01_blend
a027b6b68ce1892,gd_c_t8_mp_spe_buffer_heist_arms1
a02869f9ac6468d,mc/mtl_p8_zm_esc_lab_monitor_base_decal
a02c44161370f6d,uie_crop_normal
a02d0d28d65ec0d,weapon/fx8_amulet_impact_bone
a02feb9fcef4278,events_radiation_field_multikill_6
a0300b9fcef45de,events_radiation_field_multikill_4
a0301b9fcef4791,events_radiation_field_multikill_5
a0302b9fcef4944,events_radiation_field_multikill_2
a0303b9fcef4af7,events_radiation_field_multikill_3
a036e50c4f4b149,perk_gungho_restriction
a038b6f01bee776,mcs/t8_metal_rebar_rust_01_cap
a038ff0114bed37,impacts/fx8_bul_impact_wz_mud_base
a03ecc37affe83c,tank_damage_light_mp
a041d1f27a5d913,lb_mp_gm_escort
a045de7f58e4713,i_mtl_p8_zm_esc_warden_vase_01_c
a0465ccc4a3ef61,scripts/zm/zm_office_defcon.gsc
a0468e7f58e59c4,i_mtl_p8_zm_esc_warden_vase_01_n
a046be7f58e5edd,i_mtl_p8_zm_esc_warden_vase_01_m
a046bfa2d76ea73,gsol_zm_laststand
a04953f4c6e0da4,i_attach_t8_pistol_revolver_stabilizer_diamond_mk2_n
a04d5ec7eb57d53,wc/t7_metal_paint_rust_white
a05675f7ec59862,tr_flechette_t8_tunables_wz
a058a124cce59b7,contract/play_safeguard
a05a34b99dad6b8,splm/mtl_p8_zm_esc_warden_house_wood_panel
a05f87458d951b3,pc_framerate_cap
a061ee0c9def6d8,mc/mtl_wpn_tac_rifle_mid_burst_charginhandle
a063cccef2cba6b,demo/rec
a06a927097b05a5,loot_contract_gks_mastercraft
a07318234e75c4c,mc/mtl_p7_zm_sta_shoe_vintage_male_01_purple
a075a4997a3fb7f,ei/gfx8_snow_flake_flurry_lit|dup
a07f5190dbc4e10,mc/mtl_p7_zm_ctl_container115_metal_steelcap
a0802ec72b26a24,talisman_start_weapon_smg
a08357a88ee98b2,mc/mtl_p8_zm_zod_turbine_bolt_top_metal
a0841c627f86301,mc/mtl_wpn_t8_zm_broadside_cannon_front_wood_plate
a08a255c513dbb7,mpui/grip2
a097e6a485d2343,zmui/classic_caps
a098293ba2c57d0,medal/multikill_7
a098393ba2c5983,medal/multikill_6
a098493ba2c5b36,medal/multikill_5
a098593ba2c5ce9,medal/multikill_4
a098693ba2c5e9c,medal/multikill_3
a098793ba2c604f,medal/multikill_2
a09d0e63c48a26b,wc/t7_zm_moo_metal_panel_02
a09d2212bb856d3,loot_weapon_deathfx_rainbow_shop
a09dfe049e83996,pc_ads_fieldofview
a0a02071874c1ce,light/fx8_light_fire_lg
a0a6c8dfba19bf0,mcs/mtl_p8_zm_esc_warden_clock_dirt
a0ad79cfc79892d,p8_zm_zod_cipher_book_once_you
a0adc4a8fb424b3,stinger_lock_rumble
a0aeec13520ef83,activecamoinfo_t8_sig_shotgun_pump_police_zm
a0b94dc984b9974,mc/mtl_p7_jun_bucket_chum_drip_decal
a0be1edc976c948,mc/mtl_p8_zm_zod_light_flashlight_flask_brass
a0c4101e88a4707,pistol_topbreak_t8_upgraded
a0c72a43293dde0,menu/random
a0c874bb44f2179,menu/tcm_tab
a0cf600fe5b336b,attachment_fmj_tr_longburst_restriction
a0cf8071876e6a7,light/fx8_light_fire_sm
a0d58b51f0dcd03,loot_emote_exotic_shared_selfie_shop
a0d7dade20bba44,pc_ads_sensitivity_high_zoom
a0da0e872322c9c,attachment_suppressed_ar_standard_restriction
a0e8a15418cf2b0,mc/mtl_wpn_t8_lmg_heavy_stock_shagbase_sig_02
a0f17102cc2fbee,quote_warfare_base_on_deception
a0f290804d6a6f6,wz/fx8_zombie_eye_glow_green_wz
a0f29bdac22eb22,reaperfoley_sprint_npc
a0f3bf5ae3fc07d,medal_hatchet_kill
a0f3cccd28af3b2,kill_points_in_enemy_protected_zone
a0f5eb85ea78d29,weapon/shotgun_semiauto_t8
a0f61dc8cf1eaa0,vd/t7_decal_bullet_wood_exit_02
a0f62dc8cf1ec53,vd/t7_decal_bullet_wood_exit_03
a0f64dc8cf1efb9,vd/t7_decal_bullet_wood_exit_01
a0fde1cb9c02658,zm_weapons/fx8_raygun_world_zmb_emote
a0fe50b72c7ac5f,loot_ui_icon_tags_warriors_torque
a100b9f78ef7f22,p8_zm_esc_cell_shelf_01_horrific_far
a1011bb131e0927,scope_dualoptic_lmg_spray_restriction
a101e863b7f5052,reload_medium
a1039500471486b,gd_c_t8_mp_spe_swat_apocalypse_arms1
a103cc6c85451c5,medal/radiation_kill
a104a87290ede0e,weapon/ar_stealth_t8
a10efff649a908d,mc/mtl_c_t8_mp_spe_ruin_body2_pants02_cst_heist
a11cb42c53b7199,51_centennial
a1208b3a5f60911,medal_kill_enemy_when_injured
a1244b1128d71d0,ui/mod_meta
a12e5bf056b5987,jumppack_wraith_shop
a13099c5f6cca92,loot_emote_shared_gag
a13597ea283020a,codcaster_ls_secondary_wildcards
a138fc30a5ec03c,vd/t8_decal_grunge_rust_offset_01_blend
a139568907a6db8,sniper_fastrechamber_t8_tunables_wz
a1403348e55fba0,i_wpn_tac_rifle_mid_burst_laser_c
a1407348e56026c,i_wpn_tac_rifle_mid_burst_laser_g
a1410348e5611b7,i_wpn_tac_rifle_mid_burst_laser_n
a1413348e5616d0,i_wpn_tac_rifle_mid_burst_laser_s
a146b364538fb3b,ei/gfx8_fog_slow_lg_anim_lit_full_lite_half
a148a79fd9f1ef5,ei/gfx8_light_core_soft_em|dup
a14a7327b213860,golden_knife_flourish_tunables_zm
a14b6e0d1d62d96,smg_capacity_restriction
a14c8fadf1668e8,boast_snowman
a14e03db197a44e,menu/lb_setbacks
a151e058cbff2c5,wc/t8_zm_zod_wood_trim_01_white
a15276c30758a4b,menu/specialist_ability
a159777b80b6dec,mc/p7_wood_dock_rustic
a15b3824638cf67,attachment_extbarrel_ar_standard_restriction
a15fcac8a200cc6,fastreload
a162af8eb035af3,wpn_t8_zm_perk_totem_bloodwolf_view
a164a2db512a157,medal_shroud_multikill_2
a16565f7ed3eeb2,tr_flechette_t8_tunables_zm
a1660414d4bbc46,outfit_northern_lights_legendary2_crash_shop
a167f0cb383febe,explosions/fx8_exp_grenade_surface_dirt_child
a16c625d9574b78,demo_button_layout_default
a16ff1c4e91098a,menu/explosive_delay
a170ccea4e31349,wc/mtl_p7_rolled_tarp_rope
a176e701a20730f,codcaster_qs_specialists_voices
a17d30c4e1e19f0,mc/mtl_p7_zm_moo_teleporter_sphere_tube_glass
a18238149283759,zombie_perk_totem_mule_kick
a183b03008518b0,mc/mtl_p8_zm_esc_nixie_metal_01
a185f936dee8558,t7_hud_medal_hazmat
a186399740f6c1f,medal_swat_team_kill
a190febb9e58c2c,mc/mtl_p7_zm_sta_dragon_network_console_set_tube_aluminum
a1967b7905349df,mc/t7_con_decal_grunge_dirty_tile_01
a19a3075242d6d4,menu/fury_kill
a19c6a9c8caef33,eq_grapple
a19f0b8ec7d721e,mc/mtl_p8_wz_ep_raygun_plastic
a19f2225b2f1bf6,electric/fx8_sparks_burst_dir_sm_orange_os
a19f45a4766d168,loot_shotgun_pump_mk2_bribe_free
a1a69ab78068ff2,el/gfx8_smk_wisp_string_trail_em_pb_i16
a1a9ddf52af3a37,wc/t8_metal_diamond_plate_worn_black
a1ad3634126937b,scope_elo_shotgun_pump_restriction
a1b2cafc0534bf5,wz/character_mission
a1b88f75c5c48b5,scene_frontend_t8_wz_fem_unlock
a1bc97387fce9ad,p8_wz_ep_hat_magician
a1bddc1352f45d3,activecamoinfo_t8_sig_shotgun_pump_police_wz
a1bf52f33c62b5d,wz/menendez_caps
a1c2bff7e409963,loot_emote_shared_guitar_playing_shop
a1c458cef80a52a,scope_ir_sniper_powersemi_restriction
a1c4ffbf38d6b41,dualoptic_ar_fastfire_t8_tunables_zm
a1c82945949497d,menu/cooldowns_caps
a1ccfe59edcf29b,mc/mtl_p8_zm_esc_book_zombie_leather_plates
a1d171aeb882418,clan_emblem
a1e37f9cadefecf,mcp/hud_outline_model_z_red
a1e981fbbd333cf,zdogfootstep
a1eb1caa8db6519,riotshield_impact
a1ebbae04834619,lmg_stealth_t8_bribe
a1edd8e03c1cb80,ei/gfx8_light_ray_spread_streaks_em_pb_i16
a1f5cf2d87fee37,ei/gfx_water_fall_spill_anim_em
a2014e10af06770,i_mtl_p8_zm_esc_crane_decal_grunge_05_c
a2042b3984a50ac,talisman_extra_claymore
a20892f0e0c11a2,mpui/bm_common
a20f7fe0fa32587,charm_banana_funtime
a21a3f8965efe22,wc/t7_dlc1_wood_painted_white
a21d25034406c20,zmweapon/pistol_standard_t8_upgraded
a22e2b4e7db0145,quote_sons_bury_their_fathers
a22fbcb93675f7c,scope_ir_ar_standard_restriction
a2328ee98f4ed28,pb_backhander_male_draft_transition_4
a2329ee98f4eedb,pb_backhander_male_draft_transition_5
a232dee98f4f5a7,pb_backhander_male_draft_transition_1
a232eee98f4f75a,pb_backhander_male_draft_transition_2
a232fee98f4f90d,pb_backhander_male_draft_transition_3
a236a40aa917c34,eq_frag_grenade_extra_zm
a238d261e2e00ef,activecamoinfo_t8_sig_smg_capacity_spaceshuttle_wz
a23cdc51e4bb73e,mcs/mtl_c_t8_zmb_mob_ghoul_arms
a23e8e03c850504,mc/mtl_p7_zm_vending_flopper_blood_num
a242173d98b7aaa,camo_active_dlc3_celestial_wrapper
a243c3600ab49eb,quote_wish_for_peace_prepare_for_war
a24a86890890134,sniper_fastrechamber_t8_tunables_zm
a24af3d2310d9c2,menu/double
a24e829983f70bb,i_mtl_p8_zm_esc_packasplat_suitcase_base_hinge_n
a24f7f6878e707d,mc/mtl_p8_zm_esc_warden_house_door_frame_glass
a250d5c567b8950,weapon/sticky_grenade
a255519eed08d83,camo_active_dlc5_shattered_wrapper_shop
a25a1f2830bf891,wc/mtl_p8_zm_esc_box_electric_pipeline
a25afff61b90e78,engineer
a264615614229f2,wc/t8_zm_esc_rubble_piles_junk
a26833346a7f571,splm/p8_zm_esc_ground_plate_metal_01
a2684dbbde092fc,gamedata/ddl/generated/dlog_event_highwater.ddl
a26aa910a2d8fd8,menu/join_result_not_joinable
a26d830f3c8650c,mc/mtl_p7_wes_fireplace_vintage_wood
a27128cf8366608,vd/mtl_loot_ui_icon_tags_heavenlybodies_05
a27138cf83667bb,vd/mtl_loot_ui_icon_tags_heavenlybodies_04
a27158cf8366b21,vd/mtl_loot_ui_icon_tags_heavenlybodies_06
a27168cf8366cd4,vd/mtl_loot_ui_icon_tags_heavenlybodies_01
a27188cf836703a,vd/mtl_loot_ui_icon_tags_heavenlybodies_03
a27198cf83671ed,vd/mtl_loot_ui_icon_tags_heavenlybodies_02
a279d5097cb0d7f,mc/mtl_p8_zm_zod_basket_first_class_bin_metal
a27ac53957468b7,gamedata/tables/mp/scoreinfo/mp_scoreinfo_oic.csv
a27d5251b9e5a78,mc/mtl_p8_zm_esc_water_tower_01_decal_01
a290900e89e0154,menu/popular
a290df2ab449515,mc/mtl_p8_zm_esc_sign_reg_metal
a2917e6a3e0f922,outfit_splinter_base_pal_com6_prophet_shop
a2983b41ec3422e,mp_character_customization
a29b04e806018fc,mc/mtl_t8_wpn_pistol_revolver_body_sig_02
a29b34e80601e15,mc/mtl_t8_wpn_pistol_revolver_body_sig_01
a2a5943810a5290,wc/t8_metal_painted_white
a2a8fbf97fa2e14,knife_melee_surface_plr
a2ac7d3118b5303,menu/description
a2ad19cea72c636,round_score_limit
a2af33756660e48,extbarrel
a2b505b0f1650e0,events_molotov_cocktail_burn
a2ccf46147cb7d8,surface_enter_bullet_xsmall
a2d478229b0c034,impacts/fx8_flechette_impact_mud
a2d5be4df6c7b38,zm_pack
a2d76261e362e5f,activecamoinfo_t8_sig_smg_capacity_spaceshuttle_zm
a2d9ddfd1964a30,weapon/uber_dualwield
a2dd20750465431,menu/warzone
a2dd4ef19b80f32,tedd
a2e02666860cf5c,swayreduc
a2e54bccaf36a62,melee_stopsign_sunset_bundle_shop
a2eba8fb15c1af6,wc/t7_zm_moo_decal_asphalt_line_red
a2ef22eecca5597,vd/t7_decal_blood_drips_01
a2ef32eecca574a,vd/t7_decal_blood_drips_02
a2f1b9aef056bbe,acog_sniper_fastrechamber_t8_upgraded_tunables_zm
a2f4d3bf4bfc6e7,menu/double_xp
a2f9cb91913a63b,operator_repeater_restriction
a2fac1479c56997,scripts/autogenerated/luielems/zm/zm_build_progress.csc
a2fb3e20dfd32ab,zm_popcornspawnfreq
a2fdb0ed5c2d759,loot_character_richtofen_ofc
a2fe10d8c541d1a,i_t8_decal_trim_relief_jacobean_02_n
a2fe20d8c541ecd,i_t8_decal_trim_relief_jacobean_02_o
a303f67afd6f4a8,zm_bgb_nowhere_but_there
a306cb8e277e861,wc/t7_zm_ver_decal_wall_fillet
a30a010da377bf9,splm/mtl_p8_stone_wall_trim_02_lichen
a30e180f6fb1728,maps/zm_escape/fx8_spinning_trap_sparks_loop
a30f8d811902d7d,talent_skulker_mp
a314e6d1ca90be7,wpn_t8_zm_perk_totem_blaze_view
a319e007fb28e2f,core_bootstrap
a31a92422083a65,quote_we_may_stumble_and_fall_but_shall_rise_again
a31d2dffa5784e3,menu/gameplay
a323275316e55ac,events_drone_squadron_objective_kill
a32be34d93bfe4e,pc_ui_copylayer
a32dc96ff920a67,i_mtl_p8_zm_esc_power_switch_paper_c
a342f737d83761e,stick_layout
a347a979752f969,events_grapple_gun_activated
a34e93fd15a7fa0,warzone_hide_minimized_quick_equip
a34e9ebc97d60d2,wc/t7_metal_wall_corrugated_panel_hor
a34fbd1f89d8198,gsoc_zm_packapunch
a35fe94e85795a0,vd/t7_fir_bullet_impact_concrete_rvl
a3620af2fbce320,time_limit
a368abcbaec5565,mc/mtl_wpn_t8_sig_bow_holder_cylinder
a368c0e465a561c,mc/mtl_wpn_t8_lmg_hades_mag_interior_base
a36a53a873d51ac,gd_c_t8_mp_spe_reaper_lowerbody1_cst
a36dba207a9a5be,weapon/lmg_spray_t8_operator
a36f208e8b39a47,zm_contract/zodt8_rounds
a36faf9a68121d4,weapon/fx8_muz_smg_fastburst_3p
a375dc7d0573a9a,scripts/autogenerated/luielems/zm/zm_tut_hint_text.csc
a37b2fcb855abe4,weapon/ultimate_turret
a37b98bd85f83a8,menu/plant_time
a3874f286d1a325,auto_destroy_time
a389a06575fbbd7,pc_map_hold
a38d0a71b4e16ce,mc/mtl_c_t8_camo_flecktarn_metallic
a38f323da83b9f5,medal_escort_robot_disable
a3940c928f342e7,special_crossbow_t8_upgraded
a394f5b8c950ac0,smg_folding_t8_bribe
a398a475f8af4c7,smg_handling_t8
a39b048bdf22786,mp/claymore_pickup
a39b364d97900f7,ges_blinded
a39d482133d2d3a,activecamoinfo_t8_sig_shotgun_fullauto_construction
a3a40a08405e90b,mc/mtl_p7_mirror_wood_ornate_edge
a3a487903850a0e,ei/gfx8_smk_sm_thick_spray_anim_lit_full_dark|dup
a3afe41c4f044f7,wc/t7_metal_bare_copper_polished
a3ba381a9a47dee,mc/mtl_p8_zm_esc_fan_trap_fan
a3bdeb51fa9074f,mc/mtl_p8_zm_zod_electric_switchboard_dirt_01
a3c1e4247543464,player_land
a3cad8fb34d8637,ei/gfx8_light_ray_spread_streaks_em_pb_i16_nocull|dup
a3ce8ba0153b5b6,mc/mtl_p8_zm_esc_generator_lrg_metal_01_unique
a3d85ae6d25a4fa,contract/overkill
a3d8effd8e0e86f,ei/gfx_fog_slow_wide_sm_anim_lit_full_lite|dup
a3db19f29a970e3,attachment_clantag_melee_secretsanta_restriction
a3de6f9a6871e86,weapon/fx8_muz_smg_fastburst_1p
a3e3e05deb65fdd,presence/zm_office
a3eccb14cb671d2,wc/t8_zm_zod_metal_painted_wall_heavy_trim
a3ef2c2e4cf5e0e,attachment_quickdraw_ar_fastfire_restriction
a3f43063dfd1bdc,scripts/zm/zm_hms_util.gsc
a3fc04ecf7abede,attach_t8_charm_pixel_alien
a4032fb2aab69f2,mp/back
a40ac5e766a04ea,vdd/gfx8_decal_blood_fatal_01|dup
a411414c105591e,i_mtl_p8_zm_esc_perk_vending_soda_menu_01_c
a4153a04cfecfe9,key/space
a41614ce73310c7,wc/t8_decal_blood_streaks_floor_crawler_01
a420c86668f5cda,zombie/fx8_power_door_amb
a4225314ba65ce8,mc/mtl_p7_zm_moo_bridge_crane_hoist_metal_yellow
a4254c00dff1de7,i_mtl_p8_zm_esc_warden_house_door_frame_01_m
a4255c00dff1f9a,i_mtl_p8_zm_esc_warden_house_door_frame_01_n
a4256c00dff214d,i_mtl_p8_zm_esc_warden_house_door_frame_01_o
a427f842f175b3c,prt_zm_scarlett_dlc0
a4291956faa97ef,ray_gun_mk2
a42b242110d331e,vd/t7_concrete_painted_wet_white_blend
a430c225483240f,smg_uw
a431cdfc42d9f7d,ei/gfx_light_bokeh_soft_flash_scroll_em
a435d062f2cc37b,loot_emote_exotic_shared_snowman
a43d44e12fc1d2e,o_zombie_base_magic_box_open
a44144ddcdc7a06,melee_cutlass_t8
a4418389cc38bb8,medal/longshot_kill
a4424a69b99b9e5,mpui/objtime
a444426b1897af5,mc/mtl_p7_zm_kin_cabinet_metal_medical_rock_01
a447d9fa67960a3,weapon/ar_standard
a45646a1f2239fe,mc/mtl_p8_zm_zod_table_settings_set_decal_05
a45656a1f223bb1,mc/mtl_p8_zm_zod_table_settings_set_decal_04
a45666a1f223d64,mc/mtl_p8_zm_zod_table_settings_set_decal_03
a45676a1f223f17,mc/mtl_p8_zm_zod_table_settings_set_decal_02
a45686a1f2240ca,mc/mtl_p8_zm_zod_table_settings_set_decal_01
a45e65d713adca9,ambusher_dom_hvo
a46360c73164083,scripts/zm_common/zm_magicbox.gsc
a4687d43b14a806,zombie/fx8_perk_winters_wail_exp
a468a3d6c2c4937,medal_end_enemy_using_battle_shield
a46cc6c36d346ed,mpui/assists
a46cfaf47a3cba7,splm/p8_kit_zod_fir_01_ceiling_panel_01_basic_painted_wood_96w_128d_01_grunge
a4771ded031399a,acog_smg_accurate_t8_tunables_zm
a47822e1d50abc8,en_core_common
a47f44e3c7592de,menu/specialist_hub
a486e64c63f82fd,mc/mtl_wpn_t8_smg_capacity_sig_02_receiver_upper
a48b1cd7ea0c3d3,gd_c_t8_mp_spe_nomad_superhero_arms1
a48be4eaa2578f1,mc/mtl_p8_zm_zod_signage_stencil_arrow_ltft_decal_sign
a48df6f25968d43,p8_wz_ep_unicycle_makeshift
a490478f8ae2e71,melee_homewrecker_sunset_bundle_shop
a49abfa7ed04929,zombie/perk_packapunch
a49acd79644d352,splm/mtl_p8_ice_rock_wall_02
a49ef3006b2b7b8,claymore_extra_zm
a49f718dbbf3ecd,events_supply_pod_topped_off
a4a2a0476f106fb,impacts/fx8_bul_impact_lava_head_fatal
a4a668dfbd775b3,mcs/mtl_p8_zm_esc_warden_clock_dial
a4a8d3983c3fed4,director/play
a4ad500dc02f842,eq_cluster_semtex_grenade
a4b259d73c66d4a,mp/battleshield_hint
a4b665f317136ed,vd/t7_zm_moo_concrete_sidewalk_slab_01_blend
a4b976ab81e51e9,splm/p8_zm_esc_warden_house_molding_02_128
a4ba36128b6582f,eq_seeker_mine
a4bad30097809c9,events_supply_pod_heal_ready
a4bfad6439f7b10,mastercraft_deepvoyage_sunset_bundle_shop
a4c0d40c8dba6eb,menu/enemies_caps
a4d2d102387507d,ei/gfx8_liquid_spurt_em|dup
a4d420490e91e6a,zombie_fists_bowie_zm
a4d4c13aeecf34e,menu/copy_caps
a4dfc9a07591934,menu/global
a4e1495ca2b038a,attachment_fastreload_smg_fastfire_restriction
a4f53c3eb6e8214,mc/mtl_p7_zm_kin_printer_office_big_piant_white
a4f964613635f35,scripts/core_common/values_shared.gsc
a4f9cdc77504a25,default_sanim
a5114e9f437bd11,mpui/escort_caps
a513510aaefe284,events_war_machine_kill
a519cb4501ffb1f,scope_dualoptic_sniper_powerbolt_restriction
a521d87d98f2d73,wc/t7_con_metal_tech_vent
a52adfcbb1e3034,pb_emote_exotic_shared_male_heartattack
a52c3d93a368411,impacts/fx8_bul_impact_robot_body_fatal
a52c614c03e986f,mc/t7_metal_trim_weld_01_iron_rust
a52d85d9e052de3,p8_zm_esc_sign_location_catwalk_off
a52dfce0207165a,zm_ai/fx8_cata_plasma_blast_c2
a5313ae1c2dceb4,gd_c_t8_mp_spe_ruin_apocalypse_arms1
a53358bd2397a85,pc_gamepad_horizontal_sensitivity
a533c55c55319df,mpui/grind
a5353f936938cbf,weapon/supply_drop
a53868715ff20d7,ui_cam_icon_lmg_cqb
a5388254998d5b1,boast_mic_drop_fem
a53bc6106a819ac,wc/t7_decal_blast_01
a540011d338d976,gd_c_t8_mp_spe_nomad_cop_arms1
a540198939e9cda,scope_reflex_lmg_standard_restriction
a5408262448eb77,lmg_standard_t8_operator
a544e69c44e16ac,menu/zone_decay
a54a28d96a745a0,mc/mtl_p8_zm_zod_bench_boat_deck_metal
a54c1d45e1849d4,weapon/tr_longburst_t8
a54eca7b75449cf,medal_vision_pulse_x2_multikill_summary
a555cd10915e7f0,quote_bursting_radius_of_hand_grenade
a5567d0168ae02f,weapon/fx8_shellejects_pistol
a55926908798fc2,vd/t8_decal_blood_drip_wall_edge_wide_01
a55d9df472072e7,vd/t7_decal_blood_smear_01
a55dadf4720749a,vd/t7_decal_blood_smear_02
a5616eb1df195c3,ei/gfx_gas_blur_thin_em_pb_i16|dup
a56a8c8bd19c9c7,missing
a56bf6a96b02984,menu/deploy
a5710df403106c3,loot_dlc_breifcase_smg_mk2_bribe_free
a577bf635d75205,loot_character_weaver_sunset_bundle_shop
a579ed8d7c960c4,mc/mtl_p8_zm_zod_signage_light_box_metal_01
a57d493e5f9d0da,director_lan_mp_training
a57f2c341a572f3,zm_enhancedhealthmult
a58222dd2f2672f,multi_bomb
a5847e0e5b70deb,quote_if_the_dead_could_return
a5857917a7c2030,mc/mtl_p8_wz_ep_gun_toy_base_green
a5885be25802942,bot_tacstate_friendly_mp_ct
a5888de991664fc,quote_never_yield_to_force
a5893dbc7eecd29,mc/mtl_t8_mil_remote_missile
a58e681b2011565,gd_c_t8_mp_spe_reaper_arms1
a5923320502c046,mc/mtl_p7_zm_moo_bridge_crane_pulley_metal_yellow
a5a10fe8ce81ee9,loot_shotgun_semi_sig_01_bribe_free
a5aace2de59d346,quote_teamwork_is_essential
a5ab3c9afeafb52,core_common
a5b0569a2b85dda,gamedata/ddl/generated/dlog_event_motd_interaction.ddl
a5b179d7e35ace9,splm/mtl_p8_zm_zod_curtain_lounge_lt
a5b1d578994427d,ei/gfx8_light_phosphorous_em_gp_i16
a5badb7e421784d,defaultscriptbundle
a5be2b8c29e1076,clan/leaderboards
a5c05b004dbda0a,melee_stopsign_t8_mp
a5c4da2009dae62,shotgun_fire
a5d5dfd8a5767b1,emotes/paper
a5d7b8d0e1647cf,ei/gfx_snow_hail_em_pb_i16
a5d936890b8a2cc,sniper_fastrechamber_t8_tunables_mp
a5dfc2e3d7df772,menu/ping_max
a5e29c7610ba0b9,em/moon
a5e695f7f11c49e,tr_flechette_t8_tunables_mp
a5e8602971ed35e,i_mtl_p8_zm_zod_rack_brochure_case_wood_decal_01_n
a5f7d0f1a62b2f7,zm_bgb_stock_option
a5f9a2a3cfa9ac2,mpui/dw_desc
a606304bc15accf,mc/mtl_p8_zm_esc_desk_small_metal01
a606404bc15ae82,mc/mtl_p8_zm_esc_desk_small_metal02
a60ad89949ac722,defaultnpcloudfootstep_prone_npc
a60b533b4c3aa6d,outfit_warrior_base_pal_exo1_torque_sunset_bundle_shop
a60ba5f374e3964,reaperfoley_prone_npc
a6128ef422cf17c,sniper_quickscope_t8_tunables_zm
a6134141dd3e190,zm_contract/single_special
a6150b8d27d918a,mc/mtl_p7_zm_sta_dragon_network_console_set_tube_glass
a6288825f97f1d9,splm/mtl_p8_zm_esc_table_wood_ornate_metal
a62a136aa3412bb,ei/gfx_water_splash_tall_center_anim_em_pb_i16|dup
a62ac0d78739bd9,mc/mtl_p7_zm_ctl_weapon_armory_bow_arrow_arrowhead_metal01
a62be36fd6cc74f,mc/mtl_p8_aus_rock_cliff_face_03_grey
a6327bbad5d7902,ar_peacekeeper_t8_bribe_free
a634a7fcfa0aa6d,setbacks
a6391da86b8c46d,gamedata/ddl/generated/dlog_event_temperature.ddl
a63cca126da271b,menu/info
a63f74b46dca945,mcp/hud_outline_model_z_white
a6409cda9a68b9e,menu/look_inversion
a64bacdece90897,scripts/zm_common/zm_zonemgr.gsc
a64e44fdd0236a8,round_win_limit_control
a651f053c0fa15a,gadget_jammer
a652ad85464c84c,mc/mtl_p8_zm_esc_chemistry_kit_torch_over_metal_01
a652cd85464cbb2,mc/mtl_p8_zm_esc_chemistry_kit_torch_over_metal_03
a652dd85464cd65,mc/mtl_p8_zm_esc_chemistry_kit_torch_over_metal_02
a65d39f872cc4d3,bot_tacquery_trigger_flood
a661f209447b69f,mc/mtl_p8_usa_vista_crane_boom_scratches_decal
a66b9d591a310c3,attachment_steadyaim_smg_standard_restriction
a66ba733b71a24e,wc/t7_decal_grunge_dripping_water_01
a671bcebea4c6d4,charm_oni_mask
a6735db185a3733,mc/mtl_wpn_t8_zm_broadside_cannon_big_bolt
a678376c0842480,medal_hawk_tag_multikill_x2
a678a9775a88ff6,contract/class_5_perks
a678af55baa8914,mc/mtl_veh_t7_mphd_forklift_rearlights_glass
a67923a7152a0ca,aib_zm_mob_brutus_summon_brutus
a67caa5982ed86c,demo/menu
a6866a0dc9013f8,zombie/building
a687b18f67cda8b,mc/mtl_p7_zm_mob_cell_bed_metal02
a687c18f67cdc3e,mc/mtl_p7_zm_mob_cell_bed_metal01
a688f0cbb8cf3ab,sniper_damagesemi_t8_mp
a68bd36137b4aae,menu/talent_lightweight
a68fc7660404aed,tr_longburst_restriction
a690f477c7eb9d1,launcher
a6a11ca54d99751,prematch_period
a6a25425077ad3e,mc/mtl_p8_zm_esc_sign_reg_leaving
a6a7444c1b37b3a,i_t8_snow_ice_cliff_02_n
a6a7dde410e8adc,ei/gfx8_spark_single_em_pb_i16|dup
a6b297c85fafec1,zm_bgb_wall_to_wall_clearance
a6b7a02c82ea11c,mc/mtl_p8_zm_zod_turbine_base_main_metal
a6ba1aa688bacdd,mc/mtl_p8_zm_esc_tea_plate_lrg_ceramic
a6bb7233cd3bb69,character_sp_direwolf
a6c513cae4acb3f,mc/mtl_wpn_t8_ar_stealth_sig_02_small_chain
a6c683d6c4a4cb5,victim_raps_impact
a6cefd9dde386bd,enhancedgame
a6df0f067dbf684,ei/gfx8_liquid_fall_lit
a6df1b2b3dc0052,ei/gfx8_liquid_impact_lit|dup
a6e5c74582a26d4,p8_wz_ep_zm_teddybear
a6e5f3122f5acfd,eq_localheal
a6e647f4d0b2403,scope_elo_tr_midburst_restriction
a6eed50df74c6c9,loot_emote_shared_show_me_the_money_shop
a6efd0ca9abab22,gd_c_t8_mp_spe_firebreak_arms1_cst
a6f01faf5bdba69,cymbal_monkey
a6f1d9b088638f2,mc/t8_metal_tarnished_dark
a6f21d455e335f9,mcs/mtl_p7_zm_ctl_diningware_silver_pitcher
a6f7c4ffced5320,blood/fx8_blood_decal_impact_ground
a6f7c870a991689,vd/gfx8_decal_blood_fatal_02|dup
a6f7e9687c1a6e9,events_battle_shield_objective_shield_block
a6fc5c0a999a690,mc/mtl_p7_spl_weapon_toy_sword_01_dirty
a7077af33f57003,mc/mtl_attach_t8_pistol_revolver_uber_diamond_mk2
a70f3dfc4336412,shotgun_uw
a710686b47daf2a,firebreak_end_game_scene
a7109d252fcdd69,melee_actionfigure_t8_mp
a712a4d06ee0046,mpui/desc_elevation
a71dcca83b381ae,gear_armor_tier_two_wz
a7214a994f3b9e1,lb_mp_anticheat_global
a727d8a791ae3f5,wc/mtl_p7_pallet_wood_splinters
a727e8fb8a7c290,mc/mtl_p8_zm_esc_fan_trap_steel
a72fcf20388b71a,eq_swat_grenade_mp
a744dbd452424dc,mc/mtl_p8_zm_esc_packasplat_engine_base_black_small
a7462b8872b0911,mc/mtl_p8_wz_ep_grill_barbecue_wheel_metal
a75180bc7fda8f5,menu/score_caps
a75538d9a524b3a,i_mtl_p8_zm_elixir_icon_head_scan_c
a75b70e5a95bdb9,splm/p8_zm_esc_cell_support_beam
a769b33e7b1fcb3,splm/t8_zm_decal_frost_reveal
a76c042f7818d63,mc/mtl_wpn_t8_loot_ar_standard_decals_sig_02
a77403dce10a817,events_artillery_barrage_savior
a774b5d07df74d3,attachment_speedreloader_shotgun_pump_restriction
a7770924999d3eb,i_mtl_p8_wz_ep_briefcase_skirt_n
a781384eac47b59,defaultentitlement
a781e500f1be74d,xboxlive/signedout
a7885ccded3c378,rob_wrapper
a78e6591a2e5c86,p8_fxp_debris_rock_03
a78e7591a2e5e39,p8_fxp_debris_rock_02
a7947b449dd5a1b,pb_emote_shared_fem_stubborn
a79ea72626acc3d,melee_secretsanta_t8_tunables_mp
a7a870c16698a7e,wc/t8_zm_zod_glass_dirty_01_opaque
a7aa1e0cfe1a222,attachment_stalker2_tr_midburst_restriction
a7aebec496162a1,quote_no_matter_how_often_you_are_defeated
a7b08387ad515d1,splm/mtl_p8_pipe_metal_hp_4_01_painted
a7b11ed67a5ab78,mc/mtl_p8_zm_esc_fan_blades_metal_prop
a7b3476e42a1b13,zm_healthstarting
a7b3b94a375e17f,mcs/mtl_p7_shirt_cloth_hanging_03
a7bda755b29285d,wc/t7_ban_decal_metal_line_trim
a7bda9ab5e9bf35,shotgun_fullauto_t8
a7bf94e847b915a,mcs/mtl_p7_pallet_wood_splinters
a7ce5be59ff8078,i_wpn_t8_smg_handling_body_sig_01_s
a7ce6be59ff822b,i_wpn_t8_smg_handling_body_sig_01_r
a7cf2be59ff968f,i_wpn_t8_smg_handling_body_sig_01_n
a7cf5be59ff9ba8,i_wpn_t8_smg_handling_body_sig_01_c
a7cf9be59ffa274,i_wpn_t8_smg_handling_body_sig_01_g
a7d691a4877d20e,melee_demohammer_t8_mp
a7d736c9e88e6b7,vd/t8_decal_grunge_burn_01
a7d7820f10ff00c,weapon/magazine
a7d7c94b666954f,em/gourd
a7dc0d81bece136,vd/mtl_loot_ui_icon_tags_halloweenevent_monster
a7dc5b1574c7567,mc/mtl_p7_zm_mob_vial_surgical_set_01
a7e21b450c1b143,scripts/core_common/util_shared.gsc
a7e829dc74a997f,charm_surfboard
a7eb0e4ce665b1d,o_t8_zm_zombie_board_1_repair
a7eb96255e42b3f,pc_fps_draw
a7f0b8ac199ecc4,david_mason
a7f319355a33fb3,pc_scoreboard_zm_hold
a80534c837a63b5,menu/stronghold
a808a4c9ab2e066,bag_carrier_move_speed
a80bd4430a404fb,beam8_zm_viper_sword
a81729051de85ac,aib_vign_zm_mob_hook_trap_zombie
a81c9b14468795e,activecamoinfo_t8_sig_smg_fastburst_diy
a81f54e1cb03b6e,smg_folding_t8_tunables_mp
a820cce022ed393,zm_ai/fx8_cata_plasma_blast_uw
a823d19a2145030,events_sensor_dart_demolition
a8255a2bbcdb1cd,zombie/fx8_teleport_instant_1p_ported
a827dea445d22b1,ar_standard_t8_zm
a827fd453d25780,mp_loadouts_arena_offline
a82a568289cb78d,gamedata/ddl/generated/pc_achievements.ddl
a833716cbb8f05a,menu/congratulations_caps
a83a489b50f6237,codcaster_ds_portrait_statistics
a83a86c9aeeadd2,zitem_riotshield_part_2_tunables_zm
a83bbdf02d0699b,splm/p8_zm_esc_infirmary_steps_02
a83bcdf02d06b4e,splm/p8_zm_esc_infirmary_steps_01
a83fb214f7d2081,menu/music_volume
a843d46f87c0731,scripts/core_common/scene_model_shared.gsc
a8475377cbed220,mcs/mtl_p7_crate_wood_01
a849c03f098b2dc,vd/t7_decal_blood_spray_01
a84ab23a55f8f06,mp_stats_online
a84c69b825dcae6,victim_grenade_debris
a85173ebca308fe,weapon/fx8_shellejects_shotgun_yellow_resting
a853ad1ef513dcf,activecamoinfo_t8_sig_tr_flechette_rivermonster
a85485e8df5dd21,lb_mp_gm_dem_hc
a85609700a665e6,i_t8_zm_off_wall_wood_01_g
a85649700a66cb2,i_t8_zm_off_wall_wood_01_c
a85699700a67531,i_t8_zm_off_wall_wood_01_n
a865e392e7a6d19,outfit_splinter_base_pal_com6_recon_shop
a867f4986f918de,pb_melee_male_draft_preready_4
a86804986f91a91,pb_melee_male_draft_preready_5
a86814986f91c44,pb_melee_male_draft_preready_2
a86824986f91df7,pb_melee_male_draft_preready_3
a86844986f9215d,pb_melee_male_draft_preready_1
a86870aa087db82,round_win_limit
a86b61ee68ba470,zmweapon/hero_hammer
a86bd63b1f4c10e,scope_elo_lmg_spray_restriction
a8715ef424da070,sniper_quickscope_t8_tunables_wz
a87ad33ab2082c5,zombie_perk_totem_electric_burst
a887df8b411e00a,ei/gfx_exp_billow_md_anim_em_pb_i16
a8917199f6efb09,aib_vign_zm_mob_pap_ghosts_power_house
a8941a38b626a65,zm_contract/doors
a89be5cfb3228e5,mc/mtl_p7_eth_gate_motor_pool_track_bld
a89c07ae9057dd8,splm/t7_decal_blood_smear_02
a8a5f06cf000e61,mc/mtl_p7_mou_scaffolding_wheel_rubber
a8b29e27f22b75a,medal_kill_enemy_that_is_capping_your_objective
a8b5a6c15669066,pb_backhander_male_draft_ch_select_3
a8b98494b263307,ar_damage_restriction
a8bcd7e744625ea,mpui/axis_desc
a8bcebaa5427c82,weapon/no_equipment
a8bf18a00314f5d,shotgun_precision_t8_bribe_free
a8c1a7f0f009df9,menu/20_points
a8c33c893449073,defaultsku
a8cd07aaa136c59,menu/x_flags
a8d22f7ad0291d8,mc/mtl_p8_zm_esc_generator_lrg_dials_unique
a8d876d6473235b,mpui/bm_rare
a8de762a01fac90,9mm_fmj
a8dfa928d21cffd,tracker_tracer
a8e08f5d397320d,loot_character_sergei
a8e54ded06d0af6,acog_smg_accurate_t8_tunables_mp
a8e74cfe66b9b82,zm_pointsstarting
a8eb555b551e69e,events_battle_shield_objective_kill
a8ed5ffb34e6338,mc/mtl_p8_zm_dying_wish_perk_totem_iron_helmet_shiny
a8f0f90d3f7dce4,zm_weapons/fx8_viper_bite_projectile_trail
a8faa869b9153e1,impacts/fx8_bul_impact_fireworks_corpse_nonfatal_uw
a8fb171b0ff4088,zm_perksdyingwish
a8fd6fb4b0ac2a6,arena/champion
a8fde88742022c9,p8_kit_zt8_exd_05_railing_06_end_right_painted_metal_0_01
a9009a1f8356612,impacts/fx8_bul_impact_wz_mud_sm
a9031f4a66be2c1,contract/merciless
a906d7137467771,prt_zm_stanton_dlc0
a9084e76e32fe93,vd/t8_zm_esc_rocky_dirt_01_blend
a90b9bda0631a4b,mc/mtl_p7_frame_fancy_back
a90ef66dc519965,objectives/tdm
a91143da5cacf30,mc/mtl_wpn_tac_rifle_mid_burst_scope_decal_01
a91163da5cad296,mc/mtl_wpn_tac_rifle_mid_burst_scope_decal_03
a91173da5cad449,mc/mtl_wpn_tac_rifle_mid_burst_scope_decal_02
a91193da5cad7af,mc/mtl_wpn_tac_rifle_mid_burst_scope_decal_04
a912005589bf260,menu/90_points
a913d1e3a54fd50,mpui/hipgrip
a9159bef624d260,maps/zm_escape/fx8_magicbox_arrival
a92aa0be969c483,attachment_steadyaim_sniper_powersemi_restriction
a933c2d4580afed,bot_tacquery_nearest_cover_see_enemy
a936f30d2b24775,equipment_empgrenade_restriction
a93a9d764fdc8ca,reaperfoleyloud_sprint_npc
a93d9d6b1c015ab,ui_cam_cac_equip_semtex
a93fd437465f4db,mpui/burst2
a9404f8c2ccc32f,pc_category_details_and_textures
a94166b67ae5120,mc/mtl_p8_zm_esc_perk_vending_cola_light_01
a95f00bb6ce88c3,loot_dlc_mini_14_mk2_bribe
a95f34e1cc0e112,smg_folding_t8_tunables_wz
a95f88fa6e04d69,ar_standard_t8_bribe_free
a9675529e147034,scorestreak_remote_missile_restriction
a96c4924a638399,i_mtl_p8_wz_ep_pinwheel_plastic_s
a96df924a63b17a,i_mtl_p8_wz_ep_pinwheel_plastic_n
a97143ce31d3f44,prc_mp_support
a97338c981fde8c,events_attack_chopper_deployed
a97680d614a5345,shotgun_precision_t8_zm
a9842f6bec0e568,prt_wz_buffassault
a98594fdaeea2f2,rifle_melee_surface
a9945157eae2a00,vd/t8_decal_grunge_puddle_01
a9a957d1fc1b904,ei/gfx_elec_arc_bolt_em_pb_i16|dup
a9ae4a8150aa7b5,wc/t8_concrete_floor_sealed_dark_01
a9b23ef425e6144,sniper_quickscope_t8_tunables_mp
a9bb717a8f43219,smg_fastfire_t8_upgraded_zm
a9c4a9e057c8eea,eq_sensor
a9d059eb660b31f,zombie_perk_bottle_bandolier_tunables
a9d36217a9d72af,mc/mtl_p8_wz_ep_sparkler
a9dd31e84aaab4e,pistol_topbreak_t8
a9dea937eaea75d,attachment_grip2_ar_accurate_restriction
a9df1fedb2b6352,menu/delete_segment
a9e352279b798df,playlist/localplayers
a9ed1417eb41516,activecamoinfo_t8_objective_kills_zm
a9f4e2cbba7040c,loot_contract_firebreak_snakeskin
a9ffaad6a239a6a,mc/mtl_wpn_t8_tr_midburst_compass_sig_02
aa1296ad4caf247,boast_gag_fem
aa1471e525d61fc,defaultcinematiccamera
aa172a34218a1bb,preset_classes_per_team
aa1b40813e2560b,zm_inventory_escape
aa1cbe14ed38873,mc/mtl_p7_zm_moo_fuel_tank_03_grey
aa1ffe4820d197b,bomb_timer
aa259c692642a7c,c_t8_zmb_mob_hero_takeo_body1_igc
aa290fb62a79ee5,vd/t8_decal_blood_drip_wall_edge_long_01
aa29a0cbbbe7ea3,sniper_damagesemi_t8_zm
aa2b484ddff0a59,pb_male_lobby_zm_pos_03
aa2d09b62ae88b8,i_mtl_p8_zm_esc_clothes_decal_01_c
aa2da5e8b8f2ab8,wound
aa302ccfb49082b,platform/switch_user
aa36181d310b4c9,zm_cgmedia
aa390030be9def9,zm_office
aa3b45486fc1ede,menu/streamer_features
aa3d188417a6a1c,explosions/fx8_exp_grenade_mud
aa4bedbbc7b6046,charm_lava_lamp
aa4d8160e690a33,medal_overwatch_helicopter_kill
aa5027382b98fb0,player_footstep_tracker
aa57ef704f24fa5,prt_zm_dempsey
aa5d87fda42ff4f,scope_holo_smg_handling_restriction
aa69bf258cdbf90,weapon/shotgun_trenchgun_t8
aa7024e1ccf6dc2,smg_folding_t8_tunables_zm
aa779c6f404c07e,gd_c_t8_mp_spe_ruin_lowerbody2_cst
aa798483d82d856,zm_office_debris_roll_door
aa7b5275f26d569,codcaster_ds_notification_kills
aa849dab9aaf091,hudson_hawaiian
aa886d21e284bdb,impacts/fx8_bul_impact_mud_lg
aa9b2045f02d2d4,zmweapon/ray_gun_mk2_upgraded
aa9ba417ebdf586,activecamoinfo_t8_objective_kills_wz
aa9dea2346e3fb6,scene_frontend_hub_t8_mp_trapper
aa9e5e0ab620092,attachment_clantag_smg_handling_restriction
aa9e7ac1abd2481,mpui/error_caps
aaa5b476c4fdd75,scope_mms_lmg_standard_restriction
aaac48402d446dd,ww_blundergat_fire_t8_upgraded_zm
aaaedae0cf06fd2,dualoptic_sniper
aaafaddf7e826f5,mc/mtl_t8_wpn_pistol_revolver_decals_02_sig_02
aab125f983dd8b6,weapon_bullet
aab72b81abb2d9b,mc/mtl_wpn_t8_ar_stealth_sig_01_upper_receiver_left
aab7708cff692e7,wz_character_takeo
aac27533d10ee13,events_artillery_barrage_activation
aac714df4bf7aec,uber_speedcenter
aacd14af3bfbe5f,menu/tag_sets
aad1be4081981bf,pc_sensordart_toggle
aad9a1467ced9dc,i_mtl_p8_zm_esc_power_switch_metal_03_m
aadb3c89713cbb7,events_drone_squadron_activated
aaddf41a08b2c4e,menu/loadouts_caps
aadfdc58af04635,lmg_heavy_t8_upgraded
aae398e823d95ff,mc/mtl_p8_zm_off_ammo_box_bullets_01
aae425960234a26,mc/mtl_p8_zm_zod_clock_wall_mail_room_wood
aaecd748c060c7b,i_c_t8_mp_spe_spectre_apocalypse_glowstick_e
aaf2aae57aeeb7f,smg_capacity_t8_gold
aaf39567f761dd4,wc/t8_rock_coal_01_blend
ab0a598f4207ccd,events_swat_grenade_blinded_enemy
ab0b6ff3442f0b5,mc/mtl_p8_zm_esc_sign_reg_back
ab0ccd6a39f0bc1,gsol_zm_standardweapons
ab0dbe0ca737540,maps/zm_escape/fx8_ghost_boat
ab10751742ed947,gamedata/ddl/generated/dlog_event_cpweapons.ddl
ab1184700ce0aa6,special_ballisticknife_t8_dw
ab18582929f4668,downsample_depth_4x_compute
ab1c8c15097a6a7,loot_contract_seraph_cop
ab26ab1ed0665c7,p8_zm_esc_clothes_med
ab2b22d8dac768c,mpui/points_caps
ab2c7ecfe49af39,pc_show_hitmarkers
ab2e0d1b8b97d93,ai_zm_esc_zombie_dreamcatch_rise
ab329b72882c007,wc/t7_cru_metal_panels_painted_matte_grey_dlc1
ab32ec00af97d00,tactical_rumble
ab33da2027b93f0,juke_rumble
ab355cc5f6261be,battery_queensguard_outfit_bundle
ab47033120bf35e,blood/fx8_blood_decal_impact_ground_zmb
ab4c6f0e4212653,mc/mtl_wpn_t8_smg_fastfire_sights_sig_02
ab4c7f0e4212806,mc/mtl_wpn_t8_smg_fastfire_sights_sig_01
ab551978fcf32f0,mc/mtl_wpn_tac_rifle_mid_burst_scope_decal_02_mk2
ab577104e77aba6,mc/mtl_c_t8_bo_hero_johnson_shirt_arm_l
ab58ffb9c30446f,events_concertina_wire_objective_assist
ab591104e77d7d4,mc/mtl_c_t8_bo_hero_johnson_shirt_arm_r
ab5f974d567a57e,attachment_stalker_smg_standard_restriction
ab651438e331db2,em/winged
ab658148b984423,scripts/autogenerated/luielems/zm/zm_build_progress.gsc
ab6b01c5db86c63,wpn_t8_eqp_radar_shroud_gun_world
ab7519c928c5412,zmui/trials_caps
ab782700d73e766,challenge/humiliation
ab7efc3566c3ee9,gd_c_t8_mp_spe_buffer_cop_arms1
ab81dde68c2d67f,touch_return
ab8404617d15168,gd_c_t8_mp_spe_hacker_pirate_lowerbody1
ab87a6dd9e3e9ee,menu/showcase
ab890501c40b73c,scripts/zm_common/zm_contracts.gsc
ab8b725c85ec259,mc/mtl_p8_zm_zod_music_sheet_02_detail
ab8e8ea32e97a22,zblueprint_office_teleporter_modifier
ab8e9c3cad22446,vd/t7_decal_blood_puddles_01_dry
ab92ade07019ca4,mp_control_squad.ai_htn
ab9a44c3f91468e,zombie/perk_electric_cherry
ab9d8ef9474cd76,wc/t8_decal_utility_metal_drain_cover_01
aba2a50f48a6a2c,mc/mtl_p7_zm_asc_wire_exposed_plastic_02
aba2b50f48a6bdf,mc/mtl_p7_zm_asc_wire_exposed_plastic_03
aba2d50f48a6f45,mc/mtl_p7_zm_asc_wire_exposed_plastic_01
abb153b9c6177f7,warzone_instant_pickups
abb18f7eaf2304d,events_supply_pod_critical_resupply
abb274b10525dd4,gamedata/ddl/generated/zm_progression.ddl
abb3b2c82e3bcb4,events_gravity_slam_kill
abb58791a36fa47,menu/lb_kills
abb889f68013e87,mc/mtl_t8_wpn_pistol_revolver_hammer_sig_01
abb899f6801403a,mc/mtl_t8_wpn_pistol_revolver_hammer_sig_02
abbaf23aa0fbe9d,mpui/desc_frenetic
abc3db844c3d308,mc/mtl_p8_zm_esc_desk_small_wood
abc7d0d61699331,shotgun_precision_t8_mp
abd655737f0e86c,mc/mtl_attach_t8_smg_fastfire_fastmag_sig_02
abe6afed0160338,mc/mtl_p8_zm_esc_perk_vending_soda_glass_01
abe6dfed0160851,mc/mtl_p8_zm_esc_perk_vending_soda_glass_02
abe893fdadb577e,hero_katana_t8_lv3_tunables_zm
abefb629b32c9af,ei/gfx_water_splash_em_pb_i16|dup
abf0b91922e24d1,surface_hatchet_bounce
ac00239a1fa38cd,scripts/core_common/lui_shared.csc
ac00a18d0a579e3,codcaster_qs_player_list
ac02104fe82b9d8,mc/mtl_attach_t8_optic_multizoom_reticle_03
ac02204fe82bb8b,mc/mtl_attach_t8_optic_multizoom_reticle_02
ac02304fe82bd3e,mc/mtl_attach_t8_optic_multizoom_reticle_01
ac02704fe82c40a,mc/mtl_attach_t8_optic_multizoom_reticle_05
ac02804fe82c5bd,mc/mtl_attach_t8_optic_multizoom_reticle_04
ac0f702d08c1f89,mp_radiation_med
ac115188fba785d,pc_mouse_acceleration
ac15fe1ed26dd81,unlockableitemstable
ac16eb0af905137,vd/t8_zm_decal_dusty_ice_chunks_reveal
ac1a3fa16d8f191,scripts/core_common/traps_deployable.gsc
ac1d2fa51ace623,mc/mtl_p7_wes_wash_laundry_metal_flat
ac21b9b22a740dd,melee_demohammer_t8_tunables_mp
ac2a36bf46c9687,mc/mtl_p7_zm_kin_costume_stitch_decal_03
ac2d0906a020021,mp/deploy_marker
ac2d149fd992622,p8_wz_ep_pirate_flag
ac2fe1ec3607822,tr_damageburst_t8_bribe_free
ac39aea4494eaed,ar_standard_t8_mp
ac3b80c833b60e1,menu/select_caps
ac3ea55e6d1730d,events_killstreak_more_than_30
ac443496755cca6,i_wpn_t8_zm_shotgun_trenchgun_strap_base_o
ac444496755ce59,i_wpn_t8_zm_shotgun_trenchgun_strap_base_n
ac44b496755da3e,i_wpn_t8_zm_shotgun_trenchgun_strap_base_g
ac44f496755e10a,i_wpn_t8_zm_shotgun_trenchgun_strap_base_c
ac45f496755fc3a,i_wpn_t8_zm_shotgun_trenchgun_strap_base_s
ac574dcb3bfa033,mc/mtl_p7_zm_ctl_radio_recorder_deck_meta_yellow_01
ac575dcb3bfa1e6,mc/mtl_p7_zm_ctl_radio_recorder_deck_meta_yellow_02
ac58e966cfeb7d3,smg_minigun_t8_upgraded_tunables_zm
ac5ad634f7e8b3e,contract/lmg_kills
ac5d1274462de28,mc/mtl_p8_zm_esc_power_switch_metal_04
ac5d7274462e85a,mc/mtl_p8_zm_esc_power_switch_metal_02
ac5d8274462ea0d,mc/mtl_p8_zm_esc_power_switch_metal_03
ac5e027e7a79edb,mc/mtl_p8_zm_zod_toy_horse_wood
ac61e0f0253c3ed,gamedata/ddl/generated/dlog_event_network_health_monitor.ddl
ac6564c9a3591cb,mc/mtl_p8_zm_esc_book_06_cover
ac6728e77923efe,c_t8_zmb_dlc0_zombie_male1_gib_def
ac6c297ed3fd1b0,em/kidney
ac744f738a1cb68,ei/gfx8_light_core_soft_em_gp_i16|dup
ac7797a58b3ca62,mcs/nodraw
ac784b3888e0dab,zombie/perk_deadshot
ac7b708a0b98706,rangefinder
ac7ec38d265c496,maps/zm_escape/fx8_magicbox_opened
ac8628b1384c7ab,powergrabber_task
ac91956960b986e,ar_standard_t8_bribe
ac9814cd4f0c839,jump_rumble_end
ac99b55ced611a0,scope_ir_tr_longburst_restriction
ac9a8e4088cc1f9,wc/t8_zm_zod_decal_wood_splinters_01
aca36e041ff5c04,menu/bag_money
aca5630ce2b6afa,boast_snowball_fem
aca5f74c9677c19,pc_expander_fieldofview
acb158ed5a06b2f,em/ch_889
acb188ed5a07048,em/ch_884
acb198ed5a071fb,em/ch_885
acb1b8ed5a07561,em/ch_887
acb2566fb1a5166,packingheat_task
acbc4884e45a31e,zhield_lh_zm
acbec5027fc812f,mc/mtl_p8_zm_esc_console_monitor_metal
acc4b427df848a8,mc/mtl_wpn_t8_smg_capacity_sig_02_receiver_lower
acca578a2bbb5fa,attach_t8_pistol_revolver_quickdraw_hammer_view
accd04815649710,pfx_spark_sml
acd4809b1121010,ballistic
acd646d12a94154,mc/mtl_wpn_t8_tr_midburst_upperfront_sig_01
acd676d12a9466d,mc/mtl_wpn_t8_tr_midburst_upperfront_sig_02
acd9cf5be2e83f3,codcaster_ds_waypoint_markers
ace60d21e48da86,impacts/fx8_bul_impact_mud_sm
ace737569033f91,mc/c_t8_mp_spe_seraph_superhero_cyberarm_gear
ace9a8ed5a38305,em/ch_898
ace9c8ed5a3866b,em/ch_896
ace9d8ed5a3881e,em/ch_895
ace9f8ed5a38b84,em/ch_893
aced2208d42e18f,wc/t8_zm_esc_concrete_square_tile_01
acf2bea3a57c59b,attachment_fastreload2_smg_handling_restriction
acf9dc8c9ca21b7,wc/t8_water_puddle_muddy
acfa1a35ed86e41,zmweapon/blundergat
acfe9c9fe8fa320,charm_duck
ad05ea568409df7,vd/gfx_decal_liquid_splatter_02
ad09810d08b967c,mc/mtl_c_t8_mp_spe_blackjack_body1_gun_harness
ad0c6e05950ae42,wc/t8_zm_off_trim_wood_08
ad0cae05950b50e,wc/t8_zm_off_trim_wood_04
ad0cce05950b874,wc/t8_zm_off_trim_wood_02
ad0cde05950ba27,wc/t8_zm_off_trim_wood_03
ad0cfe05950bd8d,wc/t8_zm_off_trim_wood_01
ad0e50e3c78958e,medal_attack_dog_x2_multikill_summary
ad0e7a1cbad4cb7,mpui/reddot_desc
ad1369d445d4ed9,events_attack_chopper_assist
ad13a07527ba434,menu/indicator_icon
ad168c13e83655e,activecamoinfo_t8_sig_lmg_heavy_seventies_van_wz
ad172069f127553,acog_tr_midburst_t8_tunables_zm
ad1e07262b53115,melee_secretsanta_t8_tunables_wz
ad1f3522e4603ab,allow_battle_chatter
ad20b580bbc7077,mc/mtl_p7_zm_ori_crate_wood_decal_woodside_wet_02
ad219c745019a06,zm_zombiespeedmin
ad22217fff9d2fd,mc/mtl_p8_zm_esc_sign_reg_deal_with
ad296cfa27fa607,bonuscard_secondary_gunfighter
ad322e2540f2513,mc/t7_dlc1_glass_building_mirrored_opaque
ad392f6f5570890,pc_nextweapon
ad3f9a387bed937,vd/t8_decal_damage_plaster_tile
ad4293ef3dc3b1a,mcp/hud_outline_model_zonly_scriptint
ad49f7b246dc2e9,i_wpn_tac_rifle_mid_burst_grip_g
ad4a37b246dc9b5,i_wpn_tac_rifle_mid_burst_grip_c
ad4a67b246dcece,i_wpn_tac_rifle_mid_burst_grip_n
ad5092fc946e4c8,i_mtl_p8_wz_ep_bottle_secret_sauce_cap_m
ad50c2fc946e9e1,i_mtl_p8_wz_ep_bottle_secret_sauce_cap_n
ad51b4cc0b72101,vdd/gfx_decal_blood_spray_01|dup
ad58e0a0f49b715,disabler_control_hvo
ad60e6f2b9c3356,mc/mtl_wpn_t8_pistol_standard_decal_sig_01
ad630254c553c9d,activecamoinfo_t8_sig_lmg_spray_venom
ad66b628f785a2f,c_t8_zmb_mob_hero_nikolai_body1_igc
ad6ae1ce676c724,gamedifficulty_medium
ad70468c1c49624,ei/gfx8_water_bubble_group_em_pb_i16|dup
ad7298b03c22658,zombie_perk_totem_timeslip_zm
ad776a43e7de66e,mc/mtl_p8_zm_zod_bed_captain_sml_frame_wood
ad846cbeee035dd,charm_pizza
ad8b52fcdef75d6,menu/quit_match
ad8d2d093c4e1fb,use_item_spawns
ad8e690bb17e8a1,mc/mtl_p8_zm_esc_console_monitor_wire
ad8f376215ae5d7,mpui/autoassign_caps
ad944deb1b3a6dd,zombie_perk_totem_stronghold
ad96597d4916af4,zm_perksactive
ada0f66aad52910,outfit_global_warpaint_bundle_hypnotic_shop
ada36c374bebd99,p8_wz_ep_foam_finger
ada480449e87ee8,wc/t8_zm_decal_paint_chip_metal_reveal
adaf493c31c9371,ei/gfx8_water_ripple_anim_em_pb_i16
adb2bb009fd4ec9,ei/gfx8_liquid_fall_lit|dup
adc05c1795dedac,weapon/ar_doublebarrel_t8
adc15c75b399b97,lb_mp_gm_gun_arena
adca2718df09b82,activecamoinfo_t8_sig_smg_fastburst_diy_wz
add0f654d861b2d,i_mtl_p8_zm_zod_luggage_sticker_europe_decal_c
add69c4444bb28d,mc/mtl_attach_t8_pistol_revolver_scope_diamond_mk2
add90130a14039c,menu/brightness_desc
adddc215740e74e,vd/t7_decal_damage_glass_shatter_03_gray
adde0ff7c9418eb,attachment_clantag_lmg_spray_restriction
ade07fe055e19b5,gamedata/ddl/generated/dlog_event_mpweapons.ddl
adeac78843c8ca5,p8_fxanim_zm_esc_hells_retriever_tomahawk_mod
adec790d236abf5,menu/plasma
aded649a6d9469b,exe/say
adf43f86d67bd95,wc/t7_zm_moo_decal_text_numbers_02
adf730c16e15628,splm/mtl_p7_pallet_wood_splinters_tiled
adf9bbccb343c16,outfit_warrior_epic2cop_firebreak_shop
adfe03991af6843,mc/mtl_p8_zm_crafting_alchemy_set_copper_b
ae08520231546e7,quote_he_who_fears_being_conquered
ae11871b1233211,ww_crossbow_t8
ae1c6994a9df7c1,ges_plyr_gesture000_tunables
ae1fb5a64a52d9e,depth_copy
ae2008ec657ea6b,zm_weapons/fx8_raygun2_ug_view
ae35de7d6f365cf,smg_fire
ae40fe46cced7ab,mc/mtl_p8_zm_esc_nixie_decal_02
ae410e46cced95e,mc/mtl_p8_zm_esc_nixie_decal_01
ae4d0ec6a5dc187,medal_kill_enemy_with_hacked_care_package
ae534e37e579f13,i_mtl_p8_zm_esc_perk_vending_soda_grunge_03_c
ae59d06d8c32663,events_annihilator_multikill_6
ae59e06d8c32816,events_annihilator_multikill_5
ae59f06d8c329c9,events_annihilator_multikill_4
ae5a006d8c32b7c,events_annihilator_multikill_3
ae5a106d8c32d2f,events_annihilator_multikill_2
ae5b91cff2b27d5,explosions/fx8_exp_grenade_snow
ae5bc0cc92424ca,mc/mtl_p8_zm_zod_light_morse_lamp_glass
ae650c8eda859f6,mc/mtl_p7_sin_box_street_electric_medium_worn_carbon_b
ae669c3d0cbb316,menu/follow_player
ae6b420de13c3a8,challenge/level_17
ae6b720de13c8c1,challenge/level_14
ae6ba20de13cdda,challenge/level_11
ae6da3a4ad6634b,mcp/hud_outline_model_calpha_scriptint
ae7732ed1acb702,quote_truth_is_the_first_casualty
ae7c1ede5969d96,medal_war_machine_shutdown
ae7e5e18aec07d3,uber_strobeflash
ae84e0ce0fa11ae,ar_galil_t8_tunables_mp
ae86787b9501359,i_attach_t8_smg_accurate_trigger_attach_s
ae87787b9502e89,i_attach_t8_smg_accurate_trigger_attach_c
ae87b87b9503555,i_attach_t8_smg_accurate_trigger_attach_g
ae88287b950413a,i_attach_t8_smg_accurate_trigger_attach_n
ae88387b95042ed,i_attach_t8_smg_accurate_trigger_attach_o
ae895e53cf85b5b,p8_wz_ep_bottle_secret_sauce
ae8fccea60cd8bb,mcs/mtl_p7_book_vintage_cover_01
ae975b7e2079d2f,uie_triangle_add
ae9847efb075c51,bowie_flourish_tunables_zm
ae9b3817ae97887,ui/avg_ekia
ae9be26b52f7418,mc/mtl_p8_zm_esc_radio_01_wood_01
ae9c026b52f777e,mc/mtl_p8_zm_esc_radio_01_wood_03
ae9c126b52f7931,mc/mtl_p8_zm_esc_radio_01_wood_02
ae9c50c37b4419b,mc/mtl_p8_zm_esc_pipe_metal_paintmetal_01_white
ae9dba2663d9303,wc/t7_dlc1_metal_paint_scratcch_01_grey
ae9e02d70a2de35,weapon/smg_capacity_t8
ae9e298ac76bea9,wc/t8_zm_decal_frost_reveal
aea2020de16b103,challenge/level_23
aea2120de16b2b6,challenge/level_20
aea2320de16b61c,challenge/level_26
aea2a20de16c201,challenge/level_29
aea2a476552b78b,wc/t7_wood_plank_floor_01_desat
aeaaeae3fe3df6c,splm/mtl_p8_zm_esc_bodybag_bloody_stripes_decal02
aeab1ae3fe3e485,splm/mtl_p8_zm_esc_bodybag_bloody_stripes_decal01
aeab676cefc7412,warzone/ui_show
aeabc7e65d1b259,menu/outfits
aeac15a43560562,zm_ai/fx8_cata_plasma_blast
aeb3279b6b23a91,scripts/zm_common/trials/zm_trial_add_special.gsc
aebb750007e6d7c,i_mtl_p8_wz_ep_treasure_chest_n
aebb850007e6f2f,i_mtl_p8_wz_ep_treasure_chest_o
aebbc50007e75fb,i_mtl_p8_wz_ep_treasure_chest_c
aebc92557870439,playlist/zm_escape
aec90bb06c773bc,ir_sniper
aec9f4c3724b031,anim_med
aecba96d1ebab65,recon_car
aecca2b1b87bfa1,auto_sprint_enabled
aed2220de18ea40,challenge/level_35
aed2920de18f625,challenge/level_32
aed2bc745188054,zm_zombiespeedmax
aed30b4400820b9,scope_dualoptic_smg_fastfire_restriction
aed76adc542d15d,smg_handling_t8_mp
aed91718dfef1d2,activecamoinfo_t8_sig_smg_fastburst_diy_zm
aee54db95074378,pc_lookright
aee6667bee3fca6,mc/mtl_p7_zm_nac_trap_stick_set_decal_01
aeed23a2e576a19,mc/mtl_c_zom_player_reporter_glass
aef20d6e021c98a,zblueprint_office_audio_reels
aef2677f88e3ab4,ges_prone_to_crouch
aef502c6aaba80e,mc/mtl_p8_zm_zod_light_fixture_1st_class_dining_ceiling_sml_gold_02
aef512c6aaba9c1,mc/mtl_p8_zm_zod_light_fixture_1st_class_dining_ceiling_sml_gold_03
aef6bcf2cdf92e9,vd/gfx8_decal_exp_blast_01|dup
aef7a31b80b07d2,deferred_permute_classify
aef800add7e1e43,i_mtl_p8_zm_zod_turbine_greeble_002_metal_m
aef810add7e1ff6,i_mtl_p8_zm_zod_turbine_greeble_002_metal_n
aefa08f5c687f67,vd/t8_decal_blood_footprint_random_generic_01
aefb71a9ab3e361,debris/fx8_debris_paper_static
aefd5e0bc19a876,output_hdr_mask
aefe27a745ee059,mcs/t8_metal_cable_01
aeff72ace8c35d8,mc/mtl_p7_slu_panel_electrical_decal_10
aeff82ace8c378b,mc/mtl_p7_slu_panel_electrical_decal_11
af000a561e3d01e,weapon/fx8_shellejects_minigun_resting
af0131e1825119c,menu/months_jul
af054282dbaa25b,mod_head_shot
af05951bcd0e15a,menu/mp_music
af06c0289b7235d,events_annihilator_killstreak_3
af07c20a1295068,camo_t8_sniper_quickscope
af091bee7eeb2dd,splm/mtl_p8_zm_esc_gun_gallery_metal_plate_03
af091e332ccf21c,emotes/bubbles
af0958ed5c060ec,em/ch_839
af09b1774e4cb37,zm_wonderweap
af0a781e9256476,vm_smg_fastburst_uw_putaway
af0e0179da9cd92,activecamoinfo_t8_smg_standard_wz
af1296034c894b8,mc/mtl_p8_zm_elixir_icon_aftertaste
af1ab13397aa74a,mpui/ratio
af2893fec3747dc,codcaster_ds_xray_air_enemies
af2bdf52b751db7,objectives/clean
af2c89caaa95830,loot_contract_crash_snakeskin
af2d1283d4b5da6,menu/voice_volume_desc
af2f3b24d1d81b7,tr_longburst_t8_zm
af2f8ae6bc4ca58,smg_vmp_t8_tunables_wz
af2fd53e2e8f45e,zm_loadouts_custom
af304f9f5ec7339,surface_exit
af3742ace8f4016,mc/mtl_p7_slu_panel_electrical_decal_09
af3752ace8f41c9,mc/mtl_p7_slu_panel_electrical_decal_08
af37a2ace8f4a48,mc/mtl_p7_slu_panel_electrical_decal_03
af37b2ace8f4bfb,mc/mtl_p7_slu_panel_electrical_decal_02
af37e2ace8f5114,mc/mtl_p7_slu_panel_electrical_decal_07
af37f2ace8f52c7,mc/mtl_p7_slu_panel_electrical_decal_06
af3802ace8f547a,mc/mtl_p7_slu_panel_electrical_decal_05
af3812ace8f562d,mc/mtl_p7_slu_panel_electrical_decal_04
af3fead2e8a0520,mc/mtl_p8_zm_esc_security_console_decal_grunge_01
af400ad2e8a0886,mc/mtl_p8_zm_esc_security_console_decal_grunge_03
af401ad2e8a0a39,mc/mtl_p8_zm_esc_security_console_decal_grunge_02
af4542c4dd6f66c,quote_victory_belongs_to_the_most_perservering
af46849816497a3,splm/t8_zm_esc_ground_plate_metal_01_decal
af4db8c65788282,score_limit_dom
af53122c26936cb,el/gfx_sam_trail_smoke_lit
af5512b4b85d6d6,mcs/t7_decal_grunge_rust_04a
af5fc260edd3a57,ei/gfx_water_ring_em_pb_i16
af6860cd0393c0b,zm_elixirsdurables
af79e5f07ba8024,wc/t8_decal_tech_detail_screw_02_worn
af850af7a0fe226,i_mtl_wpn_t8_smg_fastfire_grip_sig_02_o
af851af7a0fe3d9,i_mtl_wpn_t8_smg_fastfire_grip_sig_02_n
af858af7a0fefbe,i_mtl_wpn_t8_smg_fastfire_grip_sig_02_g
af85caf7a0ff68a,i_mtl_wpn_t8_smg_fastfire_grip_sig_02_c
af86caf7a1011ba,i_mtl_wpn_t8_smg_fastfire_grip_sig_02_s
af87dd4d877602e,pc_category_voicechat
af8c9e90052baed,mc/mtl_wpn_t8_tac_rifle_surgeon_magpul
af9323f5a7e2275,ei/gfx8_liquid_spurt_em_pb_i16|dup
af9cef5a2579591,menu/mule_kick
afa16408d2d8b0a,treasure_vault_reactive_camo_bundle_shop
afa2577b951b9dd,scope_elo_ar_stealth_restriction
afaaf9ba26ab21e,mcs/mtl_p8_zm_zod_clothes_socks
afac73e4e0688d4,mpui/rangefinder_desc
afae4d580e740ba,wz_character_battery
afaed4ceda36d4c,mc/mtl_p8_zm_esc_fan_trap_holes
afb2c23fb000d24,talent/dexterity
afb8eed6dc81fdc,allow_hit_markers
afd20dbd261bd1c,zm_weapmelee
afd350444ad68e1,scope_reflex_sniper_fastrechamber_restriction
afd4c0ce10c6a52,ar_galil_t8_tunables_wz
afd4ccba947c6d0,mc/mtl_p8_zm_esc_obsidian_rock_medium_02_part3
afd4dcba947c883,mc/mtl_p8_zm_esc_obsidian_rock_medium_02_part2
afd4ecba947ca36,mc/mtl_p8_zm_esc_obsidian_rock_medium_02_part1
afd50cba947cd9c,mc/mtl_p8_zm_esc_obsidian_rock_medium_02_part7
afd51cba947cf4f,mc/mtl_p8_zm_esc_obsidian_rock_medium_02_part6
afd52cba947d102,mc/mtl_p8_zm_esc_obsidian_rock_medium_02_part5
afd53cba947d2b5,mc/mtl_p8_zm_esc_obsidian_rock_medium_02_part4
afd5fc13ea890fe,activecamoinfo_t8_sig_lmg_heavy_seventies_van_zm
afdfade0281c5dc,tacknife
afe154fab81a197,zm_flamethrower
afe21aac7503ff4,scene_frontend_t8_zm_male_team_1_bruno
afef57bd88fae31,em/socket
aff4e3576a9b931,mc/mtl_wpn_tac_rifle_mid_burst_ammopouch
affa48c16d2c319,maps/zm_escape/fx8_summoning_key_glow
affe560ac719380,mc/mtl_p7_zm_kin_projector_movie_decal_01
affe760ac7196e6,mc/mtl_p7_zm_kin_projector_movie_decal_03
affe860ac719899,mc/mtl_p7_zm_kin_projector_movie_decal_02
affea60ac719bff,mc/mtl_p7_zm_kin_projector_movie_decal_04
b008f23ef5f92b5,maps/zm_escape/fx8_energy_portal
b00dcb5539c46e3,mpui/safeguard
b01ef179db85a42,activecamoinfo_t8_smg_standard_zm
b01f6e0ab206ffd,ui/mod_trigger_hurt
b02189b59ee2c86,talent_medic_mp
b02da5a71d52015,splm/p8_zm_esc_catwalk_support_step
b02db06706550e5,splm/mtl_p8_zm_esc_bodybag
b034397efaae2be,smg_handling_t8_gold
b0348cd88a39c84,look_sensitivity_ads_scalar
b03adc532f77517,bonuscard_perk_3_greed
b03edcdf3770a21,conqueror_control_hvo
b040bae6bd35dd4,smg_vmp_t8_tunables_zm
b041ccab4e06fff,mpui/revives
b044cf69be2302a,i_mtl_p8_wz_ep_grill_barbecue_wet_n
b0464ac3d3991b6,splm/p8_zm_esc_cell_door_frame_bottom
b0487069f3df29b,acog_tr_midburst_t8_tunables_mp
b04a891fb9a57e9,medal_destroyed_mini_turret
b04ad9ca10b13b7,loot_weapon_deathfx_lava_shop
b056cabf18857aa,impacts/fx8_bul_impact_wz_gravel_base
b06081b8b4567f2,menu/zombies
b06136c245c2e7d,beam8_plyr_paralyze
b06248d8a2eef6e,zombie/fx8_perk_altar_symbol_ambient_ethereal_razor
b0660c067feb8b2,menu/continue_restart
b069e9767ab4edb,menu/staminup_mod
b079e99f91a3fcf,hero_chakram_lv2_tunables_zm
b07fe03dc6727b5,mc/mtl_p8_file_cab_metal_02_brushed_metal
b08348f77bf90dc,steadyaim_wz
b089165bd0f039e,wc/t7_concrete_rough_layered_01
b0892a729894753,mc/mtl_p7_zm_asc_wire_bundle_set_decal_01
b0893a729894906,mc/mtl_p7_zm_asc_wire_bundle_set_decal_02
b08a929a8a4eb1c,splm/p8_zm_esc_bldg_64_window_05
b08d2c0332e77a0,mc/mtl_p8_zm_esc_generator_lrg_metal_03_unique
b08d93f47477222,mc/mtl_p7_zm_der_light_set_paint_green_drk
b09359eb3152e8a,mc/mtl_wpn_t8_smg_accurate_corrupted_base_sig_03
b093a22fc432cd5,ei/gfx8_fog_slow_lg_anim_lit|dup
b09d4e74d55b35d,menu/gauntlet_mode
b09deac92980750,ei/gfx8_light_incandescent_hot_em_gp_i16
b09f000a6be388d,gd_c_t8_mp_spe_buffer_cop_lowerbody1
b0a474d3d5ab4d4,presence/infect
b0a554d4122a5fa,pc_mantle
b0b9f0e0ff11b9e,wc/t8_decal_trim_relief_jacobean_02
b0ba0bae972c725,sniper_powersemi_t8_zm
b0ba30e0ff1226a,wc/t8_decal_trim_relief_jacobean_06
b0bc95ddf96ce4b,vd/t8_decal_grunge_puddle_crude_oil_01_eroded
b0c1cbd6a0fb4c1,p8_zm_esc_desk_small_drawer
b0c6d5d5a9c87d9,jammer_rcxd
b0c85a183cac06e,medal/eliminated_enemy
b0d0e388c66e5fa,menu/per_team
b0d379d03b9dbd5,pc_display_cpurendertime
b0d845cd3f7ce85,electric/fx8_elec_gp_wire_sparking_sml_anim_v2
b0d86075b969b82,wc/t7_decal_damage_bullet_holes
b0dc1aaa17fd52c,c_t8_parrot_rootfix
b0e103f6456ad73,zombie_perk_bottle_revive
b0e16984d54a445,contract/attachments3_primary_ekia
b0e1ac4f90bdec1,mc/mtl_p7_ris_construction_ibeam_detail_decal
b0e53f588197120,launcher_standard_t8
b0e5b0ce11af702,ar_galil_t8_tunables_zm
b0eec5d73aa6243,pstfx_slowed
b0f1463f9d71ea3,jumppack_heist_shop
b10080871ad106c,gun_mini_turret_zm
b107401a024d302,mc/mtl_p8_zm_bandolier_bandit_perk_totem_emblem
b1082a507fb8a34,pc_crosshairs
b10bf03e0f25526,emotes/confirmed
b11772cdd16361f,i_mtl_p8_zm_zod_signage_light_box_metal_01_m
b11782cdd1637d2,i_mtl_p8_zm_zod_signage_light_box_metal_01_n
b11cdc743920c4c,impacts/fx8_bul_impact_raven_limb_fatal_exit
b136dbf97f5d00d,menu/free_look
b13a45da14774e0,i_mtl_p7_wes_fireplace_vintage_wood_n
b13a75da14779f9,i_mtl_p7_wes_fireplace_vintage_wood_m
b13a9b062dc85b4,mc/mtl_attach_t8_pistol_revolver_hical_diamond_mk2
b13f2e0cebae766,wc/t7_ban_metal_painted_scraped
b140a294e93a2ad,grip2
b141f0c49dc08f4,spknifeork_flourish_zm
b142681d45f832b,attachment_speedreloader_pistol_revolver_restriction
b144677a622ffb3,weapon/fx8_shellejects_minigun
b1478d3308fd92d,gd_c_t8_mp_spe_battery_assassin_lowerbody1
b14dff263b432c3,mc/mtl_c_gen_wolf_leg_1_alpha
b150c06ce3d70c3,ei/gfx8_fog_slow_lg_anim_em_pb_i16
b154102ace4e99e,weapondeathfx_raven
b15605effc50b07,key/lwin
b15f86d5bccc348,operator_oppressor_restriction
b1601d59d57a969,mc/mtl_p7_barrier_block_concrete_long_01_moss
b16abb024d74429,p8_zm_gen_prison_support_352
b16afd5704db1ce,dualoptic_tr_flechette_t8_tunables_zm
b16c2411a8e4181,mc/mtl_p8_zm_esc_gondola_decal_solder
b172be7ce459674,mp/players_forfeited
b17468556fcddbf,splm/mtl_p8_rock_wall_tiling_01
b17485741d01da8,mc/mtl_wpn_t8_sig_bow_decal_01_fullspec
b17513e9d94ce76,uie_wipe_delta_rft
b17797a88925af2,mc/mtl_p8_zm_esc_shower_fence_set_metal
b17aa5125925894,reflectionprobe_compute
b17b5484f230e6d,pc_opensocialmenu
b17e86322e09851,mc/mtl_wpn_tac_rifle_mid_burst_mainbody
b18ffa7df264419,ability_flamethrower_restriction
b1941b4958975aa,defaultnpcloudfootstep_crouch_walk_npc
b194575073b15ff,ei/gfx8_fog_slow_sm_anim_lit_full_lite_half|dup
b195abb930a7696,events_tripwire_ied_objective_multikill_3
b1979adc5681161,smg_handling_t8_zm
b1984c0004a2840,zm_weapons/fx8_raygun_impact_ug_zmb
b19c1d08875f55c,infiltration_rumble
b1a57f9b16a1914,scope_mms_tr_longburst_restriction
b1a8f99db36c719,splm/mtl_p8_ice_large_rock_01_dark
b1b641d1d46b56b,ei/gfx_smk_billow_thick_anim_mid_max_lit
b1b7e7b8d611897,menu/1_point
b1bc4a5ebc46698,mcs/mtl_p7_zm_mob_hallway_railing_set_01
b1bc6a5ebc469fe,mcs/mtl_p7_zm_mob_hallway_railing_set_03
b1bcdf4da288854,outfit_warrior_epic1robber_ruin_sunset_bundle_shop
b1bd55bb3caf8c1,mc/mtl_p7_zm_mob_chair_electric_nail04
b1bfe0f9093f74a,quote_harder_the_conflict_more_glorious_triumph
b1c0197aa101d28,deferred_terrain
b1c355fccf641e2,mc/mtl_p8_zm_zod_label_box_produce_decal
b1c633069b253d1,attachment_rf_smg_capacity_restriction
b1c750eb77fbadd,zombie_perk_bottle_additionalprimaryweapon_zm
b1cae8f982e3a23,jumpjack_hearts_shop
b1d10461e433652,mp_loadouts_online
b1d28094a5d82bb,wc/t7_metal_gunmetal_02_blue
b1d38f567da040a,killer_hvo
b1d8eae192c052e,wc/t8_zm_esc_concrete_slabs_02_2x2_blend
b1db329badde905,footersettingsiconadd
b1df2e158462966,copy_depth
b1e5c35dd753060,gsol_zm_basiczombies
b1ec3ceb321163d,mpui/desc_cairo
b1fbc7172438fb8,zm_halloween_2018_reward_1
b1fbe717243931e,zm_halloween_2018_reward_3
b1fbf71724394d1,zm_halloween_2018_reward_2
b1fc17172439837,zm_halloween_2018_reward_4
b20696f85f5e660,ei/gfx_lightning_beam_em_gp_i16
b20eb44c137a99d,medal_kill_confirmed_multi
b21afad4de26df7,prt_wz_hudson
b22290fbd789ec6,i_t8_zm_esc_concrete_slabs_destroyed_2x2_g
b222d0fbd78a592,i_t8_zm_esc_concrete_slabs_destroyed_2x2_c
b223e0fbd78c275,i_t8_zm_esc_concrete_slabs_destroyed_2x2_r
b22c6c8701ad9da,splm/mtl_p8_zm_esc_shower_drain
b2332835bd929dd,wc/mtl_p7_ctl_wood_worn_v2
b238ff593dbcbd0,mc/mtl_p7_zm_ver_bookshelf_wood_set_decal_03
b2390f593dbcd83,mc/mtl_p7_zm_ver_bookshelf_wood_set_decal_02
b2393f593dbd29c,mc/mtl_p7_zm_ver_bookshelf_wood_set_decal_07
b2394f593dbd44f,mc/mtl_p7_zm_ver_bookshelf_wood_set_decal_06
b2395f593dbd602,mc/mtl_p7_zm_ver_bookshelf_wood_set_decal_05
b23cb510ab5970a,mp/round_limit_reached
b241d3d4fdd92e5,weapon/uber_beltfed
b242521eb3cba73,ui_cam_cac_shotgun_precision
b255a533ced809d,outfit_warrior_com1_bundle_ruin_shop
b25855767dcf57d,quote_die_like_a_dog
b25bbd03f359f06,pb_melee_alt_fem_draft_ch_select_3
b25d0b82dc5ebbe,splm/t7_metal_trim_rivets_01
b261cc27e85399f,explosions/fx8_exp_grenade_dirt
b2780990f64b347,mc/mtl_p8_zm_elixir_icon_wall_power
b27dddd116f4eff,menu/daily_contract
b2806b61c3e8f20,tr_damageburst_t8_upgraded_tunables_zm
b2825d2dceeeea1,wc/t8_wood_plank_painted_01
b289274f3a49936,key/unbound
b289fc63717099f,mc/mtl_p7_zm_zen_proto_machine_electric_wall_01
b28a0c637170b52,mc/mtl_p7_zm_zen_proto_machine_electric_wall_02
b28dc82d4bf9435,events_deployable_cover_deployed
b29fd3a4c03a171,outfit_super_hero_epic1_firebreak_shop
b2a3e0cdd429c01,proximity_grenade_zm
b2a7be6e8e654b3,gamedata/tables/mp/scoreinfo/mp_scoreinfo_prop.csv
b2a9cd6c1abcdff,pc_fieldofview
b2aa12d0cff1137,ui_cam_cac_shotgun_pump
b2ac742e5fdeb6c,weapon/ar_damage_t8
b2ae7971531c126,xboxlive/netconnection
b2b22de3c6157cb,pc_static_reflection_quality
b2b7122b3b18f50,mc/mtl_wpn_t8_tr_midburst_wings_stock_02_sig_02
b2b8505bbc1d126,p8_zm_esc_bldg_64_broken_wall_02_brick
b2bd92ae631c3fb,wave_respawn_delay
b2c000d96e385e5,beam8_lighthouse_ley_line_red
b2c0c49e93e3a30,ei/gfx8_fog_slow_lg_anim_em|dup
b2c617dbd6188d1,ges_plyr_gesture001_zm
b2c7e74787b96e9,mpui/ekia
b2c95c9e30efbc0,fxt8_lf_source_01
b2c97c9e30eff26,fxt8_lf_source_03
b2c98c9e30f00d9,fxt8_lf_source_02
b2c99c9e30f028c,fxt8_lf_source_05
b2c9ac9e30f043f,fxt8_lf_source_04
b2c9bc9e30f05f2,fxt8_lf_source_07
b2c9cc9e30f07a5,fxt8_lf_source_06
b2cb0cda291ae11,tr_flechette_t8
b2d05d25d12e4ac,mc/mtl_mphd_forklift_lift_paint_black
b2dda96bb8e6f47,mpui/desc_madagascar
b2e2768d4892dab,menu/lb_throws
b2e59de90d23a7b,attachment_damage_sniper_quickscope_restriction
b2e81a1d6b60010,wc/t7_rubber_trim_strip
b2eb6f8140495b2,mc/mtl_attach_t8_smg_accurate_handguard_01_attach_alt
b2ee19e9cdf8dbd,entity_katana_npc
b2ef56b4af147b8,menu/quit
b2f08d261a5c123,wc_perk3greed_restriction
b2f2a32613884d0,ei/gfx_gel_drops_em_pb_i16
b2f31b310bd56d3,game/votecast
b2f531966a0eb65,ei/gfx8_fog_slow_lg_anim_lit_full_lite
b2f9044e8ebdb3a,overtime_time_limit
b2fc878fbddd07c,mc/mtl_p8_zm_esc_cell_sink_iron
b30402b15a8bbf4,default_statuseffect
b3049a511df21c9,scripts/zm_common/zm_pack_a_punch.csc
b30816820907951,charm_outhouse
b30b5bae9920711,sniper_powersemi_t8_mp
b31180f39b8a810,scripts/zm_common/bgbs/zm_bgb_bullet_boost.gsc
b31747366784663,i_c_t8_camo_flecktarn_fall_c
b31953fadb47021,smg_fastburst_t8_gold
b31b7c3a48dd47d,mc/mtl_p7_zm_kin_printer_office_small_text_plastic_black
b31cc8500ab8af5,lightmachineguns_task
b328094717ecd27,mcs/mtl_p7_zm_tra_billiard_vintage_cover_chain
b33097fcfc37179,gd_c_t8_mp_spe_ruin_arms1_cst
b334d40e1db4f79,i_attach_t8_loot_shotgun_fullauto_stock02_s
b335d40e1db6aa9,i_attach_t8_loot_shotgun_fullauto_stock02_c
b336140e1db7175,i_attach_t8_loot_shotgun_fullauto_stock02_g
b336840e1db7d5a,i_attach_t8_loot_shotgun_fullauto_stock02_n
b336940e1db7f0d,i_attach_t8_loot_shotgun_fullauto_stock02_o
b33785734adf718,wc/mtl_p8_zm_esc_infirmary_door_glass_mesh
b34369ed2d66da4,dualoptic
b343b04851f500a,wc/t7_glass_window_warehouse_snow_backlit_thick
b34eeff2f449037,stalker_sniper
b34fd17626c63eb,gamedata/ddl/generated/dlog_event_resolution.ddl
b352715f8e6dcd0,volumetric_accumulated_light_scatter_compute
b352ec1d391daaa,cin_t8_monkeybomb_dance
b354556f5f2635d,phy_fruit
b357e771fe94108,aib_vign_zm_mob_banjo_ghost
b359a6ce92866d7,events_vision_pulse_activated
b35ae6cd1fcc011,prj_energy_bolt_fx
b35ff6fb2f0cbf3,wc/t8_decal_blood_footprint_path_generic_01
b365d4fd2514122,i_mtl_p8_zm_esc_console_monitor_screen_n
b36624fd25149a1,i_mtl_p8_zm_esc_console_monitor_screen_c
b36a5b6a210afd2,smg_accurate_t8_zm
b36a93f806fa2b2,splm/mtl_p8_zm_zod_table_wood_sml_metal
b375e5d416ef766,wc/t7_metal_paint_worn_yellow
b37ccfc8045e113,mc/t7_metal_bare_acrylic_matte_trim
b37de8b34383215,attachment_damage_tr_longburst_restriction
b3910644531dfe7,clan/casual
b396bf749c6c94c,shock_seeker_primary_scoreevents
b3a245177ec7137,ei/gfx_smk_wisp_string_em_pb_i16|dup
b3b17da8cf69cb9,rendertargets
b3b38254bef1291,attachment_rf_lmg_spray_restriction
b3b5af3fd550cd0,zm_weapons/fx8_raygun2_reload
b3b8d1f7336b37a,activecamoinfo_t8_pistol_standard_zm
b3be0a34800cf79,zm_perkselectricburst
b3c13cd679144b8,eq_acid_bomb_extra_tunables_zm
b3c405a30b322cf,ar_doublebarrel_t8_upgraded_tunables_zm
b3c6847e892d401,mc/mtl_mphd_forklift_bottom
b3c985012434727,attachment_quickdraw2_sniper_quickscope_restriction
b3cf0a91b0fc7ea,p8_kit_zt8_exd_05_window_frame_12_01
b3d5f05b0041b8a,attachment_killcounter_sniper_powersemi_restriction
b3d6cb4a5fffb22,coinbag
b3d805bcbff9cf6,maps/zm_escape/fx8_portal_lightning_trail_red
b3df6ae6c04b26c,smg_vmp_t8_tunables_mp
b3df8bdff00726d,mc/mti_p7_zm_ori_machine_diesel_rubber
b3e3bae603f9641,tr_longburst_t8
b3f5f59c09ef1e5,ei/gfx_smk_whisp_anim_02_em_pb_i16
b3f97cf646813ac,explosions/fx8_exp_grenade_water_surface_deep
b3f9aaa47a5cccb,events_automated_turret_demolition
b3fba54f70a2a18,zm_perksdeadshot
b3fceb52529b02c,ec/gfx_gel_drops_pcloud_em_pb_i16
b3ffb7ae48501b1,activecamoinfo_t8_direct_action_kills_alt
b400eff0bc25693,extbarrel_tr
b4018acb150b677,scope_reflex_tr_midburst_restriction
b40758100535e7a,p8_wz_ep_wallet_police
b4075e39e5aa92b,mc/mtl_p8_zm_esc_pipe_metal_rust_02
b40f0d7eea59c9b,menu/equipment_cooldown
b4100b24d5fb91f,tr_longburst_t8_mp
b416979174d3f1a,vd/t8_zm_decal_chalk_help_01
b41bb8669a0a872,loot_contract_afterglow
b42aad57072e43a,dualoptic_tr_flechette_t8_tunables_mp
b43287e14b4618d,ei/gfx8_light_core_soft_em_pb_i16|dup
b4330351c2e1f64,zombie/grab_riotshield
b439d2c355d4dc4,wc/t8_zm_off_metal_siding_trim_03
b43a0c37a409a85,heroes/reaper
b4400b2c1a378ec,vdd/gfx_decal_blood_spray_01
b4403b2c1a37e05,vdd/gfx_decal_blood_spray_02
b441cff0bc65734,extbarrel_wz
b44289d60794fe0,mc/mtl_p7_zm_moo_panel_teleporter_set_decal_01
b442a9d60795346,mc/mtl_p7_zm_moo_panel_teleporter_set_decal_03
b442b9d607954f9,mc/mtl_p7_zm_moo_panel_teleporter_set_decal_02
b442c9d607956ac,mc/mtl_p7_zm_moo_panel_teleporter_set_decal_05
b442d9d6079585f,mc/mtl_p7_zm_moo_panel_teleporter_set_decal_04
b442e9d60795a12,mc/mtl_p7_zm_moo_panel_teleporter_set_decal_07
b442f9d60795bc5,mc/mtl_p7_zm_moo_panel_teleporter_set_decal_06
b44319d60795f2b,mc/mtl_p7_zm_moo_panel_teleporter_set_decal_08
b446a36d8780552,ei/gfx8_smk_lg_vapor_anim_loop_em_pb_i16
b44d38a7b9adf95,pc_gamepad_vibration
b4505dcd3cc2208,weapon/molotov_desc
b454d71c8871b68,ei/gfx8_liquid_splat_em
b4585e328a1e70d,loyalty_entitlement
b45a73ae06eec6d,ei/gfx8_liquid_splat_em_pb_i16|dup
b45c0448b54117c,mc/mtl_p7_zm_asc_pipe_modular_set_decal_dirt
b46071aba540452,zmweapon/shotgun_fullauto_t8_upgraded
b464d6b2da8e917,loot_contract_firebreak_warrior
b46822a42c836d6,zm_weap_chakram_catch_rumble
b468b85164ac114,mc/mtl_p8_zm_zod_door_watertight_deck_orange_metal
b470bd0c4267ac4,_t6/explosions/fx_vexp_cougar
b474ade0cc090d2,pb_melee_fem_draft_ch_select_3
b47b0301b5ee854,zombie/fx8_doorbuy_death
b4801b0a86e09e0,steadyaim
b48178e6a1688b9,vd/t7_decal_grunge_waterfall_stain_01
b484d28575f7d9b,sniper_powerbolt_t8_upgraded_zm
b487a039094c8a2,surface_exit_bullet_small
b48822b90a7a3ab,scriptmoverstatefields_zm
b4889e3a720c949,heroes/firebreak
b49a34eedf0bba8,brutus
b49c7366fc78907,scorestreak_supplydrop_restriction
b4a2f61b6e344b5,impacts/fx8_bul_impact_default_uw_xlg
b4a6565dfa074df,volumetric_probe_cull_compute
b4a6ded2e37f457,quote_the_art_of_war_is_simple_enough
b4acf4377a56501,pstfx_watertransition
b4adf4931a8d015,mc/t7_barrel_vintage_metal_bands_rust
b4c269b5a2c7cca,talent_medic_wz
b4c29836f746408,quickdraw_sniper
b4c40399e97b8ad,gamedata/ddl/generated/dlog_event_performance.ddl
b4cbbe611a085fe,medal/revenge_kill
b4ebee362907e06,loot_smg_handling_mk2_bribe_free
b4f1f8c0c22026f,talent_stimulant_wz
b4f56aeb245f37a,mc/mtl_p8_wz_ep_briefcase_shirt
b4f585345876556,mc/mtl_mphd_forklift_cockpit_rubber
b4fc6582de840db,wc/mtl_p7_crate_wood_03_fruit_orange
b4fd1539b54f366,mc/mtl_p8_zm_esc_perk_vending_cola_light
b50957c6ff6cefe,em/burst
b50cb06f4b4a2a5,dualoptic_lmg_standard_t8_tunables_mp
b512ef3bec31f07,gsol_zm_wonderweapons
b518b81dc47adf1,mc/mtl_p7_zm_ori_crate_wood_wet
b51a36a25e52e8e,spot_shadowoverlay
b51e879d830a012,presence/hacienda
b51fab4710a9406,weapon/sniper_damagesemi_t8
b520e800beb9110,pb_backhander_fem_draft_preready_4
b520f800beb92c3,pb_backhander_fem_draft_preready_5
b5213800beb998f,pb_backhander_fem_draft_preready_1
b5214800beb9b42,pb_backhander_fem_draft_preready_2
b5215800beb9cf5,pb_backhander_fem_draft_preready_3
b523b05b754dbcc,splm/t7_decal_line_horizontal_chipped_edges
b527f513cd54ce8,zombie_bgb_use_tunables
b52a163973f339f,scripts/zm_common/zm_characters.gsc
b52b9a74014da20,status_effect_flash
b52dc2252348e2d,attachment_killcounter_launcher_standard_restriction
b531ab21889db26,p8_crate_wood_02_frosted
b533eccf7b89a20,i_mtl_p8_zm_esc_fan_trap_fan_r
b535accf7b8c9b4,i_mtl_p8_zm_esc_fan_trap_fan_n
b5364448dd0bf69,menu/neutral_zone
b53b37243dbda2d,grip
b544902c03f609f,wz_character_mercenary
b554dc2232391a8,mc/mtl_p7_wes_desk_wood_vintage_decal_05
b554ec22323935b,mc/mtl_p7_wes_desk_wood_vintage_decal_04
b5551c223239874,mc/mtl_p7_wes_desk_wood_vintage_decal_01
b55521f83c0f4c1,replacer_tr_longburst_mk2_sunset_bundle_shop
b5553c223239bda,mc/mtl_p7_wes_desk_wood_vintage_decal_03
b5554c223239d8d,mc/mtl_p7_wes_desk_wood_vintage_decal_02
b5597f01c38c550,zmweapon/homunculus
b559ef33e6c2803,menu/zombshell
b55a72e5deaad43,sniper_quickscope_restriction
b566b84f83bc671,attachment_quickdraw_pistol_standard_restriction
b56a40f13de6c36,camo_t8_shotgun_fullauto
b56b32e65655559,loot_weapon_deathfx_anime_shop
b56c3949e61c2ef,menu/low
b56e0d49ec5d390,events_tempest_paralyzed_objective_assist
b577f6176e4d155,mcp/hud_outline_model_green_alpha
b5796633a31b6dd,mc/mtl_wpn_t8_shotgun_semi_shells_sig_02
b57c583439bbbf1,ei/gfx_dust_heli_swirl_anim_em_pb_i16_nocull|dup
b57df4f5ae5c130,scene_frontend_t8_helicopter_fem
b582ae90c06d4ff,menu/korea_15plus_blocked_gamemode
b583dc74c59a600,mc/mtl_p8_wz_ep_book_demon_page
b59c0ebb31267a7,wc/t7_metal_trim_weld_01_normal
b59c56f7c59ac79,explosions/fx8_exp_grenade_concrete
b59e3b802124d65,outfit_tigerstripe_base_pal_com6_torque_shop
b5adddaa9549c0e,allow_killcam
b5b44d7976c401b,ability_lightninggun_restriction
b5bb050d4d322ca,vdreveal
b5c1dd544a1808b,wc/t8_mylar_tape_atlas_sheet_01
b5c55a1b702aea6,gamedata/ddl/generated/mp_loadouts_external.ddl
b5c6f9a99eb727f,quote_those_who_dare_to_fail_miserably
b5c6fcb5aceab52,key/downarrow
b5cce0ecaca9acf,mc/mtl_c_t8_bo_hero_trejo_pouchesup
b5d297526b3f792,attachment_stalker_tr_midburst_restriction
b5d7e0ff8403da7,ei/gfx8_smk_lg_vapor_anim_loop_em_pb_i16|dup
b5d823c678582c8,mc/mtl_p7_zm_nac_trailer_generator_decal_03
b5d833c6785847b,mc/mtl_p7_zm_nac_trailer_generator_decal_02
b5d843c6785862e,mc/mtl_p7_zm_nac_trailer_generator_decal_01
b5e26bca9160770,vd/t7_decal_wet_stain_01
b5e487fc1857fad,mc/mtl_c_zom_player_oldman_body
b5e48902d452e97,zmweapon/none
b5e5844327fb1a0,menu/progress_target
b5ea0d94110f82e,i_wpn_t8_zm_flamethrower_wood_m
b5eae501171044c,gd_c_t8_mp_spe_spectre_superhero_arms1
b5ecfbe098e84d3,zm_office_debris_02_idle
b5f32a8fc3f5122,charm_skeleton_key
b5f806fbd72e32e,mc/mtl_p8_zm_esc_machine_smelting_main_chain_wire_01
b5faff633fe8f6a,impacts/fx8_bul_impact_soul_runner_nonfatal_uw
b5fd29ea88516ff,weapon/gadget_health_regen
b5fe8d04189903a,contaminator_control_hvo
b6070ad4d48769c,riotshield_hit_slow
b617e1f7357693a,activecamoinfo_t8_pistol_standard_wz
b61aa22e805e4c5,mc/mtl_p8_wz_ep_briefcase
b6221aac638d22a,mc/t7_con_metal_painted_panels_gray_dk
b62a7039a8984cd,challenge/prestige_master
b62cc1e30104de4,splm/mtl_p8_kit_spa_spanish_roof_tile_orange_worn_02
b62cd1e30104f97,splm/mtl_p8_kit_spa_spanish_roof_tile_orange_worn_03
b62da82027b58ee,attachment_clantag_sniper_powersemi_restriction
b62dce6c59d0e4e,charm_ak_unicorn
b6445b709c08321,smg_standard_t8_mp
b64600ecd171dd0,outfit_warrior_epic1_zero_sunset_bundle_shop
b6460e73471f9de,mc/mtl_p8_zm_esc_lab_monitor_glass
b6478fddc4346d9,zm_weap_chakram_melee_hit_rumble
b648e8ce3814bbb,ar_fastfire_t8_upgraded
b64c598ec003b08,smg_handling_t8_upgraded_zm
b65a5ddcd7bb885,mpui/embassy
b65b99cd9629791,vd/t7_decal_damage_cracks_01
b65cf883db6830b,mp_dom_squad.ai_htn
b65da5d820319a3,ei/gfx8_water_ripple_anim_lit|dup
b65ff1a3c22933e,mc/mtl_p8_zm_esc_birdcage_metal
b660573eb9acae2,wc/t7_wood_wall_panel_04_oak_flat
b6635760a0416b9,ei/gfx8_smk_lg_vapor_anim_loop_lit
b66427785660bae,melee_secretsanta_t8
b666a1a7dce3fd8,menu/private_match
b66b115d3326af2,mc/mtl_p8_zm_elixir_icon_licensed_contractor
b66b26e77226a96,menu/talent_scavenger
b66b705a024262d,medal_stop_enemy_killstreak
b66d87792110d10,vd/gfx8_decal_blood_fatal_01|dup
b6706aa011e6616,menu/contract_misty
b67851ad0a85b94,mcs/t7_vld_glass_window_warehouse_transparent
b67c15089759303,pc_ui_newlayer
b67f7fb585d594c,menu/empty
b6804aaaad14fa1,perk_staminup
b686be6511985bc,gear_armor_tier_three_wz
b690ffc5344a53a,wc/t7_zm_moo_metal_trim_black
b692e5c3530129a,mc/mtl_p8_zm_zod_toy_horse_cloth
b69afd868f6edb0,contract/multikill_3_or_better
b69b008e289ded4,zm_bgb_free_fire
b69db71f40df3c1,mcs/mtl_p8_zm_zod_clock_mantel_minute_decal
b69f4e92cfa1cf4,gd_c_t8_mp_spe_nomad_cop_lowerbody1
b6a27d42881a943,attachment_clantag_sniper_powerbolt_restriction
b6af3afd169995e,zmui/revive
b6ba1a731883e1f,codcaster_ds_third_person
b6bb60910737455,ui_menu_popups_toastnotification_icon_fail
b6bfaa47bb29ea8,menu/rank_n
b6c2a204504b0cd,menu/lb_carries
b6c4011f1c483d6,wc/t7_spa_wood_floor_seamless_dark
b6c8969a31f8b2f,mc/mtl_p7_rus_canister_industrial_metal_02
b6c8a69a31f8ce2,mc/mtl_p7_rus_canister_industrial_metal_01
b6cb4e33cc3fef8,wc/t8_decal_damage_blast_impact_01
b6d2dd540e3157a,icon_minimap_player_friendly_mp
b6d6ac8a0b7896c,perk_coldblooded_restriction
b6dc9a5591ec16f,mcp/infrared_white
b6e260db98e6c34,i_mtl_p8_zm_zod_bed_bunk_third_class_berths_decal_suture_01_n
b6eb78245434147,light/fx8_light_pulse_green
b6f2843a0db71c0,ar_peacekeeper_t8_upgraded_tunables_zm
b6fbb75ef5d93c4,ges_slide
b6fff322a8a64eb,scripts/zm/zm_orange_ee_misc.gsc
b70232b2892e045,explosions/fx8_exp_grenade_water
b711b9952035f9b,wz_character_diego
b7144d8af2ec15a,monkey_bomb_bounce
b716db073c30250,mc/mtl_p8_wz_ep_book_demon_frame
b71a6c9f08cfe3b,maps/zm_escape/fx8_lightning_trail_red
b720858faa5561e,shock_field
b724a942aefbe1d,motion_vector_static_with_mb_compute
b72cd9cbe54bb45,scope_acog_ar_damage_restriction
b72d2b60e221523,fallimpact_rapid
b73b6226aaa80f5,tr_midburst_t8
b73bc6290506874,vehicleentitystatefields_zm
b741c40a80ec28b,mp_dom_commander.ai_htn
b74925d6daab76c,zm_weapons/fx8_aat_brain_decay_torso
b74980857fca552,mc/mtl_p8_foliage_tree_birch_trunk_dead
b74ca9809264893,events_stim_vanguard
b74d774cff9b4eb,ei/gfx_water_bubble_em_pb_i16
b7523dd1398ec58,mcs/t8_concrete_wall_cast_01
b7528dd1398f4d7,mcs/t8_concrete_wall_cast_04
b754d3e2c32b0b4,mcp/depth_only
b75a649c0e85983,sniper_powersemi_t8
b75b2810b15b99e,mcs/mtl_c_zom_zod_zombie_fem_body_1_skin
b75c5fdd179d008,ei/gfx8_light_core_soft_em
b762682a108caf3,mcs/t8_concrete_plain_dirty_01_drk
b7685a5d039820a,wc/t7_ban_metal_diamond_plate_worn
b76f5e3397f388b,wc/t7_metal_wall_corrugated_hor_red_drk
b7711bbfc3ef140,mc/mtl_p7_zm_ctl_radio_recorder_deck_meta_gray
b7732eb174f2569,mc/t7_metal_bare_tungsten_brushed_2_worn
b7747ba505fb1f9,impacts/fx8_bul_impact_money_head_nonfatal_exit
b7789a91405b03e,lf_flash_fire_grime
b778c36ec19b28c,mc/mtl_p8_zm_zod_bed_bunk_third_class_berths_decal_suture_01
b7792072f8069fe,el/gfx_lightning_beam_trail_em_gp_i16
b77d4fdc0652069,splm/mtl_p8_zm_esc_power_house_stair_metal_corner
b77f84c47802222,prt_wz_trapper
b7800b02c6f2571,scene_frontend_t8_nomad
b781118a6db716e,impacts/fx8_bul_impact_wz_metal_base_xlg
b787c6f3de15f43,mc/mtl_attach_t8_loot_smg_burst_dbal_side_pad_mk2
b78c421e03106e9,p8_zm_esc_cell_door_clump_rusty
b78d51ca2c7f6cd,mc/mtl_t8_wpn_smg_accurate_front_sight
b792bc9f0b8b993,claymore_extra_tunables_zm
b7940f62c56793a,impacts/fx8_bul_impact_metal_uw_xsm
b795e9616981b3b,medal_killstreak_5
b797a5eed06866e,ui/avg_obj
b79a2b5601b1eb1,scripts/core_common/animation_shared.csc
b79a8f031a43ab7,weapondeathfx_electric
b7a8228e5233f6f,mc/mtl_p8_zm_esc_generator_lrg_bare_metal_unique
b7abe3096d6ec38,pc_ui_open
b7ade1a81546b31,sentry_koth_hvo
b7b98f21c7df83d,codcaster_ls_perks
b7c34efa5954735,weapon/gravityslam
b7c4618d5e6781f,en_core_ui
b7c6cca11a3688f,mc/mtl_rob_spectral_vision
b7cbe06f4d9c779,dualoptic_lmg_standard_t8_tunables_zm
b7cd23853e8f662,mc/mtl_p7_zm_sta_dragon_network_console_set_decal_05_black
b7d78161c17f6bd,vd/mtl_loot_ui_icon_tags_warriors_recon
b7d91ce0a56b411,attachment_fastreload_ar_damage_restriction
b7db8b6a24cd2be,smg_accurate_t8_mp
b7dca76b1e2c72e,menu/windowed
b7de91a275efd59,mc/mtl_p7_zm_sta_box_store_set_watch_wood
b7e4696d38d13e3,snowball
b7e495f258acb42,weapondeathfx_rainbow
b7e987b68545eef,mcs/mtl_p8_zm_zod_clock_mantel_minute_metal
b7eab5bd2013b02,zombie/fx8_wallbuy_amb
b7ebc1f9f665360,scope_acog_sniper_powerbolt_restriction
b7efc840ddfcdca,playlist/conf
b7f89cd14020136,mc/mtl_p8_zm_esc_packasplat_engine_glass_02
b7f8acd140202e9,mc/mtl_p8_zm_esc_packasplat_engine_glass_03
b7f8bcd1402049c,mc/mtl_p8_zm_esc_packasplat_engine_glass_04
b7fd67e1698b5f5,pstfx_heat_distortion
b805a84582bcbad,lsl_class_sets
b808b24c2ea3d20,zm_weap_scepter_ray_hit_rumble
b8096f4212652cb,mpui/acog_desc
b8124ff0bfa12ea,extbarrel_ar
b822c81461b636e,medal_wz_squad_wipe_duo
b825bf2939a8267,menu/gestures
b825c8b8967ac1e,wc/t8_zm_esc_girder_support
b829bff318c5947,scope_ir_tr_powersemi_restriction
b831e7980be9798,activecamoinfo_t8_sig_tr_longburst_scrimshaw_zm
b83428630949e47,pc_lookleft
b83998ae20915c2,ei/gfx_lightning_bolt_ground_em_gp_i16
b83a5ae429c6ec4,scope_holo_smg_fastfire_restriction
b83f54f0b0ce513,presence/loading
b84100de113439d,loot_emote_exotic_shared_30
b841d4ccd66901a,gamedifficulty_veteran
b84935d60ac106b,zombie_perk_totem_zombshell
b84a95659ae9583,ei/gfx8_wz_insanity_numbers_em
b84e604683dea78,mc/mtl_p7_wes_fireplace_vintage_metal
b8504e636118c66,lb_mp_anticheat_escort_hc
b855b3eed18772c,ajax_end_game_pose
b85a01ba21bc567,lf_light_bulb_warm_sm
b85e2790224f450,fmj2
b85f1aa4230f950,mc/mtl_p8_zm_zod_cylinder_support_column_left_decal
b8605d454053695,apc_cougar_camera_zm
b86213a58c91094,mc/mtl_attach_t8_crossbow_stock_alt
b8622257050b558,vd/t8_mov_zm_esc_decal_dirt_rubble_fine_01_blend_02
b868a761e54e653,loot_season_7_postseason
b86e41151fd9eb8,reaperfoleyquiet_run_plr
b87589e683a1951,menu/muting
b87d7eb92a261aa,heroes/enforcer
b8832427f2bc841,mc/mtl_p7_jun_rock_peak_cave
b8890f4944298d8,ei/gfx_water_fall_spill_anim
b88b554f26b76d8,zm_base_difficulty
b88c7d17c3a0f4c,pc_anti_aliasing_quality
b8918c2c59e5d90,zombie_perk_totem_timeslip
b8926edd0a21997,mc/mtl_p8_zm_elixir_icon_board_games
b8937e3c7212a42,zmtrials/trial
b89ded66783cd46,weapon/fx8_trail_snowball
b8a596a6e17eb28,menu/task_complete
b8a872fdca43570,challenge/rank_2
b8a882fdca43723,challenge/rank_3
b8a8a2fdca43a89,challenge/rank_1
b8a8b2fdca43c3c,challenge/rank_6
b8a8c2fdca43def,challenge/rank_7
b8a8d2fdca43fa2,challenge/rank_4
b8a8e2fdca44155,challenge/rank_5
b8a912fdca4466e,challenge/rank_8
b8aa4caf2371e3e,loot_ui_icon_tags_muertos_battery
b8ac942c3ce4cac,i_mtl_p8_kit_zod_mai_05_door_frame_set_metal_07_m
b8acc42c3ce51c5,i_mtl_p8_kit_zod_mai_05_door_frame_set_metal_07_n
b8b2fed6cee4356,ec/gfx_gib_glass_pcloud_02_lit
b8b3ac1a47ac11f,mc/mtl_c_t8_bo_hero_tedd_righthand
b8c7f2f39bbb7cf,events_vision_pulse_assist
b8c903b9f9a291a,ei/gfx_fog_slow_wide_md_anim_em_pb_i16|dup
b8ccb371f3b3f69,mc/mtl_p7_zm_isl_gate_machine_glass_01
b8cf163daeefabc,lf_light_fluorescent_streak_large
b8cf9480131da75,spectre_apocalypse_outfit_bundle_shop
b8d32ca2aeb56fd,shutdown_damage
b8d337980c70fcc,activecamoinfo_t8_sig_tr_longburst_scrimshaw_wz
b8d3614fc44070a,smaa_pass1_compute
b8d516623f4124a,impacts/fx8_bul_impact_ice_head_fatal
b8d6e41322099c6,splm/t8_concrete_damaged_norebar_01
b8ec48fbc758490,vd/t7_fir_bullet_impact_metal_rvl
b8ef022c77753c8,i_c_zom_reporter_glass_c
b8f71718019166b,menu/audio
b905520b316fd34,pc_crouch_toggle
b90ed2b8e5b90ac,mc/mtl_mphd_forklift_main_body_stripe
b915a1bdeafb555,camo_active_sig_pistol_fullauto_arcade_base_bribe
b9161b5c3a640ac,talent/scavenger
b9164f4a7566bcf,attach_t8_sniper_power_semi_hical_world
b91e9e37970085a,mc/mtl_wpn_t8_smg_accurate_grip_sig_03
b9201de62060d9d,mc/mtl_p8_zm_esc_generator_lrg_rubber_unique
b921de018dc1053,reinforcer_koth_hvo
b92671421489fe1,menu/save_emblem
b9271b74c9e78d1,mp/radiation_field_hint
b92e232dc2d9193,perk_scavenger_restriction
b930daa9ce3f024,weapon/fx8_muz_md_suppressed_1p
b9362c6331a4f9a,attachment_fastreload_smg_fastburst_restriction
b9365f9e98d1940,i_mtl_attach_t8_loot_shotgun_fullauto_stock02_sig_n
b9366f9e98d1af3,i_mtl_attach_t8_loot_shotgun_fullauto_stock02_sig_o
b936ef9e98d288b,i_mtl_attach_t8_loot_shotgun_fullauto_stock02_sig_g
b9372f9e98d2f57,i_mtl_attach_t8_loot_shotgun_fullauto_stock02_sig_c
b9382f9e98d4a87,i_mtl_attach_t8_loot_shotgun_fullauto_stock02_sig_s
b93c72337a67a81,mc/mtl_p7_zm_moo_fuel_tank_01_grey
b9457606a77f9d1,pb_emote_shared_fem_shush
b946ae90d7bcf2d,mc/mtl_p8_zm_esc_machine_smelting_conveyor_02_metal
b94c2285951739d,presence/mp_geothermal
b95111424444a82,ei/gfx_smk_wisp_string_em_pb_i16
b95b69e7e998733,objectives/infect
b95ce72c6f24335,weapon/fx8_muz_smg_acc_1p
b95eb3d0baab821,mc/mtl_p8_zm_zod_signage_light_box_decal_tech
b961e941772123a,medal_dom_point_secured
b9648c049454864,zm_heavyhealthmult
b966c01b957a296,mc/mtl_mphd_forklift_screw_black
b96884db4c63a67,lsl_reticle_dualoptic
b98131e897aec1f,mpui/domination
b981ba995cebd98,mc/mtl_p8_zm_esc_rock_small_red
b985571d7aca34b,p8_zm_esc_cell_stair_02
b985d3c20786f71,zm_weapons/fx8_raygun_view_ug_zmb
b99f9aa9ce9ecd6,weapon/fx8_muz_md_suppressed_3p
b9a4d8476f374ba,mc/mtl_p7_zm_moo_teleporter_sphere_light_02
b9a5e0c33750abe,zm_ai/fx8_cata_plasma_aura_head
b9bd396332a2c3f,splm/mtl_p8_plaster_trim_exterior_fort_wall
b9bda72c6f6c347,weapon/fx8_muz_smg_acc_3p
b9c0e61943517b2,mc/mtl_c_t8_camo_flecktarn_jungle
b9c1d8d7b102d69,pc_ads_sensitivity_vertical_high_zoom
b9c6251e28767f1,activecamoinfo_t8_sig_ar_accurate_postapocalyptic_zm
b9c80596b57b466,p8_zm_off_plaque_seal_cia
b9cc0e31ab208f3,loot_ui_icon_tags_muertos_torque
b9d2db754c2b808,mc/mtl_p8_zm_esc_dark_machine_steel_04_base
b9d9018d61f3596,mc/mtl_veh_t8_dmg_dents_001_decal
b9dfe23b865618d,grapple_reel
b9e35217be8c67b,camo_active_sig_ar_modular_porcelain_base_bribe_free
b9e5fc210050a6d,activecamoinfo_t8_kill_counter_party_rock_wz
b9e83ad23928f9e,zm_weapons/fx8_raygun2_ug_world
b9f145dc80ed9c4,ceramic_cup
b9f2f8dddd2349a,mp/secondplace_name
b9f36bc7f9a3c0d,menu/gun_desc
b9f82963f90a6f0,warzone/items_use
b9fd099e7eab641,ei/gfx8_water_ripple_anim_lit_nocull|dup
ba0230a7d89f6ea,i_mtl_p8_wz_ep_pot_metal_02_o
ba023650a3c34c6,playlist/fracture
ba0240a7d89f89d,i_mtl_p8_wz_ep_pot_metal_02_n
ba04adbbc1e96c9,ei/gfx_rainbow_em
ba0930d1214a806,quote_who_dares_wins
ba0936c01d4b439,smg_capacity_t8_operator
ba0c71f079dcc80,ei/gfx8_fog_slow_md_anim_lit_full_dark|dup
ba148ff5cc38e8f,zm_killcap
ba1741a06125939,zm_perksstonecold
ba1744272f0e2aa,smg_standard_t8_gold
ba2981056028bda,mc/mtl_p8_usa_vista_crane_control_decal_dirt
ba3287aaff2598b,mc/mtl_p8_wz_ep_teabag_metal
ba4152503dff988,wc/t7_zm_mob_fence_wire_metal
ba499529d132153,i_mtl_p8_zm_esc_warden_steampunk_02_m
ba49a529d132306,i_mtl_p8_zm_esc_warden_steampunk_02_n
ba49c9c1d6895d0,mc/mtl_p7_zur_nw_fan_vent_set_metal
ba4e3e21508445b,splm/p8_zm_esc_obsidian_rock_puddle_spline_01
ba574bce6ad17fd,menu/date_time
ba57aba9facf280,el/gfx8_liquid_trail_lit
ba57e1ab543ae5a,ww_blundergat_t8_upgraded_zm
ba59b6080f4632d,impacts/fx8_flechette_impact_dirt_base
ba5a44038bff59b,talisman_perk_start_4
ba5a74038bffab4,talisman_perk_start_1
ba5a94038bffe1a,talisman_perk_start_3
ba5aa4038bfffcd,talisman_perk_start_2
ba61ca46883a957,mc/mtl_p7_zm_mob_cell_sink_set_iron_far
ba62675ab75df69,prt_zm_marlton
ba66bfa0c727737,tr_powersemi_t8_upgraded_zm
ba6817222f8e3dc,charm_duck_seraph
ba691611ee1c137,weapondeathfx_ice
ba6bb67119e5454,el/gfx_sam_trail_smoke_em
ba6bddb362745d9,zmarcade/blank
ba6c2f3c3fbb276,mpui/fastreload2
ba6ddf18ed145af,pc_gamepad_reload_behavior
ba6ef87b147da8c,wraith_fire_fire_zm
ba76ea823017633,tr_flechette_t8_bribe_free
ba802389addbe27,heal_speed
ba8414dd079b8b3,mc/mtl_veh_t7_zhd_tanker_truck_chassis01_paint
ba86cc2100d7509,activecamoinfo_t8_kill_counter_party_rock_zm
ba8c23577cfea6f,prc_none
ba99268b95408af,platform/demo_play
ba9fb211c76270e,i_mtl_p8_zm_elixir_icon_crawl_space_c
baa6fd645c39e13,primis_dempsey
bab50b709fc9875,smg_standard_t8_zm
bab771d762ccc4f,mc/mtl_p8_zm_esc_packasplat_engine_base_plastic
bac7ef0091b08b4,fmj_sniper_quickscope
bacb2e15beaee65,scope_elo_smg_standard_restriction
bacb4d078e5c949,menu/triple_double
bad0c81730bafdf,mc/mtl_p8_wz_ep_smoke_bomb_center
bad155e87d93242,maps/zm_escape/fx8_spinning_trap_blood_trail
bad77edd75c1ab5,zm_lab_titanium_treble
bada5168620c5fe,default
bae013e13bec49b,loot_lmg_mark_48_seal_mk2_bribe
baedc9ddf79f0f4,quote_so_much_owed
bafcedd28cf6228,dualoptic_lmg_spray_t8_upgraded_tunables_zm
bb072c3abf4652c,scripts/zm_common/zm_vo.gsc
bb1697d1e3fb0b8,zm_talismanextrafrag
bb17e3a7721f52f,zm_weap_chakram_throw_rumble
bb1a27ef0f27634,gamedata/ddl/generated/dlog_event_mpmatchfacts.ddl
bb1b292ea1f2e2d,attachment_fmj_pistol_standard_restriction
bb273eea68aa4b4,gamedata/ddl/generated/dlog_event_gameplay_options.ddl
bb291b3f124b66e,smg_minigun_t8_bribe
bb2c011d62c43c8,hatchet
bb2d7f789b561eb,eq_gravityslam
bb2e781038f03c7,ei/gfx_debris_confetti_em
bb2fe19d4f795d8,heroes/head
bb335ff3cc12c1a,mc/mtl_p7_mou_paper_stack_set
bb418cffe0ddc90,clutter_gather
bb457fdc0874426,hudmenufields_default
bb4807ff6a9eb2f,scope_mms_ar_accurate_restriction
bb705d78da4f2e0,loot_emote_exotic_shared_heres_to_you_shop
bb71d706099b46b,wc/t7_zm_asc_decal_concrete_leak
bb7a9de67800501,mc/mtl_wpn_t8_loot_pistol_auto_hical_sig
bb87386985ba15f,mpui/optics_caps
bb884d021a3b0d2,gd_c_t8_mp_spe_buffer_superhero_lowerbody1
bb897cd21daa07d,p8_fxanim_zm_esc_magic_box_lock_anim
bb8d088aa5d2df5,hero_annihilator
bb91c1ab28f8ed6,p8_debris_coal_01_small_02_ember_01
bb966d975678152,i_c_t8_bo_zombie_arms_c
bb96bd9756789d1,i_c_t8_bo_zombie_arms_n
bba1d6fd5024f21,hero_flamethrower_t8_lv2_tunables_zm
bba7e068668b381,mc/mtl_p8_zm_zod_luggage_sticker_philadelphia_decal
bbacb823106ce02,vd/t8_decal_blood_streaks_wall_medium_01
bbae3f0d16b426f,mc/mtl_wpn_t8_zm_perk_bottle_foam_deadshot
bbb18632b440d60,mc/mtl_p7_zm_ori_pump_tank_handle_02
bbb1b632b441279,mc/mtl_p7_zm_ori_pump_tank_handle_01
bbb25554d3f7f6b,zm_bgb_undead_man_walking
bbbab41735f6f27,mpui/koth_caps
bbbc23768af23a4,i_wpn_t8_eqp_tripwire_slingshot_parts_m
bbbc43768af270a,i_wpn_t8_eqp_tripwire_slingshot_parts_o
bbbc53768af28bd,i_wpn_t8_eqp_tripwire_slingshot_parts_n
bbbdb9db19c2e0d,ei/gfx_dust_swirl_md_anim_em_pb_i16
bbbee17f9c25947,mc/mtl_p8_zm_zod_bed_captain_sml_pillow_cloth
bbbf7a62ab94d33,zm_mysteryboxlimitmove
bbc433cde3259d7,splm/p8_zm_esc_concrete_slabs_destroyed_02
bbc614afb5c46de,bloom_colorgrade_lut3d
bbcc914ed69aed2,rank/col
bbcca14ed69b085,rank/com
bbcd8ee1c127b55,splm/p8_kit_zod_fir_01_ceiling_panel_01_basic_painted_wood_64w_128d_02_grunge
bbd6c433257c211,pc_order_independent_transparency
bbd79d32217ed14,em/barred
bbe05066ff4e648,mc/mtl_wpn_t8_zm_perk_bottle_foam_winterswail
bbe702990a5ee7c,lui_loader_bottom_right
bbe8e3732725447,i_mtl_attach_t8_smg_accurate_handguard_02_attach_r
bbe9015dd7af428,p8_fxanim_zm_esc_door_debris_buy_office_up_anim
bbea6fe8e8bc7d1,vd/t8_decal_blood_splatter_floor_01_wet
bbfbcce3746f587,p8_kit_zt8_exd_05_trim_05_corner_inside_painted_metal_32_01
bbfc7589e793686,equipment_grapple_restriction
bc0434e1d90d189,mc/mtl_p8_zm_esc_cell_bridge_set_decal_rust
bc0ef9a18e7b5ef,grenade_explosion_sticky_zm
bc0ffd9adecee4a,scope_reflex_ar_fastfire_restriction
bc11d11715f8912,loot_pistol_fullauto_mk2_bribe
bc153ee98d24c01,seal_female
bc1fda3602a81b6,loot_season_2_postseason
bc244262d99ff9a,zblueprint_office_punch_cards
bc2b70ac130a380,wc/t7_steel_cable_01_dark
bc2e142aa23a8f3,scope_ir_ar_accurate_restriction
bc30f86de9c9539,defender_dom_hvo
bc322ab604ae042,weapon_hero_molotov_fire_3p
bc38074b90ba008,weapon/fx8_muz_lg_mb_gas_flash_3p
bc3f4a7276df33a,mc/mtl_attach_t8_optic_thermal_scope_inside
bc44c34d1e86e86,zmui/standard
bc470bf66ba3c46,demo_togglegamehud
bc4974cc81b4a0b,wc/t8_zm_esc_rocky_dirt_01_blend
bc5c5b2669f867b,p8_zm_esc_citadel_window_01
bc5c6b2669f882e,p8_zm_esc_citadel_window_02
bc5eb84721e1f39,activecamoinfo_t8_headshot_alt_wz
bc5fcd1af1f12e8,events_radiation_field_objective_kill
bc616437d7d6e7a,zmweapon/sniper_damagesemi_t8_upgraded
bc61b0d697c1fdf,attachment_clantag_ar_accurate_restriction
bc6313ae1642cf6,wc/t8_metal_wall_corrugated_hor
bc69bf3582b8e28,i_attach_t8_smg_capacity_screen_sig_02_c
bc6cb14ed7206bd,rank/cpl
bc6e094aa6a8436,i_mtl_p8_foliage_elm_tree_test_twig_02_n
bc6e994aa6a9381,i_mtl_p8_foliage_elm_tree_test_twig_02_g
bc6ed94aa6a9a4d,i_mtl_p8_foliage_elm_tree_test_twig_02_c
bc76c5134f36689,impacts/fx8_bul_impact_raven_body_nonfatal_exit
bc87551e2acc325,activecamoinfo_t8_sig_ar_accurate_postapocalyptic_wz
bc88f6d60e586f4,outfit_zombie_epic1_firebreak_bundle_shop
bc96643a17d2c14,gd_c_t8_mp_spe_prophet_superhero_lowerbody1
bca20e292f83e93,wc/t7_dlc1_wood_trim_moulding_01_white
bca2c797ae09fa5,mcs/mtl_p8_kit_zod_din_05_decal_grunge
bca3fe3b5102141,mc/mtl_p8_zm_light_ceiling_fancy_01_string
bca9149a439347e,outfit_demonology_legendary1_seraph_shop
bcaae6e7facdbb9,mc/mtl_wpn_t8_zm_perk_bottle_foam_dyingwish
bcac088311e46b2,menu/parachute
bcaf73052355a5a,splm/p8_chain_set_32_small_rust_01
bcb8739fdb0870b,menu/x_minutes
bcbce821c3079cc,ei/gfx_fol_flower_petal_single_lit|dup
bcc0c006e6509f9,maps/zm_escape/fx8_pap_lightning_near
bcc616902df2864,mc/mtl_p7_zm_isl_gate_machine_decal_10
bcc626902df2a17,mc/mtl_p7_zm_isl_gate_machine_decal_11
bcc6fd6d8a4667c,mc/mtl_p7_aqu_chainlink_fence_kit_01
bcc8ce21403df1b,ei/gfx_fire_candle_sm_1_anim_em_pb_i16|dup
bcca94d31c5aa07,season5_triple_play_01
bccaa4d31c5abba,season5_triple_play_02
bccab4d31c5ad6d,season5_triple_play_03
bccf3cdd5a1960a,mc/mtl_p8_zm_zod_bench_boat_deck_wood_decal
bcd5d91c18ff483,wc/t8_decal_grunge_stain_01_grey
bcd833fcf00e143,mc/mtl_wpn_t8_zm_broadside_cannon_front_barrel
bcd8f05331b63d3,mcs/t7_decal_coffee_stain_01
bcd9aec3f8cfebe,aar/win
bce061cf2bc9f98,hero_hammer_lv3
bce071cf2bca14b,hero_hammer_lv2
bce071e9b7c5767,pc_show_team_chat
bce081cf2bca2fe,hero_hammer_lv1
bce0eb16be78d77,splm/t8_zm_esc_roof_shingles_asphalt_01
bce221d560cd5f5,gamedata/ddl/generated/mp_custom_game.ddl
bce59f6f06c0ce7,vd/t7_zm_gen_decal_damage_plaster_damage_02_blend
bce720c132d3ffb,smg_thompson_t8_tunables_zm
bcebdf1bef33311,prt_zm_richtofen_ofc
bcfde6902e232a2,mc/mtl_p7_zm_isl_gate_machine_decal_09
bcfdf6902e23455,mc/mtl_p7_zm_isl_gate_machine_decal_08
bcfe06902e23608,mc/mtl_p7_zm_isl_gate_machine_decal_07
bcfe16902e237bb,mc/mtl_p7_zm_isl_gate_machine_decal_06
bcfe26902e2396e,mc/mtl_p7_zm_isl_gate_machine_decal_05
bcfe36902e23b21,mc/mtl_p7_zm_isl_gate_machine_decal_04
bcfe46902e23cd4,mc/mtl_p7_zm_isl_gate_machine_decal_03
bcfe56902e23e87,mc/mtl_p7_zm_isl_gate_machine_decal_02
bcfe66902e2403a,mc/mtl_p7_zm_isl_gate_machine_decal_01
bcff71096bfcfd6,scripts/core_common/character_customization.csc
bd07c1240c58ddc,mc/mtl_p7_zm_isl_pipe_hp_12_straight_rust
bd0cf30892c5af9,medal_koth_secure
bd15727ba5803e7,reflex_pistol
bd16eed971b8526,zm_elixirtalkinboutregeneration
bd1ebec92dd996b,ar_an94_t8_bribe
bd208bd1093013d,outfit_demonology_legendary1_outrider_shop
bd26a4c68fe72fd,outfit_tigerstripe_base_pal_com6_ajax_shop
bd2da9b4ba1f3fe,nomad_end_game_scene
bd3236385830784,pc_display_vram
bd352536cb4d4e0,mcs/t7_metal_black_rusty
bd3b433d869ab91,menu/inventory
bd3d1484d354ea8,quote_in_peace_wise_man_prepares_for_war
bd3e4389152b174,reaperfoley_crouch_walk_npc
bd4276ce297aaca,mc/mtl_p8_usa_vista_crane_control_geo
bd42ea0a4b4e2ae,zm_allowstartingweapon
bd4c9b0fb97f425,wz/fx8_zm_box_marker_rainbow
bd4cb158cb2eae1,glass_chunk
bd50667442000fb,outfit_dotd_com1_bundle_battery_shop
bd54f0aa018c19b,ei/gfx8_smk_sm_thick_spray_anim_lit|dup
bd5525bca7d9ce8,impacts/fx8_bul_impact_wz_dirt_base
bd593b03dbe4709,talisman_extra_miniturret
bd60334e059462f,i_mtl_p8_wz_ep_pogo_stick_n
bd60434e05947e2,i_mtl_p8_wz_ep_pogo_stick_m
bd60634e0594b48,i_mtl_p8_wz_ep_pogo_stick_c
bd60a34e0595214,i_mtl_p8_wz_ep_pogo_stick_g
bd6935304dba961,p8_kit_zt8_exd_05_trim_05_corner_inside_left_diagonal_painted_metal_32_01
bd7e71b9295f65d,impacts/fx8_bul_impact_wz_water_sm
bd7f6a49dd913d1,menu/prone_hint
bd811dafd012e6e,activecamoinfo_t8_smg_standard
bd837c76f703de2,entity_impact_crossbow
bd9232f53f54788,impacts/fx8_bul_impact_soul_corpse_nonfatal_uw
bd97e2bd8fa9c5b,bot_tacstate_easy_mp_ct
bd994daaf35e844,adsreload_wz
bda2bbe4b582510,cin_zm_dlc1_zombie_undercroft_spawn_3
bda2cbe4b5826c3,cin_zm_dlc1_zombie_undercroft_spawn_2
bda2dbe4b582876,cin_zm_dlc1_zombie_undercroft_spawn_1
bdb0e237db87bad,codcaster_qs_player_card
bdb46f62ca94dc7,impacts/fx8_bul_impact_metal_uw_xlg
bdb644a8c1bd647,charm_skateboard
bdbc819ff28155c,impacts/fx8_bul_impact_snow_xtreme
bdc10b1a6370628,gd_c_t8_mp_spe_hacker_apocalypse_arms1
bdc5fe104714f1d,spawn_health_boost_time
bdcd5292604f434,groups/lb
bdce8ff08474d57,zm_weap_scepter_planted_idle_rumble
bdd23d733f1a80c,ui_cam_cac_equip_smoke
bdd24d84e131c74,mc/mtl_wpn_tr_powersemi_fore_front_sig_02
bddad038d809acd,weapon/sniper_quickscope_t8_operator
bde0439d1eb051d,grenade_pineapple_bounce
bde08eb56e3ed86,c_t8_zmb_mob_zombie2_gib_def
bde8645053696e1,ei/gfx8_liquid_drop_em
bdea53fb13a318c,mc/mtl_p8_zm_off_warroom_globe_metal
bdeb35fa3f7b3a3,mc/mtl_p7_rus_canister_industrial_metal_02_black
bdf4ced2791c333,mcs/mtl_p8_zm_esc_warden_curtain_valance_01
bdf8c130bae4c48,p8_zm_zod_crafting_table_notes_alchemy_sheet_02
bdf8d130bae4dfb,p8_zm_zod_crafting_table_notes_alchemy_sheet_03
bdf8f130bae5161,p8_zm_zod_crafting_table_notes_alchemy_sheet_01
be019e561faa990,pc_vehicle_flyup
be0a7903ff3760c,i_mtl_p8_wz_ep_grill_barbecue_patty_n
be0a8903ff377bf,i_mtl_p8_wz_ep_grill_barbecue_patty_o
be0ac903ff37e8b,i_mtl_p8_wz_ep_grill_barbecue_patty_c
be0b0903ff38557,i_mtl_p8_wz_ep_grill_barbecue_patty_g
be0cfbbfa4d8460,mcs/mtl_p8_zm_zod_lifeboat_tarp_decal_01
be0d2bbfa4d8979,mcs/mtl_p8_zm_zod_lifeboat_tarp_decal_02
be0e504c7e104e8,heroes/replacer
be0f22dfdde3797,feature_custom_class_6
be0f32dfdde394a,feature_custom_class_5
be0f42dfdde3afd,feature_custom_class_4
be17d4f8a0bfd90,mcs/mtl_p8_zm_esc_warden_organs_spider
be1d177301443c7,splm/p8_zm_esc_warden_stairs_01
be23f482b82219f,beta_reward
be272f7c9713bf1,mcp/hud_outline_model_scriptint
be27ca24cbb2f44,outfit_snake_legendary1_outrider_sunset_bundle_shop
be2ce9e3f00da8b,boast_champagne
be317004b4a8ccd,mc/mtl_p7_rus_insulator_electrical_snow_metal_conductor
be32ffe3d0ccc25,attachment_fastreload_ar_stealth_restriction
be41757808cfbd8,pb_melee_alt_male_draft_preready_2
be41857808cfd8b,pb_melee_alt_male_draft_preready_3
be41a57808d00f1,pb_melee_alt_male_draft_preready_1
be41d57808d060a,pb_melee_alt_male_draft_preready_4
be41e57808d07bd,pb_melee_alt_male_draft_preready_5
be4551d43a5e8c0,gadget_icepick
be4b4a0684421c3,smg_drum_pistol_t8_upgraded_zm
be5632571232e10,attachment_fmj_tr_powersemi_restriction
be5853fe57d01b0,surface_enter_bullet_xlarge
be697221a616605,pc_vehicle_flydown
be6e734c31ae757,uie_triangle_normal
be738527a4213aa,gear_armor_mp
be739289734aea6,mc/mtl_p7_rus_barbed_wire_nosnow_metal
be78f647fd5f3cf,surface_explosion_grenade_sticky_zm
be7c12a24a2bc77,zm_elixirjointheparty
be7c1bbfe9f5d86,zombie/fasttravel_delay
be7c9b0bebc8c35,default.ai_bt
be8782278e2325b,camo_active_dlc4_brains_wrapper_shop
be8ff9deb44daaa,ei/gfx_bio_raven_bottom_anim_lit_nocull|dup
be92c61141b351e,extbarrel_smg
be93d1084cf6963,outrider_apocalypse_outfit_bundle_shop
be97586e411fe43,mc/mtl_veh_t7_zhd_tanker_truck_chassis01_plastic
be9cafe32466b87,vd/t8_decal_grunge_rust_stain_drain
bea89d3c386ceba,smg_fastfire_t8_zm
bea981da7d1def9,activecamoinfo_t8_direct_action_kills
beaadff8b54bbe6,ei/gfx_exp_alpha_anim_em_pb_i16_desat|dup
beae084723d28c5,activecamoinfo_t8_headshot_alt_zm
beae0b0bebee921,default.ai_am
beb425cd6f858a2,zm_bgb_now_you_see_me
beb6af448570f7b,attachment_grip2_smg_accurate_restriction
beba0d40d750e10,prt_wz_soldier_hardened_male
bebea50ae6651cc,i_mtl_attach_t8_loot_smg_burst_ext_barrel_sig_o
bebeb50ae66537f,i_mtl_attach_t8_loot_smg_burst_ext_barrel_sig_n
bebee50ae665898,i_mtl_attach_t8_loot_smg_burst_ext_barrel_sig_c
bebf250ae665f64,i_mtl_attach_t8_loot_smg_burst_ext_barrel_sig_g
bebfe50ae6673c8,i_mtl_attach_t8_loot_smg_burst_ext_barrel_sig_s
bec1ef70b0d74c9,pb_emote_exotic_shared_male_heres_to_you
bec3880a09558f5,mc/mtl_p8_zm_esc_cell_doorframe_decal
bec4de90f9265d7,reaperfoleyloud_walk_npc
bec687cf5a685ec,default_store
bec88af671785a7,quote_untutored_courage
bedc13a6fa34084,menu/headshotsonly
bede353004ec3f0,wc/t8_decal_grunge_dirt_01_dark
bee423609583a01,menu/look_down
bee56b3631e2e47,zombie_perk_totem_deadshot_zm
bee75ca883e9571,events_battle_command_job_support
beea594bba6db22,mc/mtl_attach_t8_loot_ar_an94_fastmag_01
bef3ddfe27b05a6,mc/mtl_veh_t7_zhd_tanker_truck_interior01_metal
bf020e4376cc701,wc/t7_metal_edge_wear_03
bf083dea23b5000,quote_war_is_as_much_a_punishment
bf0970f2309de83,shotgun_semiauto_t8_upgraded_zm
bf0be0d501e8181,ei/gfx8_fog_slow_md_anim_lit_full_lite
bf1340767b7d7d7,i_mtl_p8_zm_esc_packasplat_engine_base_red_small_m
bf1350767b7d98a,i_mtl_p8_zm_esc_packasplat_engine_base_red_small_n
bf1a06a7dc71194,p8_zm_esc_sign_reg_dining_room
bf2415da78f66e4,wc/t8_zm_esc_wood_burnt_01_blend
bf2655f602ab22e,weapon/smg_folding_t8
bf322122f1f6333,mc/mtl_c_zom_player_reporter_arm
bf3b9c67ce428b6,mc/t8_zm_zod_metal_diamond_plate_01
bf3c7559734c238,mc/mtl_p7_zm_kin_cart_av_decal_02
bf3c8559734c3eb,mc/mtl_p7_zm_kin_cart_av_decal_03
bf3ca559734c751,mc/mtl_p7_zm_kin_cart_av_decal_01
bf3cb559734c904,mc/mtl_p7_zm_kin_cart_av_decal_06
bf3cc4c4a3c5da5,mc/mtl_p7_wes_fireplace_vintage_wood_horizontal
bf3cd559734cc6a,mc/mtl_p7_zm_kin_cart_av_decal_04
bf3ce559734ce1d,mc/mtl_p7_zm_kin_cart_av_decal_05
bf3cf0a4e11fce4,p8_wz_ep_cone_ice_cream
bf3f41362f6c376,allow_announcer
bf405e8371c3b42,activecamoinfo_t8_fast_direct_action_kills_treasure
bf437dd2e981df1,smartcover/name
bf49bda02e959df,mc/mtl_wpn_t8_ar_stealth_sig_01_rail_base
bf4af6f095a856e,events_molotov_cocktail_exploded
bf4dd6dcf1d24f3,smg_standard_t8
bf5245c962126e0,attachment_extclip_shotgun_semiauto_restriction
bf5814117a709ad,vd/t7_decal_blood_footprints
bf59a7c840803a7,mc/mtl_attach_t8_loot_lmg_mk48_fmj_bottom_alt
bf5a2219b1a65d2,tr_longburst_t8_upgraded
bf5da28247c5735,impacts/fx8_flechette_impact_gravel
bf5f60f14a9b6f1,fire/fx8_fire_oil_xsm
bf63236f0052c8d,mc/mtl_p8_zm_zod_turbine_after_end_lower_metal
bf66574537d523c,i_veh_t8_zmb_1931_truck_fenders_m
bf66774537d55a2,i_veh_t8_zmb_1931_truck_fenders_o
bf66874537d5755,i_veh_t8_zmb_1931_truck_fenders_n
bf6721bd58a7d79,pb_emote_exotic_shared_fem_heartattack_alt
bf6b409e217499d,buildable_piece_tunables_zm
bf71d0292380790,i_t8_zm_esc_plaster_wallpaper_vintage_pattern_01_c
bf740c65c8462d6,medal_gungame_regicide
bf7594b6c3dadc7,weapon/hero_pineapplegun
bf765f3ba27bdce,activecamoinfo_t8_fast_direct_action_kills_spinal
bf7f51cc2ae076d,zm_perksstaminup
bf91b2fdb381432,gd_c_t8_mp_spe_spectre_superhero_lowerbody1
bf98940f7f797d5,mc/mtl_p8_zm_esc_plate_decal
bf9c31b22b89b01,loadout_killstreaks_enabled
bfa689e2a004403,smaa_pass2v_compute
bfb4bd11ccc9de7,mc/mtl_p7_zm_ctl_phone_military_vintage_cord_rubber_01
bfb7ab236b964ee,mp/overtime
bfb7ede495a1a0b,mcs/mtl_p8_zm_gla_nor_cauldron_large_01_metal
bfb90f24327ff18,flag_capture_condition
bfc26527a54511e,gear_armor_wz
bfc3bb1204e24f1,vd/t8_decal_blood_streaks_wall_heavy_01|dup
bfc6bbe6583895a,quote_generally_inadvisable_eject
bfcb98b5b71b94a,mc/mtl_p7_pallet_wood_splinters_nocul_dark
bfd1738a8c06715,mc/mtl_p7_zm_isl_light_wall_vintage_decal_01
bfd5685b0999b5f,entity_exit
bfe9b37cbe7d85c,gamedata/ddl/generated/dlog_event_realtime_notify.ddl
bfed5292621da9a,groups/rb
bfedef94b748038,ei/gfx8_dust_mote_em_pb_i16|dup
bfee6761dd2c39d,pb_action_figure_male_draft_select_to_preready_3
bff3ae00a9bd1dd,mc/c_t8_mp_spe_seraph_superhero_cyberarm
bff47d784b8813f,wraith_fire_fire_tunables_zm
bff59245c345d80,mp/connected
bffae2dfb25db0e,weapondeathfx_stuffing
bffc11725997ba3,i_mtl_p8_zm_esc_nixie_tubes_emissive_e
c001bf3f57166e8,mc/mtl_p8_spa_beer_bottle_label_lobenzo
c004eb571edf93d,scripts/core_common/animation_shared.gsc
c00dbf48ba85c81,ui/fx8_theater_camera_head
c00e43a2aa46cc4,menu/main_menu
c01013be2691f1b,menu/slayer_desc
c0161e10c2e797d,mc/mtl_p8_zm_esc_cell_door_set_metal_01
c01b634e9ce264c,mp/defusing_explosive
c020ed87d111445,mc/mtl_c_t8_bo_soldier_hardened_goggles_lens
c02ad73d5ee1671,impacts/fx8_bul_impact_money_limb_fatal
c02c28ba8964798,gamedata/ddl/generated/dlog_event_gunsmith.ddl
c02d923cacf6be6,mpui/desc_austria
c0306208c2daf33,mcs/mtl_p8_zm_esc_warden_clock_plastic
c030eb6372f6031,loot_ui_icon_tags_muertos_prophet
c0342d841b60824,menu/triple_kill
c0369e4c2690c22,zm_weapons/fx8_raygun2_impact_flesh
c03b5fa3d59721a,loot_ui_icon_tags_poster_nomad
c03bf600f0c1f11,codcaster_ds_overhead_name_enemies
c03ef1ddfcc63a9,ei/gfx_dust_spike_md_anim_em_full_dark
c04040c53f90d21,mcs/mtl_p8_zm_zod_clock_mantel_minute_wood
c0495371d490971,outfit_dotd_com1_bundle_firebreak_shop
c04b62047703a60,impacts/fx8_bul_impact_blood_head_fatal_exit
c0538ac45d4e40e,warzone_hide_kills
c05a67703cb5449,golden_knife_flourish_zm
c05d45353b37355,i_veh_t8_mil_remote_missile_n
c05d75353b3786e,i_veh_t8_mil_remote_missile_c
c05d9f44f931b31,mc/mtl_p8_zm_esc_bldg_64_catwalk_decal
c068fc97df560a5,mc/mtl_p8_wz_ep_hockey_puck_rubber
c06dd00b3c896c9,i_mtl_p8_zm_esc_perk_vending_soda_text_01_n
c06e800b3c8a97a,i_mtl_p8_zm_esc_perk_vending_soda_text_01_c
c07931afc225de1,i_mtl_p8_zm_esc_perk_vending_cola_decal_04_c
c07b1d45be8be07,activecamoinfo_t8_headshot
c07bcd8f736767f,camo_dlc1_cherryblossom
c07be97e901473f,rob_zm_prop_fade
c083e0d6254a3b5,wc/t8_zm_esc_roof_tar_01
c084a06f33844b0,mpui/hckoth
c087b1da969cb7b,gamedata/tables/zm/scoreinfo/zm_scoreinfo_base.csv
c090196dd6ead2e,scripts/zm_common/zm_player.gsc
c0932fa55ee6e5b,prt_zm_brigadier
c098d8cc4fabe6a,maps/zm_escape/fx8_ghoul_head
c09d814252d9522,aib_vign_zm_mob_pap_ghosts_remove_b64
c09e1d93dc7a3f1,strategic_commander.ai_htn
c0a26f237b9fbc0,ui_cam_icon_ar_cqb
c0a77b42a315351,menu/mk2_desc
c0a820cd357a24b,events_artillery_barrage_kill
c0ae38190efde72,attachment_damage_launcher_standard_restriction
c0b3c004439319c,i_mtl_p8_zm_esc_cell_bed_metal_01_m
c0b45cde1f34bef,dlog_event_store_item_browse
c0b7341753cac21,talent_looter
c0b902f8f64ce82,i_mtl_p8_zm_zod_cylinder_support_column_mid_decal_c
c0b952f8f64d701,i_mtl_p8_zm_zod_cylinder_support_column_mid_decal_n
c0ba22e2c4ae4f5,mc/mtl_p8_zm_esc_fence_decal_scratch
c0c24b01477cd5c,mc/mtl_p8_zm_zod_food_dinner_salmon_messy_soupy
c0d17bad169557b,none
c0dc72f26cf9dda,fxaa_hemi_aa_pass2h_compute
c0e2b79008c2cd5,mc/mtl_p8_wz_ep_grill_barbecue_charcoal
c0e36cbf3c27221,i_mtl_p8_zm_crafting_table_03_o
c0e68eea0a7d284,maps/zm_escape/fx8_magicbox_leave_smoke
c0ee3fa7953bfd3,wc/t8_zm_esc_plaster_wallpaper_vintage_pattern_01
c0f19cf43c062c1,loot_emote_wetwork_parrot_on_arm_shop
c0f3991811ae5f9,wc/t7_metal_paint_worn_tan
c0feac88eace140,mc/mtl_p8_zm_deadshot_perk_totem_stone_01
c0fedc88eace659,mc/mtl_p8_zm_deadshot_perk_totem_stone_02
c112b733be17beb,pc_raisestance
c11b7ab14b273e7,loot_contract_zero_cyberpunk
c11e17fde4489cf,weapon/pistol_revolver_t8_operator
c12523545cc88fa,mcs/mtl_p7_fxanim_gp_streamer_orange_01_s3
c1262984183deab,menu/join_result_network_mode_mismatch
c12acb064553686,activecamoinfo_t8_pistol_standard
c12ee2e1c56cc8a,mc/mtl_p7_spl_crown_toy_crystal_blue_01
c13641fd37219dc,zm_lab_tungsten_tripler
c13d4fb2bd21888,p8_wz_ep_puzzle_structural
c14136e4eb029bb,glass_break
c14590ea013ba6e,mod_drown
c1529b435e47e32,mc/mtl_p8_zm_esc_generator_lrg_painted_steel_unique
c15abb1acaf7449,pc_sound_scale_when_speaking_enable
c15c09ddbbf595a,menu/progress_unlocks
c167ca7057a8439,team_data
c168aecf8c96372,zmb_ghoul_vanish
c16dd6266273f82,deferred_permute_draw
c17450187170188,keyarrowup
c17dca11821b66d,quartermaster_sd_hvo
c185fba76aeb211,beam8_zm_shield_key_ray
c1865d684b9baa6,ei/gfx_dust_heli_swirl_anim_em_pb_i16
c186711af05bf7b,emotes/baller
c18993531d848fa,loot_emote_exotic_shared_scissors_shop
c18e6c5f432156b,camo_active_sig_smg_fastburst_diy_base_bribe
c198060b9cf5e59,zombie_perk_bottle_cherry_zm
c19c838a0313862,gsol_zm_power
c19f8bf2dce682a,outfit_global_warpaint_bundle_rorschach
c1a06f139edcb78,smg_handling_t8_tunables_zm
c1a5eebc2e629d8,wc/t8_zm_zod_wood_deck_01
c1a6c1805be9491,mc/mtl_wpn_t8_sig_bow_unique_middle
c1a7eec57f8b8fa,zm_ai/fx8_blightfather_maggot_death_exp
c1a8b9514e01f25,menu/tag
c1aeabe54b52302,splm/p8_kit_zt8_exd_05_railing_03_basic_painted_metal_32_01
c1c3a0f9acd0259,scene_frontend_hub_t8_mp_swatpolice
c1c4688d7dfbc93,i_mtl_p8_zm_esc_cypher_01_c
c1c89c4dd09c6db,loot_emote_exotic_shared_heres_to_you
c1cf4dde1ca088c,aib_vign_zm_mob_spoon_ghost_stab
c1dae2104a33a3a,gd_c_t8_mp_spe_hacker_pirate_arms1
c1e5259c16b99e5,allow_play_of_the_match
c1e66303704fb2a,i_mtl_wpn_t8_smg_fastfire_barrel_sig_02_s
c1e6a30370501f6,i_mtl_wpn_t8_smg_fastfire_barrel_sig_02_o
c1e6b30370503a9,i_mtl_wpn_t8_smg_fastfire_barrel_sig_02_n
c1e723037050f8e,i_mtl_wpn_t8_smg_fastfire_barrel_sig_02_g
c1e76303705165a,i_mtl_wpn_t8_smg_fastfire_barrel_sig_02_c
c1f8d601934d9e8,mc/mtl_wpn_t8_smg_fastfire_barrel_sig_01
c1f90601934df01,mc/mtl_wpn_t8_smg_fastfire_barrel_sig_02
c1ff1ad76b46da2,melee_coinbag_t8
c204d36f73bd362,equipment_sensordart_restriction
c20639443c67dca,zombie/survived_rounds
c206677e7f885e6,ei/gfx_dust_burst_md_anim_lit|dup
c20973a47ce29bb,attachment_stalker_ar_fastfire_restriction
c20ddc0d1d0d574,wc/t7_decal_blood_spray_01
c210f2b7812e9bb,gear_scorestreakcharge_mp
c211255321c90ec,i_mtl_p8_zm_zod_turbine_pipe_fastener_metal_n
c212964b40fa826,ui_normal_rtt
c21959514e64ed1,menu/tcm
c21de2c27119066,dualoptic_sniper_damagesemi_t8_tunables_mp
c221b51e4063e3d,uie_crop_add
c2258302f17f8f4,splm/p8_cables_electrical_single_64
c22eba817696623,equipment_supplypod_restriction
c22f429163a57a8,smg_accurate_t8_upgraded_tunables_zm
c2311cc57288aad,mpui/humiliated
c235598232e698d,wc/t7_metal_grunge_med_01
c23f5a5240ece35,scripts/zm_common/zm_pack_a_punch.gsc
c241bf139f643ac,smg_handling_t8_tunables_wz
c241c17dd620cff,menu/hidden
c249c368451d708,menu/completed
c24b0aad84551f4,impacts/fx8_bul_impact_fireworks_corpse_nonfatal
c24de507b54bd4f,zombie/fx8_wallbuy_reveal
c258636dc6383e7,menu/multiplayer_desc
c25b4d69f587ac5,gd_c_t8_mp_spe_outrider_lowerbody1_cst
c25e5099db7ac28,mpui/solo
c262ac058202d38,weapon/mini_turret
c2658ee919b03b2,hero_hammer_lv1_zm
c269d8ae07bdb95,splm/mtl_p8_wep_ceiling_structure_set_weld
c26e0c3abff44d6,paragon_mp_t6_10
c26e1c3abff4689,paragon_mp_t6_11
c270ec8e08a79d0,ar_stealth_t8_tunables_mp
c271564a8bc3a13,i_mtl_p7_wes_fireplace_vintage_metal_m
c271664a8bc3bc6,i_mtl_p7_wes_fireplace_vintage_metal_n
c272329a3281fb1,dualoptic_lmg_spray_t8_tunables_zm
c272eda8e05a215,wc/t8_glass_rain_wet
c2790a7f954085d,pc_category_mouse
c27eaf84d7fd678,p8_fxanim_zm_office_code_mech_03
c27ebf84d7fd82b,p8_fxanim_zm_office_code_mech_02
c27ecf84d7fd9de,p8_fxanim_zm_office_code_mech_01
c27eff84d7fdef7,p8_fxanim_zm_office_code_mech_06
c27f0f84d7fe0aa,p8_fxanim_zm_office_code_mech_05
c27f1f84d7fe25d,p8_fxanim_zm_office_code_mech_04
c284adb91e2af90,pb_melee_male_draft_readyup_2
c284bdb91e2b143,pb_melee_male_draft_readyup_3
c284ddb91e2b4a9,pb_melee_male_draft_readyup_1
c2850db91e2b9c2,pb_melee_male_draft_readyup_4
c2851db91e2bb75,pb_melee_male_draft_readyup_5
c286f1cf09cce7f,reflex
c287206e6dd7b85,pc_expander_scoreboard
c288437d0f25941,weapon/sniper_locus_t8
c28acd9240eb9f0,charm_monty_bar
c28c2f493e1cbde,events_killstreak_15
c28c7f493e1d45d,events_killstreak_10
c29cfdda408a8e5,key/lshift
c2a2bda750a7930,pb_action_figure_fem_draft_preready_2
c2a2cda750a7ae3,pb_action_figure_fem_draft_preready_3
c2a2eda750a7e49,pb_action_figure_fem_draft_preready_1
c2a31da750a8362,pb_action_figure_fem_draft_preready_4
c2a32da750a8515,pb_action_figure_fem_draft_preready_5
c2a461145f05b0a,operator_dragonbreath_restriction
c2a61c3ac0255e0,paragon_mp_t6_05
c2a620242d1636a,pistol_revolver_t8_upgraded
c2a62c3ac025793,paragon_mp_t6_04
c2a63c3ac025946,paragon_mp_t6_07
c2a64c3ac025af9,paragon_mp_t6_06
c2a65c3ac025cac,paragon_mp_t6_01
c2a67c3ac026012,paragon_mp_t6_03
c2a68c3ac0261c5,paragon_mp_t6_02
c2a6dc3ac026a44,paragon_mp_t6_09
c2a6ec3ac026bf7,paragon_mp_t6_08
c2a72258167c6fb,mc/mtl_c_zom_player_engineer_body
c2bca301f3b3a37,ei/gfx8_smk_tendrils_varied_em_pb_i16|dup
c2c1c25936f768c,scope_elo_smg_capacity_restriction
c2c2df493e4b786,events_killstreak_20
c2c32f493e4c005,events_killstreak_25
c2cc608b528e640,splm/bullet_collision_flesh
c2d17d2f2c857e1,ar_galil_t8
c2d31e47159de2f,impacts/fx8_bul_impact_blood_head_fatal
c2d4f71bbe0140b,mc/mtl_wpn_tac_rifle_mid_burst_mainbody_decal_01
c2d5171bbe01771,mc/mtl_wpn_tac_rifle_mid_burst_mainbody_decal_03
c2d70c848b95965,p8_zm_off_flag_standing_cia
c2da6de58f6f59d,events_automated_turret_fire
c2dcd41998f5070,codcaster/ls_equipment
c2e1263b87c1180,vd/t7_decal_damage_concrete_ground_02
c2e42b8675f4b01,reznov
c2e713fbadc41b0,mc/mtl_wpn_tac_rifle_mid_burst_frontend
c2e84dccf5faaa6,default_laser
c2e92c54c2be289,menu/cancel
c2ea171dd31167e,p8_zm_esc_fast_travel_beam_walkway
c2f2e09e5e76829,medal/koth_secure
c2f4d31b7682613,smg_accurate_t8_operator
c2fb3f493e7d10f,events_killstreak_30
c2febac72b43674,zombie/fx8_perk_altar_symbol_ambient_electric_cherry
c306287a90485e0,pb_melee_alt_male_draft_transition_3
c306387a9048793,pb_melee_alt_male_draft_transition_2
c306487a9048946,pb_melee_alt_male_draft_transition_1
c306887a9049012,pb_melee_alt_male_draft_transition_5
c306987a90491c5,pb_melee_alt_male_draft_transition_4
c316cd3c3c2a016,smg_fastfire_t8_mp
c319589c9c3f136,contract/play_prop_hunt
c31a70d35cadc53,zm_weapar
c32030c5af1b449,mc/mtl_p8_zm_esc_book_zombie_leather
c322cf71af276bb,heroes/legs
c32870ed96e47b5,medal_killed_dog
c32f659bc592e28,menu/solo
c33237da9b774d0,i_mtl_p8_zm_zod_luggage_sticker_philadelphia_decal_c
c334abf2a3dc7e8,zmweapon/smg_standard_t8_upgraded
c337fcd732facce,medal_clean_multi_deny_tacos
c33af4f92ecd319,talent/stimulant
c33e608c9200e2d,zm_elixiralwaysdoneswiftly
c3405073d0362f9,ei/gfx8_liquid_radial_em_pb_i16
c3419d34930bcf8,attachment_damage2_lmg_heavy_restriction
c344d6893682627,architect_koth_hvo
c3471fff8b0d372,smg_fastburst_t8_zm
c348bc12fa64256,ei/gfx_steam_anim_lit
c3505d011a057bd,scope_reflex_smg_handling_restriction
c3541d637690d46,bottle_glass
c3550301fc75b8c,mpui/damage2_desc
c35f3d24ea46e5d,bowie_knife_zm
c362258ff800237,scripts/zm_common/zm_trial.csc
c3642761f857463,pc_expander_scoreboard_zm
c36ddd425476a32,zm_inventory_towers
c371ccac251202f,flamethrower
c37ad7c745bfe55,ei/gfx8_smk_sm_thick_bulb_anim_em_pb_i16
c3909f13a088120,smg_handling_t8_tunables_mp
c396fed306f0975,fmj_sniper_locus
c397582f494cf23,zm_lab_rhodium_roundup
c399ebf994e29b0,mcs/mtl_p7_zm_zod_dock_crane_metal
c39afaa7b8d508c,talisman_extra_frag
c3a01d39911bd4e,vd/t8_decal_blood_streaks_floor_heavy_01
c3a15391e42d9cf,camo_active_sig_ar_standard_adventure_base_bribe_free
c3a3e4280601b7b,i_mtl_p8_zm_esc_desk_small_metal_m
c3a3f4280601d2e,i_mtl_p8_zm_esc_desk_small_metal_n
c3a69777b793350,smg_minigun_t8_tunables_mp
c3a787794fe2046,scope_reflex_smg_fastfire_restriction
c3a87eb2565e41e,mc/t8_decal_grunge_rust_drip_01_blend
c3ab3eb0342d36c,mc/t7_zm_isl_decal_damage_crack_line
c3b0bfc9b3cd12d,impacts/fx8_bul_impact_fireworks_limb_nonfatal_exit
c3b37e1188f0f07,mini_turret_plant
c3be4d6d4934447,launcher_standard_t8_upgraded_zm
c3be6c5900ec44a,ei/gfx_water_splash_radial_anim_em_pb_i16_nocull
c3bf981dbeb9c8e,events_concertina_wire_headshot
c3c8209a8491087,wc/t7_zm_kin_decal_stain_drain
c3c9dd6ccf79bf2,quote_never_never_never_give_up
c3cbc40d885ac46,wc/mtl_p8_kit_col_row_03_railing_01_wood_white02
c3d3e9bbab990da,zm_loadouts_online
c3d8cb8de919ca8,demohammer
c3e1e1055c12175,zm_showtimer
c3e38ba79e9dccb,mc/mtl_p8_zm_zod_toy_monkey_string_metal
c3e85a375b15f19,pb_male_lobby_wz_pos_03
c3eab688e1f0a1f,mc/mtl_attach_t8_charm_pocket_watch
c3ec4acf83f5842,i_mtl_wpn_t8_camo_skulls_06_c
c3ec6eb9a334a1e,options/hide
c3ed9e96b1af7f0,impacts/fx8_bul_impact_gravel_xlg
c3ef79a9cd91d97,outfit_global_warpaint_bundle_spades
c3fd9e63880e23b,prt_wz_tedd
c40f0367e1c2d6f,pc_sprint_cancels_reload
c4103ea07e89d3d,p8_wz_ep_horse_spring
c414a45f5779d93,vd/mtl_loot_ui_icon_tags_warriors_seraph
c41563fb5f2be1f,exe/server_disconnected
c41940a6a9678d7,t8_specialist_archives
c424f02ff7ad53c,mc/mtl_c_hro_sarah_cyberarm_r
c4259e7cf1305ec,weapon/lmg_stealth_t8_operator
c427d3e795f5e40,wc/t7_cru_metal_railing_trim_black_01
c42aad98b48d8d8,activecamoinfo_t8_sig_smg_accurate_darkunicorn_wz
c42f5cf369252d9,splm/mtl_p8_zm_zod_table_wood_sml_wood_02
c43f08d4353c334,mc/mtl_wpn_tac_rifle_mid_burst_rail
c43f82b5a50c800,contract/play_heist
c442b6f042e3647,ability_enabled
c4450c61b310a3e,key/del
c4519253ce094c8,teamkill_punish_count
c4536dd2165bf41,mc/mtl_p8_zm_zod_turbine_pipe_elbow_metal
c454d63a96d2d0b,scripts/zm_common/zm_characters.csc
c454eb3fec22798,mpui/holdbreath
c459bff5f729549,sniper_locus_t8_bribe
c45f253f6ca3509,outfit_water_legendary1_spectre_sunset_bundle_shop
c4674db85fd0e74,attachment_stalker_shotgun_pump_restriction
c46907584e75127,warzone/pick_up
c4692a105f14454,mc/mtl_p8_zm_esc_fence_rust_02
c4695a105f1496d,mc/mtl_p8_zm_esc_fence_rust_01
c46bf0641d845b3,zblueprint_office_trap_battery
c4731761f93cab3,pc_expander_scoreboard_wz
c473de2b53714b3,vd/t8_zm_zod_decal_ice_impact_01
c473ee2b5371666,vd/t8_zm_zod_decal_ice_impact_02
c47b615ffcd259f,scorestreak_ultimate_turret_restriction
c47d8fa1920d3d7,mc/mtl_p8_zm_zod_basket_first_class_bin_bottom
c47db2c27325a8a,dualoptic_sniper_damagesemi_t8_tunables_zm
c47df6644019a3a,wc/mtl_p7_rus_pipe_vent_metal_decal_line
c47e5423ee979a6,weapon/tr_leveraction_t8
c47fab11e8e64c1,ui_cam_cac_shotgun_energy
c48a34c34f94478,mc/mtl_wpn_t8_pistol_burst_slide_sig_02
c48a64c34f94991,mc/mtl_wpn_t8_pistol_burst_slide_sig_01
c48fca99b68ee58,attachment_killcounter_melee_slaybell_restriction
c4900fca46d6c74,jumpkits
c493b04ce84cdf0,rank/bgen_full
c4998a5a8a0d3b1,zitem_acid_gat_part_2_tunables_zm
c4afe2bd4e68af2,core_playlists
c4b06153097bceb,dlog_event_test_array
c4b68d4f7c51908,menu/social_caps
c4c21a3610adecb,dualoptic_lmg_heavy_t8_tunables_zm
c4c734bc16ed2c0,attachment_suppressed_tr_longburst_restriction
c4d190764ec015b,contract/smg_kills
c4d5a13871ae98e,events_battle_shield_multikill_2
c4d5b13871aeb41,events_battle_shield_multikill_3
c4d5c13871aecf4,events_battle_shield_multikill_4
c4d5d13871aeea7,events_battle_shield_multikill_5
c4d5e13871af05a,events_battle_shield_multikill_6
c4df476f07c9042,i_mtl_p8_zm_esc_sign_reg_music_m
c4e48fd4ecf098a,mc/shadowcaster
c4ecc3e288f0dde,zm_ai/fx8_elec_shock_eyes
c4eeb525aee6ff2,p8_kit_zt8_exd_05_railing_01_corner_outside_curved_painted_metal_32_01
c4ef8f5845a2a84,codcaster/team_identity_custom
c4fae1eea294484,plastic_container_sml
c4fae9e0e70f3e2,zm_progression_online
c4fe3e96b297c21,impacts/fx8_bul_impact_gravel_xsm
c4fe6dae875119b,zm_elixirblooddebt
c5003347841dd01,charm_flat_earth
c50989abfff7fd3,zmweapon/pistol_fullauto_t8_upgraded
c50c0b19aa15657,gamedata/ddl/generated/emblem.ddl
c50c93b4f1d3ab5,mc/mtl_p8_zm_esc_lab_monitor_base_main
c50d3c0000f1b7f,splm/p8_zm_esc_hallway_railing_bar_02
c5173e46579be0f,zombiearm
c519f7f8371ecf8,talisman_shield_price
c51cb09ed8463b8,mc/mtl_p7_zm_nac_pallet_wood_decal_04
c51cc09ed84656b,mc/mtl_p7_zm_nac_pallet_wood_decal_05
c51d009ed846c37,mc/mtl_p7_zm_nac_pallet_wood_decal_01
c51d109ed846dea,mc/mtl_p7_zm_nac_pallet_wood_decal_02
c51d209ed846f9d,mc/mtl_p7_zm_nac_pallet_wood_decal_03
c5295909abd6869,extra_time_control
c5361249bfce958,outfit_marauder_rare4_battery_shop
c537fb86e35f2ce,mc/mtl_p8_zm_esc_turbine_generator_turbineinterior
c5381708d8b09aa,dirt/fx8_dust_fall_sm_os
c53afd64139f626,ei/gfx_fog_slow_wide_lg_anim_em_pb_i16|dup
c53bdd98b576c54,activecamoinfo_t8_sig_smg_accurate_darkunicorn_zm
c53f4fad92823bd,medal_spectre_blade_multikill_2
c540aeae27dc1ca,medal_traversal_kill
c54b39ce7655bf1,loot_season_3_postseason_all_rng
c55c6e4d5453a10,mc/mtl_p8_zm_zod_lifeboat_flag_metal
c560fcc904c8ae0,loot_ar_damage_mk2_bribe_free
c5613a0af6ab07b,zmweapon/hero_chakram
c561566c81d3593,scope_mms_sniper_powerbolt_restriction
c562d1adaf1de55,1080_zm_office
c566dcafbd24e16,scripts/zm_common/zm_power.gsc
c56b547654b5c11,mc/mtl_c_t8_mp_spe_battery_knight1_back_harness_grnd
c56b9b988390e24,bot_tacquery_escort
c56e2c5c28d599f,pbrsky_single_scatter_cs
c56f367b4f3759a,wc/t7_metal_paint_worn_brown
c577e953d26cdf8,defaultcgmediatable
c57e2b395f5c6d7,pistol_burst_t8_gold
c5870d93ca02722,wz_character_customization
c58c3d6665d55f0,camo_t8_smg_standard
c58d1cc6baf1e0e,p8_ice_med_rock_01_dark_grime
c58f40e981c35a4,events_spawn_beacon_deployed
c598ee278fd6042,sarah_hall
c59acb490ecd27a,maps/zm_escape/fx8_alcatraz_brut_spawn
c59b8c30c5bc18e,zm_contract/same_shield
c59d3f0a30a7158,wc/t8_zm_zod_glass_dirty_01
c5a5705ac98703f,mc/mtl_c_t8_bo_soldier_hardened_shemagh
c5ac5227ed41f5b,events_supply_pod_just_in_time
c5b51f98cd04fa3,scripts/zm_common/zm_sq.gsc
c5b6756876bbdc6,menu/blackout_character
c5b756ad42ea4a2,zm_powerupsspecweap
c5bc7bf4f31d06b,wallrun_jump
c5c4488b8ad747e,warzone/collapse_grenade
c5c479e58e12b37,impacts/fx8_bul_impact_metal_spark_bounce
c5d29fd56a40823,mc/mtl_p7_zm_moo_panel_teleporter_set_metal_02
c5d2afd56a409d6,mc/mtl_p7_zm_moo_panel_teleporter_set_metal_01
c5d8844d54e4e3b,ei/gfx8_smk_md_thick_lobe_anim_lit_full_dark
c5dae699c89fcd8,gsoc_zm_wonderweapons
c5dd764b51c08a5,menu/set_complete
c5df394d8a57ebe,wpn_semtex_beep
c5e06dece4d0d60,weapon_bribe
c5ef4f94c086429,ei/gfx8_spark_rndhit_core_hdr|dup
c5f15f85c0fdd3e,menu/nomad
c5f8fa7a3cddd6e,mc/mtl_p8_zm_zod_scale_food_set_glass
c5f9c149671b5d0,ei/gfx_light_ray_wide_soft_em_pb_i16|dup
c5fe8e0f92f7b95,pc_achievements
c5ffb835c39dce3,zm_weapons/fx8_flamethrower_tornado_muz
c600181600e00bb,loot_contract_rampart_mastercraft
c60422123a9075b,talent_reinforced
c60718346279050,splm/mtl_p8_zm_esc_barbed_wire_wire_rust
c60776f165710f0,i_mtl_p8_zm_esc_perk_vending_soda_decal_06_n
c609f7a41f27aed,wc/t8_zm_off_lab_hallway_arrow
c60bdfaabaad03b,mc/mtl_p8_zm_esc_warden_house_door_02
c60befaabaad1ee,mc/mtl_p8_zm_esc_warden_house_door_01
c61646ce08eed25,p8_debris_coal_01_large_01_ember_01_hot
c6174688eb8975d,quote_war_is_cruel_cannot_refine_it
c61f7ff42571b3d,default_playeroutfit
c6222006e4b8e33,p8_wz_ep_star_bright
c6238a4abd512d6,mc/mtl_c_t8_bo_hero_russman_leg_skin
c624b5ed5b109ae,mc/mtl_p7_spl_buoy_plastic_white
c6284228ef756b6,splm/p8_zm_esc_hallway_railing_bend_01
c628623137f6e68,default_xcam
c628d6ee9d4cb9f,mc/mtl_attach_t8_pistol_revolver_stock_diamond_mk2
c62a9364c4c32aa,weapon/wraith_fire
c62aabc369d3eb2,quote_death_is_nothing_die_daily
c62bceda2d1e985,codcaster_ds_overhead_name_allies
c631ef7c9485528,friendly_fire_type
c64c260c9efa2dd,warzone/items_cycle
c64e77169541aa0,p8_wz_ep_swish_ceremonial
c64eddf24cfc1d2,p8_fxanim_gp_tape_linear_caution_lg_smod
c6632c0c061c6b5,smaa_resolve_morphological_work_queue_compute
c664e43574e85d9,splm/mtl_p8_chi_beam_roof_metal_rust
c66815d760c8f89,mc/mtl_wpn_t8_smg_accurate_tail_wisps_sig_03
c66adde88e8d222,menu/party_privacy
c66d0c3b288f165,mc/t8_zm_esc_concrete_square_tile_01
c672a642730081c,mcs/mtl_p8_zm_esc_bodybag_bloody_stripes_decal01
c672d6427300d35,mcs/mtl_p8_zm_esc_bodybag_bloody_stripes_decal02
c677648303ec446,ei/gfx_gib_concrete_02_em_pb_i16
c68356edef2a5ab,zdogfootstep_crouch_walk_zdog
c684029a35fe7ed,dualoptic_lmg_spray_t8_tunables_mp
c68d4b5465fad71,i_mtl_p8_zm_esc_book_zombie_leather_r
c68dfb5465fc022,i_mtl_p8_zm_esc_book_zombie_leather_o
c68e0b5465fc1d5,i_mtl_p8_zm_esc_book_zombie_leather_n
c69242b76a5d212,menu/fileshare_defeat
c69425ff5091dff,talent_awareness_wz
c695253435df7a3,mc/mtl_c_t8_bo_hero_trejo_pantsright
c695459d4272dd9,mc/mtl_p8_zm_elixir_icon_respin_cycle
c697cf7791f8dea,vd/t7_decal_grunge_painted_01
c6984f1d137f5cc,pc_expander_motionblur
c699c0f5ff5d846,button_layout_bumper_tactical
c6a44fc7edc8003,zmweapon/ray_gun_mk2
c6a742671d4258d,rob_sonar_set_friendly_zm
c6abd8ebbf7f0b8,camo_active_sig_ar_modular_porcelain_base_bribe
c6b7c5b64ead1cf,weapon/special_crossbow_t8
c6bc6f97ee1a548,amb_roach_skitter
c6be4c5189b400d,toilet_paper_roll
c6be9d4f6099bc1,defuse_time
c6ca8f78d8871b4,entity_knife_npc
c6cb51fde7060a3,pc_vertical_sync
c6d8b58b3a43be9,mc/mtl_c_t8_mp_spe_battery_knight2_elbow_armor_grnd
c6d8f6e5f638e1e,splm/p8_zm_esc_barbed_wire_rust
c6dd1792b4d2e12,em/juneau
c6e111dc4982fff,mc/mtl_p8_wz_ep_teabag
c6e7bcb4dd3b68d,gamedata/ddl/generated/team_data.ddl
c6f4a85a489bb4c,mpui/cqbs
c6fb063c63725f3,i_mtl_p8_zm_zod_bed_bunk_third_class_berths_sheet_01_n
c6fb163c63727a6,i_mtl_p8_zm_zod_bed_bunk_third_class_berths_sheet_01_m
c705394f8bcccc9,feature/create_a_class
c70a55e514fd08b,pb_emote_shared_male_was_i_shot
c70c25f5568477b,pc_category_vehicles
c70d459635bcb8c,attachment_steadyaim2_shotgun_semiauto_restriction
c711b3ab02e8339,light/fx8_light_spot_brutus_flicker
c71408284e3b7b4,events_war_machine_fired
c715c90478151f3,zmweapon/smg_fastfire_t8_upgraded
c71a808be28985e,gd_c_t8_mp_spe_ruin_superhero_lowerbody1
c71bd0d3600e5aa,zm_weaptr
c71bd3ebb593201,mc/mtl_p7_zm_ctl_safe_standing_metal_brass_04
c71bf3ebb593567,mc/mtl_p7_zm_ctl_safe_standing_metal_brass_02
c71c03ebb59371a,mc/mtl_p7_zm_ctl_safe_standing_metal_brass_01
c71dda300a27546,deferred_lighting_permuted
c72554a443497a4,vd/gfx8_decal_exp_blast_01
c726b694b36ca9f,real_physics
c728533e2268bb4,i_mtl_p8_wz_ep_bomb_m80_02_n
c728b14ff641f82,rank/gen
c72973fb240f263,scripts/zm_common/zm_item_pickup.gsc
c72dabfa3055a69,mc/mtl_p8_zm_esc_generator_lrg_rust_metal_unique
c73264a9a1383ae,events_seeker_shock_mine_paralyze_assist
c735466ddddae46,clan_data
c740ded0dec7800,mod_melee
c741ba925e2e258,loot_ar_peacekeeper_mk2_bribe
c741bb9d2b11a25,pc_ui_raiseopacity
c7453fa251ec9e1,presence/mp_cosmodrome
c7455f22161b66e,weapon_pistol_energy_knockback
c745715f1b9d750,special_crossbow_t8_sas
c74a7b5eea1ec89,scripts/killstreaks/killstreak_bundles.gsc
c74caf183744611,mc/mtl_wpn_t8_zm_broadside_cannon_clip
c752bc8e0cccc68,ar_stealth_t8_tunables_zm
c753e4261a11107,killstreak/helicopter_comlink
c7549e1d4b84793,entity_pistol_swipe_player
c754faba98d1101,activecamoinfo_t8_fast_direct_action_kills_symbiosis
c7595d6c67fd4c4,menu/no_caps
c75970fed17540c,menu/mystery
c759d6c6ee8f8c3,heroes/default
c75e57288723ebd,camo_dlc5_jellymaw_shop
c763205efec59bd,zm_bgb_arsenal_accelerator
c764bd37d006650,mc/mtl_p7_shr_weapon_spear_sml_metal1
c764ed37d006b69,mc/mtl_p7_shr_weapon_spear_sml_metal2
c7660ea22440ba2,ei/gfx8_smk_sm_thick_bulb_anim_lit_full_dark|dup
c76823f9f06439c,ar_doublebarrel_t8_upgraded
c76b42cf985bbde,medal_eliminated_enemy
c77059a85781497,wz_open_skyscraper_death_circles_debug_fast
c77bb2a30f3018a,mc/mtl_p8_zm_zod_cipher_book_once_you
c78156ba6aeda14,eq_wraith_fire
c7891861bee0491,abr_8_crates_shop
c78e0cbefc520eb,medal_swat_grenade_multikill_x2_summary
c794bd5f0603f39,default_hwplatform
c79dda4a0395229,menu/tutorial_mode
c7a018aabc2f467,emotes/fizzle
c7a8e4d9fe5c694,player/fx8_plyr_pstfx_katana_rush_loop
c7b52324d6947a5,lb_mp_gm_escort_hc
c7b84fff8ecf65e,smg_fastburst_t8_mp
c7bf2efef0fba05,zm_startround
c7ccbff86cbdb5e,mc/mtl_wpn_t8_ar_heavy_receiver_upper_alt_mk2
c7d1e61ea5a8da4,medal_warthog_kill
c7d51fc0efd7cb6,ei/gfx_water_bubble_em_pb_i16|dup
c7d79f5a1c17e79,mc/mtl_p7_zm_ctl_fuse_metal
c7d82d4253139eb,mc/mtl_p7_rus_bookshelf_metal_decal_line
c7de98de67a724a,victim_proximity_grenade
c7e01ec88252ca5,lb_mp_gm_conf
c7e792899c8fade,loot_contract_crash_paladin
c7e7cdafc2e6c57,attachment_suppressed_ar_modular_restriction
c7e88684ac0783f,weapon/grapple_desc
c7ee9d3e689b1b9,i_mtl_p8_zm_zod_label_box_citrus_decal_c
c7f0dbc37829f85,weapon/fx8_shellejects_saw
c7f12057bcfb82d,em/seven
c7f20c8e0d50e3c,ar_stealth_t8_tunables_wz
c7f26a3613640e3,dualoptic_lmg_heavy_t8_tunables_mp
c7f47bda31cb9a7,pc_category_post_processing_effects
c7f6d42b4ed5305,ar_doublebarrel_t8_bribe_free
c80b6383d8d1d6c,wc/mtl_p7_ris_construction_droid_body_metal_white
c80df83e002a4d6,zm_bgb_anti_entrapment
c814ae8db72d399,mc/mtl_p7_zm_moo_bridge_crane_track_end_soldering
c8156a60092b072,attachment_killcounter_smg_standard_restriction
c815af97ee8c135,mpui/allies
c8193193df425af,uav
c81e1e40f67f6f1,deferred_lighting_exposure_zones
c81f1f354ec2cfc,multiplayer_dialog
c822d421c078180,events_attack_dog_defended
c825c0b61ded512,mcp/hud_outline_model_z_orange
c83443165b434e1,em/b01
c83b38c8665b9d9,ei/gfx_fog_slow_wide_md_anim_lit_full_lite
c840188135d9f8a,pc_master_volume
c843378babb9ace,mc/mtl_p8_zm_bandolier_bandit_perk_totem_jade
c8492a5a61bce30,weapon/fx8_hero_flamethrower_begin_3p
c849d127fbd9a6a,1080_zm_escape
c84f9b2ccbcb805,loot_emote_shared_champagne
c85726e86d714bf,mc/mtl_veh_t8_zmb_1931_truck_bed
c8649f4a273ebcd,mc/mtl_p8_wz_ep_bottle_secret_sauce_label
c873b839e3099cf,events_drone_squadron_objective_multikill_3
c876b304b74a44f,allow_gestures
c8799002e79cf4e,ww_blundergat_t8_tunables_zm
c87b4df641b46f5,wc/t7_zm_isl_metal_treadplate_01
c87bbffbff4a1da,vd/t7_decal_damage_bullet_holes
c87c90b8bd3b6ce,contract/headshots_hardcore
c8800ec4531b417,activecamoinfo_t8_sig_smg_fastfire_voyage_zm
c8868bfa7302efa,entitystatefields_zm
c886e1b5da1349f,mc/mtl_p7_zm_ctl_desk_supply_fan_metal_01
c886f1b5da13652,mc/mtl_p7_zm_ctl_desk_supply_fan_metal_02
c88701b5da13805,mc/mtl_p7_zm_ctl_desk_supply_fan_metal_03
c8886777bbb85e8,smg_minigun_t8_tunables_zm
c88c649df0c3056,loot_tags_graffitiskulls_04_shop
c8911bafb8efe53,zm_weapons/fx8_tomahawk_trail_charged_blue
c8924fa6c1f41d2,events_supply_pod_job_support
c89e4c0aea1d1c8,pc_move_left
c89f0f50e9d0c63,splm/mtl_p8_zm_esc_fence_wood_set_broken
c8a054e41e5be52,zombie/scarlett
c8a5cbda9e0b181,round_score_limit_dom
c8abe14025b47c4,scripts/killstreaks/killstreaks_shared.gsc
c8b1ef6a976bfef,mc/mtl_p7_fxanim_gp_trash_paper_towel_01_dirty_s3
c8b82e3c4c3aae6,grenade_throw
c8b8cf03f3be5de,sniper_damagesemi_t8_upgraded
c8b9ea5a6220142,weapon/fx8_hero_flamethrower_begin_1p
c8bfb07aa1d126a,presence/mp_militia
c8c0fbad7300e0d,mc/wpn_t8_tac_rifle_mid_burts_reticle
c8c58631ff87fe4,mc/mtl_mphd_forklift_cockpit_plastic
c8cdc96708b5da4,party_rock_reactive_camo_bundle_shop
c8d991db6f42c4a,prt_wz_soldier_land_male
c8da8a59b525bf8,zm_ai/fx8_cata_plasma_blast_tell_torso
c8dba2fe2a99b20,brutus_footsteps
c8dd9bdd89add7d,zm_superpack
c8df1b86134aad6,mc/mtl_p8_wz_ep_briefcase_cloth
c8e0ff6d2ac05e3,zombfootstep_crouch_walk_zomb
c8e5eb25ae30632,mc/mtl_p7_ris_paint_roller_stick_set_plastic_02_white
c8e625689fdd769,ei/gfx8_shockwave_anim_lit_nocull
c8e668696d1fdc2,impacts/fx8_bul_impact_soul_body_fatal
c8e92bf44f6c84a,medal_defused_bomb_last_man_alive
c8e9cd5fbd53e70,ar_stealth_t8_upgraded
c8ea3b406d38a78,player/fx8_plyr_shocked_stage2_3p
c8eac868eb476c5,mc/mtl_p7_wes_wash_laundry_metal02_flat
c8eb8a0655e7382,impacts/fx8_bul_impact_robot_body_fatal_exit
c8ed7f336f9ee3c,aib_vign_zm_mob_brutus_boss_ghost_intro
c8efff025e2eb7f,i_mtl_p8_zm_box_wood_sml_decal_tech_m
c8f00f025e2ed32,i_mtl_p8_zm_box_wood_sml_decal_tech_n
c8f33ba0c2592cc,em/tongue
c8ff16ef5bc657e,lmg_standard_bundle
c90049c3c55a6ff,loot_emote_shared_nay
c90718e681e23f6,lb_mp_gm_ball_hc
c90b32c31b467c7,mc/mtl_p8_zm_zod_radio_wall_switchboard_lamp_off
c90c944fc72c6b5,ei/gfx8_fog_slow_sm_anim_em|dup
c90ec908d3ffda7,attachment_killcounter_smg_fastburst_restriction
c911d9bbaeef08f,firebreak_end_game_pose
c91211af3e7da6b,i_mtl_p8_zm_esc_perk_vending_cola_decal_02_c
c9166d40459e99a,outfit_super_hero_epic1_firebreak_bundle_shop
c91be5ada949793,impacts/fx8_bul_impact_money_limb_nonfatal_exit
c91d6ad939785a3,attachment_damage_smg_standard_restriction
c927b777bc3c7bc,smg_minigun_t8_tunables_wz
c92bc00a47a2a84,codcaster_ds_notification_callout
c934b2231cbcfe7,deferred_permute_uber_resolve_gtao_and_volumetrics
c93aa0694e9610e,wc/t7_metal_panels_2x4_trim_blue
c93aebf84a5504f,zm_viper
c93bea7d80f41c6,menu/upgrade_now
c93c0a1c8bcfbd0,zm_powerups
c93c22b1d678824,zombie_perk_bottle_wolf_protector_tunables
c942381385b5544,prt_wz_matt_shadows
c94626268e3cd80,zombie/bruno
c948c7a2818cb12,quote_make_other_bastard_die
c948d42d2862902,seraph_end_game_scene
c94920deb0cbd90,melee_bowie_bloody
c94c771ac44d6c2,gear_armor
c94efc68e66ba3d,weapon/fx8_hero_flamethrower_begin_3p_uw
c957908e4cc5a59,melee_slaybell_sunset_bundle_shop
c95a56b0b1b2930,surface_bounce_grenade
c95d41227b7f0f2,scope_reflex_smg_accurate_restriction
c97736725fe9d88,objectives/gun
c9799477bb3563a,mc/mtl_p7_slu_fuse_box_electric_set_decal_02
c979a477bb357ed,mc/mtl_p7_slu_fuse_box_electric_set_decal_03
c98c1e259b49f92,mc/mtl_p8_zm_zod_light_morse_lamp_plastic
c99b8b44c798653,mc/mtl_p8_zm_zod_turbine_valve_injection_metal_01
c99b9b44c798806,mc/mtl_p8_zm_zod_turbine_valve_injection_metal_02
c9a902514e45b53,i_mtl_t8_wpn_lmg_heavy_decal_mk2_c
c9a9d283de6a178,mc/mtl_p7_zm_kin_desk_wood_decal_01
c9aa0283de6a691,mc/mtl_p7_zm_kin_desk_wood_decal_02
c9b1240ac5d3b94,mc/mtl_p7_zm_isl_medical_stool_dirt_01
c9b38a281b52635,defaultnpcloudfootstep_walk_npc
c9b5831a43f7fb3,em/visor
c9bb99297f025a1,mpui/domination_caps
c9c79c25b74b7bb,gear_armor_hardcore_mp
c9cdb98b273ef12,menu/lb_assists
c9cde760d2195ce,crash_end_game_scene
c9ced91a1ddcab8,events_drone_squadron_multikill_2
c9cee91a1ddcc6b,events_drone_squadron_multikill_3
c9cf191a1ddd184,events_drone_squadron_multikill_6
c9cf391a1ddd4ea,events_drone_squadron_multikill_4
c9cf491a1ddd69d,events_drone_squadron_multikill_5
c9dcee29834b2da,em/roadkill
c9e13d696218357,mc/mtl_p7_mou_pallet_wood_snow_decal_nail
c9e3688cf1d5ee5,hero_scepter_lv1_tunables_zm
c9e5f2eeb9a9da1,scope_acog_sniper_quickscope_restriction
c9e9c00440d97c4,ui/mod_downed
c9ec068ddfb6457,hero_sword_pistol_lv2_tunables_zm
c9ec51c5aaa1b45,pb_action_figure_male_draft_preready_to_select_3
c9eef7cde53ea7f,pc_mutesound
c9f01768b8579b3,animals/fx8_bio_fly_100x100
c9f2711c5bd00d2,hair_resolve
c9f33ae17bc45a0,mc/mtl_p7_wes_weapon_gun_set_pistol_wood_01
c9fd9b62b7bd531,scorestreak_counteruav_restriction
ca005e6339facc7,wz_character_bruno_dlc0
ca0ba1dc951406e,prt_wz_replacer
ca233d0b3f9fbbf,defaultplayerfootstep_crouch_run_plr
ca2885b84532c13,culling_depth_downscale_4
ca28e5b84533645,culling_depth_downscale_2
ca31c6628ec234e,smg_folding_t8_upgraded_zm
ca3964c3ce29750,explosions/fx8_exp_underwater_md
ca3b3814098d730,weapon/smg_accurate_t8_operator
ca3c03a17ef248e,mc/mtl_p8_zm_zod_turbine_bolt_metal
ca3c3f7ed6bfb9f,menu/stronghold_desc
ca442bb45aa2d2b,loot_emote_exotic_shared_homunculus
ca44a48ffdb452f,mod_melee_weapon_butt
ca479a0d7e62bb5,p8_zm_off_portrait_richtofen_silhouette
ca51c88cfa40075,i_mtl_p8_zm_esc_cypher_03_c
ca561e40dc3c5de,talent_squadlink
ca5cd37e4f4019c,cinematic_bink_hdr
ca66d8402e5eff8,scope_reflex_tr_powersemi_restriction
ca729bc37a4212d,weapon/fx8_shellejects_smk
ca7a4965b5afa04,mc/mtl_p7_rus_barbed_wire_nosnow_metal_decal
ca8346ac6dd93ef,mc/mtl_p8_zm_zod_bed_cot_metal_frame_metal
ca8b1b2e51956ac,wc/t7_mou_numbers
ca90a749fc2e23a,wc/t7_spa_cloth_carpet_security_red
ca96ae1bd7d344f,prt_mp_zombie_female
ca9a55f96783670,scene_frontend_t8_zm_aar_psychic
ca9cfe5e228f0c6,gamedata/ddl/generated/dlog_event_keybinds_gp.ddl
ca9f062cde76eab,mc/mtl_attach_t8_loot_shotgun_fullauto_foregrip02_alt_mk2
caa2ebe5b5efe52,weapon/teammate_hacking
caa41d5840ebe09,menu/clip
caaa463ba2fe442,reaperfoley_crouch_run_npc
cab1512af5dd292,i_wpn_tac_rifle_mid_burst_frontend_n
cab1612af5dd445,i_wpn_tac_rifle_mid_burst_frontend_o
cab1a12af5ddb11,i_wpn_tac_rifle_mid_burst_frontend_c
cab1e12af5de1dd,i_wpn_tac_rifle_mid_burst_frontend_g
cab2874554f550e,pistolscope_special_crossbow_t8_upgraded_tunables_zm
cab2912af5df48e,i_wpn_tac_rifle_mid_burst_frontend_r
cab2a12af5df641,i_wpn_tac_rifle_mid_burst_frontend_s
cab4ad73ccde0ee,pronetocrouch_npc
cab85db21e149d3,bot_tacquery_nearest_point
cab9818fed3f242,fmj
cabb0a804c32cee,menu/contracts
cac642aa4ace764,events_dirty_bomb_vehicle_destruction
cacdad71e63d654,camo_active_dlc1_cyberpunk_sunset_bundle_shop
cad0b981d6f5137,zmweapon/smg_vmp_upgraded
cad56c63dbcac00,menu/transition
cad832e49830763,lmg_stealth_t8_upgraded_zm
cadc249e132e408,wc_primarygunfighter2_restriction
cae354714139cbd,1080_core_ui
cae6abbb19acc80,quote_accept_the_challenge_so_can_feel_victory
cae6c3f19726223,quartermaster_control_hvo
caf60f095239bed,store/gift
caf91b2aae8f72b,mc/mtl_p8_zm_esc_pipe_metal_edge_01
cafb9e3d2fc01c6,prt_wz_nikolai_ofc
cafc46b8c735870,bullet_large_enter
cafc6bd7bfa105a,talisman_box_guarantee_lmg
cb1eb51e0ac1184,evententitystatefields_zm
cb216e5ae5ea43f,medal_flag_carrier_kill_return_close
cb3b75099a90f66,wc/t7_plastic_core_ceiling_tile_light
cb3c24452ded778,events_vision_pulse_kill
cb417ec45571617,activecamoinfo_t8_sig_smg_fastfire_voyage_wz
cb422a8d56c7163,mc/mtl_p8_zm_esc_power_switch_metal
cb428c3123b13b1,talent_ironlungs_wz
cb464a614bab582,menu/yes_caps
cb48947fcb9e61c,wc/mtl_p7_sin_bs_train_decal_grunge_rust_04
cb496f278d8ad70,p8_wz_ep_clip_necktie
cb4bb668a262457,ei/gfx_smk_gen_anim_lit|dup
cb547a089c5e641,charm_dog
cb549926d595f21,mc/mtl_wpn_tac_rifle_mid_burst_barrel_mk2
cb578a8f67e167f,mc/mtl_wpn_t8_smg_handling_beads_sig_02
cb5d2eb0d4f51d0,gsoc_zm_laststand
cb655e6add23e54,mc/mtl_mphd_forklift_cockpit_yellow
cb68b3e62c4f725,mc/mtl_p8_zm_esc_packasplat_engine_base_yellow
cb6925ebe3bc0d6,ar_peacekeeper_t8
cb6932cfee5bfa7,events_radiation_field_wound_assist
cb72a90636e42db,splm/mtl_p8_zm_esc_table_wood_ornate_wood
cb763ebe73e8e74,i_mtl_p8_zm_esc_console_monitor_screw_n
cb79a2335a04f2b,prt_wz_sarah_hall
cb7ab34b449105e,menu/fileshare_mode
cb831533cab2794,scripts/autogenerated/luielems/zm/zm_hint_text.gsc
cb83c0a13afc0d0,weapon/bowie_desc
cb847e6c2204e74,scripts/autogenerated/luielems/zm_laststand/self_revive_visuals.csc
cb84bfc6e81b823,wc/t7_zm_asc_caution_strip_yellow
cb897174be823d4,i_mtl_p8_zm_zod_bed_captain_sml_frame_wood_n
cb89a174be828ed,i_mtl_p8_zm_zod_bed_captain_sml_frame_wood_m
cb8dd8e9eb914b0,swayreduc_wz
cb8eb85fdd79083,scripts/core_common/postfx_shared.csc
cb9047913d5853d,wc/t7_metal_painted_panels_white
cb921b16db8c346,vd/t8_decal_tech_detail_line_trim_13_metal
cb959d8fdd4a723,smg_folding_t8_bribe_free
cb9aca7f51434a4,eq_concertina_wire
cb9c0a6a8fc9ea6,loot_contract_patriot
cb9ff4fddf256af,mc/mtl_p7_pipe_metal_hp_4_02_grey_dk
cbaa2a759708ece,blood/fx8_blood_cam_gib_spray_zm
cbabc359c3137f4,loot_ui_icon_tags_muertos_seraph
cbada0f5cb89150,wz_open_skyscraper_death_circles_doubled_count
cbb0c028c91875f,holo_wz
cbb7d242d100226,triple_play_feb2019
cbb966f02c4b56b,i_mtl_p8_zm_zod_door_watertight_deck_metal_n
cbb976f02c4b71e,i_mtl_p8_zm_zod_door_watertight_deck_metal_m
cbbd7e1474cc061,splm/bullet_collision_carpet
cbc17271053fc9d,counteruav
cbcfb5ac200c4f3,zm_castle_zombie.ai_ast
cbd125ac200ec08,zm_castle_zombie.ai_asm
cbd1e823a319fd4,loot_lmg_heavy_mk2_bribe
cbd385cd19e9efc,menu/bot_difficulty
cbd989b10e81484,outfit_snake_legendary2_crash_sunset_bundle_shop
cbe5e14ab27aba3,weapon/launcher_standard_t8
cbe71acf960eaa3,sniper_mini14_t8_bribe
cbe78cc3488f1cb,talent_deadsilence_mp
cbefa028c9551a0,holo_tr
cbf01a074ca1dee,xboxlive/player
cbf4330dc8a5fbe,mpui/capture_the_flag_caps
cbfa99dae4784cf,gametypetable_mp
cc0ab3ccdb00b1e,mc/mtl_wpn_tac_rifle_mid_burst_mainbody_decal_01_mk2
cc0db434f49563d,weapon/hero_hammer
cc0f917375b9e6d,impacts/fx8_bul_impact_fireworks_limb_nonfatal_uw
cc1411eb8d773d1,attachment_killcounter_smg_fastfire_restriction
cc16e61f7f6ee88,player_vtol_drop
cc2101cd4fb5cf8,hero_chakram_lh_lv3_zm
cc2241350b71359,prt_wz_marlton
cc26159eaaecf14,mpui/perk3
cc26259eaaed0c7,mpui/perk2
cc26359eaaed27a,mpui/perk1
cc28bab2c334938,pc_textchat_lastused
cc2b826e2de2471,outfit_assassin_legendary1_outrider_shop
cc2fe2c7018a752,medal_attack_chopper_kill
cc32bc5ffa9413d,wallrun_falling_loop
cc332d18f243815,i_c_gen_detail_weave_n
cc34ec5dc590aeb,key/ins
cc356068d6d1169,i_mtl_p8_zm_esc_rock_small_red_c
cc36b9517c44195,em/corner
cc3cc98933bf246,scripts/core_common/perks.gsc
cc41a3d453701d3,explosions/fx8_exp_rocket_wood
cc4538c565cfd71,zombie_perk_bottle_mystery_zm
cc4711c3b63e6d7,splm/t8_zm_esc_roof_shingles_asphalt_red_01
cc47a6c09820ea5,beam8_plyr_emote_elec_hands_arc_bowed
cc48043e91ccdcc,zm_perksdeathdash
cc545a89e878149,mc/mtl_p8_zm_zod_toy_monkey_string_fabric
cc63258046eb568,keyshift
cc7849d14a93e23,mc/mtl_p8_zm_zod_trim_wood_top
cc7d9f749a02418,aib_vign_zm_mob_pap_ghosts_remove_power_house
cc7f71abfc0cff9,mpui/mixclip
cc805f3d8cf377d,pc_category_telemetry
cc80dc3ebec0b3c,smg_standard_t8_tunables_mp
cc835f621014977,activecamoinfo_t8_gold
cc85c82941d0378,pb_backhander_fem_draft_select_to_preready_3
cc85daaa2597934,ei/gfx_water_splash_spread_anim_em_pb_i16
cc89aa4fde6e08e,mc/mtl_p8_wz_ep_microphone_metal_black_02
cc8af221576eb40,mc/mtl_p7_zm_ctl_container115_decal02
cc8b0221576ecf3,mc/mtl_p7_zm_ctl_container115_decal03
cc8b2221576f059,mc/mtl_p7_zm_ctl_container115_decal01
cc8f18ace5f4bae,supplydrop_marker
cc9140a9030be8b,vd/t7_decal_grunge_wood_scratches
cc92496222233bc,mc/mtl_p8_zm_elixir_icon_shopping_free
cc9d226a8e817dc,wc/t7_fir_plywood_natural_1
cc9fdef67e5ba17,wc/t7_dlc1_metal_trim_ibeam_02
cca8bec64e44876,lb_mp_gm_tdm_arena
cca985a2bc62c9e,codcaster_ds_specialist_notifications
ccaff7fedbad405,mc/mtl__p7_zm_asc_switch_electric_01_glass01
ccb19ff6223b693,wz/fx8_plyr_pstfx_barrier_lvl_02_wz
ccb5b3c1f48cf9f,shotgun_fullauto_t8_bribe_free
ccca214c46b4e56,mp_loadouts_arena_custom
ccdaa03101b49d3,pc_voice_chat_output_volume
ccdad947f4be592,splm/p8_zm_zod_curtain_reading_writing_lt
ccdaf5f319621b4,impacts/fx8_bul_impact_glass_uw_xxlg
cce0d3efebbb300,contract/shotgun_kills
cce605eb198cc7c,ei/gfx8_muzzleflash_side_desat_em
cce6b8c831b9dd5,attachment_fastreload_sniper_quickscope_restriction
cce7ba170abd1eb,gd_c_t8_mp_spe_ruin_lowerbody1_cst
cceb74accb55241,ui/mod_unknown
ccec5f8172be287,mc/mtl_t7_camo_silver_cloth
ccf090457c7f598,ges_slide_dw
ccf5c2ef06851cc,codcaster_ds_overhead_health_enemies
cd05b018af19bb1,zombie/fx8_packapunch_zmb
cd0a997aa904279,scripts/zm/zm_office_special_rounds.gsc
cd0c29fba252eda,mc/mtl_wpn_tr_powersemi_stock_sig_02
cd11e69d0b6427a,fastreload_wz
cd155f7bc69c98d,outfit_warrior_epic2_zero_sunset_bundle_shop
cd1701fba5466e0,events_tempest_paralyzed_assist
cd1dab272cf2b0c,mc/mtl_p7_wes_wood_dock_rustic_white
cd1ecc450d7b814,mc/mtl_p8_zm_esc_clock_grandfather_dirt_01
cd1efc450d7bd2d,mc/mtl_p8_zm_esc_clock_grandfather_dirt_02
cd24644e7060dc0,mc/mtl_p8_zm_esc_console_monitor_glass
cd2e0542da537be,challenge/scorestreaks
cd3521b176f690f,wc/t7_metal_beam_trim_01_gray_lt
cd3609ef4028bb2,mc/mtl_wpn_t8_zm_homunculus_syringe_decal
cd384d52701976a,outfit_benjamins_legendary1_recon_shop
cd3c8e49dafdbfc,mc/mtl_p7_zm_mob_cell_toilet_set_porcelain_far
cd3ddef7f84bcfc,vd/mtl_loot_ui_icon_tags_halloweenevent_jack_final
cd496e8b9ec3d11,attachment_fmj_smg_standard_restriction
cd4a4cbdefbd20c,ei/gfx_water_splash_swirl_anim_em_pb_i16
cd52418057f83f9,mc/mtl_p7_zm_sta_shoe_vintage_male_01_black
cd53ea4d4ee864c,pistol_standard_t8_upgraded
cd5491e82cfe4c1,splm/t7_decal_damage_metal_dent
cd59e30f6058b46,mpui/mms
cd630b53ad2f9a0,reload_small
cd63faed592da03,mp/host_ended_game
cd70e712f842296,talent_outlander
cd7ff5d0d6da5b4,mc/mtl_wpn_t8_zm_blundergat_armor_ember_fire
cd80de01c30148c,outfit_global_warpaint_bundle_fish_shop
cd849658f801a88,dlog_event_loot_equip
cd8519d9550c6e9,p8_debris_coal_01_medium_01_ember_01_hot
cd8bed2613afc5d,ar_mg1909_t8_zm
cd94451780a7eca,loot_dlc_mini_14_mk2_bribe_free
cd9972dc4d840e3,mc/mtl_p8_zm_esc_warden_cabinet_wood_02_dmg
cd9fb78e5309f96,basketball
cda36df44c058a9,ei/gfx8_liquid_drop_lit|dup
cda8cabc29cb5e1,zm_office_debris_01_purchase
cdaceffb48a40f1,camo_active_dlc1_masks_wrapper_4crates_shop
cdad6b4f7bef460,attachment_steadyaim_ar_accurate_restriction
cdb4921c8066a93,exe/disconnected
cdb7f2a76935c6e,pc_semtex_toggle
cdbcfc488062442,capture_time_koth
cdc691513fbebd9,wc/t7_ceramic_tile_large_2x2_creme
cdc7a6da506dc19,o_t8_zm_zombie_board_5_repair
cdd7ed5b31ce875,gear_scorestreakcharge
cddbc9dae60a2a7,gametypetable_zm
cde03c7d1a1153a,i_mtl_p8_zm_esc_gun_gallery_metal_bar_01_n
cde04c7d1a116ed,i_mtl_p8_zm_esc_gun_gallery_metal_bar_01_o
cde5a8e7ce4b856,medal_gravity_slam_shutdown
cdeff5c2ad6de3b,reaperfoley_ladder_hand_plr
cdf2cf166df0a75,mc/mtl_p8_zm_zod_cylinder_support_column_connector_right_decal
ce05ba8639b7048,mc/mtl_p8_zm_zod_turbine_after_end_upper_metal
ce06ecd9651d9cf,prestige3_mp
ce0e49b2269ee2a,weapon/sf_short
ce110d454b65b93,ei/gfx_water_ripple_anim_em_pb_i16
ce158711bcbf1fa,events_tempest_kill
ce1668a1731f35b,attachment_clantag_ar_modular_restriction
ce1e4c181c8e4f9,jammer_sensordart
ce1f5e9824d22c0,em/signet
ce2871169584c6c,loot_emote_shared_popnlock_03_shop
ce2a52e945fd896,mpui/bb_koth
ce2e438ecd6b2d2,mute_smoke
ce2e6d5c6c6a94a,mc/mtl_p8_zm_zod_sports_baseball_glove_cloth
ce2fdd4be0acf61,codcaster/qs_loadout
ce30c656a092567,el/gfx_lightning_beam_trail_em_pb_i16
ce326aaeb617673,mc/mtl_p8_zm_esc_light_switch_panel_dirt
ce34ffbb3998db9,heroes/recon
ce35799905f2212,defaultplayerfootstep_run_plr
ce36e3614bd4eae,menu/arena
ce38ab036223e6e,scripts/zm_common/zm_round_logic.gsc
ce3ef50b2b067c3,menu/driver_seat
ce42c272341c3fa,vd/mtl_loot_ui_icon_tags_muertos_prophet
ce4becd157efe84,charm_9mm_bullet_shop
ce582aaf25f56e3,mpui/hacks
ce59657b420dbb2,ar_galil_t8_upgraded
ce5b042cfac0fef,perk_dexterity_restriction
ce5b549748249aa,smg_fastburst_t8_bribe_free
ce5e4332e64b2cc,rank/2ndlt
ce604c8a4a0b23c,vd/t8_decal_blood_streaks_wall_heavy_01
ce6d02bf0f810d5,zm_nova_explosion_rumble
ce6e0aa2545920f,zm_katana
ce6fddd30bcd400,challenge/prestige_12
ce6fedd30bcd5b3,challenge/prestige_13
ce6ffdd30bcd766,challenge/prestige_10
ce700dd30bcd919,challenge/prestige_11
ce703dd30bcde32,challenge/prestige_14
ce704dd30bcdfe5,challenge/prestige_15
ce71970594602ea,mc/mtl_p7_cai_street_signage_bolt_painted_white
ce726b69e3d11be,ei/gfx8_water_bubble_group_lit
ce817d3c8b149ea,gamedata/ddl/generated/profile_common.ddl
ce88056f1c20fdb,ar_peacekeeper_t8_bribe
ce8d09cd8b7824f,charm_earth
ce9037cf2ba9422,i_mtl_p8_zm_zod_engine_pistons_piston_connector_metal_n
ce9a53873255d09,challenge/operations
ce9a992b7c88e90,mcp/sonar_frontend_token_locked_gun
cea04e3e3bcd0fb,eq_wraith_fire_extra_zm
cea0fc3ec08f508,smg_standard_t8_tunables_wz
cea12304d17fc88,quote_never_give_in
cea12fde491a32b,vd/mtl_loot_ui_icon_tags_warriors_battery
cea6e01245ab265,mc/mtl_p8_zm_esc_generator_lrg_metal_02_unique
cea797eb82886e3,wc/t7_zm_ori_dirt_fertile_footprints_blend
ceaa57dd3d5ebb1,metal_dish_small
ceb295207c248d7,combat_medic_koth_hvo
cec6fe753ac5376,mpui/disables
cecaa291360c93d,pc_voice_chat_activation_treshold
cecfcd0a3223451,mc/mtl_p8_zm_esc_console_monitor_copper
cee0fe28cb67f49,ei/gfx_water_splash_swirl_anim_em_gp_i16
cee20f0ab20f5d5,tr_powersemi_t8_operator
ceef4cda8abbc71,mc/mtl_p8_zm_esc_lab_lift_panel
cef4328afe74d0c,planemortar
cef8c2ed32f48e8,attachment_steadyaim_lmg_spray_restriction
ceface6d8091d1c,gamedata/ddl/generated/wz_loadouts.ddl
cefca1ea1e8a007,weapon/lmg_heavy_t8
cf054cda28390c7,weapon/stun_grenade
cf17521159b6fdd,i_p8_zm_esc_press_steel_small_copper_o
cf1b9bed07d6f33,shotgun_fullauto_t8_zm
cf26205b15782ff,o_t8_zm_zombie_wallchunk_2_pull
cf2797b23b2621c,loot04_ui_icon_cac_death_fx_teddy_bear
cf2bed473313fa7,wc/t8_concrete_damaged_rebar_01
cf2e7e22055dc9a,ar_an94_t8_zm
cf3075f5a230217,i_mtl_p8_wz_ep_beach_ball_m
cf3085f5a2303ca,i_mtl_p8_wz_ep_beach_ball_n
cf35798c52c41c4,gamedata/ddl/generated/dlog_event_mpequipmentuses.ddl
cf3a029c1973dac,bacon_weapon_camo_bundle_shop
cf46b33555422b7,scripts/autogenerated/luielems/luielemtext.gsc
cf4efe683b95cf9,wc/t7_glass_dirty_streaks
cf5343acd975b86,weapon/smartcover
cf542aa1baa3e29,surface_explosion_grenade
cf579ffbe293f53,reaperfoleyplrquiet
cf57d99d7e865cf,round_start_killstreak_delay
cf5c24e0819430e,pc_voice_chat_input_device
cf6b1561a6163cd,rising_tide_melee_bundle_shop
cf6b4a1dc24e48e,default_tacticalquery
cf6f8ee6cf656df,reaperfoley_run_npc
cf6fb5015721f1e,pstfx_frost_loop
cf72a71d9b776f2,rob_default
cf7a3edf989648d,p8_zm_esc_light_mounted_mount_full_on_warm
cf7b79cb0b2d939,wc/t7_metal_wall_panel_old_grunge_blue
cf7b7be57a12ab0,zm_minigun
cf7f7273a7aac42,defaultbullet
cf84d84b69057bc,fallwind_loop_med
cf855f92bbbaeed,scripts/core_common/flag_shared.csc
cf8bfe6057b9574,impacts/fx8_bul_impact_confetti_headshot_fatal_rnr
cf8c007eb68844e,custom4
cf8c107eb688601,custom5
cf8c207eb6887b4,custom2
cf8c307eb688967,custom3
cf8c507eb688ccd,custom1
cf8f48e7ee10aa3,scripts/core_common/ai/systems/ai_squads.gsc
cf9664d9072e692,pfx_steam_hiss
cfa2a7c87f93219,golden_knife_tunables_zm
cfa39284e7a166b,rob_zm_eyes_green
cfa73f6a6882e8e,pb_action_figure_fem_draft_readyup_4
cfa74f6a6883041,pb_action_figure_fem_draft_readyup_5
cfa75f6a68831f4,pb_action_figure_fem_draft_readyup_2
cfa76f6a68833a7,pb_action_figure_fem_draft_readyup_3
cfa78f6a688370d,pb_action_figure_fem_draft_readyup_1
cfb02c3ec175224,smg_standard_t8_tunables_zm
cfb0c307910d547,smg_vmp_t8_upgraded_tunables_zm
cfb7582ad73158b,bonuscard_primary_operator_mod
cfba41c8ab46011,pb_melee_alt_male_draft_ch_select_3
cfbd4f7e49b7177,dempsey_blackout_character_bundle
cfc1b75778e3156,mc/mtl_wpn_t8_tr_midburst_star_decal_sig_02
cfc232f3fe26201,mc/mtl_veh_t7_zhd_tanker_truck_body01_paint
cfc4fd5fdd6d4df,mc/mtl_p8_zm_zod_lifeboat_flag_metal_02
cfc50d5fdd6d692,mc/mtl_p8_zm_zod_lifeboat_flag_metal_01
cfc6eacdde708e8,menu/subtitles_desc
cfd524e10472bf8,menu/purchase_icon
cfd5d5391fcefe7,charm_paintshop
cfd8e7348ff04ed,aib_t8_zm_zod_homunculus_idle_01
cfd91e852a6eced,impacts/fx8_bul_impact_wz_dirt_sm
cfdb51af2a80989,zm_perksmulekick
cfdeed7c43f7060,eq_slow_grenade
cfe14d9b89b725a,weapon/fx8_impact_snowball
cfe81cd966af7a7,prestige3_zm
cfeb5c2c217b385,gamedata/weapons/common/attachmenttable.csv
cff72bee8bfcda0,mvp_sd_hvo
cff78ae0cb3cb63,mc/mtl_p8_zm_zod_telemotor_navigation_set_decal_dirty_01
d000493c57bb851,scripts/zm_common/zm_crafting.gsc
d0064ed18d594ad,activecamoinfo_t8_shotgun_semiauto_zm
d00a8ebab2b082c,class/slot8
d00a9ebab2b09df,class/slot9
d00acebab2b0ef8,class/slot4
d00adebab2b10ab,class/slot5
d00aeebab2b125e,class/slot6
d00afebab2b1411,class/slot7
d00b1ebab2b1777,class/slot1
d00b2ebab2b192a,class/slot2
d00b3ebab2b1add,class/slot3
d00d2bbfda46612,p8_wz_ep_sparkler
d0142a3513c7a24,zm_escape_warden_catwalk_rumble
d02072dcb0faf7c,mc/mtl_p8_zm_esc_turbine_generator_connector_decal_a
d026027e0ef1913,gsol_zm_health
d028283969d49a5,dualoptic_smg_fastfire_t8_tunables_zm
d02c5bfcd40df42,ui/fx8_theater_camera_head_select
d035fad028eee06,lmg_double_t8_zm
d0378b10319dd60,camo_active_dlc2_retro_vegas_neon_wrapper_shop
d03f06816238e53,outfit_flecktarn_base_pal_com6_ajax_shop
d03f97a2b18171d,attach_t8_charm_marley_twin_view
d04000a7a329c9a,menu/support_desc
d04851f9cdbb797,menu/lb_damage
d054166d5883108,pb_melee_alt_fem_draft_transition_4
d054266d58832bb,pb_melee_alt_fem_draft_transition_5
d054666d5883987,pb_melee_alt_fem_draft_transition_1
d054766d5883b3a,pb_melee_alt_fem_draft_transition_2
d054866d5883ced,pb_melee_alt_fem_draft_transition_3
d0549a91541ee8c,i_mtl_p8_zm_esc_dark_machine_steel_03_m
d058a77349e6267,aib_t8_zm_zod_homunculus_attack_01
d05bc02a095f4ce,menu/single_warpaint
d0605c0fdf22828,jump_rumble_start
d060996994fd9d6,custom_games_official
d0623c35a6c8b55,uie_tiled_wipe_normal
d0663deeb55d1c0,vd/t8_decal_blood_handprint_wall_smear_horizontal_02
d0666deeb55d6d9,vd/t8_decal_blood_handprint_wall_smear_horizontal_01
d067bc638ae369b,zombie_perk_totem_stronghold_zm
d06ed91d30fe19c,pb_emote_exotic_shared_male_shuffle_loop
d0713c6cb0f3af3,reflex_ar
d0783a91f758646,ei/gfx8_smk_tendrils_varied_em
d079cc5e4d767fe,attachment_fastreload_pistol_fullauto_restriction
d07bed958ef3530,vd/t7_decal_damage_glass_broken_normal
d08f45718d8d005,i_mtl_p8_zm_zod_light_fixture_million_suite_triple_bulb_e
d08fca54a710238,mc/mtl_wpn_t8_shotgun_semi_receiver03_sig_02
d08ffa54a710751,mc/mtl_wpn_t8_shotgun_semi_receiver03_sig_01
d093d6a581826fa,ei/gfx_water_fall_spill_anim_em|dup
d095a11b4abbef5,splm/t7_decal_damage_concrete_edge_02_mid
d0972cc34c8d313,talent_deadsilence_wz
d09730b02f79795,zm_elixirrefreshmint
d09b39dae85ce47,gametypetable_wz
d09c107cf6a994e,extbarrel2
d09c31643eca90a,mc/mtl_p7_mirror_wood_ornate_dirty
d09d44895662d75,events_tempest_objective_multikill_3
d0a33b5115f906c,ei/gfx8_water_ripple_anim_em_pb_i16|dup
d0ab9947f7fa814,splm/p8_zm_zod_curtain_reading_writing_rt
d0afb4d970d70a0,mcp/hud_outline_model_white
d0b462715d6d1e8,maps/zm_escape/fx8_alcatraz_brut_gas
d0bb36cd318f55f,menu/select
d0c50a670fdfb31,outfit_warrior_epic1_wetworks_spectre_shop
d0ca51aa3276c7c,en_zm_escape
d0cb6adb37bed49,menu/warning
d0cd4374aa8deb2,ei/gfx8_smk_lg_vapor_anim_loop_high_dark_lit|dup
d0d7307deb85fd2,splm/t8_concrete_plain_dirty_01
d0da81f5fc8124b,vd/t8_decal_damage_asphalt_pothole_02
d0da8823b3b303b,clan/style
d0dde276f52a6e6,mcs/mtl_p8_zm_esc_clock_wood
d0e382b797b449c,mc/mtl_p8_zm_esc_infirmary_bathtub_leaks
d0eeba4fea8a4d0,pstfx_zm_chaos_temp
d0f80667279ae05,mcs/mtl_p7_wall_mobile_dep_decal_line
d0f8c192ceaf1dd,hero_flamethrower_t8_lv1_zm
d0fb557f16fbe9f,playlist/zm_mansion
d0fc6337abed6f2,p8_zm_esc_console_monitor
d104c3cafa9860b,wc/t7_dlc1_metal_container_wall_black
d1059d1a41a2da0,mc/mtl_p8_zm_off_metal_detector_decal_02
d1090c5cdc4cac9,vd/t7_zm_sta_decal_damage_burned
d114fed18e3e431,activecamoinfo_t8_shotgun_semiauto_wz
d116a14142e2250,scripts/killstreaks/killstreaks_shared.csc
d118cbd6945a736,zm_talismanscommon
d11ee01047e3e37,ei/gfx8_liquid_fall_em_pb_i16
d1283df15b578bc,p8_kit_zt8_gal_02_beam_01_basic_painted_metal_128_01
d12a0684753fd8e,concertina_slowed_scoreevents
d12cddaed8377cb,i_mtl_p8_zm_deadshot_perk_totem_stone_02_n
d12cedaed83797e,i_mtl_p8_zm_deadshot_perk_totem_stone_02_m
d12e79149b2165d,mpui/heroes_caps
d12f93112672925,wz/woods
d13606fef39df84,ei/gfx_water_splash_swirl_anim_em
d13857aeb37fe53,zm_bgb_near_death_experience
d13963ce18f6ca6,i_mtl_wpn_t8_pistol_burst_trigger_sig_02_s
d13a63ce18f87d6,i_mtl_wpn_t8_pistol_burst_trigger_sig_02_c
d13aa3ce18f8ea2,i_mtl_wpn_t8_pistol_burst_trigger_sig_02_g
d13b23ce18f9c3a,i_mtl_wpn_t8_pistol_burst_trigger_sig_02_o
d13b33ce18f9ded,i_mtl_wpn_t8_pistol_burst_trigger_sig_02_n
d13dabfea862471,matt_shadows
d13ea0246a75d1e,splm/mtl_p8_zm_zod_curtain_reading_writing_lt
d1400e82d944a6c,scope_ir_sniper_quickscope_restriction
d143e12bc354c68,default_end_game_scene
d147120504af867,juke_rumble_start
d14bfac3a35dccf,mp/hud_emp
d14c87b3ba70c49,gsoc_zm_power
d15272efbf062de,mc/mtl_p8_zm_zod_turbine_pipe_stabilizer_decal_grunge_01
d1534a0e25a5cc8,ei/gfx_gel_drops_em_gp_i16|dup
d1541abca171907,defaultweapon_tunables
d15b7cf445e2188,entity_talon_plr
d1662d9c331239e,zm_office_debris_roll_door_xmodel
d1679420058ced8,spoon_alcatraz_flourish_zm
d1726a6485fed1e,quote_plans_be_dark_and_impenetrable
d176980d30f18b2,sniper_mini14_t8_zm
d179529edc78695,mc/t8_glass_dirty_01_transparent
d17c47d760b2930,loot_emote_shared_tai_chi
d17cc7d16033aea,menu/scorestreaks_caps
d18644260d51b91,microscope
d1896571c89f2e9,shrapnel_mini_turret
d18d417cedcd1f6,weapon/tr_midburst_t8
d19c02466f62ec1,quote_noone_can_guarantee_success
d19cded025f64c4,core_ffotd
d1a31d3585cf8c2,ai_t8_zombie_traverse_ground_dugup
d1a57bfdc29515a,zombie_perk_bottle_bandolier_zm
d1ad593e0042401,sprint_rumble_end
d1b1f44dd4d669e,menu/arena_desc
d1bdfa5f7482249,menu/systems_caps
d1c4ec0c502e1e4,mc/global_diffuse_skin
d1ceb0fb21de0f9,explosions/fx8_exp_rocket_lg_dirt
d1d47990642a2b1,arcaneaggression_task
d1d4f9f71ac6926,i_wpn_t8_pistol_standard_grip_sig_01_s
d1d509f71ac6ad9,i_wpn_t8_pistol_standard_grip_sig_01_r
d1d639f71ac8b22,i_wpn_t8_pistol_standard_grip_sig_01_g
d1d6b9f71ac98ba,i_wpn_t8_pistol_standard_grip_sig_01_o
d1d6c9f71ac9a6d,i_wpn_t8_pistol_standard_grip_sig_01_n
d1dfb82ebcbdb7d,perk_tortoise
d1e47e73339f91e,time_pauses_when_in_zone
d1e541478c3b50e,prestigemaster_mp
d1e5b7a0781f7eb,zm_castle_zombie.ai_am
d1ee4b2891cd3ff,mc/mtl_p7_zm_sta_cabinet_antique_dirt_01
d1ee5b2891cd5b2,mc/mtl_p7_zm_sta_cabinet_antique_dirt_02
d1f070a491aace1,maps/zm_escape/fx8_wolf_portal_hell
d1f3318db3990d3,weapon/fx8_hero_flamethrower_blocked
d1f66b695289172,camo_dlc4_zombie_maitai_bundle_shop
d205f1fe3bea545,splm/p8_zm_esc_table_wood_ornate
d207e7365f4c133,presence/notingame
d20812e81853734,zmweapon/smg_minigun_t8_upgraded
d208e15b358a926,mc/mtl_p7_shr_chest_wood_sml_09
d208f15b358aad9,mc/mtl_p7_shr_chest_wood_sml_08
d209415b358b358,mc/mtl_p7_shr_chest_wood_sml_03
d209515b358b50b,mc/mtl_p7_shr_chest_wood_sml_02
d209615b358b6be,mc/mtl_p7_shr_chest_wood_sml_01
d209815b358ba24,mc/mtl_p7_shr_chest_wood_sml_07
d209915b358bbd7,mc/mtl_p7_shr_chest_wood_sml_06
d209a15b358bd8a,mc/mtl_p7_shr_chest_wood_sml_05
d209b15b358bf3d,mc/mtl_p7_shr_chest_wood_sml_04
d20c608b19c7308,warzone_compass
d20cd56278d732a,mc/mtl_p7_zm_asc_panel_plastic_red_04
d2110eff6567099,zm_pointslosstype
d21257d4a853936,pb_melee_male_draft_select_to_preready_3
d2184365cc6d3db,stalker
d21e22aeeb3cd62,mcp/hud_outline_model
d2240d14e488e8b,mc/mtl_p7_zm_ctl_phone_military_vintage_metal_01
d2241d14e48903e,mc/mtl_p7_zm_ctl_phone_military_vintage_metal_02
d2242d14e4891f1,mc/mtl_p7_zm_ctl_phone_military_vintage_metal_03
d22ed0c9b85875e,key/lctrl
d22f13605d19eb9,activecamoinfo_t8_direct_action_kills_solarflare
d2315df8c3e1636,paper_cup
d234df2c6de9e48,beam8_zm_viper_sword_lvl2
d235029bb11c074,abr_3_crates_shop
d2394bceb007028,mc/mtl_p8_zm_esc_console_monitor_screen
d2408f9d0856c90,pb_backhander_fem_draft_transition_1
d240af9d0856ff6,pb_backhander_fem_draft_transition_3
d240bf9d08571a9,pb_backhander_fem_draft_transition_2
d240cf9d085735c,pb_backhander_fem_draft_transition_5
d240df9d085750f,pb_backhander_fem_draft_transition_4
d246a8bd5834fd3,activecamoinfo_t8_sig_sniper_fastrechamber_western_zm
d2494518ece416e,activecamoinfo_t8_direct_action_kills_shattered
d24cebed0a8ec7b,shotgun_fullauto_t8_mp
d2526241dfd475b,mc/mtl_attach_t8_loot_smg_burst_ext_barrel_sig
d252f98a0d34c9f,events_deployable_cover_kill
d25426c7191cb12,pc_cursor_immediate_lock_inventory
d25844d3deffba8,splm/p8_zm_esc_fast_travel_track
d25a4e985df5d5b,blind_swat_grenade
d25c188e603ad84,weapon/fx8_hero_sig_disrupt_active
d2676a4b4b08604,pc_steadyaim
d26c333ff1f6c51,splm/mtl_p7_zm_sha_train_track
d26f08d76a16c08,mc/mtl_veh_t7_zhd_tanker_truck_body02_paint
d272d013fc30895,weapon/grapple
d274874e80e5b26,lmg_stealth_t8_upgraded_tunables_zm
d277abc740f9621,dog_ai_defaultmelee_tunables_zm
d2780aef1d5199d,wc/t8_fiberglass_ceiling_tile_01_2x2
d27978396bc8991,dualoptic_smg_fastfire_t8_tunables_mp
d27c987c60bd6e4,scripts/zm_common/zm_stats.gsc
d27ca84bb391b68,i_mtl_p8_zm_esc_cryo_chamber_pod_screw_01_n
d27e7d393fd7192,eq_molotov_zm
d28747a078a76eb,zm_castle_zombie.ai_bt
d288ccc30381f88,hero_flamethrower_scoreevents
d28c08feaa399fc,menu/waypoint_protect
d28e9e83b513f20,spawner_zm_ghost_hound
d293a0d04ab53cd,events_attack_chopper_objective_assist
d2943ef6e41295b,maps/zm/zm_office.d3dbsp
d294657b1faa812,trigger_config
d297d5a93f18d76,mc/mtl_p8_zm_esc_box_cardboard_c_closed_damaged
d29e67f73f3e021,ei/gfx8_dust_mote_long_lit
d2a78cd96902347,prestige3_wz
d2aa9d6ca89d7f0,codcaster_qs_player_hud
d2bda4cba3cccbe,hero_sword_pistol_lv1_tunables_zm
d2c0474517a8626,talisman_weapon_reducepapcost
d2c95860db2c869,zombie_perk_totem_death_perception_zm
d2dd931694383b4,mc/mtl_p8_zm_zod_scale_food_set_meter_decal_02
d2ddc31694388cd,mc/mtl_p8_zm_zod_scale_food_set_meter_decal_01
d2e01e1ac1e8f3f,camo_active_dlc1_dogfight_wrapper_shop
d2e260ec67fded8,scripts/core_common/ai/planner_squad_utility.gsc
d2e7548c7dfc406,zombie/fx8_perk_zombshell_aoe
d2e851b140a2455,pistols_task
d2edc7ee321de81,scope_ir_lmg_heavy_restriction
d2fcd9bc6b008d8,book
d306d2e7cd05214,explosions/fx8_exp_grenade_surface_snow_child
d30e8d27c719e14,pc_expander_monitordistance_adssensitivity
d310a26870c9133,loot_contract_deep_voyage
d3114f8f52ed2ad,surface_enter_xtreme
d31a4ff2b5c4ce4,mc/mtl_p8_zm_esc_book_07_cover
d31aa811535dc49,medal_elimination_and_last_player_alive
d31cb900bd1ac99,language_polish
d321a48329142a6,acog_tr_damageburst_t8_tunables_mp
d32443ae5ebf872,events_battle_shield_fire
d32521478d45ab2,prestigemaster_wz
d32bb97914d4404,weapon/launcher_standard_operator_t8
d32ea9b430553ba,medal/first_kill
d32f7fb63732c28,leaderboards_player_list
d33a599064be1ab,scorestreak_overwatch_snipers_restriction
d33f86183d20130,vd/t8_decal_blood_splatter_wall_directional_01|dup
d343b5cbcd362d0,i_mtl_p8_zm_esc_nixie_metal_grill_m
d343e5cbcd367e9,i_mtl_p8_zm_esc_nixie_metal_grill_n
d34495cbcd37a9a,i_mtl_p8_zm_esc_nixie_metal_grill_c
d34a0aa9273f87f,zmweapon/tomahawk
d34afd6d1687128,gd_c_t8_mp_spe_battery_knight_arms2
d34b2d6d1687641,gd_c_t8_mp_spe_battery_knight_arms1
d34bc94f168f56d,achievements/points
d34c4f0625f3446,presence/ct
d351bf4a40ed2b8,mc/mtl_p7_fir_targetdummy_rail_color_01
d3529807b61143a,explosions/fx8_exp_grenade_surface_wood_child
d35798bd591dc83,activecamoinfo_t8_sig_sniper_fastrechamber_western_wz
d35d0ebaeaff16b,menu/contract_sergei
d35e4331aed622c,mc/mtl_p7_zm_isl_specimen_container_weld_01
d35e60246c43cb8,splm/mtl_p8_zm_zod_curtain_reading_writing_rt
d35faa341ba3325,gamedata/ddl/generated/dlog_event_mpspawnpointsused.ddl
d36a140c6aa8c03,splm/mtl_p8_zm_esc_bodybag_bloody_upperpart
d36c5d7fe8ab673,objectivefields_default
d370fb7e32d1a89,scripts/core_common/scene_actor_shared.gsc
d3713dbbdd90aaa,ei/gfx8_fog_slow_md_anim_lit_full_lite_half|dup
d3842f11b4b0d56,em/bone
d387123e63569ce,scene_frontend_t8_zm_male_team_1_butler
d3877904c509456,look_sensitivity_ads_scalar_highzoom
d3916c363e9b980,loot_contract_nomad_muertos
d391fe131aca983,mc/mtl_p8_zm_esc_press_steel_small_rubber
d392289085890d6,attachment_extbarrel2_smg_accurate_restriction
d399fa2f91e378c,killstreak/straferun
d39cae22091adf6,ar_an94_t8_mp
d3a430113474e56,melee_cutlass_t8_mp
d3a5309fa2c9b80,hero_gravityspikes_t8_lv3
d3a5409fa2c9d33,hero_gravityspikes_t8_lv2
d3a5509fa2c9ee6,hero_gravityspikes_t8_lv1
d3a82716b9e01ed,hero_katana_t8_lv2_tunables_zm
d3aa267ed3cb74b,splm/p8_cables_electrical_double_64
d3ae25e0187143e,mp/round_draw
d3b21e7a0b2e0b0,loot_emote_exotic_shared_spike_football
d3b373f67b75c3d,challenge/darkops
d3b770ce079be8e,acog_lmg_standard_t8_tunables_mp
d3bbe2509b1fdc6,mc/mtl_p7_wes_trunk_chest_decal_01
d3bf31e0d11cc10,mc/mtl_p8_zm_esc_shock_box_decal_glass_01
d3c13c56d436d86,mcs/mtl_p8_wine_barrel_01_lid_top
d3ccfc2be063ea9,pfx_fire_sml
d3d0b2a43471932,mc/mtl_p7_zm_moo_fuel_tank_02_grey
d3db133de779f81,lb_mp_gm_dom
d3dbcc86e261ad2,contract/bankshot
d3dd1508b8cfae6,p8_zm_esc_bldg_64_window_tunnel_01
d3e1cfde69f05d6,vd/t7_dirt_rocky_01_blend
d3e2362a45ec98a,wz_character_richtofen_ofc
d3e3862ca16489a,attachment_fmj_pistol_fullauto_restriction
d3e49ffc27f1e8e,shroud_custom_settings
d3e4e065f1b9600,vd/t8_decal_blood_puddle_floor_01_dark
d3e572e54b6a8c1,shotgun_fullauto_t8_upgraded_tunables_zm
d3ebdf062677ce6,presence/dm
d3ef664ae2d584b,menu/contract_stuhlinger
d3f03396e2f8868,i_mtl_p8_wz_ep_bomb_m80_c
d3f09354806fd4f,c_zom_der_hellhound_ghost
d3f294208202cc1,zombie/cola
d3f37b24bf19786,acog_lmg_heavy_t8_tunables_mp
d3fb8921872badc,mpui/quickdraw
d3fcbafad85a7c8,mc/mtl_p8_wz_ep_banana_01
d403bd039e8d06f,loot_emote_zapoc_nuke_shop
d4083c0f1e954e5,weapon/under_barrel
d40aade6944dccf,pc_scoreboard_wz_hold
d4133c4cf0346e0,mc/mtl_p8_wz_ep_book_demon_cover_back
d413990852f72d8,mpui/jungle2
d414a0d417fffbd,mvp_koth_hvo
d41514b44b7a2d6,zm_popcornhealthmult
d425339ed93d6a1,pc_centerview
d4288d9458807ab,attachment_extbarrel_smg_standard_restriction
d42c79ffc5f952e,menu/x_weapon
d4330d980d6f130,mc/mtl_p7_jun_foliage_tree_burnt_damage_decal_03
d4331d980d6f2e3,mc/mtl_p7_jun_foliage_tree_burnt_damage_decal_02
d43611478e2e762,prestigemaster_zm
d4364664d20d557,steadyaim2_shotgun
d4384a8d215e8d0,metal_pan
d4392c8af2cfa97,i_mtl_p8_zm_elixir_icon_shopping_free_c
d442f04fcf2c8c2,melee_amuletfist_t8_tunables_mp
d44755dc31cfa52,uber_bipod
d44766c022f2266,impacts/fx8_bul_impact_fireworks_head_fatal_exit
d44ccc1e374a963,mc/mtl_wpn_t8_tr_midburst_laser_sig_02
d44cdc1e374ab16,mc/mtl_wpn_t8_tr_midburst_laser_sig_01
d45409b7e3f8cf1,mc/mtl_p7_zm_mob_cell_sink_set_iron
d455151160f0de9,zombie_perk_bottle_cooldown_zm
d4559368d05878b,zm_ai/fx8_elec_shock
d4577d7a38160a0,lb_mp_gm_dm_arena
d4584ceb9eef94c,attachment_supply_launcher_standard_restriction
d45a2a076cee35d,quote_fear_cloaked_in_courage
d45f308c6bfad71,mcp/hud_outline_model_orange_calpha
d46181579ac23b3,impacts/fx8_bul_impact_wood_uw_xlg
d4623559d21eea0,pistol_revolver_t8_gold
d469b9f22b8abaa,zdogfootstep_walk_zdog
d46b888e18d8789,i_mtl_p8_zm_esc_cypher_07_c
d4729c6cb45444a,reflex_tr
d473c1c287a4fd8,camo_dlc3_bacon
d476afd9e56cfb7,mc/mtl_p8_zm_esc_chemistry_kit_clamp_02_wood
d476ef61cfa5bf3,mc/mtl_p7_slu_fire_hydrant_metal_grunge_decal
d479d6a93e14dcf,mc/mtl_p8_wz_ep_grill_barbecue_dirt
d47ab5cd1e7b732,zm_weapons/fx8_tomahawk_trail_charged
d47e1c5911b532e,lf_chest_glow_corvus
d48e2a535fe3927,menu/charlie
d49564607683af9,outfit_warrior_base_pal_exo1_ruin_sunset_bundle_shop
d499a0ddadd78c7,scripts/autogenerated/luielems/zm/zm_towers_pap_hud.gsc
d49d067793e3f79,equipment_combataxe_restriction
d4a0ddc9c505967,mc/mtl_p8_wz_ep_bomb_m80
d4a36921f5e48f0,zm_bgb_immolation_liquidation
d4a7e4fa92d24e1,language_russian
d4aa346195ff704,zmstartweapontable
d4accbccb2592c4,mc/mtl_p8_zm_zod_turbine_condenser_main_support_metal
d4b1a6a7cc31e1c,eq_concertina_wire_mp
d4b6daa937deebc,mc/mtl_p7_zm_mob_chair_electric_dirty05
d4b6eaa937df06f,mc/mtl_p7_zm_mob_chair_electric_dirty04
d4bbf893ea66137,mcs/mtl_c_t8_zmb_mob_ghoul_head
d4bf83740f83b62,scope_mms_smg_handling_restriction
d4bfbee934372eb,aib_vign_zm_mob_brutus_grand_attack
d4c7611326a858c,ar_mg1909_t8_upgraded_zm
d4dc0e0f9355d07,spknifeork_flourish_tunables_zm
d4dd566c0f4c972,zombfootstep_run_zomb
d4de632931b7580,zmui/mansion
d4e0297e7d09306,mc/mtl_p8_zm_esc_lab_monitor_plastic
d4ea7da80ac9ee6,shotgun_pump_t8_tunables_mp
d4ecfd7d55314e9,maps/zm_escape/fx8_magicbox_flare
d4ef3cc8646c105,mp/claymore_hacking
d4f013ad65b6e27,zm_bgb_sword_flay
d4f362894cbd39e,menu/legacy_southpaw
d4f3d90b52924dc,gamedata/ddl/generated/zm_loadouts.ddl
d4f73a49688d33c,fx_char_gib_chunk_bone02
d4f76a49688d855,fx_char_gib_chunk_bone01
d5019b20f9b4ac7,weapon/vzoom
d50b92a46e5216e,i_mtl_p8_zm_elixir_icon_stock_option_c
d50f1a386d72927,em/iris
d511be90aa87ca1,platform/campaign_available
d511fa8264f8744,scripts/autogenerated/luielems/zm/zm_arcade_keys.csc
d51355cfa4b02ef,i_mtl_p8_zm_esc_citadel_stairs_03_m
d51365cfa4b04a2,i_mtl_p8_zm_esc_citadel_stairs_03_n
d51825a08212949,outfit_global_warpaint_bundle_diamonds_shop
d518d33de880b5f,lb_mp_gm_dem
d51ccdc82ea3c0f,p8_decal_graphics_number_1_charlamagne
d5201ab7cd6d8a3,killstreak/planemortar
d5217b953a8e159,i_t8_zm_esc_concrete_slabs_blood_2x2_g
d521bb953a8e825,i_t8_zm_esc_concrete_slabs_blood_2x2_c
d521eb953a8ed3e,i_t8_zm_esc_concrete_slabs_blood_2x2_n
d5223c6cb4f419d,reflex_wz
d52986a2e3fa0f5,rob_test_character_ice
d52db291dbbd257,menu/content_filter
d534835676d4bf0,c_t8_zmb_3rdclass_male1
d534b35676d5109,c_t8_zmb_3rdclass_male2
d534f8f0811c7ca,quote_you_will_never_do_anything_without_courage
d53641f519f5e91,splm/mtl_p7_pipe_metal_hp_12_flange_rust_dmg
d53ae938b49a6fa,knife
d5413448a10358e,mc/mtl_c_t8_bo_soldier_seal_ar1_scarf
d5429c21eb17fd4,zm_talismanshieldprice
d54a818647aac8c,menu/points_caps
d5515ba36085299,director_online_mp_public
d55d258c08c242f,vd/t7_decal_damage_plaster_damage_01
d56219fd1245587,mc/mtl_p8_zm_zod_light_lamp_desk_woven_trim
d5650de5fafd1c7,wc_overkill_restriction
d56762787a246e8,wraith_fire_fire_small_zm
d56b2c3c79fc881,mc/mtl_p8_zm_esc_beaker_decal
d5705850129a0a2,scripts/core_common/scene_vehicle_shared.gsc
d57174832b059ca,acog_tr_damageburst_t8_tunables_zm
d575185539f455f,mc/mtl_p7_wes_cell_jail_rustic_set_decal_01
d575285539f4712,mc/mtl_p7_wes_cell_jail_rustic_set_decal_02
d57c1ba7a3d841f,mc/mtl_p7_zm_der_chainlink_fence_kit_door_01
d57e9ccb35e5add,c_t8_zmb_ofc_zombie_male1_gib_def
d58a5db917b79b1,prestige5_zm
d58a793945dc117,vd/t8_zm_esc_plaster_paint_peel_02_blend
d597b8d3b05137b,mod_dot
d5a0cb263faaaa1,loot_emote_exotic_shared_stabby_banana
d5a6c8763c8cbdd,pc_aspect_ratio
d5ab5c9dc8adf77,vd/mtl_p7_decal_ctl_grunge_stain_dark_01
d5af0644ce0a720,scripts/core_common/exploder_shared.csc
d5b0643252467de,menu/shield_caps
d5b11c63c41c427,menu/party_privacy_friends_only
d5b1a9f68f2cc39,ei/gfx8_water_bubble_group_em_pb_i16
d5b58a7c44e0bc9,loot_contract_prophet_muertos
d5b5dba18179cc3,zombie/shaw
d5b6ca92bd02c5c,smg_drum_pistol_t8
d5bc5a629731e1c,vd/mtl_loot_ui_icon_tags_halloweenevent_phantasm
d5c66f9afad7949,attachment_fmj_sniper_powersemi_restriction
d5c7e99b9b9c6e3,zhield_turret_tunables_zm
d5cb0e028a83238,vd/t7_decal_grunge_ceiling_water_stain_drk
d5d1d174500acba,splm/mtl_p7_slu_door_white_frame_02
d5d2c9e23bc521e,voip_killers_hear_victim
d5d48f31ecec388,wc/t7_dlc1_water_lazy_river
d5d8b754e7e0906,pb_melee_alt_male_draft_readyup_4
d5d8c754e7e0ab9,pb_melee_alt_male_draft_readyup_5
d5d8d754e7e0c6c,pb_melee_alt_male_draft_readyup_2
d5d8e754e7e0e1f,pb_melee_alt_male_draft_readyup_3
d5d90754e7e1185,pb_melee_alt_male_draft_readyup_1
d5e165e2d3eb302,ei/gfx_exp_alpha_anim_em_gp_i16_desat
d5e188bc784884c,zm_bgb_dead_of_nuclear_winter
d5ea91cd664bd9b,pc_motion_blur_quality
d5ec9b075bc5660,p8_zm_esc_pipe_metal_4_coupling_01_rust
d5f2cb911698667,notosans_light
d5f7c80d34cee9e,sniper_mini14_t8_mp
d5fb9cb8a9ea53d,medal_tempest_x2_multikill_summary
d5fec7d27554fe4,mc/mtl_p7_wes_cane_wood_vintage_metal
d601e598d2af66a,craft_paintshopdata
d60840ce098f0e2,acog_lmg_standard_t8_tunables_zm
d6090e20fcfc2c3,challenge/level_5
d6094e20fcfc98f,challenge/level_1
d6095e20fcfcb42,challenge/level_2
d609be20fcfd574,challenge/level_8
d61168f93739083,player/fx8_plyr_pstfx_acid_smoke
d6137aa2004db90,rank/xp
d61765278d422af,charm_petrock
d61ff0e9733e8b6,zhield_spectral_turret_upgraded_zm
d627b24abaea617,mc/mtl_wpn_t8_zm_perk_bottle_foam_bloodwolf
d62862df05b4be7,gamedata/ddl/generated/dlog_event_test_array.ddl
d629e01802a0be4,pb_melee_swim_idle
d630dea0cd91aa8,lb_mp_anticheat_koth_hc
d6316c143c530c8,perk_ghost_restriction
d6369c9517524f1,p8_kit_zt8_exd_05_trim_05_corner_inside_curved_painted_metal_32_01
d63f1918c92a85d,menu/play_online
d63ff0dcf6ec4bb,mc/mtl_p7_zm_moo_gate_teleporter_dirty_01
d64000dcf6ec66e,mc/mtl_p7_zm_moo_gate_teleporter_dirty_02
d6434b24c10aeaa,acog_lmg_heavy_t8_tunables_zm
d643b424f94643c,mcs/t8_decal_blood_footprint_random_generic_01
d644aadc1626b4b,zombie/magic_box_empty
d654541b174833c,i_mtl_p8_wep_ceiling_structure_beam_rust_01_n
d654a41b1748bbb,i_mtl_p8_wep_ceiling_structure_beam_rust_01_c
d6571ac32c3c12a,mc/mtl_p8_wz_ep_pinwheel_plastic
d65badaedec5191,codcaster_ds_scorestreaks
d65e0633f4bdfda,sticky_grenade_widows_wine_tunables_zm
d65f0b9783c3d00,store/purchased
d65f8d1a012532a,medal/molotov_kill
d66a9f5776f1fba,zombie/fx8_magicbox_marker
d66f2705986f191,loot_tr_flechette_mk2_bribe
d672fbbe7bdaf00,medal_destroyed_cover
d6754dd35e1c16a,scripts/zm/zm_trap_electric.gsc
d67adf9957a6c2a,key/pgdn
d67ce382eda44e1,menu/lb_deaths
d67e7e14d596701,battle_shield
d682f63cc545f32,wc/t7_decal_damage_paint_peeling_thick_dirty
d68a42ba4019db9,mc/mtl_p7_crate_wood_02_long_lid_metal_blend
d68f0b827bdba25,mpui/seaside
d6903d62ef54b2e,mc/mtl_wpn_tac_rifle_mid_burst_mag_mk2
d691edefbd5637c,mc/mtl_wpn_t8_lmg_heavy_stock_rabbitleg_sig_02
d6a33041d0c336c,events_spawn_beacon_vanguard
d6a91689b4f8202,vd/t7_zm_sha_rock_cliff_01_moss_blend
d6a92fda41452d8,proximity_grenade_tunables_zm
d6a98d5e66dccd6,attachment_suppressed_tr_midburst_restriction
d6a9dcaa1fb134b,menu/date
d6aa371f60dc35a,weapon/sniper_mini14_t8_operator
d6af08f5e2de792,launcher_standard_t8_upgraded_tunables_zm
d6b042e058b1be5,pc_ui_navdown
d6b76457ef8f24c,emotes/close_call
d6b806244114d14,wc/t8_decal_blood_streaks_wall_heavy_01
d6bacccb20c09cf,menu/waiting_select
d6bc3cfc04a39fb,mc/mtl_p7_zm_asc_hose_set_decal_02
d6bc4cfc04a3bae,mc/mtl_p7_zm_asc_hose_set_decal_01
d6bc8cfc04a427a,mc/mtl_p7_zm_asc_hose_set_decal_05
d6bf3a3749c31cd,menu/armory
d6d2f7fcd048d41,wc/t7_zm_moo_metal_paint_lined_white
d6d586247a1911a,attachment_steadyaim2_smg_fastfire_restriction
d6d84abd3bc0f8c,prt_wz_misty
d6d98060ce88b87,menu/quit_game
d6dafa05b9c471c,pc_dynamic_shadows
d6dca794f4d6ae7,mc/mtl_p8_wz_ep_grill_barbecue_decal
d6e737e18961bdc,mpui/shoutcaster
d6e8c8d72eb5c33,menu/setbacks
d6e9806ed09094e,quote_i_have_never_advocated_for_war
d6efad39439947e,eq_molotov_mp
d6f2e9d2c0d4efc,mc/mtl_p8_wz_ep_treasure_chest_silver
d6f908bd549676f,mc/mtl_p8_zm_esc_turbine_generator_pipeparts
d6fa9b4793e1694,grenadier_sd_hvo
d6fd0d17b1bfefa,dualoptic_lmg_heavy_t8_upgraded_tunables_zm
d700a1ec0c16b34,weapon/no_los
d7087dfa4e68cf5,gd_c_t8_mp_spe_hacker_arms1_cst
d70eec40186f284,loot_contract_spinal_trap
d7134b6a8d4d929,mc/mtl_wpn_t8_zm_broadside_cannon_back_barrel
d718be46a94371f,prt_wz_nikolai
d726946134fa435,vd/t7_wes_wood_cedar_blend
d72ae77fa66a453,scripts/core_common/scene_shared.csc
d72fd884d2b7390,i_p8_cigar_lit_g
d7301884d2b7a5c,i_p8_cigar_lit_c
d7305884d2b8128,i_p8_cigar_lit_o
d7306884d2b82db,i_p8_cigar_lit_n
d733520f385b446,wc/t7_zm_moo_metal_support_panel_01
d735da166428851,menu/purchase_camo
d739c8a39c9361e,uie_tiled_multiply
d73a2a78bfd5278,ei/gfx8_smk_sm_thick_bulb_anim_em_pb_i16|dup
d73b6ecc18e4c39,mpui/desc_offshore
d741260aae2e516,c_default_annhilate_gib_def
d74a4da80cd690a,shotgun_pump_t8_tunables_zm
d74dbb5d1c7529b,splm/p8_debris_concrete_02_chunk_01
d74dcb5d1c7544e,splm/p8_debris_concrete_02_chunk_02
d74ddb5d1c75601,splm/p8_debris_concrete_02_chunk_03
d74deb5d1c757b4,splm/p8_debris_concrete_02_chunk_04
d74dfb5d1c75967,splm/p8_debris_concrete_02_chunk_05
d74e0b5d1c75b1a,splm/p8_debris_concrete_02_chunk_06
d74e1b5d1c75ccd,splm/p8_debris_concrete_02_chunk_07
d7500ad48e93a1f,bowie_knife_story_1_zm
d75058b374c36ca,status_effect_slowed
d75367b42997d04,pc_damagebased_hitmarkers
d75cb05341d353b,director_online_wz_custom
d77b1201cfdf293,c_jap_takeo_zm
d77ead59bf31420,warzone/blundergat_desc
d782e2edbf5d95c,mc/mtl_wpn_t8_zm_perk_bottle_foam_secretsauce
d7835133aa2daa1,smg_folding_t8
d78620f02e54a8f,ec/gfx_gib_glass_pcloud_01_lit
d78f0385b88c365,loot_emote_exotic_shared_police_badge_shop
d79278c2813da8c,events_deployable_cover_objective_assist
d798c5b3eeca0a2,menu/victorious_tortoise
d79b4c765b0decc,tr_leveraction_t8_tunables_zm
d79d426675b31a5,gsoc_zm_wallbuys
d79db5c45ad6024,uie_elliptical_ring_rft
d79f3c1012fd3c5,lmg_spray_t8_upgraded_zm
d7a141b1e04e8a7,maptable_wz_base
d7abb3373fab887,zmui/suppressor_desc
d7acc1a0e9bbc6b,mc/mtl_wpn_t8_zm_perk_bottle_foam_bandolier
d7b733f61988e83,smaa_resolve_filmic_work_queue_compute
d7bdb221e8671ed,paralyzer_sd_hvo
d7c04c5727f2a94,mc/mtl_veh_t7_zhd_tanker_truck_body02_plastic
d7c0ec2831c8746,weapon/fx8_muz_md_gas_flash_1p
d7d20421a56f595,mc/t8_metal_chainlink_dark
d7d45fdf8dbacde,zod_idgun_vortex_interior
d7d75c0e0f6b406,gd_c_t8_mp_spe_outrider_apocalypse_arms1
d7d84509b62f422,scripts/autogenerated/luielems/zm/zm_location.gsc
d7dfae68bc4a556,mc/mtl_p7_zm_kin_printer_office_small_switch_plastic_black
d7e07bc434e612e,mc/mtl_p8_wz_ep_teabag_tea
d7e1d993c0e7deb,menu/recruit
d7e238212b60085,mc/mtl_p7_mirror_wood_ornate_mirror
d7e3faae5f79dc1,mc/mtl_wpn_t8_smg_accurate_runes_sig_03
d7e8b729587f5dd,splm/bullet_collision_metal
d7f0b4460553390,i_mtl_p8_zm_zod_door_watertight_set_metal_02_m
d7f0e44605538a9,i_mtl_p8_zm_zod_door_watertight_set_metal_02_n
d7f401ad35aa671,em/goop
d7f655d54305892,pstfx_infrared
d7f7be3588082a7,codcaster_qs_xray
d7f958e004a15bc,defaultranktable
d7fb8a5f9783ac7,ofc_dempsey
d8057708709b7a8,menu/zombshell_mod
d80a3309d6b729e,activecamoinfo_t8_fast_direct_action_kills_treasure_wz
d80a54e05d2f352,outfit_flecktarn_base_pal_com6_battery_shop
d80d8c1c0b133ec,mc/mtl_mphd_forklift_decal09
d80d9c1c0b1359f,mc/mtl_mphd_forklift_decal08
d80dcc1c0b13ab8,mc/mtl_mphd_forklift_decal05
d80ddc1c0b13c6b,mc/mtl_mphd_forklift_decal04
d80dec1c0b13e1e,mc/mtl_mphd_forklift_decal07
d80dfc1c0b13fd1,mc/mtl_mphd_forklift_decal06
d80e0c1c0b14184,mc/mtl_mphd_forklift_decal01
d80e2c1c0b144ea,mc/mtl_mphd_forklift_decal03
d80e3c1c0b1469d,mc/mtl_mphd_forklift_decal02
d813fcbc979603a,scripts/zm_common/trials/zm_trial_defend_area.gsc
d815f23810b82e3,mc/mtl_p7_vent_ceiling_planes
d8209bbe0af4073,wc/t7_wood_worn_painted_white_striped_peeling
d82365a0e6e2c8e,mpui/mountain2
d824004daff4236,weapondeathfx_fireworks
d8250613638bf92,attachment_suppressed_ar_stealth_restriction
d8267bb818c4f9a,loot_smg_capacity_mk2_bribe
d82d9eefe038953,i_attach_t8_smg_capacity_gauge_sig_02_c
d83599d2c4b93b1,gd_c_t8_mp_spe_seraph_heist_arms1
d841892559c9629,deferred_permute_uber_resolve_volumetrics
d842c2f726e2a94,scope_reflex_lmg_heavy_restriction
d846905ec741700,mc/mtl_p7_metal_panel_piece_plates_solid_painted_yellow
d8476eb5e42f4b9,dualoptic_lmg_standard_t8_upgraded_zm
d84790b11a42a9f,events_seeker_shock_mine_paralyzed_objective_enemy
d84ac8f9d683bcf,wc/t7_metal_ribbed_panel
d84b8db91a0d4e5,prestige5_wz
d851b47994ea820,menu/friends_caps
d86f65ed4fd83c6,em/cylinder
d874e7f412bab6c,gamedata/ddl/generated/dlog_event_crash.ddl
d876b86913664cc,scripts/core_common/ai/phalanx.gsc
d876ba74e335e14,mc/t8_zm_esc_girder_support
d879e757cb1995e,mc/t7_ra2_metal_trim_leaf_gold
d87a39c0fe06ca1,menu/prestige_master
d88026964c94600,vm_crouch_to_prone
d8835684b1a7adc,mc/mtl_p7_zm_kin_chair_decal_1
d8838684b1a7ff5,mc/mtl_p7_zm_kin_chair_decal_2
d884d3b02cf5ccb,entity_katana_player
d8863d0b864a48b,talent_ironlungs
d8872f60a5809eb,mc/mtl_p7_zm_mob_chair_electric_pipe02
d8873f60a580b9e,mc/mtl_p7_zm_mob_chair_electric_pipe01
d8947118b311cab,reflex_sniper
d89ca5a10180c21,lmg_standard_t8_tunables_mp
d89f2b277e97159,talent_ghost_mp
d8a29ffaeadfbaf,ei/gfx_web_strands_03_lit|dup
d8ac4a71f045104,mc/mtl_p7_spl_buoy_plastic_red
d8ae5794176acf0,attachment_stalker_ar_standard_restriction
d8b1dcf58f240f1,impacts/fx8_bul_impact_dirt_sm
d8b662ed4aa34f3,mc/mtl_p8_zm_esc_lab_monitor_main
d8ba3059b5e82e4,zombie/electric_switch
d8bbbeae443c43d,medal_kill_enemy_with_their_weapon
d8c595402d7f630,wc/t7_metal_grate_trim_01
d8c5c5402d7fb49,wc/t7_metal_grate_trim_02
d8ce62d35845ae3,mc/mtl_p8_zm_elixir_icon_head_drama
d8d79bcb9429f58,mc/mtl_p7_zm_moo_radar_dish_vista_set_frame_01
d8d7cbcb942a471,mc/mtl_p7_zm_moo_radar_dish_vista_set_frame_02
d8da2cd4e95e018,adsreload
d8dcb639b1e4cbd,wc_perk1greed_restriction
d8dcf7a8f91ec4c,mc/mtl_p7_shr_weapon_shield_01_metal_01
d8dd0f7fd974c1a,killstreaks_give_game_score
d8dd17a8f91efb2,mc/mtl_p7_shr_weapon_shield_01_metal_03
d8dd1ad32d93eff,pc_monitor_distance_sensitivity_scaling
d8dd27a8f91f165,mc/mtl_p7_shr_weapon_shield_01_metal_02
d8dd61e5d161570,zm_shield_damage
d8e0263f11d866e,zm_elixirdividendyield
d8e0b692162a706,el/gfx_trail_laser_em_pb_i16
d8e847afdf9020c,weapon/fx8_hero_flamethrower_end_3p
d8e91dea648b948,splm/black_40_matte
d8f2d04fd32b0d6,melee_amuletfist_t8_tunables_wz
d8f2fb6ec95501a,ei/gfx8_fog_slow_sm_anim_lit_full_lite_half
d8f856a5ea7cad0,scene_frontend_t8_wz_male_team_0
d8f866a5ea7cc83,scene_frontend_t8_wz_male_team_1
d8f876a5ea7ce36,scene_frontend_t8_wz_male_team_2
d8f886a5ea7cfe9,scene_frontend_t8_wz_male_team_3
d8f896a5ea7d19c,scene_frontend_t8_wz_male_team_4
d8f8a6a5ea7d34f,scene_frontend_t8_wz_male_team_5
d8f9107c9a9d465,pb_t8_zipline_idle
d8fdd4f99a37e8f,mc/mtl_wpn_t8_tr_midburst_wings_stock_01_sig_02
d8fef2f732dec91,wc/t7_zm_isl_decal_signage_stripe_caution
d8ff5e03592fd99,menu/confirm
d9018ee4053e35c,prt_mp_outrider
d9061e22ce5875f,mc/mtl_p8_zm_zod_sports_baseball_glove_leather
d90815a449edc12,impacts/fx8_bul_impact_metal_xtreme
d90cd6c15c6809b,el/gfx8_liquid_trail_em_pb_i16
d9154ab5a7859f7,mc/mtl_t8_zm_ctl_blob_115_bubbles_talon_spikes
d9156ceffe4c9c5,fxb8_zm_char_wolf
d917b3e332dcc78,mod_trigger_hurt
d91b34268cf59df,lmg_stealth_t8_tunables_wz
d91cdb9c4d98da2,melee_coinbag_sunset_bundle_shop
d91e413e7c4cf6f,wc/t7_wes_plaster_wallpaper_pattern_01
d923d7fe98f8014,mc/mtl_veh_t7_mphd_forklift_decal_bolt_17b
d92753c174990e7,outfit_warrior_epic1_wetworks_zero_sunset_bundle_shop
d93365a89ea4c84,mcs/t8_zm_gla_metal_chain_01
d93ba16f9b0b8a7,ei/gfx_web_strands_02_em_gp_i16
d94b2824d1f8634,pistol_standard_t8_tunables_mp
d9500738747ecb0,impacts/fx8_bul_impact_wz_base
d95333177fd50b5,em/fin
d95549107f4a182,i_mtl_p8_aus_rock_cliff_face_03_grey_c
d95dee963385b88,ei/gfx8_liquid_spurt_em_pb_i16
d95e36f6ce03fd6,sniper_powerbolt_restriction
d96727b4db9d638,i_mtl_p8_zm_esc_perk_vending_cola_red_metal_m
d96a6d0f9197ac9,loot_emote_exotic_shared_finger_spin_shop
d97b6af5dbc1b98,mc/mtl_wpn_t8_ar_stealth_sig_02_base_weapon_03
d97b7af5dbc1d4b,mc/mtl_wpn_t8_ar_stealth_sig_02_base_weapon_02
d98108b17c2b17f,shotgun_semiauto_t8_tunables_wz
d98493e87f8bd77,player_slide_left_foot
d9885b99e2f060a,mc/mtl_wpn_t8_zm_perk_bottle_foam_phdslider
d99590f647ce705,prt_wz_takeo_ofc
d999c22a45c4290,objectives/conf
d99b5da80eca22a,shotgun_pump_t8_tunables_wz
d99c2db91b341ed,prestige5_mp
d9a6552c29dd40f,attachment_suppressed_pistol_burst_restriction
d9a717ddad680f8,gd_c_t8_mp_spe_outrider_lowerbody1
d9abb421c753ff2,lmg_spray_t8
d9ac1835e5cba2d,crouchtoprone_plr
d9b474cedc511b7,acog_sniper_powerbolt_t8_upgraded_tunables_zm
d9b7d8ef7125130,zm_talismanperkstart2
d9b7e8ef71252e3,zm_talismanperkstart3
d9b808ef7125649,zm_talismanperkstart1
d9b838ef7125b62,zm_talismanperkstart4
d9bbc4268d7bdaf,lmg_stealth_t8_tunables_zm
d9bce5a4f0e6275,bonus_lives_for_capturing_zone
d9bdcc983a0931d,loot_season_7_postseason_all_rng
d9bf60c9878cafb,pc_display_gamma
d9ccb165a15b80e,steam/fx8_steam_hpressure_xsm
d9e4aeeaed091a9,ei/gfx_gas_blur_core_thick_em_pb_i16|dup
d9ec3f958b098a6,mc/mtl_p7_zm_kin_table_folding_rubber_01
d9ed21bd0191720,loot_dlc_breifcase_smg_mk2_bribe
d9f18e66f50848f,mp/2nd
d9f231b4947473c,mc/mtl_p8_zm_esc_perk_vending_soda_grunge_03
d9f241b494748ef,mc/mtl_p8_zm_esc_perk_vending_soda_grunge_02
d9f251b49474aa2,mc/mtl_p8_zm_esc_perk_vending_soda_grunge_01
d9f43caab2fa75f,zombie/perk_bandolier
d9f642212d18fe2,impacts/fx8_bul_impact_raven_runner_fatal_uw
d9f9bd2448f79a4,mc/mtl_p7_debris_cardboard_flat_15_wet
da036d9c156a005,medal/dart_killjoy
da0fdbf1baf949d,mc/mtl_p7_zm_ctl_gondola_decal_04
da19aa19f76866e,acog_lmg_standard_t8_upgraded_zm
da1b5f995abf209,key/pgup
da1ed3acbf2f8d0,mc/mtl_p8_zm_esc_dark_machine_decal_bolt_02
da1ee3acbf2fa83,mc/mtl_p8_zm_esc_dark_machine_decal_bolt_03
da1f03acbf2fde9,mc/mtl_p8_zm_esc_dark_machine_decal_bolt_01
da1f33acbf30302,mc/mtl_p8_zm_esc_dark_machine_decal_bolt_04
da2221579fa935e,impacts/fx8_bul_impact_wood_uw_xsm
da26d0f8d529e99,i_mtl_p8_zm_esc_perk_vending_cola_glass_01_c
da2710f8d52a565,i_mtl_p8_zm_esc_perk_vending_cola_glass_01_g
da3198b17ccc84f,shotgun_semiauto_t8_tunables_zm
da39cad5aaa5731,impacts/fx8_bul_impact_water_sm
da3af324b74c125,talisman_shield_durability_rare
da3f901a60806fb,i_mtl_p8_zm_esc_sign_reg_glass_c
da3fd01a6080dc7,i_mtl_p8_zm_esc_sign_reg_glass_g
da401dfeed97392,wc/t7_plastic_rubber_trim
da4ae3fd19f1390,mc/mtl_p7_zm_isl_specimen_container_weld_grey
da4b72876d2f887,class/sniper_1
da4b82876d2fa3a,class/sniper_2
da4b9023a82f889,beam8_brutus_orbs_link_orange
da4b92876d2fbed,class/sniper_3
da54baa203eca58,rank/lt
da563e0a1615b23,pack_hunter_sd_hvo
da58b35650e41e2,codcaster_ds_overhead_health_allies
da5f44c4d328b73,medal_war_machine_x2_multikill_summary
da61c484912c1e8,mc/mtl_c_t8_mp_spe_blackjack_body1_gun_harness_metal
da676bd932cd457,events_dirty_bomb_deployed
da680012c01968d,menu/lobby
da6bb6f4c5b8cb1,wc/t7_zm_sta_decal_damage_burned
da716196e37c53f,menu/80_points
da74490d87d7f38,ei/gfx_snow_flake_flurry_02_em
da782a1e4b5a729,mc/mtl_p8_zm_esc_rock_small_blue
da8032cf609d52a,splm/bullet_collision_metalcatwalk
da833573eb80e61,scripts/autogenerated/luielems/initial_black.csc
da884c1327e86e3,mc/mtl_p8_zm_zod_basket_wall_tidy_fabric
da8e74d6af3550f,pistolscope_smg_fastburst_t8_tunables_mp
da931071f055777,pc_smokescreen_toggle
da989167bf9c654,attachment_fastreload_launcher_standard_restriction
da9e250f874afd4,button_layout
daa9b10b8cd9489,hero_scepter_lv2_zm
daaa8eac1f48be0,camo_active_dlc1_plasma_drive_wrapper_shop
dab0406f49a7f8f,mc/mtl_p7_zm_ver_bed_vintage_decal_02_green
dab0cdf9a506476,zm_mysteryboxlimitrnd
dab2e13c19fc70e,mc/mtl_p8_zm_esc_gondola_decal_scratch
dab32080414d7fa,zm_zombie_dog_settings
dab3759a5bd81ef,melee_stopsign_bundle_shop
dabb7e8f7fc7d60,mc/mtl_p8_zm_zod_engine_pistons_piston_rod_large_metal
dabc05a1034e189,lmg_standard_t8_tunables_wz
dabcb26b47576aa,ei/gfx8_spark_single_em|dup
dabfc636afac6d9,ei/gfx_water_splash_spread_anim_em_pb_i16|dup
dac780dd02fc904,gsol_zm_powerups
dac7980a2ef29d5,events_stim_aggression
dac9a309d909e3e,activecamoinfo_t8_fast_direct_action_kills_treasure_zm
dad1725a2f29555,wc/t8_zm_zod_decal_grunge_ceiling_water_stain_drk
dad39e9e6e40798,wc_perk1gluttony_restriction
dad8fd40b4c57e4,wz_loadouts_offline
dad994242f7ecc1,codcaster_ds_teamscore
dadd9af1b59c7de,dst_electronics_elc_sm
dadf365f0b93204,spoon_alcatraz_tunables_zm
dae28050cf85260,pc_ui_confirm
dae5c7be7f6a8ef,mc/mtl_p7_slu_stool_swivel_metal
dae6be703a935f2,medal_wz_killchain
daf2f0e5382227e,splm/mtl_p7_zm_tra_billiard_vintage_cover_chain
daf662a8a8346c9,default_vehiclefx_definition
dafc064f29b6d83,ui_cam_icon_ar_galil
dafcddd8a6053a9,weapon/fx8_muz_ar_acc_3p
db03fa9862ba330,talent_consumer
db06eb511bd9b36,scripts/zm_common/zm_cleanup_mgr.gsc
db09d4405aa425e,ei/gfx_water_splash_tall_center_anim_em_pb_i16
db159b48caf6c2b,smg_standard_restriction
db1c1de24b22dec,mc/mtl_p7_zm_der_light_set_metal_worn
db1ecb54b192a49,lensflares/fx8_lf_sniper_glint
db22a565cde7fd0,mcs/mtl_p8_zm_esc_warden_curtain_burn
db23bcb9a860308,splm/p8_zm_esc_concrete_destroyed_slabs
db2403f4798f2af,mcs/mtl_p8_zm_esc_clock_trim
db2451d2c63e84e,em/biohazard
db36d4d1a2e3866,ei/gfx8_smk_sm_thick_bulb_anim_em|dup
db42392dbbc5e18,outfit_demonology_legendary1_crash_shop
db466a1eaec207f,eq_shroud_mp
db4ec1abea42650,minigun_zm
db515bcf706b28a,mc/mtl_attach_t8_loot_shotgun_fullauto_stock02
db551c82668610c,mc/mtl_wpn_t8_lmg_heavy_clip_tray_lid_cover_sig_02
db58363377bb057,attachment_stabilizer_sniper_powersemi_restriction
db59140223584c0,loot_contract_carbon_cobra
db6d9dd8a6686bb,weapon/fx8_muz_ar_acc_1p
db6e69e3a4ddace,mcs/mtl_p8_zm_esc_crate_wood_lrg_cloth04
db6e89e3a4dde34,mcs/mtl_p8_zm_esc_crate_wood_lrg_cloth02
db6e99e3a4ddfe7,mcs/mtl_p8_zm_esc_crate_wood_lrg_cloth03
db6eb9e3a4de34d,mcs/mtl_p8_zm_esc_crate_wood_lrg_cloth01
db6f169e46cd4e4,mpui/weapon_lmg_caps
db7d00e072ca36f,zombie_perk_bottle_cooldown
db7f23cdb5b214b,icepick_carepkg
db85c8ab5fb5176,mc/mtl_p7_zm_moo_bridge_crane_hoist_part05_metal_black
db874adacf534fa,impacts/fx8_bul_impact_robot_limb_fatal_exit
db8906417cda1de,rocket_bounce
db8acb612040bff,loot_lmg_heavy_mk2_bribe_free
db8f3f393a7537b,charm_crab
db9a4abebbaf2b7,p8_zm_esc_rug_rectangle_02_crooked
db9f92999a6d112,i_mtl_p8_zm_esc_book_zombie_leather_plates_o
db9fa2999a6d2c5,i_mtl_p8_zm_esc_book_zombie_leather_plates_n
dba0e2999a6f4c1,i_mtl_p8_zm_esc_book_zombie_leather_plates_r
dba8f258cffa8cd,i_mtl_p8_zm_elixir_icon_temporal_gift_c
dbae57e14f6d92d,ray_gun_upgraded_zm
dbaebeb6f9345df,attachment_suppressed_lmg_spray_restriction
dbb6779de292eec,pc_jumpstandmantle
dbb9af88632e4fb,ei/gfx_water_fall_crumble_anim_em_pb_i16
dbc20428665130c,wc/t7_metal_aged_trim_beam_01
dbc22af0cd12ee9,wc/t7_mud_ground_dirt_wet_01
dbc43613e4685cf,attachment_killcounter_melee_secretsanta_restriction
dbc57e3099e1693,menu/server_rate
dbcff602c6f8caf,impacts/fx8_bul_impact_soul_body_nonfatal
dbd2d992e939135,menu/error_code
dbd89c423190765,mc/mtl_wpn_t8_sig_bow_bottom_corner
dbdb6a57e73ceb4,director_online_mp_arena_matchmaking
dbdc54aae236b01,loot_emote_exotic_shared_juggling
dbdfe22120b5e8d,loot_character_misty_sunset_bundle_shop
dbe62c46172ed27,weapon/hawk
dbe80b57eb44fe4,mc/mtl_p8_zm_bandolier_bandit_perk_totem_rock_b
dbed0385abd5fcb,scope_dualoptic_ar_accurate_restriction
dbf6a86e87d5363,ei/gfx_elec_arc_omni_em_pb_i16
dbf93774f7d40d2,mc/mtl_p7_zm_asc_wires_bunker_set_wires_tiling
dbfee0df322bfcd,weapon/tomahawk_t8
dc0437417574cab,boast_snowman_fem
dc04a36ca478a46,fmj2_smg
dc058a0b1a698e8,explosion_zm
dc09eb6b400248f,activecamoinfo_t8_ar_accurate_wz
dc0cd5795831757,wc/t8_micro_wood_maple_01
dc16e983196ea88,prophet_skipper_outfit_bundle_shop
dc1b4f6f3e7240a,hudson
dc21b0096c93114,pc_voicechat_pushtotalk_keybind
dc230a71acf1da8,mc/mtl_p7_zm_ctl_crystalware_vintage_bowl_dirty
dc29686606c1b8a,talent_outlander_wz
dc2f3328c77d609,charm_sniper_round
dc3b3b48b040137,aib_vign_zm_mob_brutus_grand_attack_success
dc41428804ca5b5,mc/mtl_p8_zm_esc_dark_machine_light_02_off
dc44fc92bbaeac2,pc_gamepad_stick_layout
dc476a2dee7ec26,weapon/crossbow
dc54bb432cba6d1,outfit_dotd_exo2_bundle_seraph_shop
dc6ca203cbcd476,wc/t8_zm_esc_heavy_rust_01_rvl
dc709cf7ea00081,pc_expander_crouch
dc752693fd01913,c_zom_der_zombie_headalias
dc797824d4ab1ec,pistol_standard_t8_tunables_zm
dc7fa4d6b0e25e7,pistolscope_smg_fastburst_t8_tunables_zm
dc853f8e5733dc0,splm/mtl_p7_slu_plank_wood_set
dc86c3513e9f627,recon_end_game_pose
dc888eecacf65d4,prt_wz_outrider
dc8df5ea84bd921,woods
dc8f2a7f3339eb0,maps/zm_escape/fx8_buoy_light
dc8f3611c942007,pistol_fullauto_t8_upgraded
dc9223a267d4574,weapon/fx8_shellejects_shotgun_purple_resting
dc982ab48c2bf4c,splm/mtl_p8_wep_ceiling_structure_beam_rust_01
dc985ab48c2c465,splm/mtl_p8_wep_ceiling_structure_beam_rust_02
dc98fe2dc7c7650,tr_powersemi_t8
dc99bb4cb7fa490,zm_perkswidow
dca6816ea6f0bde,scope_holo_sniper_powerbolt_restriction
dca87b6b40851ff,activecamoinfo_t8_ar_accurate_zm
dcad383513d333d,zombie/fx8_debrisbuy_death
dcb0ed8854bdf30,presence/mp_icebreaker
dcb2fa05bd97f9b,wc/t7_cru_ceiling_metal_panels_01_dlc1
dcb444ad5d344fb,defaultplayerquietfootstep_prone_plr
dcbaed7aace88dc,i_mtl_wpn_t8_zm_freeze_gun_02_upgraded_c
dcc08f379bef738,mc/t7_glass_dirty_grimes_01_cracked_bloody_dark
dcc0901d7487c58,pb_action_figure_male_draft_ch_select_3
dcc1ee67fde7616,i_mtl_p8_zm_esc_packasplat_suitcase_lid_foam_g
dcc377022499273,ui_cam_cac_ar_damage
dcc559d9e0c9f22,equipment_on_respawn
dcc88f0e2fe0ac5,mc/mtl_p7_zm_sta_box_store_set_cigar_metal_02
dcd5350df98f438,blackops_pack
dcdfad553a77064,menu/electric_cherry
dce1e7cc0a08d6e,loot_character_brutus_shop
dce671f37bde387,vdd/gfx8_decal_blood_fatal_01
dce681f37bde53a,vdd/gfx8_decal_blood_fatal_02
dce691f37bde6ed,vdd/gfx8_decal_blood_fatal_03
dcf9e59faf9aa4b,ui/fx8_theater_camera_head_glow_green
dd08199f5646a54,events_one_shot_one_kill
dd0d55a10542175,lmg_standard_t8_tunables_zm
dd1619d015e95de,bow_draw
dd19a926ddc74fc,attachment_extclip_lmg_heavy_restriction
dd2479014ce102b,mc/mtl_p7_zm_ctl_desk_supply_blotter_leather_02
dd2489014ce11de,mc/mtl_p7_zm_ctl_desk_supply_blotter_leather_01
dd26fb046c911f2,mc/mtl_p7_rus_handrail_modular_decal_yellow
dd2c25416c7424d,gamedata/tables/mp/scoreinfo/mp_scoreinfo_ctf.csv
dd2df56ffb9f796,zmweapon/shotgun_pump_t8_upgraded
dd2df7b9948ca1d,explosions/fx8_exp_equipment_lg
dd3f7376a97b77e,o_t8_zm_zombie_wallchunk_1_repair
dd44315c6c0baf1,fastlockon
dd4a219f4423eb2,gd_c_t8_mp_spe_engineer_lowerbody1_cst
dd4b7ba13fcf01e,mc/mtl_p8_soc_food_spice_02_dmg_decal_01
dd4d826df5d81c0,objectives/ctf_score
dd5e58c9eb28af6,tr_damageburst_t8
dd6eadebbec9897,ei/gfx8_liquid_drop_em_pb_i16
dd7395b163652de,ges_frag_grenade
dd74a0fa89bd55b,codcaster_ds_toolbar
dd74c966ef91ca5,pc_flourish
dd79392b0d0884b,player_footstep
dd7cba8382261d0,scripts/autogenerated/luielems/zm/zm_arcade_keys.gsc
dd7db5fdbcd0ddd,wc/t7_dlc1_concrete_bare
dd85eb3797c2fb0,weapon/smg_minigun_t8
dd8c05233a02041,defender_koth_hvo
dd8cb3ec6a2b56d,mpui/koth
dd92e59d653df03,em/framed
dd97594a14f00f3,p8_wz_ep_book_demon
dd9cf85afadee0a,use_doors
dd9e8c87605d5d8,mc/mtl_p7_zm_ctl_phone_vintage_dirty_01
dd9eac87605d93e,mc/mtl_p7_zm_ctl_phone_vintage_dirty_03
dd9ebc87605daf1,mc/mtl_p7_zm_ctl_phone_vintage_dirty_02
dd9f3b0dbcf017d,scripts/autogenerated/luielems/zm/zm_trial_weapon_locked.gsc
dda3b131bd3afd0,pc_gamepad_quick_equip_cycle_mode
ddae1a103bcfdcf,activecamoinfo_t8_kill_counter_party_rock
ddaeac6253a380c,key/f10
ddaebc6253a39bf,key/f11
ddaecc6253a3b72,key/f12
ddb056b79311ade,mpui/tacknife
ddb4e16099f526e,p8_zm_esc_chalkboard_vintage
ddb58ef3edc443a,p8_fxanim_zm_esc_door_debris_buy_cell_block_up_anim
ddb97f3bcb114ce,i_mtl_p8_wz_ep_raygun_meter_e
ddb99f3bcb11834,i_mtl_p8_wz_ep_raygun_meter_c
ddc319d5c3e6ef1,quote_success_is_not_final
ddc5bc763e30ad4,zm_craftingkeyline
ddc60eafbbd861c,wc/t7_zm_shi_wood_planks_rustic_worn
ddd1554bff1e20b,menu/mastercraft_desc
ddd234e7851fcb1,mcs/t7_rope_nylon_02
ddd49d6268a02b1,scripts/zm_common/util.gsc
ddd98e55cfabf60,mc/mtl_p7_wes_cane_wood_vintage_wood
ddda371285672bd,menu/play
dddf02a911f2511,sniper_mini14_t8_upgraded_zm
dddf583901a566b,xboxlive/signinchanged
dde1710b1c252f9,mc/mtl_p8_zm_esc_rock_small_blue_blend
dde4d44a41aa623,mc/mtl_p7_zm_moo_console_control_emissive_red
dde5787af3a40c1,victoryscreen
dde6807cec3e00f,p8_zm_esc_bldg_64_door_lrg_half
ddf50de4133a3d4,wc/t7_wes_wood_paint_thick
de01523d3160fd1,loot_contract_nomad_hunter
de08cfbd97fec96,impacts/fx8_bul_impact_fireworks_runner_fatal_exit
de0b35c72a74494,pc_shader_warming
de0c51c93faa0c4,vd/t7_decal_bullet_plaster_01b
de0e7fe81feb415,mc/t7_wes_wood_post_end_lt
de0f6056eb07666,events_spawn_beacon_savior
de1a83cb8c5efad,medal_automated_turret_killjoy
de284698b4dd9d5,menu/flipped
de2bf5462b82d4d,csol_qs
de2d06e3bba9722,impacts/fx8_bul_impact_money_limb_fatal_exit
de2d9b15dca07e0,player_parachute_land
de38abf4f3ac81a,mc/mtl_p8_zm_esc_cryo_chamber_pod_rubber_01
de397b4d65b6562,mc/mtl_wpn_tac_rifle_mid_burst_scope_decal_04_mk2
de3a26bce58620d,mcs/mtl_p7_wires_electrical_rubber
de477e3271366c9,em/buffalo
de4b918ea7d5e3c,zm_weapons/fx8_tomahawk_charge_ug
de53f33fc5c7662,mcs/t7_metal_cable_01
de58fdd0d6c3a08,scripts/zm_common/zm.csc
de6421853c27e4f,events_dirty_bomb_demolition
de65269d4d0326d,weapon/fx8_muz_smg_hand_1p
de6856e90c93c9d,dot_radiation_base_stage_comp
de6c4971cb4f3f3,loot_contract_grigori_weaver_presunset
de6d7d89f7d239b,mc/mtl_wpn_t8_shotgun_prec_ammo_cover_base
de6f3c239229d19,scripts/autogenerated/luielems/zm/zm_game_timer.gsc
de713cf59408ea0,impacts/fx8_bul_impact_dirt_lg
de7251738581f7d,outfit_benjamins_legendary1_ruin_shop
de73e6f7017efd3,mc/mtl_wpn_t8_zm_ar_primary_sight
de741c20d4974bd,pc_hdr
de749fc33f08dbe,zm_elixirnowyouseeme
de758758917aaf1,pistol_fullauto_t8_gold
de809f9cc4089fc,vd/t7_zm_der_chalk_lightning_bolt
de8a8ac9320a0bf,scripts/autogenerated/luielems/core/debug_center_screen.csc
de8b3e81c16d962,rank/ltgen_full
de8b7e4c0f0988d,i_mtl_wpn_t8_camo_afterlife_03_c
de8f6a7d01e32b0,em/missile
dea001a677d8f37,c_t8_zmb_ofc_quadcrawler_gib_def
deab942691b8ce7,lmg_stealth_t8_tunables_mp
deb129414dc9213,zmui/classic_desc
deb307df94821b8,mc/mtl_p7_zm_ctl_container115_metal_steel
deb3a3a04fa2e85,menu/fileshare_description
deba4d089ea5843,53_sleuth
dec842a8ae8117b,mc/mtl_p8_wz_ep_hockey_stick_decal
deca4824d69e440,pistol_standard_t8_tunables_wz
decadf66813921e,mc/mtl_p7_zm_shi_ammo_box_wood_decal_04
decaff668139584,mc/mtl_p7_zm_shi_ammo_box_wood_decal_02
decb0f668139737,mc/mtl_p7_zm_shi_ammo_box_wood_decal_03
decb2f668139a9d,mc/mtl_p7_zm_shi_ammo_box_wood_decal_01
ded3e69d4d62f1f,weapon/fx8_muz_smg_hand_3p
ded9b0b9450600e,activecamoinfo_t8_cyberpunk
dee524b618dc8d4,menu/join_result_mismatch_netfield_checksum
def0fca200e70ef,fallimpact_robot_slow
def15fdfea66bdd,mc/mtl_p8_zm_light_ceiling_fancy_02_glass
def51c6c0d382c3,mcp/hud_outline_model_white_alpha
defad3deb62f71f,attachment_damage_ar_stealth_restriction
df0037e3f390b15,prt_zm_takeo_ofc
df00cee8a59056f,tank_rumble
df0835a53060b95,pistol_burst_t8_upgraded
df0a84f69539c7d,steadyaim_shotgun
df10bc44b4914ff,emotes/boombox
df10e3ea940ec4f,acog_ar_stealth_t8_tunables_mp
df1168b180ee487,shotgun_semiauto_t8_tunables_mp
df1451de346e11d,i_mtl_wpn_t8_shotty_prec_ammo_slide_base_s
df1481de346e636,i_mtl_wpn_t8_shotty_prec_ammo_slide_base_n
df1491de346e7e9,i_mtl_wpn_t8_shotty_prec_ammo_slide_base_o
df1511de346f581,i_mtl_wpn_t8_shotty_prec_ammo_slide_base_g
df1551de346fc4d,i_mtl_wpn_t8_shotty_prec_ammo_slide_base_c
df15a9a2c675a3e,wc/mtl_p8_zm_zod_light_lamp_tall_screw_decal_02
df1fc4a933d0fda,mpui/level_n
df240e2c8045d43,i_mtl_p8_zm_esc_chemistry_kit_08_decal_n
df241e2c8045ef6,i_mtl_p8_zm_esc_chemistry_kit_08_decal_m
df2b1c72d43e7fe,scripts/core_common/struct.gsc
df315f244482d28,p8_zm_esc_bldg_64_shelve_01
df32082bac97235,zmweapon/bowie
df327552c67cd52,scene_frontend_t8_zm_fem_team_3_psychic
df35ccb80d38cdb,amulet
df3bb2eacb3b4dd,i_generic_filter_blood_damage_t8_c
df3ca2eacb3ce5a,i_generic_filter_blood_damage_t8_r
df416ae61f58a05,mc/mtl_p8_zm_bandolier_bandit_perk_totem_rock
df4ecf6ff31735a,o_t8_zm_zombie_wallchunk_3_pull
df5192d4367979b,zm_zombiehealthmult
df55c6e73ca9783,p8_zm_esc_warden_house_door_frame_01
df55d6e73ca9936,p8_zm_esc_warden_house_door_frame_02
df55e6e73ca9ae9,p8_zm_esc_warden_house_door_frame_03
df5a1a28d5767c4,medal/gunship_kill
df5e7c8472689ec,mc/mtl_p8_zm_bandolier_bandit_perk_totem_jade_decal
df6151a18807ae0,ei/gfx8_liquid_string_em|dup
df6183c594ce5cc,aib_vign_zm_mob_brutus_summon_hellhounds
df6a31d4231c5d4,gamedata/ddl/generated/profile_shoutcaster.ddl
df6a35b9b5ef697,wz_character_scarlett_dlc0
df6c5e2c7ee2472,outfit_super_hero_epic1_prophet_shop
df6cc6bcf989bd8,mc/mtl_wpn_tac_rifle_mid_burst_barrel
df796f6a2c1e937,mc/mtl_wpn_tr_powersemi_fastmag_sig_02
df79cd7133127d5,mc/mtl_wpn_t8_zm_broadside_canon_side_parts
df7b00ef2a28975,i_wpn_t8_zm_flamethrower_decal_n
df7b1d6be866b29,menu/talent_ghost
df7c6dc43cb2d5a,ei/gfx8_liquid_drop_em_pb_i16|dup
df7edc23e6622e3,mc/mtl_p7_zm_ver_wheelchair_rubber_01
df8250de53c8f06,mc/mtl_p8_zm_crafting_table_03_wood
df98a5e115d7d4f,zmweapon/ar_accurate_t8_upgraded
dfa5cd846d1919b,mc/mtl_p7_light_spot_cinema_01_body_bare
dfa606b7b33a6e3,mc/veh_t7_dlc_decals_bolts_and_rivets
dfa91895d380d33,mc/mtl_p7_shr_weapon_spear_sml_wood
dfa98748d40cdf0,emotes/waiting
dfaaa2ee37cd55b,rob_zm_office_debris_clear
dfaaf7d5800d6ca,zm_powerupsislimited
dfac1fedb5cc6ac,outfit_tigerstripe_base_pal_com6_seraph_shop
dfb40ea05247c4a,mp_sniper_loadouts
dfb5440fe749e5a,medal_molotov_kill
dfbc51d8d0fdadb,fmj2_tr
dfc27162d285cd4,obliterator_sd_hvo
dfc2b684b0f1749,gamedata/ddl/generated/dlog_event_start_match.ddl
dfcb7fcac988147,weapon/spawnbeacon_desc
dfd4690ebab105c,pfx_snow_impact
dfd758a7c800de8,ei/gfx8_muzzleflash_sparks_side_desat_em|dup
dfd94f47c13b0d7,wc/t7_cry_metal_heat_foil_orange
dfd95831a7ecb24,mc/mtl_p8_zm_esc_perk_vending_tonic_letter_01
dfd98831a7ed03d,mc/mtl_p8_zm_esc_perk_vending_tonic_letter_02
dfe17fec63a41f2,zombie_perk_totem_slider_zm
dfe2962c891c9af,misty
dfe954ea8be5422,menu/supply_chain
dfe97cc1cc53c9e,wc/t7_decal_grunge_brick_stain_03
dfeb08c20a14b8b,ar_accurate_t8_upgraded
dfedbd1ac18b193,zm_elixirs
dfef5baa4c8b354,mc/mtl_p8_zm_esc_perk_vending_soda_text_02
dfef8baa4c8b86d,mc/mtl_p8_zm_esc_perk_vending_soda_text_01
dff20dbe00cc520,mc/mtl_wpn_t8_shotgun_semi_rails_sig_01
dff23dbe00cca39,mc/mtl_wpn_t8_shotgun_semi_rails_sig_02
dff722c1d57e218,p8_zm_ctl_crate_wood_02_long_dmg_01_frosted
dff92ad5af8a4e0,impacts/fx8_bul_impact_water_lg
dffcc49df28fd81,scripts/core_common/statemachine_shared.gsc
e0099b0ee399a3a,ei/gfx8_spark_shower_core_hdr_desat|dup
e009f9a1ca7d965,ei/gfx_water_fall_spill_anim|dup
e00f7788c794056,i_mtl_p8_zm_zod_bed_captain_sml_pillow_cloth_o
e00f8788c794209,i_mtl_p8_zm_zod_bed_captain_sml_pillow_cloth_n
e016bf2fa26274d,lf_light_grime_md_white
e01e8449ebd09f8,mc/mtl_p8_zm_esc_packasplat_engine_base_yellow_02
e01e9449ebd0bab,mc/mtl_p8_zm_esc_packasplat_engine_base_yellow_03
e02424fe3787ad8,acog_ar_damage_t8_upgraded_tunables_zm
e027933ea5cda2d,mc/t7_metal_tarnished_dark
e0285aab6ddb690,outfit_northern_lights_legendary1_ruin_shop
e029c3fc26c182e,pc_prone_one_way
e02ae69d870909f,menu/horizontal
e02cb482089010f,acog_ar_modular_t8_upgraded_tunables_zm
e02cd809347aa63,p8_kit_zt8_exd_05_railing_01_basic_painted_metal_32_01
e02e113cb1b4086,zombie_perk_totem_ethereal_razor
e03069f78b40106,events_tempest_multikill_2
e03079f78b402b9,events_tempest_multikill_3
e03089f78b4046c,events_tempest_multikill_4
e03099f78b4061f,events_tempest_multikill_5
e030a9f78b407d2,events_tempest_multikill_6
e03641284712568,fallimpact_robot_med
e036e327984ce33,ar_damage_t8_upgraded_tunables_zm
e039284f3705183,dualoptic_sniper_upgraded
e03bf891456ae57,scope_is_sniper_powersemi_restriction
e03d831a1ca97fe,attachment_clantag_ar_stealth_restriction
e052dd0c54e4a6f,ar_peacekeeper_t8_upgraded
e05465c83cc0a7c,events_hellstorm_missile_objective_multikill_3
e06263ae2b9a394,heroes/hacker
e064d0dc4979a2a,wc/t8_decal_grunge_stain_tide_01
e0650d44fa3eeee,zombie/fx8_perk_winters_wail_aoe
e068b884d317eee,events_radiation_field_radiating_enemy
e06a28fb13c5e31,p8_zm_zod_furniture_wicker_palm_court_chair_upholstered_01
e0716099355cd54,ui_cam_cac_pistol_burst
e072ad90da9c85c,mc/mtl_p7_zm_sta_box_store_set_ciagr_metal_01
e075ae94728dc28,mc/mtl_p8_zm_zod_electric_switchboard_metal_02
e075de94728e141,mc/mtl_p8_zm_zod_electric_switchboard_metal_01
e07af27bea3b907,menu/motd_contracts
e07d9cfcdd9bc65,mc/mtl_p7_diner_table_shakers
e07f46db386c20a,mc/mtl_p7_zm_ctl_radio_recorder_deck_meta_green
e07fb9564b40044,reboot_time
e08dcbb83eb380e,reaperfoleyloud_ladder_hand_npc
e08dd8b1e8d6985,ei/gfx8_smk_md_thick_scatter_anim_lit|dup
e08e2e103e97d75,loot_ar_standard_mk2_bribe
e09103e13940aee,scene_frontend_t8_zm_fem_team_0_scarlett
e09636555817d61,lmg_stealth_t8_operator
e096add8fbb4910,zm_weap_swordpistol_melee_hit_rumble
e097d560ccc1d92,loot_contract_stuhlinger_presunset
e098ac87cc0311d,events_tank_robot_deployed
e0b48cd7ab45ae7,steadyaim_world_laser
e0b9eb38d3d3e03,wc/t7_zm_ctl_wood_trim_molding_02_varnished_drk
e0ba51421352bb8,quote_incoming_fire_right_of_way
e0bf5a16f9998b8,wc/t7_ra2_metal_trim_dentil_gold
e0d274758c97986,mc/mtl_p8_zm_zod_light_lamp_desk_small_steel
e0dc59cef9de14b,talent_paranoia
e0e1dab4e3afb31,cin_zm_dlc1_zombie_talonspike_loop
e0e2a1fcb72c6c0,charm_crab_shop
e0eb02c363b8c1c,gd_c_t8_mp_spe_prophet_egyptian_arms2_cst
e0ec9446f704d6d,pc_horizontal_mouse_sensitivity
e0f0037bdf06bbc,i_mtl_p8_zm_esc_cell_sink_m
e0f0237bdf06f22,i_mtl_p8_zm_esc_cell_sink_o
e0f0337bdf070d5,i_mtl_p8_zm_esc_cell_sink_n
e0f213ea95a0a27,acog_ar_stealth_t8_tunables_zm
e0f23746db4e635,o_t8_zm_zombie_wallchunk_2_repair
e0f4f6b88a8039f,pc_streamer_mode_self
e0fd81fb95488a8,set_stencil
e0ff438b956a7c9,explosions/fx8_exp_rocket_concrete
e109832609de5d3,vd/t7_decal_blood_droplets_02_dry
e11adadbdf32673,gd_c_t8_mp_spe_recon_samurai_arms1_cst
e11d6da911854d2,medal_warthog_killjoy
e1219cb5f8f59bb,attachment_grip_smg_accurate_restriction
e121e639d6540dd,outfit_dotd_com1_bundle_crash_shop
e123c9e207169b1,mc/mtl_c_t8_bo_hero_misty_body_chest_skin
e1311542f5782b5,ar_modular_t8_upgraded
e131bc2436e21f4,em/pentagon
e131f009738c06f,ei/gfx8_smk_cigar_whisp_blur_em
e1329b6ee3232e3,operator_strelok_restriction
e134936dc458f94,ei/gfx_water_stream_anim_em_pb_i16|dup
e1361210c2cc964,wc/t8_concrete_plain_dirty_01_drk
e13c9810cf6bb57,vd/t7_decal_blood_drips_02_dark
e1406ad362a05ca,ei/gfx8_liquid_streak_anim_em_pb_i16
e14111f51e8144b,menu/draft_active_caps
e145e180c294c1a,ability_cleanse_restriction
e14a1dd55dff7e3,events_tripwire_ied_kill
e14cad42ebbd8eb,wc/mtl_p7_con_cargo_train_letters_numbers
e158ffd91aa3daf,sticky_grenade_widows_wine_zm
e15ba3cae4eb429,clan/members
e1609f27b7ee5b4,smg_capacity_t8_zm
e16997dd7b506df,activecamoinfo_t8_direct_action_kills_solarflare_wz
e16bf89721884ae,events_stim_regeneration
e16c4f023c89a8d,zombie/fx8_perk_ethereal_razor_3p
e16d21bb4749aed,vd/t8_zm_esc_cracks_floor_01
e16e91e9651857a,ui_cam_cac_special_crossbow
e170f44ae5ac211,mc/mtl_p7_jun_bucket_chum_rust_decal
e1774a8c760ac7c,mcs/p8_zm_esc_warden_body_parts_foot
e1774adec805453,p8_kit_zt8_exd_05_window_frame_08_01
e177698fdcdbe2c,scripts/zm/zm_orange_mq_hell.gsc
e17c58a9b8f50d1,wz_open_skyscraper_death_circles_one_circle_deposit
e18190de855d16e,splm/p8_zm_esc_bodybag_hanging
e186c1301535baa,p8_zm_zod_book_set_01_deco_face
e18b8b6d0737a92,splm/p7_debris_concrete_rubble_med_01_no_metal_warm_sml
e19340ec03e16e2,loot_contract_winter
e1936a03794bd3d,mcs/mtl_p8_crate_wood_decal_07_red
e195337075a1600,events_attack_dog_objective_multikill_3
e19f7327dffbadd,camo_active_dlc3_treasure_wrapper
e1a441e7d737d19,menu/destroy_time
e1a6a36da3d4fc3,sandbag
e1a93af52099ff7,mms_tr
e1b0028aad4722e,zombie/perk_tortoise
e1b1106615a41cc,mc/mtl_p8_wz_ep_grill_barbecue_patty
e1b18376191b4cc,wc/t7_decal_spilled_coffee
e1b21d10e20e324,loot_ui_icon_tags_muertos_recon
e1bc7ee26f3eb2b,zm_elixirreigndrops
e1c1a164e4960e3,mc/mtl_p8_wz_ep_raygun_meter
e1c61155940b277,impacts/fx8_bul_impact_fireworks_body_fatal
e1caf21d5be8f62,equipment_spawnbeacon_restriction
e1ccf3fba8c48d1,outfit_benjamins_legendary1_zero_shop
e1d39de343ec3b7,ei/gfx8_light_incandescent_hot_em
e1d7b8af76a6f9c,mc/mtl_p7_zm_kin_stool_wood_decal_01
e1d7d8af76a7302,mc/mtl_p7_zm_kin_stool_wood_decal_03
e1d7e8af76a74b5,mc/mtl_p7_zm_kin_stool_wood_decal_02
e1d867da45be574,pc_gameplay_options
e1db0f023ce973f,zombie/fx8_perk_ethereal_razor_1p
e1e56bf62ccb5f2,menu/masters
e1e882ad7564337,hero_flamethrower_t8_lv3_zm
e1ef7a1508c8dfd,tr_leveraction_t8_zm
e200fa79cc4043f,ec/gfx8_spark_01_pcloud_em_gp_i16
e201441881fce45,talent_coldblooded_mp
e203b57393e1c64,ei/gfx8_shockwave_anim_lit|dup
e2045b14a6d0c7d,ar_fastfire_t8_upgraded_zm
e209447b4a40c7b,menu/ok_caps
e20a27dd7bd6aaf,activecamoinfo_t8_direct_action_kills_solarflare_zm
e20c92822244807,medal_kill_flag_carrier
e21367aec5b8918,ar_accurate_restriction
e215c25bd7d7238,zm_castle_pulsing_rumble
e21710362c53201,attachment_steadyaim_tr_midburst_restriction
e21a99dea131910,events_health_boost_savior
e21aa0f8ba0360e,splm/p7_pipe_metal_hp_4_straight_64_grey_dk
e21e05e626ab223,mc/mtl_p7_zm_ctl_console_deathray_set_weld_02
e2200f5343a27d2,default_fx_table
e22e75e7ecc5227,heroes/stuhlinger
e233045a40a2319,outfit_global_warpaint_bundle_tattoo_shop
e233a1bd4be1d38,vd/mtl_loot_ui_icon_tags_dinohunters_06
e233c1bd4be209e,vd/mtl_loot_ui_icon_tags_dinohunters_04
e233d1bd4be2251,vd/mtl_loot_ui_icon_tags_dinohunters_05
e233e1bd4be2404,vd/mtl_loot_ui_icon_tags_dinohunters_02
e233f1bd4be25b7,vd/mtl_loot_ui_icon_tags_dinohunters_03
e23411bd4be291d,vd/mtl_loot_ui_icon_tags_dinohunters_01
e237d1aec5ebae2,pistol_revolver_t8_operator
e23b80390695b2e,mc/mtl_p7_wes_engine_steam_set_12
e23def16bca8076,eq_acid_bomb
e25cc0a96525953,mc/t7_metal_trim_stainless_steel_8_worn
e260fd4586f092a,ofc_takeo
e2612554cf0d02c,ei/gfx8_liquid_streak_anim_lit|dup
e261e7fd620ac9e,maps/zm_escape/fx8_shield_crafting
e26405c3afab5fa,mc/mtl_p8_zm_elixir_icon_temporal_gift
e264fd837139b35,ei/gfx8_light_ray_solid_wide_em_pb_i16|dup
e2669e63163d964,menu/perks_caps
e2680278af76571,mp/time_limit_reached
e26811c3a36321d,menu/audio_caps
e26eaf748e2ae26,pc_master_volume_mute
e26ed4c4382874e,zm_healthregenrate
e2729dae1ef3248,entity_pistol_player
e272f1a9f143051,maps/zm_office/fx8_magicbox_marker_fl
e273303906c6206,mc/mtl_p7_wes_engine_steam_set_09
e274003906c781d,mc/mtl_p7_wes_engine_steam_set_04
e27549b3376132a,gamedata/ddl/generated/dlog_event_mpkillstreakuses.ddl
e276ee943ba6d98,quote_want_end_to_beginneings_of_all_wars
e27c73f839ed8d9,mc/mtl_p7_ra2_chest_vintage_set_tiling_01
e27fd24af00494f,p8_kit_zt8_exd_05_railing_05_basic_painted_metal_32_01
e27ff25eb4887c1,talent_reinforced_wz
e283ea5896dd5a6,game/dead
e28be4a741a04a0,zombie_fists_tunables_zm
e299d4d939fe38d,mcs/mtl_p8_zm_zod_clock_mantel_minute_hand
e2a18164e559ad9,mc/mtl_p8_wz_ep_raygun_metal
e2a241d6c0d4f28,wc/t8_decal_blood_pool_floor_02
e2a271d6c0d5441,wc/t8_decal_blood_pool_floor_01
e2a94c792769777,mc/mtl_p8_zm_esc_tools_pliers_02_metal
e2aba7d883146da,wpn_t8_zm_perk_totem_blaze_world
e2b2bcea07134d1,impacts/fx8_knife_impact_blood
e2b4b3485831a1a,menu/graphics
e2bae8b53f33a7c,vd/t7_decal_grunge_wet_wall_stain
e2bd0ce6fda278b,wc/t7_decal_line_horizontal_chipped_thin
e2c9042d60cb38f,scope_dualoptic_ar_fastfire_restriction
e2c94d24c12d19e,gamedata/ddl/generated/dlog_event_friends.ddl
e2cbb8cd24c6cbf,mc/mtl_p8_wz_ep_teabag_tea_decal01
e2ce2d1b03845f4,ei/gfx8_shockwave_anim_lit_nocull|dup
e2d09fd8e0727bf,mcs/t7_concrete_trim_beveled_01
e2d0afd8e072972,mcs/t7_concrete_trim_beveled_02
e2d2aebbc4aa265,gd_c_t8_mp_spe_recon_samurai_lowerbody1_cst
e2d3258af7efc7e,mpdialog_default
e2d46c69c58ded1,bonuscard_perk_2_gluttony
e2d49a0925ef716,scripts/zm/ai/zm_ai_wolf_ally.gsc
e2e77627b0d4074,wc/t8_zm_off_lab_wall_plaster_dirty
e2ed66a10668705,scene_frontend_t8_zm_male_team_2_richtofen
e2ed6aa245bc2b0,outfit_global_warpaint_bundle_flamingskull
e2ede41e4b5939c,menu/dedicated
e2ef0616a8296d7,mc/mtl_p8_zm_elixir_icon_extra_credit
e2f19b161bd01bd,mc/mtl_p7_zm_sta_dragon_network_console_set_tube_metal
e3008127945e20f,sniper_damagesemi_t8_bribe_free
e30766a6df3ea75,emotes/surrender
e307e927079aa80,o_zombie_base_magic_box_teddy_rise
e30d9b634bea03e,mc/mtl_wpn_t8_ar_stealth_sig_02_front_wood_picks
e30dce3ee4444dc,mc/mtl_p7_fir_barricade_barbed_wire_set_decal_wood1
e30dfe3ee4449f5,mc/mtl_p7_fir_barricade_barbed_wire_set_decal_wood2
e311b85323b3930,mc/mtl_p7_wes_cell_jail_rustic_set_metal_02
e311e85323b3e49,mc/mtl_p7_wes_cell_jail_rustic_set_metal_01
e318d266887dbc8,zm_castle_interact_rumble
e31b245bde5c7fc,zm_bgb_power_keg
e31f99dafb76b6f,mc/mtl_p7_zm_kin_projector_movie_plastic_01
e32286d3d179753,weapon/fx8_shellejects_shotgun_yellow
e3272142963882a,p8_zm_esc_catwalk_arch_beam
e328b70915ff6b9,gadget_spawnbeacon
e32f1e822aecde7,ui_cam_cac_pistol_standard
e3303a5a6d7a078,i_mtl_p8_wz_ep_smoke_bomb_m
e3306a5a6d7a591,i_mtl_p8_wz_ep_smoke_bomb_n
e3396a76dc72503,events_dirty_bomb_vanguard
e342a28c3fb3a6b,o_t8_zm_zombie_board_3_repair
e3441aecc384f1a,pb_melee_alt_male_draft_select_to_preready_3
e348041b3461fd1,mc/mtl_p8_zm_zod_door_watertight_set_metal_04
e348141b3462184,mc/mtl_p8_zm_zod_door_watertight_set_metal_03
e348241b3462337,mc/mtl_p8_zm_zod_door_watertight_set_metal_02
e348341b34624ea,mc/mtl_p8_zm_zod_door_watertight_set_metal_01
e34b3daa2dfa4cd,zm_elixirbulletboost
e34deb07b836ac1,mcs/mtl_p8_kit_zod_din_05_door_metal
e34fbb210f87b6f,scripts/core_common/player/player_role.csc
e3589b2ff2db942,events_dirty_bomb_wipeout
e35ad1be3ee3f06,p8_debris_coal_01_loose_04_emissive_shell_01_hot
e36921274283474,competitive_team_lives
e373709a8296eda,mpui/silo
e376a2f266a44cd,wc/t7_zm_moo_aluminum_metal_panel
e37a2de7f49f4da,wc/t8_fiberglass_ceiling_tile_01_2x2_dark
e3806a961ce607c,mc/mtl_veh_t7_zhd_tanker_truck_interior02_plastic
e385109d4fc48e2,pc_scoreboard_zm_toggle
e38630d80db5816,boast_head_shot
e3867e03a874e45,events_drone_squadron_wipeout
e38fa9f40268407,medal_headshot
e399ed6c6585d7b,mcs/mtl_p8_zm_esc_warden_curtain_bracket
e39a1fe64408a09,p8_zm_mob_table_mess_hall_short_burnt
e3a0c3c8c0b6a07,scope_ir_sniper_powerbolt_restriction
e3a32947a463cce,missileentitystatefields_default
e3a49a0741a7f53,mc/mtl_p7_rus_desk_metal_vintage_set_dirty_01
e3a4aa0741a8106,mc/mtl_p7_rus_desk_metal_vintage_set_dirty_02
e3a4ba0741a82b9,mc/mtl_p7_rus_desk_metal_vintage_set_dirty_03
e3aee1fb1699e25,mc/mtl_p8_zm_zod_clock_wall_wheel_house_metal
e3b3c10a2a0e949,mpui/offshore
e3b4d0619cdb3a4,vd/t8_decal_blood_footprint_random_barefoot_01
e3b5a037c361361,seraph_heist_outfit_bundle
e3b91086200f013,zm_weapons/fx8_raygun_geotrail_ug_zmb
e3bc0ad0961fccd,p8_wz_ep_lighter_01
e3c28fffcdf22db,mc/mtl_p8_zm_esc_cell_door_set_decal_01
e3c29fffcdf248e,mc/mtl_p8_zm_esc_cell_door_set_decal_02
e3c2afffcdf2641,mc/mtl_p8_zm_esc_cell_door_set_decal_03
e3c44b603bfc3a8,mc/mtl_p8_zm_esc_packasplat_engine_base_black
e3c51133af1c0cd,ei/gfx_exp_underwater_bubble_em_pb_i16
e3c826b1814cab6,scripts/zm_common/zm_customgame.gsc
e3cb467b18efdfa,fmj2_penetration
e3cbb1d8d4760d2,fmj2_ar
e3cc4fb5fefa64a,vd/t7_decal_blood_footprints_dark
e3cd04996d752ed,pc_vehicle_control_mode_water
e3d5d33fc4b704d,scope_reflex_ar_standard_restriction
e3e10158609e01f,mc/mtl_p8_zm_esc_fan_trap_plastic
e3e592bc081a2f4,prt_wz_dempsey_ofc
e3efa478318f167,mc/mtl_p8_zm_esc_infirmary_doorframe_decal01
e3f025910376d7f,wz_character_zero
e3f72c135426c74,casterclientstatefields_default
e3fd1f88353220c,heroes/captain_price
e400ceda59ff1c5,zm_office_debris
e4014ac03db5f60,fallwind_loop_fast
e40ae25c3fc178c,mar_2019_free_weapon_crate
e40c7c87af2ca49,lb_mp_gm_conf_arena
e40e2c7f4b7917d,weapondeathfx_comic
e417b3c16299522,singleton
e418703c1c9fa88,ei/gfx8_water_bubble_md_anim_em_gp_i16
e42026f4c1ec723,o_t8_zm_zombie_board_5_pull
e42190ffc62555b,maps/zm_escape/fx8_portal_lightning_white
e42252a92cb4942,vd/t8_decal_grunge_rust_03_darker
e42983cf0842906,vd/t7_decal_grunge_wine_blend
e431a316fe0cdb7,em/d01
e435e5d433e98f3,plasmadrive_reactive_camo_bundle
e43ac2d39f6295f,inworld_shockcharge
e43d43c6586fcb5,zombie/fx8_magicbox_marker_fl
e448a29478c01e1,scripts/zm_common/zm_audio.gsc
e44e2953552f599,random_objective_locations
e44f372465a1e51,zmui/ztutorial
e450b80e312b0d1,ww_freezegun_t8_upgraded
e451ff1bee29fa3,mc/mtl_p8_light_table_lamp_shade_metal
e457746589ffa8f,vd/t7_cry_decal_grunge_burnt_metal_black
e45b654c9d49b77,ei/gfx8_spark_shower_core_hdr_desat
e461b2f7b858397,pb_backhander_fem_draft_ch_select_3
e4653c70ec64d31,menu/rank_arena
e465e58b2ce16c8,ei/gfx8_liquid_trail_em_pb_i16
e469619bff4aeba,mc/mtl_p7_slu_pole_utility_base_metal
e46b34c311bbccf,fallimpact_med
e46f019467dec82,p8_kit_zt8_exd_05_railing_02_post_painted_metal_01
e4708c2df1ce7b4,ar_accurate_featured_item_bundle_shop
e470c272cab193d,loot_tags_graffitiskulls_03_shop
e471ab016e01622,draft_enabled
e47354d079f35c7,pc_lookup
e47754301238d1d,mc/mtl_p7_zm_vending_flopper_figure
e47d6615c892201,bundlelist
e47d76f47466055,score/killstreak_2
e480a5f3e4ffc98,battery_end_game_scene
e492f5121bfaad6,ei/gfx8_water_ripple_anim_em_nocull|dup
e49325379fdd938,ui_cam_cac_smg_capacity
e493d62df6e7205,attachment_extbarrel_pistol_revolver_restriction
e4946e170c78be4,splm/t8_metal_rebar_rust_01
e494ea245b6be52,zm_bgb_pop_shocks
e49a24e5ec5b34d,mc/mtl_p7_zm_asc_panel_metal_white_04
e49b9eaef207d9b,zm_elixirnowherebutthere
e49d0b0bac3e752,menu/join_game
e4a67b0d74a662a,mpui/steadyaim_desc
e4aaab4d5d07fe1,operator_doubletap_restriction
e4acb171fd9e0e6,siegebot_mp_footstep
e4b3eb9b9fe5726,outrider_apocalypse_outfit_sunset_bundle_shop
e4b5a7b3f7b5b27,mc/mtl_p8_foliage_elm_tree_test_bark_cut_decal
e4b71506932c92d,presence/mp_slums2
e4bbd562695b9ec,splm/p7_pipe_metal_hp_12_straight_128_bare_dmg
e4bf01b89cc712b,mc/mtl_p7_zm_asc_panel_metal_black_04
e4bfe0b2ecafeb8,zm_powerupschaos
e4c2da1fd3039f8,maptable_mp_dlc3
e4c2ea1fd303bab,maptable_mp_dlc2
e4c2fa1fd303d5e,maptable_mp_dlc1
e4c32a1fd304277,maptable_mp_dlc6
e4c33a1fd30442a,maptable_mp_dlc5
e4c34a1fd3045dd,maptable_mp_dlc4
e4c46b265380933,mc/mtl_wpn_t8_lmg_heavy_beercan_sig_02
e4cb4d1b80d69ee,ar_standard_t8_gold
e4cdd28181fcd30,points_per_weapon_kill
e4cedc56165f367,mp/host_endgame_response
e4cf529bec630ec,vd/t8_decal_blood_splatter_floor_02_wet
e4d210b07481ec5,vd/t8_mov_zm_esc_decal_dirt_rubble_fine_01_blend
e4d796fdefb28b5,flamethrower_beam_3p_underwater
e4da0cb903b5eaf,suppressed_pistol
e4dc661b14a8223,mc/mtl_p7_zod_booth_table_wood_01
e4dc834e385c307,wz_character_diego_dlc0
e4e32babc279194,uber_tacticalknife_zm
e4e3b0898bac939,attachment_grip_pistol_fullauto_restriction
e4e412a8be41912,zmui/trials
e4e537470cc799b,pistolscope_pistol_revolver_t8_upgraded_tunables_zm
e4e8fd38f18b2b1,actorentitystatefields_zm
e4ef4f27bae874c,smg_capacity_t8_mp
e4f3285b13ea54e,wc/t7_zm_moo_metal_trim_blue_02
e4f5dba3abc153a,pc_jammer_toggle
e4f7ee5ef090753,mc/mtl_p8_zm_esc_radio_recorder_deck_meta
e5058dcbe77dff2,ei/gfx_elec_arc_shock_em_gp_i16|dup
e506086dd99facf,ei/gfx8_fog_slow_sm_anim_lit_full_dark|dup
e50a2bd69500789,beam8_zm_office_tesla_orb
e50c9a12edb2348,mp_friendly_fire_type
e50e15168aef786,maps/zm_escape/fx8_wolf_portal_hell_close
e5127186c342f59,pb_action_figure_fem_draft_ch_select_3
e516baea3e96355,mc/mtl_p8_zm_esc_pipe_metal_paintmetal_01_white_dirt
e51a01055e2af41,events_tempest_paralyzed_enemy
e51b8a4f2b0d0ff,boast_yawn_fem
e51d30cc4be731f,stratcom_tacquery_position
e5246505e415fcd,weapon/ar_fastfire_t8
e52518ec3ffd40d,prt_mp_swatpolice
e528acf8f6a0245,acog_sniper_quickscope_t8_tunables_zm
e52e3fa45a13512,impacts/fx8_bul_impact_robot_base_sm
e530014fdd8688c,mc/mtl_p7_zm_asc_fire_extinguisher_plastic_02
e530114fdd86a3f,mc/mtl_p7_zm_asc_fire_extinguisher_plastic_03
e530314fdd86da5,mc/mtl_p7_zm_asc_fire_extinguisher_plastic_01
e539d84c8872bdc,i_t8_zm_decal_scorch_mark_02_n
e53a284c887345b,i_t8_zm_decal_scorch_mark_02_c
e53a67bdc78e9e4,codcaster_ds_inventory
e53ae39dcb1e254,molotov_fire_tall_mp
e53c4dda4010f51,damage_upgraded
e53d5cbf3a09349,activecamoinfo_t8_sig_smg_capacity_spaceshuttle
e53fcf05653c5cc,vd/t8_zm_decal_scorch_mark_02
e53fe2293e6f1ff,mc/mtl_p7_wes_box_cigar_02_base_01
e53ff2293e6f3b2,mc/mtl_p7_wes_box_cigar_02_base_02
e53fff05653cae5,vd/t8_zm_decal_scorch_mark_01
e541526a62005c9,menu/touch_return
e5487c76c68fa76,entity_rifle_swipe_player
e549cdcd0924036,mc/mtl_p8_zm_esc_lab_monitor_base_rust
e54f3195ea09102,gd_c_t8_mp_spe_spectre_assassin_arms1
e5543a8375aa702,impacts/fx8_laser_impact_default
e559771bca0ab2c,warzone/cannot_equip
e55cd405eace499,pc_display_mode
e55d5c207d22411,ar_damage_t8_zm
e55e7489fbc10c2,mpui/desc_icebreaker
e568f07bfbdc477,gd_c_t8_mp_spe_nomad_superhero_lowerbody1
e569f3e612f2353,gd_c_t8_mp_spe_outrider_arms1_cst
e56bd9df32d41c9,em/wave
e5723dd96a08302,mc/t8_zm_off_vent_ceiling_metal
e575f6431bae1a0,mc/mtl_p8_zm_esc_cryo_chamber_pod_screw_01
e57616431bae506,mc/mtl_p8_zm_esc_cryo_chamber_pod_screw_03
e57626431bae6b9,mc/mtl_p8_zm_esc_cryo_chamber_pod_screw_02
e579c5bff111054,mcs/mtl_p8_zm_zod_icicle_cluster_01
e57a9c3eea3bd75,lmg_standard_t8_gold
e587553d4e63773,ei/gfx8_debris_ember_em_gp_i16_desat
e58bc450d6a34bd,wc/t8_concrete_wall_cast_03
e58ff2df5bfd9b3,perk_dying_wish
e5914ca1abf6602,mc/mtl_p8_zm_zod_menu_second_class_decal
e592c6482bd4605,i_mtl_p8_zm_esc_spinning_trap_hook_r
e5931fb7e0c877a,i_concrete_clip_nosight
e59406482bd6801,i_mtl_p8_zm_esc_spinning_trap_hook_n
e5980bf3eb48c62,i_mtl_p8_zm_zod_bed_captain_sml_drape_cloth_n
e5981bf3eb48e15,i_mtl_p8_zm_zod_bed_captain_sml_drape_cloth_o
e59d02fba0e537a,pack_hunter_koth_hvo
e59d33205c832e9,fog/fx8_fog_thick_slow
e59d7bba853fe4b,scripts/zm_common/ai/zm_ai_utility.gsc
e59d8addcc37840,events_swat_grenade_aggression
e5a90faaaa3a9d3,pc_fortify_toggle
e5af294efaccdd3,ar_standard_t8_upgraded_tunables_zm
e5b5b49b04def81,mc/mtl_p7_door_metal_industrial_dent_sliding_white
e5b6096c58beed6,menu/battlechatter
e5b8f0c24580cf9,zm_inventory_zodt8
e5b95fa597c8576,mc/mtl_wpn_tac_rifle_mid_burst_scope_glass_mk2
e5bc4fe6e5f322f,zm_perksrevive
e5bd0d4c8388d5c,pc_mounting_ladders
e5bda73054bdf29,menu/material_picker
e5be2a7fbdb3f15,events_swat_team_objective_defense
e5c037dcb86a047,outfit_global_warpaint_bundle_clubs_shop
e5c4d945aa2617f,i_mtl_p8_zm_esc_warden_clock_details_m
e5c99ea2e6d6658,zm_ghost_settings
e5d0d63a7ea329e,outfit_assassin_legendary1_ruin
e5d1692f17d7a44,wc/t7_decal_grunge_wet_wall_stain
e5d38a7fa5cb2ed,medal_deployable_cover_shutdown
e5d594e05058ba0,rocketshield
e5dee96a84af3fa,scene_frontend_t8_diego
e5ef8f04e1a163d,outfit_global_warpaint_bundle_crackedmask_shop
e5f6d8ed8ab9ec8,weapon/lockon_required
e5f8a4e6890e672,medal/gunship_killjoy
e5f9deefa481357,presence/mp_frenetic
e5fd07264ee655b,new_health_stage_critical
e607bb67ca93648,mc/t7_con_metal_painted_white_glossy
e607dd183d257ff,mc/mtl_veh_t8_zmb_1912_sedan_glass
e608d8ff2fe8350,p8_debris_coal_01_loose_01_ember_01_hot
e60e6f925851e39,mc/mtl_p8_zm_esc_perk_vending_soda_bolt_01
e611c8e5d2394b2,mc/mtl_wpn_tr_powersemi_grip_sig_02
e61522bc8bc3dee,mpui/tacknife_desc
e617836e584cc55,menu/1_life
e61e902ca377228,mc/mtl_wpn_tac_rifle_mid_burst_mainbody_decal_03_mk2
e62933c77969dab,zm_powerupfrequency
e62c82e4984bf2b,prc_mp_slayer
e63362aea484e09,prt_zm_stanton
e6366e3e673a33d,gamedata/ddl/generated/dlog_event_gsc_error.ddl
e63f5d6385cdd3d,scripts/zm_common/util.csc
e643d6ca6060586,menu/stats_reset
e64b28edf21732a,talisman_impatient
e64b5a167949a20,attachment_suppressed_pistol_standard_restriction
e6507e893565d78,mpui/steadyaim2
e654fa19c523423,menu/bandolier_desc
e658021823e8ad2,p8_zm_esc_sign_reg_music
e65f6a26fbb15a9,splm/p8_gutter_01_straight_128_painted
e661eccb3cc30c1,wc/t7_linoleum_floor_tile_rectangle
e662e96141dd36c,attachment_grip2_sniper_powersemi_restriction
e66708e3d7341dc,attachment_killcounter_ar_standard_restriction
e66d521431d5bd4,uber_tacticalknife
e66dc2a4bf8e481,loot_ui_icon_tags_poster_torque
e6769047c298562,wc/t7_ntx_plastic_base_clean_matte_black_trim
e67a436e47d1f84,t8_escape_gondola
e683f42ceedb2ee,i_mtl_p8_kit_zod_mai_05_door_frame_set_metal_05_m
e685bede46bbf9b,ability_cooldown
e68b3e7e6658a20,vd/t7_concrete_wall_damaged_01_blend
e68e5a83c958d45,camo_active_dlc5_phased_wrapper_bundle_shop
e68f8f5fc114431,attachment_killcounter_lmg_standard_restriction
e696883cc1a71a4,i_wpn_tac_rifle_mid_burst_mag_s
e696d83cc1a7a23,i_wpn_tac_rifle_mid_burst_mag_n
e697483cc1a8608,i_wpn_tac_rifle_mid_burst_mag_g
e697883cc1a8cd4,i_wpn_tac_rifle_mid_burst_mag_c
e698228101b7b84,mc/mtl_p8_zm_esc_bed_infirmary_mattress_02_cloth
e6ae7e1c5e3d514,c_t8_zmb_mob_brutus_boss_dst_def
e6b3d39d479f22e,zmui/red
e6b48f87f9fb316,medal/final_survivor
e6b9789015bbdc2,ei/gfx_snow_hail_em_pb_i16|dup
e6ba3664baf8cde,events_battle_command_command_combo
e6bf8370e7c2412,aib_t8_zm_zod_homunculus_deploy_01
e6c2b5aca27a435,mcs/mtl_p8_zm_esc_clock_glass
e6c4170c41bc55c,weapon/ir_short
e6c70afd58c1ac4,ambassador_legend
e6ca4fbecf35169,mc/mtl_p7_zm_isl_cage_trap_decal_01
e6d421b20c399b6,mc/mtl_p7_zm_moo_bridge_crane_wire_plastic_black
e6d56e2832a712d,mc/mtl_wpn_t8_zm_blundergat_stock_wooden
e6d68a6b93d8fea,ei/gfx8_fog_slow_sm_anim_lit|dup
e6dbf14d2a81bf8,mc/mtl_p8_zm_zod_bed_cot_metal_pillow_cloth
e6e70a84ac33620,ges_plyr_gesture001_tunables
e6f00dcaccdb98e,tr_midburst_t8_operator
e6f23365c1e074f,wz/auto_select
e6f4c93f6a1557a,quote_mankind_must_put_an_end_to_ar
e6f6113b8b75f3e,menu/ready
e7033a9cec063d2,pstfx_zm_fire_blue_trap
e70a853614f70b3,outfit_zombie_epic1_firebreak_shop
e70e9fe0bd9bd7c,attachment_steadyaim_smg_fastburst_restriction
e70ee82208da9b5,water/fx8_water_drip_stream_long
e711075e6ae822e,melee_secretsanta_t8_mp
e719731af4c53e0,em/q01
e71dc38419dfe29,mc/mtl_p7_zm_moo_radar_dish_vista_set_decal_screw
e721055d1e3132c,loot_emote_exotic_shared_megaphone
e723392d9a66058,gsoc_zm_specialweapons
e72ad045da3ba9d,mc/mtl_p8_zm_vapor_altar_icon_01_blaze_phase
e72c148eb0b32d2,scripts/zm/powerup/zm_powerup_nuke.gsc
e731baa9efeed88,damageeffecttype_flash
e738001b1cb1269,menu/craft_save
e738b8040b8c5b2,impacts/fx8_bul_impact_raven_head_nonfatal
e73b1303505b45e,gsoc_zm_specialzombies
e73c44aa997c53b,activecamoinfo_t8_sig_ar_damage_fighter_plane
e7402c870e773db,p8_kit_zt8_exd_05_trim_05_basic_painted_metal_128_01
e75b037f2bc92ff,ac130
e75bc1a0959b16f,talent_doublejump_wz
e7647770dbab95f,ei/gfx_web_strands_02_em_pb_i16|dup
e76c1db6335c210,damage_mp
e779fcf8f894231,acog_sniper_quickscope_t8_tunables_mp
e77ac3f9b77cf98,i_mtl_p8_zm_zod_deck_crane_support_metal_n
e77add6790b2ee7,ei/gfx8_smk_sm_thick_bulb_anim_lit|dup
e77af3f9b77d4b1,i_mtl_p8_zm_zod_deck_crane_support_metal_m
e77c2a27d22d340,impacts/fx8_bul_impact_raven_body_fatal_uw
e77ee1bfcfb1cfb,charm_pillow_showstopper
e782d4d97343341,zombie_perk_bottle_deadshot_tunables
e787fbc451996c9,gestable_zombie_tomahawk_flourish
e78cb0807f53819,key/pause
e78cba3061f8de6,gamedata/tables/mp/mp_combat_training_challenges.csv
e78cd11c89c1442,i_mtl_p8_wz_ep_raygun_power_e
e78d8be09f571be,archivedentitystatefields_default
e78e172bf71a951,zm_weapsmg
e78ea135ad37641,mc/mtl_p8_zm_esc_chalk_buy_ar_modular_t8_zm
e79095d3e6ea352,em/cheek
e795f01faa44f73,light_culling_decals
e79f0f053f6dfed,mpui/barebones_dom
e7a4283db883d53,contract/dart_kills
e7a6cdef120e3d3,mc/mtl_p7_zm_sta_cabinet_antique_wood_01
e7a6ddef120e586,mc/mtl_p7_zm_sta_cabinet_antique_wood_02
e7a6eb31c61baec,mpui/desc_militia
e7a87675020e9a2,gd_c_t8_mp_spe_recon_lowerbody1_cst
e7a9563825a251d,mc/mtl_p8_zm_bandolier_bandit_perk_totem_metal_decal
e7b3d8538ff805e,uie_tiled_wipe_multiply
e7b685d03f862d8,i_mtl_p8_zm_esc_citadel_stairs_01_n
e7b695d03f8648b,i_mtl_p8_zm_esc_citadel_stairs_01_o
e7b6b5d03f867f1,i_mtl_p8_zm_esc_citadel_stairs_01_m
e7b8de4da147450,wc/t8_zm_off_dec_blood_splat_drip_med
e7befeff487ba9a,prt_mp_zero
e7bf6221936256b,vd/mtl_p8_industrial_scissor_lift_dirt_05
e7c2050015cf74a,tags/bib
e7c2bcca7142460,prt_wz_shadowman
e7c78cfa4024db3,mc/mtl_p7_mou_light_lamp_desk_decal_01
e7c79cfa4024f66,mc/mtl_p7_mou_light_lamp_desk_decal_02
e7c7acfa4025119,mc/mtl_p7_mou_light_lamp_desk_decal_03
e7c7bcfa40252cc,mc/mtl_p7_mou_light_lamp_desk_decal_04
e7c7ccfa402547f,mc/mtl_p7_mou_light_lamp_desk_decal_05
e7c8d2d6e51977b,talent/paranoia
e7d1a6f032bab11,attachment_quickdraw_smg_handling_restriction
e7d7c957dd7f2d3,events_hellstorm_missile_multikill_6
e7d7d957dd7f486,events_hellstorm_missile_multikill_5
e7d7e957dd7f639,events_hellstorm_missile_multikill_4
e7d7f957dd7f7ec,events_hellstorm_missile_multikill_3
e7d80957dd7f99f,events_hellstorm_missile_multikill_2
e7d9c98cc27739c,mc/mtl_p7_zm_moo_gate_teleporter_decal_01
e7d9f98cc2778b5,mc/mtl_p7_zm_moo_gate_teleporter_decal_02
e7da8119cfa97ff,i_attach_t8_pistol_burst_suppressor_decal_01_c
e7dce7925392b49,scene_frontend_t8_swat
e7dd0c1e484e69d,aib_vign_zm_mob_traverse_dock_zombie_1
e7dd6465d1cec31,ar_stealth_t8_zm
e7e6b03054be53b,surface_dud_grenade
e7f2e5cee3bc701,gd_c_t8_mp_spe_engineer_apocalypse_arms1
e7f69b3033d4d75,wc/t7_rubber_trim_roof_granular
e7f6c7513af4ed5,wallrun_start
e7f80ef0b3e10ab,culling_prepare_multidraw
e7fcb1333db8c49,loot_emote_exotic_shared_paper_shop
e7fd636da841524,ui/mod_electrocuted
e7fde1bd5e47b70,loot_contract_season_2_bonus_stream
e805ed1938a016a,quote_failure_is_the_opportunity_to_begin_again
e8098421cdc13c6,idle_flag_reset_time
e81191dbeb49dd7,hero_minigun_t8_lv1_tunables_zm
e8171e55fbc0185,mc/mtl_p7_zm_ori_crane_wood_metal_yellow
e8196fe59f87ed9,dlog_event_pc_hardware
e81ad0aeb75dfc5,weapondeathfx_blackhole
e81c061e4bb83f7,culling_multicull_lights
e82e078af9d599f,mc/mtl_p7_crate_wood_02_long_metal_blend
e830d5cc518f08d,mcs/t7_zm_shi_wood_planks_rustic_worn
e833ed6d22943cb,codcaster/ds_toolbar
e836f2cd9ddf986,arena/division
e83c311cc9ac74f,zm_weap_hammer_storm_rumble
e849aa59b00bbb5,zm_ai/fx8_blightfather_weakspot_jaw_exp
e84ccc6c68b41d1,hero_hammer_lv1_tunables_zm
e852cc71c4510e9,attachment_killcounter_smg_accurate_restriction
e85567918064cbc,i_mtl_p8_zm_zod_menu_third_class_decal_c
e857a31937c5e8e,wc/t8_metal_bare_steel_worn_01
e8623d884a9676f,maps/zm_office/fx8_elec_trap_light_red
e8637a0cce2a48c,splm/p8_zm_zod_pipe_set_medium_03
e869339dcdd0e0c,molotov_fire_tall_zm
e87bcbd5e2029d6,buildable_piece_zm
e87ee8488899f98,mc/mtl_p8_zm_zod_heater_engine_room_castiron_02
e87ef848889a14b,mc/mtl_p8_zm_zod_heater_engine_room_castiron_03
e87f1848889a4b1,mc/mtl_p8_zm_zod_heater_engine_room_castiron_01
e87f4848889a9ca,mc/mtl_p8_zm_zod_heater_engine_room_castiron_04
e8814540c2d4c40,weapon/fraggrenade
e885fa9b501564e,splm/p8_zm_gla_egy_stone_beam_01_16x32x128a
e888a52e92b5e25,mc/mtl_p8_zm_esc_dock_light_lamppost_leaks
e88b4089e92cc8a,gsol_zm_points
e89263631a228cc,ui_icon_director_tile_mp_control_focus
e897be66470ed7d,ei/gfx8_fog_slow_lg_anim_em
e8a1c0b5f43a091,mpui/reflex
e8a522170e1e239,contract/lightning_strike
e8a7f3645d4c9af,acog_sniper_fastrechamber_t8_tunables_mp
e8a92472b521c74,ei/gfx8_smk_md_thick_lobe_anim_lit_high_dark
e8aee70e2ea7dbe,marlton
e8aeec06e7c12e4,o_t8_zm_zombie_wallchunk_5_pull
e8afdd46ca68e34,scope_reflex_ar_modular_restriction
e8b464d290e7a99,wc/t7_asphalt_damaged_dark_wet
e8b51fa8af66ee6,mcs/mtl_p7_zm_zod_crane_claw_01
e8b89e471edb113,menu/lb_melees
e8baf96fedf0a48,ui_cam_icon_ar_accurate
e8bd91d66f55a16,molotov_steam_zm
e8bf13fb2dd9d51,wc/mtl_p7_zm_isl_switch_trap_decal_sign
e8cc5b28385a579,pstfx_zm_bgb_in_plain_sight
e8dcf31398c0718,em/i01
e8dd6b210231150,gamedata/ddl/generated/dlog_event_mpplaystyles.ddl
e8e25ca6d4ffcaa,bonuscard_perk_1_gluttony
e8e97b711ac8f24,mpui/weapons_caps
e8eb122d502c23f,pc_subsurface_scattering
e8eb41deb8b20dd,ec/gfx_gib_glass_pcloud_03_lit
e8f49cca79fa07a,events_automated_turret_assist
e8f51ec275a4a38,prt_zm_gunslinger
e8f5d041a7f5941,wz_character_outrider
e8fd23207ae6b45,mastercraft_swordfish_nautical
e90488fdc886167,events_attack_dog_deployed
e91218b873f4947,default_strategicbundle
e914691034841a9,zombie_perk_bottle_death_dash
e91886ac2d15a88,pc_previousweapon
e9242d7e4775c10,vd/t8_decal_foliage_moss_leaves_01
e92cd3021109842,mc/mtl_p7_zm_asc_cabinet_electronic_panel_red
e9385bf62d42343,acog_sniper_locus_t8_upgraded_tunables_zm
e93b3e155cc59e8,wc/t7_cry_metal_panel_safehouse_mobile_05
e93b6e155cc5f01,wc/t7_cry_metal_panel_safehouse_mobile_06
e93de0f8adaa7e5,pc_crouch_hold
e93f29e5be8ee7a,steam/fx8_steam_hpressure_sm
e93fcbbed93100a,i_mtl_p8_wz_ep_raygun_plastic_r
e93fdbbed9311bd,i_mtl_p8_wz_ep_raygun_plastic_s
e93ff38355e1b01,mc/mtl_c_gen_wolf_tail_1_alpha
e9400bbed9316d6,i_mtl_p8_wz_ep_raygun_plastic_n
e9401bbed931889,i_mtl_p8_wz_ep_raygun_plastic_o
e9409bbed932621,i_mtl_p8_wz_ep_raygun_plastic_g
e940dbbed932ced,i_mtl_p8_wz_ep_raygun_plastic_c
e9472e1f4267fad,outfit_northern_lights_legendary2_zero_shop
e94b1ae44f8b673,mc/mtl_wpn_t8_tr_midburst_mainbody_sig_02
e94b2ae44f8b826,mc/mtl_wpn_t8_tr_midburst_mainbody_sig_01
e959192694764f6,attachment_extclip2_shotgun_semiauto_restriction
e95d8214c13a667,attachment_suppressed_smg_fastburst_restriction
e96725db01b2e04,ei/gfx8_liquid_splat|dup
e967803ac913783,attachment_killcounter_shotgun_semiauto_restriction
e96c21d66ff3a86,molotov_steam_wz
e96f2c20809ec4d,ar_damage_t8_mp
e97d475e550c839,quote_mr_grenade_is_not_our_friend
e97ff56e7b201be,mc/t7_dlc1_metal_chainlink_paint_yellow
e98bfc5dc95733f,events_cluster_semtex_savior
e98cf73d20c60bb,impacts/fx8_bul_impact_blood_limb_nonfatal_exit
e993059699e6abe,craft_paintjobs
e995ea508b5824d,mc/mtl_p8_zm_zod_grand_staircase_tapestry_cloth
e99853562b7961b,victim_bulletspray
e99d6782e6ed811,mc/mtl_wpn_tr_powersemi_receiver_sig_02
e9a695b8617145b,impacts/fx8_bul_impact_mud_xxlg
e9a73f1d295a70b,colorblind_mode
e9aa3199b42bc48,tr_longburst_t8_gold
e9af257d7fd756c,zm_talismanslegendary
e9b2ff3482c8ea1,mpui/weapon_smg
e9b460a5eac3df1,menu/rules_hardcore
e9b77d928e5802a,pc_profanity_filter
e9b813aff06acb8,pistol_topbreak_t8_upgraded_tunables_zm
e9c580317451b56,p8_zm_off_plaque_seal_army
e9cb5ee0e47487a,ei/gfx_web_strands_02_em_pb_i16
e9ccaf7f1878e33,splm/mtl_p8_zm_gla_wall_arena_wood_01_set_decor_01
e9d7c3051f4ed82,medal_gungame_humillation
e9e791e2f1f1a7c,hard_male
e9e8be4aedcf24d,medal_molotov_multikill_x2_summary
e9ebee5d0394760,mc/mtl_p8_zm_esc_lab_lift_metal
e9f231cf6f89836,menu/community_goal
e9f808622152d3f,impacts/fx8_bul_impact_dirt_uw_xxlg
e9fc473eb53c2c1,mc/mtl_p8_zm_esc_chemistry_kit_06_black
ea06b397b6e4e15,loot_emote_shared_nobody_just_saw_that
ea208570550f278,vd/t8_decal_grunge_drip_water_flowing_01
ea28f821a725289,mc/mtl_p8_zm_esc_bldg_64_catwalk_base
ea2d3638a4144f2,mc/mtl_p7_zm_mob_cell_toilet_set_porcelain
ea3de517094e68d,events_seeker_shock_mine_killed_paralyzed_enemy
ea4050fc21cf521,explosions/fx8_exp_grenade_surface_mud_child
ea4757b5061444c,ambusher_control_hvo
ea4ceb6c639e753,arena/master
ea55e6534ce1a55,ei/gfx8_liquid_splat_em|dup
ea572407888e7d1,quote_must_not_fight_too_often_with_one_enemy
ea5f95a1af8036a,beam8_plyr_emote_elec_hands_bolt
ea60cf27bedfa51,gamedata/weapons/zm/zm_gunlevels.csv
ea618ad29d2bfa5,mc/mtl_p8_zm_zod_cylinder_support_column_mid_decal
ea6791a6a08b7dc,wc/mtl_p7_mou_cover_corrugated_metal
ea6f79967265b70,outfit_flecktarn_base_pal_com6_firebreak_shop
ea6f9310d72a6a4,zombie_perk_bottle_stronghold
ea6fc5425928244,mc/mtl_p7_spl_jewelry_toy_set_pearls
ea736e2b2799bb4,uie_scrambled
ea74c3a24272e63,mc/mtl_p8_zm_zod_bed_bunk_third_class_berths_frame_01
ea771644e27986e,contaminator_sd_hvo
ea7793f2daf4059,key/enter
ea795e90765b58a,pc_fraggrenade_toggle
ea7a26661c1b340,wc/mtl_p7_wall_mobile_dep_decal_numbers_black
ea7c9b468b492e1,camo_t8_smg_capacity
ea7d1cc502ef248,events_melee_kill
ea7ea7b1b6fc5e9,pc_texture_filtering
ea80cdde7282f03,mc/mtl_p8_zm_esc_perk_vending_cola_decal_01
ea80ddde72830b6,mc/mtl_p8_zm_esc_perk_vending_cola_decal_02
ea80edde7283269,mc/mtl_p8_zm_esc_perk_vending_cola_decal_03
ea80fdde728341c,mc/mtl_p8_zm_esc_perk_vending_cola_decal_04
ea810dde72835cf,mc/mtl_p8_zm_esc_perk_vending_cola_decal_05
ea8dead3727572b,mc/mtl_p7_zm_moo_teleporter_sphere_dirty_01
ea8dfad372758de,mc/mtl_p7_zm_moo_teleporter_sphere_dirty_02
ea8e0ad37275a91,mc/mtl_p7_zm_moo_teleporter_sphere_dirty_03
ea8e1ad37275c44,mc/mtl_p7_zm_moo_teleporter_sphere_dirty_04
ea8e2ad37275df7,mc/mtl_p7_zm_moo_teleporter_sphere_dirty_05
ea9923645ef9a87,acog_sniper_fastrechamber_t8_tunables_zm
ea99a5a392eb89e,pc_category_actionbehavior
ea9ac6c7db71c76,zm_halloween_2018
ea9bfd643e4db5a,warzone_priority_pickups
ea9c24424bf5bcb,wz_character_scarlett
ea9c255df90466e,player_jump_start
ea9cd1baa307718,maps/zm_white/fx8_monkey_bomb_reveal
ea9eea179d8f6ec,zm_talismanextrasemtex
eaa4354bb459184,events_battle_command_vanguard
eaafed1a2f40796,events_war_machine_demolition
eab7c0c621b81be,attachment_clantag_smg_standard_restriction
eaba039dcfc4060,molotov_fire_tall_wz
eaba6fc885fa203,zombie/fx8_perk_blaze_phase_trail
eabc86e8c6b9cad,ec/gfx_water_bubble_pcloud_em_pb_i16
eabd203a95cd26b,mc/mtl_t8_wpn_pistol_revolver_trigger_sig_01
eabd25b65afc250,vd/t7_decal_damage_concrete_tile_01
eabd303a95cd41e,mc/mtl_t8_wpn_pistol_revolver_trigger_sig_02
eabdf7893888b6f,mc/mtl_p8_zm_esc_bldg_64_shelve_01_wood
eac12a553e8dfe3,mc/mtl_p7_slu_pole_utility_set_wire
eae34c167754f42,impacts/fx8_bul_impact_wz_water_base_xlg
eae6bd80793b190,p7_debris_concrete_rubble_med_11_no_metal_warm_sml
eaeb0170a4bed01,ei/gfx8_light_incandescent_hot_em_pb_i16_nocull
eaedc443101c5a0,mpui/desc_hacienda
eaf8ea8659260bc,mc/mtl_p7_zm_mob_bed_infirmary_frame_white
eb046910c495ace,zombfootstep_walk_zomb
eb0747e02615c23,zhield_riot_lh_zm
eb08b47b582b569,entity_knife_swipe_npc
eb0fe85b0c234b0,menu/hardened
eb104b191822161,activecamoinfo_t8_sig_smg_fastfire_voyage
eb1905892676c3e,steadyaim_sniper
eb30bf7951c5304,disable_third_person_spectating
eb426cfbfef7486,maps/zm_office/fx8_magicbox_marker
eb437da2b44b4bc,ui_cam_icon_pistol_burst
eb45bff0d4ecf49,zm_ai/fx8_cata_water_aura_head
eb4f17ebaa29c56,menu/slider_desc
eb4f466cbe7d5f9,impacts/fx8_bul_impact_wz_mud_base_xlg
eb52f29d51538c4,gamedata/ddl/generated/dlog_event_message_size.ddl
eb5b82fb2073dec,mc/mtl_p8_zm_elixir_icon_kill_joy
eb5d5157e1348f8,zm_talismanextraclaymore
eb610382949ffd6,mc/mtl_p7_zm_sta_box_store_set_watch_decal_04
eb611d9b8d57770,events_dirty_bomb_multikill_3
eb612d9b8d57923,events_dirty_bomb_multikill_2
eb61338294a04ef,mc/mtl_p7_zm_sta_box_store_set_watch_decal_03
eb616d9b8d57fef,events_dirty_bomb_multikill_6
eb617d9b8d581a2,events_dirty_bomb_multikill_5
eb618d9b8d58355,events_dirty_bomb_multikill_4
eb637ae1375cc57,kill_event_score_multiplier
eb6cf5ae99eaa53,zombie_perk_totem_winters_wail_zm
eb6d3ba597b81a2,ei/gfx_smk_gen_anim_lit
eb7d3d80fcb8a75,mc/mtl_wpn_t8_zm_shotgun_trenchgun_decals_base
eb7d44dd9fe5d35,director_lan
eb7e38bb5474152,impacts/fx8_bul_impact_ice_ground
eb8c41d671c2452,molotov_steam_mp
eb9968c75952fa3,shadowman
eba35541e26b1f1,default.ai_ast
eba3c541e26bdd6,default.ai_asm
eba7b01633a850f,wc/t8_decal_blood_streaks_floor_light_01
ebadbcdcd7a0449,outfit_dotd_com1_bundle_recon_shop
ebb0d2d5095754e,weapon/fx8_muz_sm_smk_1p
ebb6cb7fe80aa8e,mp/defeat
ebbbc3c4587b1f8,mc/mtl_p7_zm_ctl_light_lamp_vintage_01_metal_1
ebbbf3c4587b711,mc/mtl_p7_zm_ctl_light_lamp_vintage_01_metal_2
ebbbf66e99bd4d8,c_ger_richtofen_zm
ebc0d4c7fc13d9b,electric_arc_tesla_beam_energy_ball_blue
ebc703178f7ca6d,em/f01
ebcd29813050e9b,boast_megaphone
ebd0d592cdbeee0,menu/silent_plant
ebd0e8f5744a509,mc/mtl_p7_zm_mob_cell_toilet_set_iron_far
ebd4ff3e3620644,i_mtl_p8_zm_esc_lighthouse_light_n
ebd7b5999bc11b0,mod_suicide
ebd9a78c9473f1e,mc/t7_metal_cable_weave_01_black
ebda47014b5f070,prestige8_mp
ebe13f757011550,mc/mtl_p8_zm_esc_warden_office_door_frame_left
ebe3a344fb54080,zm_bgb_phoenix_up
ebeb4b79a912c09,lb_mp_gb_xpprestige
ebec6dafaa5d910,i_mtl_p8_zm_esc_dark_machine_decal_rust_01_n
ebed3dafaa5ef27,i_mtl_p8_zm_esc_dark_machine_decal_rust_01_c
ebef3465d54b46d,ar_stealth_t8_mp
ebf024e1559c04a,prt_zm_butler
ebf0e83b479c6ab,menu/paintshop_caps
ebf176f4e5b189d,menu/carrier_armor
ebf29638c829434,loot_contract_tedd
ebf3b10fa0dde9d,activecamoinfo_t8_sig_smg_handling_hunter_wz
ebf63a96e625a07,explosions/fx8_exp_rocket_default
ec00850dcae0e1b,ei/gfx8_water_bubble_group_lit|dup
ec01a57abdf1975,menu/com_error
ec050ea3c7eb5de,mc/mtl_p7_zm_asc_pipe_modular_set_surface_metal
ec05cc8f5edc155,o_t8_zm_zombie_board_3_pull
ec08d0d8057494c,bowie_flourish_story_1_zm
ec0b1b06599286c,mc/mtl_p8_zm_zod_bed_bunk_third_class_berths_sheet_line_03
ec0b2b065992a1f,mc/mtl_p8_zm_zod_bed_bunk_third_class_berths_sheet_line_02
ec0b3b065992bd2,mc/mtl_p8_zm_zod_bed_bunk_third_class_berths_sheet_line_01
ec10ce77927e6bc,fxb8_zm_char_brutus
ec117acc495c203,charm_junogotchi
ec14795dadcb33c,gamedata/ddl/generated/dlog_event_end_match.ddl
ec190f1759fd484,mcp/hud_outline_model_z_calpha_scriptint
ec1b019822e2e70,mc/mtl_wpn_tac_rifle_mid_burst_mainbody_alt_mk2
ec24047a60e6e47,vd/gfx_decal_blood_spray_01|dup
ec2a321df5e6ecc,actorstatefields_default
ec37a45b8b03c5f,loot_emote_exotic_shared_mic_drop
ec3822c82373d46,menu/purchase_tiers
ec3b74b563ad0c6,hero_katana_t8_lv2_zm
ec400589d6b617a,zombie_perk_totem_ethereal_razor_zm
ec4ff692f3dfc05,ei/gfx_gel_splat_string_em_pb_i16|dup
ec54e9109083e8e,splm/t7_decal_grunge_leaking_03
ec5f62cd51a2d87,mc/mtl_p7_zm_moo_console_control_decal_07_01
ec6212c406134c6,explosions/fx8_exp_bomb_surface_wood_child
ec6379ce531b713,explosions/fx8_exp_grenade_surface_glass_child
ec654946474f1c7,mc/mtl_wpn_t8_zm_broadside_canon_body_bottom
ec68a62816d8504,mc/mtl_p8_zm_esc_lab_monitor_base_leaks
ec6daf4c05002b6,pistol_burst_t8_upgraded_tunables_zm
ec71865abf114bb,weapon/fx8_muz_xlg_smk_3p
ec765a9cd9aa3e3,activecamoinfo_t8_headshot_alt
ec7735b80646588,max_players
ec7e1c3aa535e9b,zm_specweap
ec8042138d1e89c,weapon/local_heal
ec8349ca9d27667,ei/gfx8_shockwave_anim_em_pb_i16|dup
ec842a4091e68bb,talent_ghost
ec894acc3631c11,mc/mtl_wpn_t8_shotgun_semi_chain_sig_02
ec9019050d7e8df,wc/t8_decal_grunge_burn_01
ec90c3882bc7e26,zm_weapons/fx8_aat_opposite_exp
ec92810fa1612d9,activecamoinfo_t8_sig_smg_handling_hunter_zm
eca12023bf08c25,entity_impact
eca4e443923acfc,menu/permanent_unlock
eca7e857b337d10,pb_backhander_male_draft_preready_5
eca7f857b337ec3,pb_backhander_male_draft_preready_4
eca82857b3383dc,pb_backhander_male_draft_preready_1
eca84857b338742,pb_backhander_male_draft_preready_3
eca85857b3388f5,pb_backhander_male_draft_preready_2
ecab5c09cffe5d4,zm_talismanpermanentheroweaparmor
ecacabb756fc5de,i_wpn_t8_smg_handling_beads_sig_02_s
ecad6bb756fda42,i_wpn_t8_smg_handling_beads_sig_02_o
ecad7a2412deca8,zhield_turret_zm
ecad7bb756fdbf5,i_wpn_t8_smg_handling_beads_sig_02_n
ecadabb756fe10e,i_wpn_t8_smg_handling_beads_sig_02_c
ecadebb756fe7da,i_wpn_t8_smg_handling_beads_sig_02_g
ecae4a2571be050,mc/mtl_wpn_t8_smg_accurate_stock_armor_sig_03
ecb2530d512e350,zombiekiller_task
ecbc92f01fa34af,scene_frontend_t8_zm_male_team_2_gunslinger
ecc31b149114526,wc_perk2greed_restriction
ecc37c7b6bf776b,charm_pocket_watch
ecc98efed5bdd6d,weapon/tank_robot
ecc9e78037c5407,zm_weapons/fx8_viper_bite_projectile
eccdf8553b4b406,impacts/fx8_bul_impact_money_fatal
ecd1c330e6a508a,ei/gfx8_muzzleflash_sparks_omni_desat_em|dup
ecdf74613c27651,flamethrower_beam_underwater
ece09ec5c9203ad,guardian_dom_hvo
ece28903b4c4878,lb_mp_gm_sd_hc
ece5a8128661216,wc/mtl_p7_sin_bs_train_subway_chipped_edges_01
ecedcff4cdc77e5,mc/mtl_veh_t7_zhd_tanker_truck_body01_plastic
ecef105edfce221,talisman_coagulant
ecf1546cdde6ee6,mc/mtl_p8_zm_esc_sign_location_set_02_off
ecf379961c4ffe5,splm/p7_chain_metal_str_16
ecf419c80dc24bd,ei/gfx_exp_alpha_anim_em_pb_i16
ecfa070f2ddcd6c,tr_leveraction_t8_upgraded_zm
ecfa173f4b5755b,wz_character_richtofen
ecfaad6a2991ab5,uie_tiled_wipe_add
ecfe11bfe351e2f,blend_shapes
ed0590296ae9359,mc/mtl_p8_zm_zod_menu_third_class_decal
ed07bbe3ffa1535,pc_scoreboard_hold
ed07e365a12091f,splm/t7_decal_grunge_rust_01
ed089cc2a5a03b2,xboxlive/signedout_splitscreen
ed0d834d1404701,mcs/mtl_p8_kit_zt8_thi_01_door_handle
ed106916ef2ec1b,director_online_theater
ed134c733cc0f48,mc/mtl_wpn_tac_rifle_mid_burst_mainbody_mk2
ed184528158b71b,zm_contract/mansion_rounds
ed1aac21f28caea,medal_spectre_smoke_multikill_2
ed1ae389c751ceb,mc/t7_metal_window_frame_dark
ed1e1594e979920,mc/mtl_p8_zm_esc_packasplat_engine_base_dirt_03
ed1e2594e979ad3,mc/mtl_p8_zm_esc_packasplat_engine_base_dirt_02
ed27f1e2002ccdb,splm/p7_pipe_metal_hp_12_straight_64_bare_dmg
ed2af639fa338a1,pistol_fullauto_t8_upgraded_zm
ed2d05ec56059b2,p8_zm_esc_magic_box_lock_latch
ed2facc41c9e672,mpui/gamemode_caps
ed360b2cde2c144,mpui/gl_desc
ed3b8ea9e1ba185,impacts/fx8_bul_impact_confetti_headshot_fatal
ed41e5672e95e2c,camo_t8_smg_vmp
ed5c2ec5c21018a,menu/battlechatter_hint
ed5d6d9e4f84e23,mc/t8_metal_bare_tungsten_worn
ed5fe967776e1fb,zmweapon/ar_peacekeeper_t8_upgraded
ed69040187ce5fb,mcs/mtl_p8_zm_esc_warden_clock_glass
ed6d6e15fd62872,scope_elo_smg_fastburst_restriction
ed6dfbae4e23b52,mpui/extclip2_desc
ed6fa5a301d8379,acrobat_sd_hvo
ed7299fc11bb4f1,elo_sniper
ed77a22f165e308,zombie/fx8_magicbox_amb
ed7aac4b721dbbf,menu/error
ed7b198cfcdef19,mc/mtl_p8_zm_esc_desk_dust
ed7e69d6de0c136,zombie/perk_additionalprimaryweapon
ed7f8199061196d,fmj_sniper_powerbolt
ed818cd3a955544,events_concertina_wire_objective_defense
ed81ff6041564b1,mc/mtl_p8_zm_esc_perk_vending_tonic_green_metal
ed87375e8a35e31,menu/x_headshots
ed891a49a479e12,loot_emote_shared_male_book_of_hell
ed8e2b36f656711,i_mtl_p7_zm_tra_fence_chainlink_post_metal_m
ed8f381b0c781e4,pc_scoreboard_toggle
ed934ab85224006,wc/mtl_p7_zur_nw_foundry_set_grate
ed9c612e9b0a2e6,zombie_perk_totem_quick_revive
eda1b98ce871402,vd/mtl_loot_ui_icon_tags_muertos_ajax
eda44d488d65e94,mc/mtl_p8_zm_esc_press_steel_small_metal
eda68561505e676,menu/modifier
edb218fcaf8a860,weapon/fx8_muz_ar_fast_3p
edb54aca54e9a2b,scripts/autogenerated/luielems/core/debug_center_screen.gsc
edbd1d8d238d8d1,talent/looter
edc00cd8d2710b9,mc/mtl_p8_zm_esc_chemistry_kit_08_decal
edc72d827661247,ui_cam_icon_special_knife
edc7c8b1fd8453f,menu/general_caps
edcaa1110590b84,platform/right_stick
edcb4bb803b1a54,obliterator_control_hvo
edccc39007b037b,mc/mtl_p7_sin_sh_truss_platform_glass_frame_01_metal
edcfc0e77c1a316,shotgun_pump_t8_upgraded_zm
edd275d14d754e1,weapon/targeting_aborted
edd3331398cb96e,spawner_zm_zombie_escape
edd3537ff41b903,mc/mtl_attach_t8_sniper_vanguard_fmj_01
edd3637ff41bab6,mc/mtl_attach_t8_sniper_vanguard_fmj_02
edd5d68b4135dc0,ui_cam_icon_sniper_powerbolt
eddf58118631795,zhield_spectral_dw_upgraded_zm
ede29b3f8e07acd,lb_mp_gm_dom_arena
ede520d23bbcd40,mc/mtl_p8_wz_door_01_steel_heavier
ede861df91b602a,mcs/mtl_p8_zm_esc_crate_wood_lrg_dirty
ede8dc404c21cc8,impacts/fx8_bul_impact_fireworks_body_fatal_exit
edec5e00ba2bf7a,outfit_zombie_epic1_ajax_sunset_bundle_shop
edefd3349994820,menu/subtitles
edf188df2bc01cc,events_battle_shield_vanguard
edf1a87591e1a19,mp/radiation_field_hint_press
edf2f08fe6b3bf5,menu/contract_tedd
edf37a1d1730501,mc/mtl_p8_zm_esc_console_monitor_decal
edfb4263e00af90,vd/mtl_loot_ui_icon_tags_barbarians_06
edfb6263e00b2f6,vd/mtl_loot_ui_icon_tags_barbarians_04
edfb7263e00b4a9,vd/mtl_loot_ui_icon_tags_barbarians_05
edfb8263e00b65c,vd/mtl_loot_ui_icon_tags_barbarians_02
edfb9263e00b80f,vd/mtl_loot_ui_icon_tags_barbarians_03
edfbb263e00bb75,vd/mtl_loot_ui_icon_tags_barbarians_01
ee0671def6af7a4,bullet_xlarge_enter
ee09f1f33d84bc3,mc/mtl_p7_slu_pole_utility_set_transformerl_01
ee0a01f33d84d76,mc/mtl_p7_slu_pole_utility_set_transformerl_02
ee0c8e798abf789,gd_c_t8_mp_spe_engineer_highlander_arms1_cst
ee13e2de2989233,mc/mtl_p8_zm_zod_signage_stencil_arrow_right_decal_sign
ee1e5ddad45172b,o_t8_zm_zombie_wallchunk_6_pull
ee22d8fcafedb72,weapon/fx8_muz_ar_fast_1p
ee253eeba62ffa7,splm/mtl_p7_jun_foliage_vine_stems
ee25cf3552a9b62,reaper
ee2659e8dff07d8,prt_wz_spectre
ee2c50c3f3d0682,mc/mtl_p8_zm_esc_warden_cabinet_wood_01_dmg
ee348e57439d79e,lb_mp_gm_ctf_hc
ee38d4474780e8d,mpui/station
ee3bb783fafd1aa,pstfx_zm_wormhole
ee4053c48f36e77,gd_c_t8_mp_spe_hacker_persian_arms1
ee4063c48f3702a,gd_c_t8_mp_spe_hacker_persian_arms2
ee42a3145f1fe3d,defaultplayerfootstep
ee45abbe6c13bdb,mc/mtl_p8_zm_esc_door_barricade_01_welds
ee4dcc0ba26eaad,minigun_bounce
ee52eb522d81379,mc/mtl_p8_zm_esc_infirmary_bathtub_dirt
ee5417b3fffd345,charm_bo4_emblem
ee59deccc391260,c_54i_grunt_fx_table
ee59fe4bbbd7114,i_concrete_floor_polish_n
ee5d2e126a09d9a,weapon/claymore
ee5fbd14f320c28,mc/mtl_p7_zm_ori_scope_vintage_metal_03
ee5fcd14f320ddb,mc/mtl_p7_zm_ori_scope_vintage_metal_02
ee5fdd14f320f8e,mc/mtl_p7_zm_ori_scope_vintage_metal_01
ee60e8b93044e30,wc/t8_decal_bullet_holes_concrete_02_gray
ee6437d33ffbf9a,wc/t7_zm_sha_rock_cliff_01_moss_blend
ee65dc73f73946a,scripts/core_common/struct.csc
ee6634b4cb6e9e2,zm_winter_2018
ee6d49c92026374,wc/t8_decal_tech_shipping_container_bolt_03
ee6ef413196e3ab,incremental_spawn_delay
ee70876039b6cc8,vd/t7_decal_grunge_ceiling_water_stain
ee74b0b47109368,mcs/t8_ceramic_roof_tiles_01_orange
ee74ff4d22e8b55,weapon/melee_coinbag_t8
ee89ff190bcd0f2,splm/p8_zm_zod_curtain_bracket
ee8cd93f12e9f63,ww_freezegun_t8_tunables_zm
ee9857281a2b838,mc/mtl_p8_zm_zod_anchor_ctr_base
eea27e1a6a187bd,lmg_double_t8_upgraded_zm
eea2cc1f85b0ced,pc_grapple_toggle
eea5d9ee7ce4145,ei/gfx_gel_drops_em_gp_i16
eea87f27d0bbbde,i_p8_zm_vapor_altar_icon_01_blaze_phase_c
eeae2d9c47dfe8d,ui/mod_drown
eeaedbfc1d6899e,pc_seekermine_toggle
eeb3d5e9cc05ce2,mc/mtl_veh_t7_mphd_forklift_decal_gls_crack_02
eebe6dcbde6400b,mcs/t7_steel_cable_01_dark
eec2105d42bbe6d,mc/mtl_c_t8_bo_hero_tedd_leftpants
eec3894763c21e4,i_mtl_p8_zm_esc_chemistry_kit_04_metal_m
eec3b94763c26fd,i_mtl_p8_zm_esc_chemistry_kit_04_metal_n
eec7543dba0008b,ui_cam_icon_ar_damage
eec859c41a77ba8,c_t8_zmb_mob_brutus_dst_def
eece5bee42c05ff,wc/t7_glass_window_warehouse
eed46c72deb0714,mc/mtl_p7_zm_mob_cell_sink_set_porcelain
eed6189054c66a6,ges_plyr_gesture002_zm
eee160a41912ff1,p8_zm_esc_fast_travel_beam_01
eee2c2c34ec2535,mc/mtl_p8_wz_ep_surfboard
eee7da03918fd51,outfit_warrior_epic1robber_firebreak_shop
eef32cf83ba78b7,mpui/weapon_pistol
eef659070274b44,mc/mtl_p8_wz_ep_briefcase_socks_dark
eef699178a838fd,mc/mtl_wpn_tac_rifle_mid_burst_scope_alt_mk2
eef90b1483c4c23,mpui/aar_caps
eefddb8756023b0,mc/mtl_p7_ra2_chest_vintage_set_decal_04
eefdeb875602563,mc/mtl_p7_ra2_chest_vintage_set_decal_05
eefdfb875602716,mc/mtl_p7_ra2_chest_vintage_set_decal_06
eefe3b875602de2,mc/mtl_p7_ra2_chest_vintage_set_decal_02
eefe4b875602f95,mc/mtl_p7_ra2_chest_vintage_set_decal_03
ef01507360bf813,mc/mtl_p8_zm_bandolier_bandit_perk_totem_emissive_red
ef017373d4805b3,ar_modular_t8_upgraded_zm
ef055cea3d9f962,attachment_steadyaim_tr_powersemi_restriction
ef0c86c1309d5df,maptable_mp_base
ef105dfe1446b3b,menu/in_game
ef13164d9d33ad0,gd_c_t8_mp_spe_ruin_viking_arms1_cst
ef165671949add6,arena_event_league_play_default
ef18eeb749f7493,camo_active_dlc1_masks_wrapper_6crates_shop
ef1abf135644a68,mc/mtl_p8_zm_esc_perk_vending_cola_chrome_metal_03
ef1acf135644c1b,mc/mtl_p8_zm_esc_perk_vending_cola_chrome_metal_02
ef1adf135644dce,mc/mtl_p8_zm_esc_perk_vending_cola_chrome_metal_01
ef1b2f13564564d,mc/mtl_p8_zm_esc_perk_vending_cola_chrome_metal_04
ef1ba4453fce3cf,gamedata/ddl/generated/dlog_event_save_emblem.ddl
ef1daf53cebc8f0,talent_tracker
ef1dbea36eec757,i_c_t8_camo_flecktarn_metallic_s
ef1ebea36eee287,i_c_t8_camo_flecktarn_metallic_c
ef22a2a96175a25,zhield_spectral_dw_tunables_zm
ef22c48088f9afd,p8_zm_esc_sign_reg_complaints
ef29d7842460907,zombie/perk_marathon
ef2aec8595f3c1b,i_attach_t8_pistol_revolver_hammer_diamond_mk2_n
ef2ce5f8fd77276,pc_molotov_toggle
ef2d3320785b51a,menu/leave
ef2e220533e59f8,ei/gfx8_smk_md_thick_scatter_anim_lit
ef2ef94c736dd5c,attachment_fastreload2_ar_fastfire_restriction
ef3014448db60f7,ei/gfx8_smk_md_thick_scatter_anim_high_dark_lit|dup
ef3183bd62d2579,em/coffin
ef3252f05119114,impacts/fx8_bul_impact_ice_body_fatal
ef360aef95db1f7,mc/mtl_p8_zm_off_podium_wood
ef3a4972eedef0a,pc_streamer_mode_others
ef3ba6380c215fa,loot_contract_halloween
ef408b2b3e35377,ar_stealth_t8
ef41e163709adea,ei/gfx_fog_slow_wide_sm_anim_lit_full_lite
ef42a69414d478f,blood/fx8_drip_impact
ef454c04e5ab9b6,attachment_steadyaim_ar_modular_restriction
ef460579623617b,ei/gfx_exp_alpha_anim_em_pb_i16_desat
ef461e33f1677cc,mc/mtl_p8_wz_ep_sparkler_dark
ef48c90d91bb67e,elemental_bow_base_impact
ef4cfc9a6b3db91,gamedata/tables/mp/scoreinfo/mp_scoreinfo_sd.csv
ef50135dfccb5a2,mc/mtl_wpn_t8_sniper_powersemi_wraps_scope_sig_02
ef5b1cc076a99bc,menu/tier_single
ef5cbd378f6506c,sea_male
ef5d9504871a73e,tr_flechette_t8_upgraded_zm
ef5e11ab8158950,defaultgametypetable
ef5ed45d579a6d8,gamedata/ddl/generated/zm_loadouts_offline.ddl
ef5f815b0ce93c4,menu/scoring_hint
ef61c1884d7cfb2,mc/t7_glass_panel_dirty_frosted
ef640c5cdaf0c26,p8_kit_zod_fir_01_ceiling_panel_01_basic_painted_wood_64w_128d_02_grunge
ef6850cebbc8836,attach_t8_charm_sniper_round_view
ef6b6c57d4b3cb3,loot_emote_shared_ruin_war_face_shop
ef6d8064ad91c68,vd/t8_decal_blood_handprint_wall_edge_02
ef6db064ad92181,vd/t8_decal_blood_handprint_wall_edge_01
ef6e3d97714c03e,menu/processing_request
ef7219082a68ada,mc/mtl_p8_zm_zod_light_flashlight_box_brass
ef760d9940933ca,mc/black_abyss
ef7b4d40da1bc54,hero_chakram_lh_lv2_tunables_zm
ef82642b903da22,weapon/hero_sword_pistol
ef865ad574f5fad,mpui/weapon_sniper_caps
ef9d79e5c3f73cb,steam/fx8_steam_hpressure_md
efa1752f51460aa,killstreak_supplypod
efa30f43806f000,mc/mtl_p8_zm_esc_perk_vending_cola_glass_01
efa33f43806f519,mc/mtl_p8_zm_esc_perk_vending_cola_glass_02
efa86bb931b4df7,p8_zm_esc_light_mounted_mount_full_on
efaa33e17a96ee6,i_t8_glass_solar_panels_01_c
efaa7b50b0bd88b,maps/zm_escape/fx8_wolf_soul_charged
efab03e17a984fd,i_t8_glass_solar_panels_01_n
efb82c43276a4e3,lmg_spray_t8_upgraded
efc5f90f636ad56,outfit_tigerstripe_base_pal_com6_crash_shop
efc95e2aceb4d73,ui/mod_melee
efda44c7fbb7fb7,combat_medic_dom_hvo
efdccd0316a18ce,exe/error
efdd1bed786362b,perk_lightweight_restriction
efe119b768846ed,mc/mtl_attach_t8_shotgun_prec_barrel_01_alt
efe381c018fc571,smg_accurate_t8_upgraded_zm
efe44602a40ec08,quartermaster_koth_hvo
efeacee80e02269,p8_zm_esc_citadel_metal_gate_04
efeadee80e0241c,p8_zm_esc_citadel_metal_gate_03
efeaeee80e025cf,p8_zm_esc_citadel_metal_gate_02
efeafee80e02782,p8_zm_esc_citadel_metal_gate_01
efeba8e443b4e26,mpui/sf_desc
efeebec017f6bc8,pc_autocullradius
efef03e4254449a,lb_mp_gb_score
eff03983b758670,loot_contract_nomad_heist
effbd182eddc537,pb_melee_fem_draft_preready_to_select_3
effbe283f08115d,ei/gfx8_light_phosphorous_em|dup
f002d4d402876d2,ei/gfx8_fog_slow_lg_anim_em_gp_i16
f007d168b83515d,/destruct/fx_dest_pallet_wood_damaged
f01811998209733,ei/gfx8_spark_rndhit_hdr_desat|dup
f01ad208bedd90d,scene_frontend_t8_recon
f01badbd66b2962,prt_wz_woods
f02153ad89c4e4c,output_sdr
f02e880efb5bdad,icepick_sentry
f03000144fba0fe,mc/mtl_p8_zm_esc_turbine_generator_turbineguards_decal_fakeao
f033706dc6cb0fa,mc/mtl_p8_zm_esc_power_switch_glass_lit
f03c5555b1eeaee,scope_acog_ar_accurate_restriction
f03c71cbe2dc073,menu/title_outfit
f04639a5fa025e7,attachment_extbarrel_ar_stealth_restriction
f048099f528600a,p8_wz_ep_cigar_lit
f049d2c72419c19,mpui/quads
f04b2ec6c95735a,mc/mtl_p7_light_spot_cinema_01_body_black
f04c3247c0717b1,zombie_builder_zm
f05325911e5fcae,mc/mtl_p7_rus_canister_industrial_metal_01_red
f059f15da05944a,mc/mtl_veh_t7_mphd_forklift_decal_hole_01
f05abb260cc9cb4,impacts/fx8_bul_impact_gravel_uw_xsm
f061f7b4f5c715b,i_mtl_p7_zm_tra_sign_biohazard_01_m
f06207b4f5c730e,i_mtl_p7_zm_tra_sign_biohazard_01_n
f0648d909d6da7b,mc/mtl_p7_zm_asc_pipe_modular_set_painted_orange
f06baf9ed7fea19,fallimpact_fast_surface
f0755b53aaf452c,gamedata/ddl/generated/dlog_event_zmplayerevents.ddl
f077a606f8be8d4,zm_elixirinplainsight
f07a53142a3dd4e,em/k01
f07f486b081b54f,zmweapon/impaler
f083261721821fc,zm_office_debris_01_idle
f084f2956bb3759,splm/p7_pipe_metal_hp_4_straight_64_bare
f085de4c1d9aeff,mixclip
f086aa3485b53e6,zombie_bgb_grab
f08815f4d8fc92d,ges_plyr_gesture005_zm
f08b7fa6a47c0fb,menu/time_pause
f08d9c673d63d3c,codcaster_ds_killfeed
f0927ea97f7f4d4,events_concertina_wire_kill
f09f26ded1328f6,zm_elixirequipmint
f0a22513c59cff9,zombie/fx8_magicbox_amb_open
f0a38e8fd4ae594,codcaster/ds_inventory
f0acfbe419d9b37,i_mtl_p8_zm_zod_menu_first_class_decal_c
f0b983e74d919bd,i_mtl_p7_zm_tra_power_panel_set_signage_decal_g
f0bb4dec28e90dc,splm/mtl_p7_pipe_metal_hp_12_straight_rust_dmg
f0bc17014f84308,prestige8_zm
f0c1de604bdc5d0,splm/t8_zm_esc_parade_concrete_tiles
f0c21d73db96d4e,mc/mtl_p7_zm_asc_pipes_electrical_set_decal_dirty
f0c439a6b770854,attach_t8_charm_20_side_dice_view
f0c567012b33fd9,prt_wz_stanton
f0c75904f29f8bc,menu/complete
f0e33019af6063e,hero_minigun_t8_lv2_tunables_zm
f0eea93a3fc4b89,events_tempest_activated
f0eebf37d6fbc70,mc/mtl_wpn_t8_loot_pistol_auto_rail_sig
f0f0b67f6a4044c,ei/gfx8_light_core_hot_em_pb_i16|dup
f0f2f650f163470,mc/mtl_p7_mirror_wood_ornate_density_01
f0f3a1bd102abef,ruin_end_game_scene
f0fbeba288ee9bb,splm/mtl_p8_esc_obsidian_rock_puddle_spline_01
f0fdd88aeeb2ce1,outfit_super_hero_epic1_spectre_bundle_shop
f107498aca272eb,splm/mtl_p8_street_curb_set_yellow
f10965d30657a13,mc/mtl_p8_zm_zod_clock_wall_wheel_house_decal
f10d2bf08c8cb38,toolbox
f11225c04aa53cf,mc/mtl_c_t8_mp_spe_blackjack_body1_belt_buckle
f11381b0173c2c3,scope_holo_sniper_powersemi_restriction
f114f97c5cf415d,splm/mtl_p8_zm_esc_rug_01
f121453f112d890,mc/mtl_p7_zm_gen_apoth_corpt_engine_rock_piece_01
f132309ab0d8f31,zombie_perk_totem_bandolier
f1329370bb72579,zmweapon/lmg_heavy_t8_upgraded
f133b808bee8968,zombie/round
f137e7b5adcf55b,vd/t8_zm_decal_wood_scratches_01
f137f7b5adcf70e,vd/t8_zm_decal_wood_scratches_02
f13907c7282e898,mc/mtl_p7_zm_asc_pipes_electrical_set_decal_02
f13937c7282edb1,mc/mtl_p7_zm_asc_pipes_electrical_set_decal_01
f13d7e49136192a,splm/mtl_p7_pipe_metal_hp_12_straight_bare_dmg
f13e2de3d30904f,menu/delayed
f14b5916298e9f4,surface_proximity_grenade_bounce
f1555fd2bf91a3f,activecamoinfo_t8_direct_action_kills_fractalflames
f15b670150084dc,prestige8_wz
f160fce108cb58f,medal_kill_enemy_with_gunbutt
f165d3595c82dcc,ges_plyr_gesture008_zm
f16734947b396ea,medal_killed_bomb_defuser
f16d7c5fa5bfb7e,dot_radiation_final_stage
f16e8e2e3eeda08,wc/t7_plaster_wallpaper_pattern_06
f16eef567314038,mc/t7_zm_ori_decal_crypt_stone_edge_seam_01_cave
f174b9bcc408705,spawner_zm_wolf_ally
f181071bbc28c93,mc/mtl_p7_shr_weapon_shield_01_dmg_01_decal
f183257769badd4,zm_weapons/fx8_tomahawk_pickup_ug
f1851b8a3306bf3,ui_cam_cac_equip_shockcharge
f18c3a8f079dc15,lf_flash_rez_in_dirty
f1991be1217be58,damage_heavy
f19f673895dfe52,vd/t8_decal_blood_splatter_wall_directional_01_wet
f1ad908789e51bf,impacts/fx8_bul_impact_robot_head_fatal
f1af56f6a79306b,mc/mtl_p8_zm_esc_sign_reg_work
f1b334c97fa53ec,defender_sd_hvo
f1b5011d8f5ecc8,wc/t7_zm_moo_decal_asphalt_line_white
f1c833c523342f8,impacts/fx8_bul_impact_water_fatal_head
f1cb00b40725edd,key/rwin
f1ced7e080dd0dd,attachment_damage_pistol_revolver_restriction
f1cee83ca2e33bc,wc/t7_glass_dirty_dome_opaque_02
f1d38574585b35e,smg_accurate_t8
f1dd70f9a5fcdb2,prt_wz_zombie_male
f1e406285850459,impacts/fx8_bul_impact_glass_xlg
f1e424ed0d93a01,mastercraft_afterburner_sunset_bundle_shop
f1e7d8c9cb8aefe,o_t8_zm_zombie_board_4_pull
f1f9926e48404f7,smg_minigun_t8
f1fee07c5d4d403,zombie/perk_widowswine
f202b60264f61a0,scene_frontend_t8_zm_male_team_0
f202c60264f6353,scene_frontend_t8_zm_male_team_1
f202d60264f6506,scene_frontend_t8_zm_male_team_2
f202e60264f66b9,scene_frontend_t8_zm_male_team_3
f202f2510978b7b,ei/gfx_dust_burst_md_anim_lit
f202f60264f686c,scene_frontend_t8_zm_male_team_4
f203060264f6a1f,scene_frontend_t8_zm_male_team_5
f203f145241d56c,menu/cap_decay
f20e724d7bac173,mc/mtl_p8_zm_zod_door_watertight_deck_frame_metal
f21250a9bc4b2cd,can_small
f22216a7c262b2c,fmj_smg
f22302a36c9ab0c,ges_plyr_gesture008
f22312a36c9acbf,ges_plyr_gesture009
f22342a36c9b1d8,ges_plyr_gesture004
f22352a36c9b38b,ges_plyr_gesture005
f22362a36c9b53e,ges_plyr_gesture006
f22372a36c9b6f1,ges_plyr_gesture007
f22382a36c9b8a4,ges_plyr_gesture000
f22392a36c9ba57,ges_plyr_gesture001
f223a2a36c9bc0a,ges_plyr_gesture002
f223b2a36c9bdbd,ges_plyr_gesture003
f223c85d660342f,events_health_boost_health_boosted
f226180773b89b9,scripts/autogenerated/luielems/zm_laststand/self_revive_visuals_rush.csc
f22a094db0be733,i_mtl_p8_zm_zod_chair_dining_leather_m
f22a194db0be8e6,i_mtl_p8_zm_zod_chair_dining_leather_n
f22f5f7317ae696,pc_category_vehiclesscorestreaks
f23a70471a6fa45,mpui/is_desc
f23b5b260e5ab41,impacts/fx8_bul_impact_gravel_uw_xlg
f23e114f31759e9,mcs/mtl_p8_zm_zod_tea_cup_02_ceramic_decal
f23ea7c0515be49,ei/gfx8_shockwave_elec_anim_em_pb_i16|dup
f23f079c485986e,mc/mtl_p8_zm_esc_console_monitor_rubber
f2409a8a913e762,mc/mtl_wpn_t8_ar_heavy_receiver_rear_alt_mk2
f24c3bbe8d955ca,spork_alcatraz_flourish_zm
f24d4a36728cd60,ei/gfx_smk_explosion_02_anim_em_pb_i16|dup
f2522399ac0b6da,p8_zm_esc_book_zombie
f256f55cd11d3d1,controller_sound
f2596edd245719e,charm_s_demon
f25bfb24fe5d303,wc_underkill_restriction
f2603af708c02bd,outfit_dotd_exo2_bundle_nomad_shop
f261c9f0509a188,mc/mtl_mphd_forklift_main_body
f26c6699f8b1c00,ceramic_tile_small
f273396d91fc2d6,mpui/austria
f278b303267d8d7,vd/t7_decal_grunge_water_puddle_blend
f27a888c9f0cba1,zm_retainweapons
f27ef3c741d1795,zm_escape_lighthouse_rocks_b_rumble
f281a1255e5cc33,mc/mtl_p7_wes_trunk_chest_decal_dirty_01
f285e174ba92452,pistol_standard_t8_gold
f2882ace0911624,mc/mtl_p8_zm_esc_sign_location_set_02
f2885ace0911b3d,mc/mtl_p8_zm_esc_sign_location_set_01
f28a39c1858bac6,flag_capture_rate_increase
f28ccf4748e9cd4,wc/t8_decal_grunge_rust_offset_01_blend
f291023be02f060,trash_paper
f2933457dbb1761,mc/mtl_t8_camo_leather_armor_red_shiny
f2947e34021e933,tr_powersemi_t8_tunables_zm
f29befc80072ff5,menu/featured
f29c239e082d612,zm_weapons/fx8_aat_brain_decay_eye
f2a30173267b2ab,attachment_steadyaim2_tr_midburst_restriction
f2a78d1b75f1c6f,wc/mtl_p7_sin_sh_truss_platform_glass_plate_dmg
f2bcf4293fb9e21,splm/mtl_p8_wep_ceiling_structure_beam_base
f2c0881bfae8922,mc/mtl_p8_zm_zod_mail_bag_canvas_decal
f2c89bc2d772151,platform/display_gamma
f2cf579477870ad,melee_action_figure_bundle_shop
f2e523746803245,gd_c_t8_mp_spe_seraph_cw_arms1_cst
f2f26fd475ca0ad,vd/mtl_loot_ui_icon_tags_muertos_battery
f2f2792f68c06cc,playerstatefields_zm
f2f2b7c0904ddbc,scene_frontend_t8_fem_customization
f2f4bf8f8ac431c,scripts/core_common/gamestate.gsc
f2fd8cc0f939caf,explosions/fx8_exp_rocket_dirt
f2fedac223a6b0c,reflectionprobe_compute_cube
f2ff387b8210f11,i_mtl_wpn_t8_smg_fastfire_clip_sig_01_s
f2ffe87b82121c2,i_mtl_wpn_t8_smg_fastfire_clip_sig_01_n
f2fff87b8212375,i_mtl_wpn_t8_smg_fastfire_clip_sig_01_o
f300387b8212a41,i_mtl_wpn_t8_smg_fastfire_clip_sig_01_c
f3005dae9cb55f7,ar_modular_t8_gold
f30074206df9d92,i_wpn_tac_rifle_mid_burst_stock_n
f300787b821310d,i_mtl_wpn_t8_smg_fastfire_clip_sig_01_g
f300c4206dfa611,i_wpn_tac_rifle_mid_burst_stock_c
f300f7df5549a74,vd/t8_decal_grunge_rust_10
f30104206dfacdd,i_wpn_tac_rifle_mid_burst_stock_g
f30107df5549c27,vd/t8_decal_grunge_rust_11
f301164661e5a37,weapon/fx8_muz_lg_rifle_1p_4sqr_mb
f30117df5549dda,vd/t8_decal_grunge_rust_12
f30325461a99780,pc_vehicle_handbrake
f30a23c6a79e0b5,scene_frontend_hub_t8_mp_technomancer
f30ac7f055fc6ce,wc/t8_zm_zod_metal_painted_wall_heavy_trim_green
f3173cfe7d79b0a,ei/gfx_lightning_cloud_bolt_em_pb_i16|dup
f31759b79b035ac,c_t8_zmb_3rdclass_male_gib_def
f31838535e33d2d,mc/mtl_p7_zm_ctl_jumpsphere_set_light_red
f31a97a42677793,splm/mtl_p8_wood_beam_generic_01_seaside
f3220d9ec1473b0,mc/mtl_p8_zm_esc_cell_doorframe_door
f32692cdee7b728,ei/gfx8_fog_slow_sm_anim_em_gp_i16|dup
f32d14e971e92f8,c_t8_bo_jumpkit_kraken_shop
f330d7df556cce5,vd/t8_decal_grunge_rust_08
f330e3168fc345b,music_volume
f330e7df556ce98,vd/t8_decal_grunge_rust_07
f33107df556d1fe,vd/t8_decal_grunge_rust_05
f332aa1a25f8d35,weapon/minigun
f338481477ffbee,wc/t7_spa_wood_floor_seamless_light
f33b00cd3cad893,jumppack_elvis_shop
f33c45286ef1566,mc/mtl_p8_zm_esc_door_barricade_01_bolts
f3423fb2e1c3e38,sniper_locus_t8_bribe_free
f343106a1aa2e9a,heroes/misty
f347a75dd203d8a,gd_c_t8_mp_spe_outrider_arms1
f352cf73aeab4ae,scene_frontend_t8_zm_male_team_0_dempsey
f359ebf80c31fa2,vd/mtl_loot_ui_icon_tags_poster_ajax
f36144c61d23a38,mpui/decal
f3646628599a06c,impacts/fx8_bul_impact_glass_xsm
f3659cedae6509e,menu/selected
f36b5fc2bbcf8c8,mc/mtl_wpn_t8_sniper_vanguard_sig_02_screw_v2
f371f68d13a69ec,wallbuyer_task
f390ccf7002b7ae,events_spawn_beacon_aggression
f39168570a692fa,menu/objective_desc
f393c3cac881fd2,contract/mantis_kills
f393d1c57883581,bribelist
f3961a88c5d989f,menu/revert_changes
f39a510077f8214,weapon/tripwire_desc
f39bc19eb030ef3,zombie/fx8_debrisbuy_amb
f39f413dbef779a,mpui/bm_epic
f39f7cd1f62ee8f,mcs/mtl_p7_zm_sta_luggage_vintage_set_crack
f3a0b0958a6393b,wc/t8_glass_dirty_01_transparent
f3a3bf638aea20d,weapon/sniper_powerbolt_t8
f3a5537e584703d,mc/mtl_p8_zm_esc_packasplat_engine_decal_02
f3a56e3403075e3,tr_powersemi_t8_tunables_wz
f3a65b13fe76c91,menu/acquire_item
f3a7fc2920e9b61,mpui/bm_tag
f3aa35a77fb540c,aar/top_x
f3ac52707865cba,mc/mtl_p8_zm_zod_light_fixture_million_suite_triple_metal
f3b7a8249b64d70,wc/t7_wood_wall_panel_04_oak
f3b9914489ff7f0,i_mtl_p8_zm_esc_sign_location_set_01_c
f3b9d14489ffebc,i_mtl_p8_zm_esc_sign_location_set_01_g
f3b9f1448a00222,i_mtl_p8_zm_esc_sign_location_set_01_e
f3c39f2ec7f38da,warzone/compass_south
f3c8e4cb98783fc,skeletonfootstep
f3cff30ab7ddb76,weapon/smartcover_desc
f3d007a75b74aec,medal/backstabber_kill
f3d1a3c6d1c3102,wc/t8_decal_blood_streaks_wall_light_01_wet
f3df1dd2d2aeeb1,sniper_damagesemi_t8_upgraded_tunables_zm
f3e8ae691671c75,aib_vign_tplt_obj_moltv_thrw_stnd_civ_1_nodeath
f3e948ef378ca34,em/ch_642
f3e968ef378cd9a,em/ch_640
f3e978ef378cf4d,em/ch_641
f3e98a2754e3346,events_cluster_semtex_objective_multikill_3
f3f5f791a47e835,reaperfoleyquiet_sprint_plr
f3f7e99273eaa8b,i_mtl_wpn_t8_shotty_prec_ammo_cover_base_s
f3f8999273ebd3c,i_mtl_wpn_t8_shotty_prec_ammo_cover_base_n
f3f8a99273ebeef,i_mtl_wpn_t8_shotty_prec_ammo_cover_base_o
f3f8e99273ec5bb,i_mtl_wpn_t8_shotty_prec_ammo_cover_base_c
f3f9299273ecc87,i_mtl_wpn_t8_shotty_prec_ammo_cover_base_g
f3fcdb69f926d60,mod_telefrag
f407200f9a3f28a,splm/p8_zm_esc_barbed_wire_horrific
f40dc6cc1d37b3c,mpui/militia
f40e8c08aa83688,slide_end
f40f1e44cb13ee1,uber
f410b145dce17bd,prt_wz_battery
f410e5b5168c00d,weapon/smg_fastburst_t8
f42060e6664337e,events_swat_grenade_kill_blinded_enemy
f42bb0a766b63b4,smg_capacity_t8
f42cd05241b91b8,pstfx_shock_charge
f432240f7e9cea7,menu/join_result_migrate_in_progress
f4344bcbae700a5,weapon/ar_accurate_t8
f439bb91e076671,mc/mtl_wpn_t8_shotgun_prec_ammo_slide_base
f43a8fddd9a4940,culling_multicull_primary_lights
f43e4de60667af7,attachment_quickdraw_tr_longburst_restriction
f43fda513fa0882,loot_emote_shared_shuffle_dance
f44e2dcf3659dcb,impacts/fx8_bul_impact_soul_limb_fatal_uw
f44e6fdacface95,splm/mtl_p8_zm_esc_cell_door_set_01
f44ee44be2a6622,mc/mtl_p7_zm_asc_wire_exposed_decal_01
f45028ef37df0cc,em/ch_620
f45564d1e059f32,challenge/prestige
f45708ce1765473,ec/gfx8_spark_round_pcloud_em_pb_i16
f45879d2658065c,zm_weapons/fx8_flamethrower_tornado
f45deee9be76756,events_gravity_slam_impact
f45f9c103db6298,menu/5_minutes
f460d81e7dd7141,wc/mtl_p7_cry_metal_painted_rusty_orange
f46e602b1b466e8,camo_active_sig_pistol_burst_raven_base_bribe_free
f472a1c8dbfaa3a,menu/cooldown
f4756276adcaa4a,i_mtl_p8_zm_esc_bldg_64_wood_storage_hinge_m
f478ff05f2c27f7,gsol_zm_general
f48082b20588e4e,pistol_fullauto_t8
f48538738283547,scripts/autogenerated/luielems/zm/zm_towers_crowd_meter.csc
f48818ef380fe70,em/ch_637
f48828ef3810023,em/ch_636
f48838ef38101d6,em/ch_635
f48848ef3810389,em/ch_634
f48858ef381053c,em/ch_633
f48868ef38106ef,em/ch_632
f48878ef38108a2,em/ch_631
f488f8ef381163a,em/ch_639
f48908ef38117ed,em/ch_638
f489753fb6c24ce,key/menu
f48ad5c5056f522,button_layout_default
f48af69745f29b5,i_mtl_p8_zm_esc_sign_reg_complaints_m
f48b45ad7378c6d,menu/cooldown_mod
f48c2d17e33b3e0,menu/weapon_camo
f493094c370405a,lb_mp_anticheat_escort_arena
f495c5406e31596,activecamoinfo_t8_sig_tr_powersemi_rustymech
f4960d10f364d77,artillery_rumble
f49f8857c335983,menu/lb_cleanups
f4a72ac7be5902e,shotgun_fullauto_t8_upgraded
f4a98d73918b019,ei/gfx8_liquid_splat
f4aa2ef35f5cd5e,events_artillery_barrage_multikill_3
f4aa3ef35f5cf11,events_artillery_barrage_multikill_2
f4aa4ef35f5d0c4,events_artillery_barrage_multikill_5
f4aa5ef35f5d277,events_artillery_barrage_multikill_4
f4aa7ef35f5d5dd,events_artillery_barrage_multikill_6
f4b200d5f00e9ac,wc/t7_wood_varnished_clean_cherry
f4b653297002e6c,p8_zm_esc_bldg_64_broken_wall_02
f4b683297003385,p8_zm_esc_bldg_64_broken_wall_01
f4bbc6adb4f7a4c,ei/gfx8_shockwave_anim_em_nocull
f4c7346daaa14dd,activecamoinfo_t8_showstopper_wz
f4c8e6710e917fa,o_zombie_base_magic_box_close
f4d1c5be6b2e34f,quote_victorious_warriors_win_first
f4d2d9654cba629,mc/mtl_p8_zm_bandolier_bandit_perk_totem_wood
f4d31cca3d210d9,outfit_dotd_exo2_bundle_recon_shop
f4d6d1159f29610,events_hellstorm_missile_activated
f4d807551158ab7,lmg_heavy_t8_tunables_mp
f4d9ad2227602ff,mpui/crates
f4db0a5c3bc0561,outfit_warrior_exo2_bundle_ajax_shop
f4e396674dd0b57,mc/mtl_p8_zm_esc_packasplat_engine_base_black_02
f4e3bf2f754d9f8,clientstatefields_default
f4e5b8e70e4d06a,outfit_zombie_epic1_zero_shop
f4e5e33f101222b,ajax_end_game_scene
f4ee068772cc5aa,tr_longburst_t8_operator
f4f6742f67ce84c,mc/mtl_p8_foliage_elm_tree_test_twig_02
f4f6842f67ce9ff,mc/mtl_p8_foliage_elm_tree_test_twig_03
f4f6a42f67ced65,mc/mtl_p8_foliage_elm_tree_test_twig_01
f4f8b8ef3872e1c,em/ch_619
f4f8c8ef3872fcf,em/ch_618
f4f8f8ef38734e8,em/ch_615
f4f908ef387369b,em/ch_614
f4f958ef3873f1a,em/ch_613
f4f968ef38740cd,em/ch_612
f4fdef979153df7,quote_patriots_always_talk_of_dying
f51014b827a8c73,ei/gfx8_smk_sm_thick_spray_anim_lit_full_dark
f513c5b18122b3c,attachment_damage2_tr_powersemi_restriction
f51462e4c475ac0,ei/gfx_light_ray_thruster_em_pb_i16
f517db2378328c8,mc/mtl_p7_zm_moo_electrode_teleporter_metal
f5190f3b2b77a5f,loot_ui_icon_tags_warriors_ajax
f5217964ad50828,vd/t7_decal_grunge_water_puddle_04
f5218964ad509db,vd/t7_decal_grunge_water_puddle_05
f5219964ad50b8e,vd/t7_decal_grunge_water_puddle_06
f521c964ad510a7,vd/t7_decal_grunge_water_puddle_01
f521d964ad5125a,vd/t7_decal_grunge_water_puddle_02
f521e964ad5140d,vd/t7_decal_grunge_water_puddle_03
f525ab9cc66c061,eq_shroud
f525d30b4b58278,mc/t7_glass_dirty_streaks_rough_gloss
f52a891e5ebdf05,mc/mtl_p7_wes_trunk_chest_decal_dust_01
f52d6f99472f03d,wc/mtl_p7_cry_cooling_tank_matte_metal
f531a8c2df891cc,prt_zm_diego
f534000934337bc,smg_drum_pistol_t8_zm
f53db4d59c2354e,mc/mtl_p7_zm_tra_cage_animal_med_dirt_01
f5422dffabdf8f3,zombie/item_meat
f5470f28b9afed6,mc/mtl_p8_wz_ep_raygun_reticle
f549f84ae2752a0,score_limit_sd_dem
f54a766a53fbe91,wc/t8_linoleum_floor_01_tile_4x4_grey
f54b2203de88815,c_t8_zmb_ofc_quadcrawler1
f55626c3ba885a6,mcs/mtl_p8_zm_esc_bodybag_bloody_upperpart
f55ae2751d74cbc,mc/mtl_p8_zm_esc_perk_vending_cola_chrome_metal
f562ca21ef1d867,quote_victories_that_are_easy_are_cheap
f5641149d5ff8e2,rank/sgt
f5649044e03820a,ability_smart_cover_restriction
f566046dab24919,activecamoinfo_t8_showstopper_zm
f56a76b7f1f1640,pb_emote_exotic_shared_male_heartattack_alt
f56ecde75b1d028,incendiary_grenade_explode_material
f56f70cab48706e,wz_progression_online
f57178146a61261,punchdrunk_task
f5721382e36d9a9,zombie_fists_bowie_tunables_zm
f575c455f39792b,events_deployable_cover_savior
f577759168cc685,splm/mtl_p8_zm_esc_barbed_wire_barbs_rust
f57def1d8fe2fc9,captain_price
f589105584beea6,wc/mtl_veh_t8_decal_edge_wear_01_dk
f5946b75b191c14,mcs/mtl_p8_zm_zod_ice_chunk_trim_01
f594b43b24fe6e5,zod_idgun_vortex_shockwave
f59bba418b09642,p8_kit_zt8_exd_05_railing_06_basic_painted_metal_32_01
f5a2d59838b4ace,mc/mtl_p8_wz_ep_bomb_m80_02
f5a45f24be42fb9,mc/mtl_mphd_forklift_main_frame_steel
f5a74e058f33cb7,zombie_perk_bottle_mystery
f5b0cf64dcc210c,mc/mtl_p7_zm_asc_pipe_modular_set_painted_red
f5b314947c22420,mc/mtl_p8_zm_crafting_table_03_port
f5b8071900c4d96,mc/mtl_p8_zm_off_sidehall_ceiling_light_b_gold
f5ba1c0786d632d,mc/mtl_veh_t7_zhd_tanker_truck_interior01_plastic
f5bb8f6b393dd7b,mcs/mtl_c_t8_zmb_gib_gore_blood
f5c27759beee264,mc/mtl_wpn_t8_ar_stealth_sig_01_upper_receiver_right
f5c50632319532e,mcs/mtl_c_t8_zmb_mob_ghoul_sleeves
f5c5ce3404d667b,tr_powersemi_t8_tunables_mp
f5ca503839ca925,menu/appearance
f5d083d57ebd2ae,charm_cartoon_bomb
f5d09be6ac994be,wc/t7_plaster_smooth_light_brown_01
f5d16e8ee229c75,medal_hellstorm_missile_kill
f5d312123bb92b3,pb_melee_alt_fem_draft_preready_to_select_3
f5dfc5aad426e83,mcs/p7_fxanim_cp_plastic_tarp_flat_blue_s3
f5e1285fee92319,charm_donut_horn
f5e67d571b2e2fc,mc/mtl_c_t8_buffer_body1_buckle
f5ea8cd8edd58b9,mc/mtl_p7_shr_wood_plank_set_05
f5ea9314153e54c,menu/lb_rank
f5edce0bfd1bcfa,events_drone_squadron_killstreak
f5f15ce53f7c47d,zm_contract/red_rounds
f5f29b76086862c,mc/mtl_p7_zm_asc_fire_extinguisher_metal_01
f5f2bb760868992,mc/mtl_p7_zm_asc_fire_extinguisher_metal_03
f5f2cb760868b45,mc/mtl_p7_zm_asc_fire_extinguisher_metal_02
f5ffbe8abe61789,scope_ir_smg_accurate_restriction
f5ffce50e1a07cc,c_t8_zmb_mob_zombie3
f5ffde50e1a097f,c_t8_zmb_mob_zombie2
f5ffee50e1a0b32,c_t8_zmb_mob_zombie1
f600dc9a51ddb2d,mc/mtl_wpn_tac_rifle_mid_burst_rail_mk2
f604e35615be7c3,pc_gamepad_vertical_sensitivity
f606be79600f936,loot_dlc_full_autoshotgun_mk2_bribe_free
f614bc6ce414164,sniper_fastrechamber_t8_operator
f617a755126298f,lmg_heavy_t8_tunables_wz
f619e2a0144fa41,battery_assassin_outfit_bundle
f61adaf3651241f,mpui/allies_desc
f6210046b0b59ff,i_mtl_p8_zm_zod_turbine_cap_metal_n
f6211046b0b5bb2,i_mtl_p8_zm_zod_turbine_cap_metal_m
f625b54e9f11807,arena/diamond
f62983ee651fa5e,i_mtl_p8_zm_esc_power_switch_on_c
f62fb782c50fe61,vd/t7_zm_sta_wood_oak_varnished_drk_burnt_blend
f6308be8ab37fc0,damage
f63ce35351312e9,pb_emote_exotic_shared_male_shuffle_in
f641824b980a957,mc/mtl_p7_zur_nw_lamppost_01_set_weld_dirty
f645b0a7a9bc789,eq_acid_bomb_tunables_zm
f64b7e1be475ab3,wc/t8_decal_blood_handprint_wall_smear_vertical_01
f64b8e1be475c66,wc/t8_decal_blood_handprint_wall_smear_vertical_02
f64f8d94a6e0158,gd_c_t8_mp_spe_engineer_highlander_arms2_cst
f65068170a7e236,charm_plant_banana
f65453e0d3aa14e,mpui/defuses
f6582c049f6df48,events_war_machine_killstreak_3
f661911c4c4c202,wc/t7_wood_wall_panel_04
f662b66875bc9b8,talent_dexterity_wz
f662b8266f6be66,ar_an94_t8
f66b030f6861a1f,maps/zm_escape/fx8_packasplat_open
f66b828a9cdf43c,mc/mtl_t8_wpn_smg_accurate_rear_sight
f66e49d39b8ab9b,i_mtl_p8_zm_esc_dark_machine_decal_paint_01_c
f66e89d39b8b267,i_mtl_p8_zm_esc_dark_machine_decal_paint_01_g
f673e4ac97a27e7,ei/gfx_elec_arc_shock_em_pb_i16|dup
f6798c2db3ad443,mc/mtl_p7_zm_sta_dragon_network_console_set_decal_02_black
f688b65db7a6ff3,ei/gfx8_elec_arc_rand_center_em_pb_i16
f689ecfa41c8a9a,pc_subtitles
f690d7651d5d42f,mcs/mtl_p8_zm_esc_warden_organs_liver
f694f8b61452d2c,vd/t8_plaster_fort_wall_dirty_01_blend
f69d1525e5414b8,i_mtl_p8_wz_ep_wallet_police_s
f69de525e542acf,i_mtl_p8_wz_ep_wallet_police_n
f69e1525e542fe8,i_mtl_p8_wz_ep_wallet_police_c
f69e5525e5436b4,i_mtl_p8_wz_ep_wallet_police_g
f6a13e6656be363,bloom_antialias
f6a362816562409,mastercraft_sdm_wetworks
f6a3674177103f1,launcher_standard_t8_upgraded
f6a9cca7bfc1dbd,splm/p8_ice_large_rock_01_dark
f6b2e93559d1fe0,mpui/cases
f6b443ce003633b,ei/gfx8_spark_round_em
f6b6375512e56ff,lmg_heavy_t8_tunables_zm
f6b9c749f87ab40,mc/mtl_p7_debris_concrete_rubble_slab_trim
f6ba14f9a6e6cdc,explosive_damage
f6c26c8358a3ff7,surface_smoke_bounce
f6c2c50f88abf44,surface_bullet_impact
f6c4872a92ff30b,entity_enter
f6cb447033b68ad,gamedifficulty_realistic
f6d24b64f6d5914,medal_scythe_shutdown
f6d89e078014a3d,outfit_warrior_exo2_bundle_ruin_shop
f6da2fee5f57856,lmg_heavy_t8_upgraded_tunables_zm
f6dc47d93e018d0,aib_vign_zm_mob_brutus_grand_attack_fail
f6e98c54af4b67f,loot_season_5_postseason_all_rng
f6ec5f59f9f5444,vd/mtl_p7_sin_bs_train_decal_grunge_rust_04
f6fc18ea358b839,mpui/desc_nuketown_4
f6ff7a64fb569e6,em/shades
f70c6a17e46041f,impacts/fx8_flechette_impact_blood_body_nonfatal
f70dd70dec1fe1f,attachment_killcounter_lmg_spray_restriction
f71c065355816ac,zm_common
f720d207233e830,mpui/hacienda
f725e0efe31b83c,outfit_zombie_epic1_nomad_bundle_shop
f730c96b18ce2d4,weapon/melee_club_t8
f7340782bb45480,mc/mtl_p7_zm_asc_fan_industrial_metal_decal_04
f7341782bb45633,mc/mtl_p7_zm_asc_fan_industrial_metal_decal_05
f7342782bb457e6,mc/mtl_p7_zm_asc_fan_industrial_metal_decal_06
f7345782bb45cff,mc/mtl_p7_zm_asc_fan_industrial_metal_decal_01
f7346782bb45eb2,mc/mtl_p7_zm_asc_fan_industrial_metal_decal_02
f7347782bb46065,mc/mtl_p7_zm_asc_fan_industrial_metal_decal_03
f73829820c431e9,zm_objectives
f73b18cc3a4c4ef,aib_vign_zm_mob_power_ghost_opperate_fail
f73b8b75eaa2343,game/server
f73c06137075229,mc/mtl_p8_zm_off_curtain_portable_metal
f75005bbc5164af,carrier_armor
f7576fa9ec86596,mpui/desc_zombie_museum
f759be1d9d718eb,gamedata/ddl/generated/recent_players.ddl
f764e10b74dd387,charm_duck_ruin
f76c652146b2851,camo_dlc4_picnic_royale_bundle_shop
f76d28b48bbdccd,pc_expander_melee
f774adb4e42dc7c,pc_move_backward
f774b9f5a468580,mc/mtl_wpn_tr_powersemi_fore_front_sig_02_alt
f777c7a2d488b1f,ui_cam_cac_shotgun_fullauto
f7793e7e88220a7,flashbang
f77bde3ee27d770,melee_actionfigure_t8_tunables_wz
f77f33662c733f3,loot_emote_shared_legs_crossed_shop
f78068c53da5eef,zmcore_t8_basicwoodbarrier
f783ad13d6ee4d6,lsl_reticle_elo
f7845048dcba98a,defaultvehicle_mp
f787505ca140027,zm_escape_debris_cell_block
f78bcdb245e77e5,i_mtl_p8_zm_zod_cylinder_support_column_connector_left_decal_c
f7913a19af1d995,mc/t7_brick_worn_heavy_grout_white_blend_wet
f7960f2438bca6d,activecamoinfo_t8_sig_tr_flechette_rivermonster_wz
f798cc570254d22,impacts/fx8_bul_impact_fireworks_runner_nonfatal
f7991ca1680bd5c,bullet_ap_exit
f79b59be7215574,ei/gfx_dust_fall_lg_anim_em_pb_i16_nocull|dup
f79bbc4baeeff70,presence/zm_red
f79bd143a2c3100,mc/mtl_p7_ban_pipe_rock_chemical_stained_blend
f79d52125fc2552,i_mtl_attach_t8_loot_ar_an94_ext_barrel_01_s
f79e12125fc39b6,i_mtl_attach_t8_loot_ar_an94_ext_barrel_01_g
f79e52125fc4082,i_mtl_attach_t8_loot_ar_an94_ext_barrel_01_c
f79e92125fc474e,i_mtl_attach_t8_loot_ar_an94_ext_barrel_01_o
f79ea2125fc4901,i_mtl_attach_t8_loot_ar_an94_ext_barrel_01_n
f7a5c86d1e2bd6d,mc/mtl_t8_camo_leather_armor_black_shiny
f7a627d4959e267,activecamoinfo_t8_sig_ar_standard_adventure
f7ae713aca62042,mpui/headshots
f7b0e3fde1c03c9,bonuscard/overkill
f7b4c98354a4c4c,mcs/t8_decal_grunge_barnacles_clusters_01_blend
f7b5660fe264bea,mc/mtl_p8_zm_esc_lab_lift_cable
f7be6a7995bfefc,scene_frontend_t8_reaper_02
f7c163b48ed0cc0,mc/mtl_p8_zm_esc_console_monitor_screw
f7c46c2d7ff73cd,mc/mtl_p7_zm_moo_radar_dish_vista_set_decal_rust
f7c4b8071c53346,boast_homunculus
f7c7f7761ef7501,pc_steadyaim_toggle
f7cce75d07e5866,smg_handling_t8_dw_tunables_mp
f7da0106357b42f,impacts/fx8_bul_impact_base_uw_xxlg
f7dc34c5d2b521a,surface_shotgun_exit
f7dd594f7185732,uber_bayonet_zm
f7e84304abd7269,hero_chakram_lh_lv1_tunables_zm
f7edd65db4bc3cf,pc_inventory_zm_hold
f7f76041a38fcac,mc/mtl_p8_zm_esc_power_switch_plastic_03
f7f77041a38fe5f,mc/mtl_p8_zm_esc_power_switch_plastic_02
f7faf94c157f11b,demo_button_layout_badbot
f7ff0d2d1ad91ae,mc/mtl_p7_zm_moo_a51_metal_bare
f8028bb8adc966c,tr_leveraction_t8_upgraded
f80a2c3398e97c9,talent_stimulant
f80d7e269f0e962,tr_powersemi_t8_upgraded_tunables_zm
f810dfabd44fc25,mc/mtl_p7_zm_sta_cabinet_wood_lrg_opaque_glass_dmg
f8112613542fbc0,i_mtl_p7_zm_vending_flopper_blood_c
f811f61354311d7,i_mtl_p7_zm_vending_flopper_blood_n
f814223e3af1206,mc/mtl_p7_zm_kin_printer_office_small_gear_metal_black
f8195e9c545d8ea,outfit_super_hero_epic1_seraph_bundle_shop
f81ba0da7ac1b19,i_mtl_wpn_t8_sniper_vanguard_sig_02_screw_v2_s
f81ca0da7ac3649,i_mtl_wpn_t8_sniper_vanguard_sig_02_screw_v2_c
f81ce0da7ac3d15,i_mtl_wpn_t8_sniper_vanguard_sig_02_screw_v2_g
f81d50da7ac48fa,i_mtl_wpn_t8_sniper_vanguard_sig_02_screw_v2_n
f81d60da7ac4aad,i_mtl_wpn_t8_sniper_vanguard_sig_02_screw_v2_o
f821dde093e9184,stick_layout_default
f827a2333ce9c70,lmg_standard_restriction
f82a7ad2eaa14d8,mp_sd_commander.ai_htn
f82aaeb2d3c6f0d,sniper_quickscope_t8_zm
f82cb1645fb2bde,zm_weapons/fx8_aat_water_exp
f836df243943509,activecamoinfo_t8_sig_tr_flechette_rivermonster_zm
f83c2a3dcbf5578,loot_emote_shared_finger_glasses_shop
f83c7a6887e0065,splm/mtl_p7_pipe_metal_hp_4_01_bare
f83d822716cadec,ww_blundergat_fire_t8_upgraded_tunables_zm
f840ee913788155,playlist/sas
f84334d0ae71f9c,mc/mtl_c_t8_zmb_dlc0_hero_bruno_right_pauldron_gold
f8433de182963d2,jammer_smartcover
f843b580250f443,mc/mtl_p8_zm_esc_power_switch_screw_02
f84cfe6bf3de4d9,mc/mtl_wpn_t8_lmg_hades_bolt_sig_01
f853ec327edae67,charm_earf
f85af132d87539e,i_veh_t8_paint_01_g
f85c6d53ad77894,lmg_spray_t8_upgraded_tunables_zm
f85de48fcd0c0fa,ui/mod_gas
f85fffae1fabb4e,pb_melee_male_draft_preready_to_select_3
f8663a0117229ca,zm_ai/fx8_blightfather_death
f86ff70f6c2c565,wc/t8_zm_zod_metal_painted_wall_black
f872238aa3abfae,launcher_fire
f8741ac3681dc7b,medal_anti_hack
f87655f1e9e4792,scripts/core_common/vehicle_ai_shared.gsc
f8788b9fa882db5,events_automated_turret_savior
f87c9f1d0b7d805,mpui/desc_urban
f87ef27394ca01f,splm/nodraw
f88283d7d3d82b0,platform/team_indicator
f89536892a5a162,mc/mtl_p7_shr_food_decay_bread_baguette_decal_01
f89cf76ab363c14,impacts/fx8_bul_impact_raven_limb_fatal_uw
f89fe9df643ffe1,zm_weapons/fx8_equip_mltv_fire_human_head_loop_zm
f8a1c6bb0c8bb8f,events_hellstorm_missile_objective_defense
f8a62fdb1d8408d,ability_vision_pulse_restriction
f8ab8bae4571674,mc/mtl_p7_rus_barbed_wire_snow_dust_decal
f8ae16433fba11c,shotgun_semiauto_t8
f8af822c00eb0f0,closeandpersonal_task
f8b3c1d87f34ef0,mc/mtl_wpn_t8_shotgun_semi_straps01_sig_02
f8b3f1d87f35409,mc/mtl_wpn_t8_shotgun_semi_straps01_sig_01
f8b9814e19e301c,pb_emote_shared_male_disgusting
f8bcbe3ee389844,melee_actionfigure_t8_tunables_mp
f8bebce7b7a77c8,mc/t7_dlc1_wood_varnished_worn
f8c274fe7d1c277,seraph_end_game_pose
f8c2a787b286e8d,ei/gfx8_light_ray_cone_em_pb_i16|dup
f8c3ea1169977a3,keymenu
f8d8975b8b16835,scene_frontend_t8_ruin_sitting_bull
f8dd13e3c822637,sniper_powerbolt_mk2_sunset_bundle_shop
f8dd5e57e340a94,zm_bgb_power_vacuum
f8dd69dddc62e47,ei/gfx_elec_arc_omni_em_gp_i16|dup
f8f279f390590eb,debris_chunk_light
f8f5080b4dbc509,gd_c_t8_mp_spe_battery_assassin_arms1
f8f8a2918ccfb93,only_headshots
f8f974a3213d804,i_mtl_p8_zm_esc_magic_box_wood_02_m
f8f98a921fe7656,dualoptic_tr_longburst_t8_tunables_zm
f8f9a4a3213dd1d,i_mtl_p8_zm_esc_magic_box_wood_02_n
f901fee6c35fe80,mc/mtl_p7_zm_moo_console_control_plastic_03
f9020ee6c360033,mc/mtl_p7_zm_moo_console_control_plastic_02
f9021ee6c3601e6,mc/mtl_p7_zm_moo_console_control_plastic_01
f9026ee6c360a65,mc/mtl_p7_zm_moo_console_control_plastic_04
f90419b05018b2d,p8_kit_zt8_exd_05_railing_01_end_left_painted_metal_0_01
f90e7fb0d1da34c,mc/mtl_p7_jun_bucket_chum_nails_decal
f90fa620cdc41d9,zombie_perk_bottle_marathon_tunables
f90fc42eefc8dcb,wc/t8_zm_off_ceramic_tiles_01_green
f91856f88d80448,p8_zm_esc_rec_area_stairs_gr_02
f91866f88d805fb,p8_zm_esc_rec_area_stairs_gr_03
f91886f88d80961,p8_zm_esc_rec_area_stairs_gr_01
f91a28adadc5409,spawnbeacon/pickup
f9222e30204c62c,events_annihilator_objective_multikill_3
f924253a885302b,tankblast_mp
f92993ab69ca209,smg_fastfire_t8_gold
f9316ade63ed3d1,loot_contract_kn57_mastercraft_presunset
f9350a8fac0031b,mc/mtl_wpn_tac_rifle_mid_burst_mag
f936e5b7764e7ed,maps/zm_escape/fx8_blood_trail
f94656146a38c4d,wc/t7_glass_dirty_streaks_cracked
f94e1adab8d92f9,mcs/black_40_matte
f95465df270a03f,vd/gfx_decal_blood_spray_02
f95475df270a1f2,vd/gfx_decal_blood_spray_01
f958598b2aa7e3b,mcs/mtl_p8_kit_zt8_thi_01_wall_panel_painted_wood
f95ac8fd532b3f1,mc/mtl_t8_wpn_smg_accurate_rail_cover_sig_02
f95b6b7bb8b75c1,mc/mtl_p8_zm_esc_table_wood_ornate_metal
f95ccb2ed74c6e5,casterstatefields_default
f96165efb3e9271,cgame/unknown
f9682270c82e8f6,mp/ended_game
f968aeb941be995,clan/admin
f96cd85a84b0774,i_mtl_p8_zm_esc_bed_infirmary_mattress_02_cloth_n
f96d629a7a96228,activecamoinfo_t8_gold_classic
f971615eebf7e87,mc/mtl_p8_zm_esc_infirmary_bathtub_support
f97ffa4754c1b86,impacts/fx8_bul_impact_raven_head_fatal_exit
f984b1a3488a34f,attach_t8_charm_basketball_william
f985667b0cd5e46,i_mtl_p8_zm_zod_clock_wall_wheel_house_decal_c
f9862be388b8d15,pc_viewmodel_self_shadow
f986367b0cd745d,i_mtl_p8_zm_zod_clock_wall_wheel_house_decal_n
f98be7e49a77c67,mc/mtl_p8_zm_esc_cell_sink_porcelain
f98c73ea147240d,outfit_splinter_base_pal_com6_crash_shop
f9902e4012c970d,ar_fastfire_t8_gold
f997132485319b9,vd/mtl_loot_ui_icon_tags_poster_seraph
f99977053f792c2,tr_midburst_t8_upgraded_zm
f9ab13bce2edb32,menu/fileshare_like
f9ad0dbf3e464fd,ei/gfx_water_splash_lit_full_lite|dup
f9ad2b7a8223bae,attachment_fmj2_sniper_powerbolt_restriction
f9b486622459eba,menu/rank_warzone
f9b4b8023f99d6b,buffassault
f9c3cd1ad812e6c,mc/mtl_p8_wz_ep_briefcase_jacket
f9c45c9001f6803,mc/mtl_p7_zm_asc_radio_transceiver_plasitc
f9ca6b0d40e5398,zmcore_packapunch
f9d04c3401119ee,zombie/fx8_doorbuy_amb
f9d53580db7e312,contract/hellstorm_kills
f9d71a0da647ecf,raps_physpreset_mp
f9db4f54572a9f5,gamedata/ddl/generated/class_sets.ddl
f9dd32c80eb320b,mc/mtl_c_zom_player_oldman_head
f9e0dc8454d98e1,scripts/core_common/ai/zombie_utility.gsc
f9e59806209b8dd,pstfx_zm_acid_dmg
f9eb7548cc02363,shotgun_precision_t8
f9f789e106b83be,menu/round_switch
f9fc503e7736039,ww_blundergat_t8_upgraded_tunables_zm
fa0205feed6187b,zombfootstep_prone_zomb
fa0206ccbd756aa,p8_kit_zt8_exd_05_railing_05_end_right_painted_metal_0_01
fa0e1383821390e,aib_vign_zm_mob_power_ghost_opperate_success
fa10ed0da4d3dac,mc/mtl_p8_wz_ep_treasure_chest
fa15dfea0d0fb5c,remote_missile
fa1f1a14bb49273,menu/match_locked
fa2a8245f2bf7a6,camo_dlc2_donuts_shop
fa2b302622b0fae,wc/t8_metal_painted_black
fa2cb75d09f228a,smg_handling_t8_dw_tunables_zm
fa2db71eeb7677b,gd_c_t8_mp_spe_engineer_highlander_lowerbody1_cst
fa330d287049039,scope_dualoptic_lmg_heavy_restriction
fa356e40fe90fc4,activecamoinfo_t8_sig_ar_modular_faberge_wz
fa37f17e4b316a3,wc/mtl_p8_industrial_scissor_lift_dirt_05
fa3bb0dcb73cab8,mc/mtl_p8_zm_esc_fan_blades_metal
fa3da39cbc248f4,weapon/ar_mg1909_t8
fa3ef0724532ced,attachment_clantag_lmg_heavy_restriction
fa4841c1b6f0c5e,events_sensor_dart_kill
fa49662c43c3a69,mc/mtl_c_t8_bo_soldier_hardened_playing_card
fa4a119e219f588,mc/mtl_p8_zm_esc_pulley_prison_key_winch
fa5047065cd92ba,sticky_grenade_extra_zm
fa563d5dccb6ae8,ability_on_respawn
fa5e1ee9f71b10c,mpui/desc_casino
fa60bdeedc7aafd,mc/mtl_attach_t8_shotgun_prec_barrel_01
fa61b89c49734c5,ges_slide_buckler
fa68e5cae57cca1,gamedata/ddl/generated/dlog_event_wzweapons.ddl
fa6bbf5eb903486,uber_beltfed_zm
fa6d3d57c82720c,sniper_quickscope_t8_operator
fa6d524e63337d4,ei/gfx8_muzzleflash_omni_em
fa72e3aca76709c,hero_chakram_lv2
fa72f3aca76724f,hero_chakram_lv3
fa7313aca7675b5,hero_chakram_lv1
fa77179ac54a023,lf_flash_exp_grenade
fa81a78421d390d,mc/mtl_p8_zm_zod_electric_switchboard_metal_nomal
fa87b787433ef51,ei/gfx8_smk_md_thick_scatter_anim_lit_full_dark
fa88dd95aa07cf6,mc/mtl_p7_zm_moo_electrode_teleporter_decal_dirt
fa88feb2d5d1069,sniper_quickscope_t8_mp
fa98391ea00a373,mc/mtl_c_t8_bo_soldier_seal_ar1_shirt
fa997983aa038dc,loot_contract_recon_muertos
fa9be46f3cd9ff4,mc/mtl_p8_light_table_lamp_shade_shade_02
fa9c146f3cda50d,mc/mtl_p8_light_table_lamp_shade_shade_01
fa9d6d519eb09c5,mtl_sky_cookie
faa25ca10099204,menu/confirm_selection
faaaaeec1f5cebc,activecamoinfo_t8_sig_sniper_quickscope_zombies_zm
fab3bafeb34c8bc,mc/mtl_p8_zm_esc_power_switch_paper_lit
fabc1315d6d6be0,assault_fire_semi
fabcf03fbb3413b,bot_tacquery_space_seeds
fac1c8ef613be09,menu/bomb_timer
fac30b31b5bec64,perk_zombshell
fac5805ec4fc055,ei/gfx_elec_arc_rand_center_em_i512
fac745dcc41bd85,ei/gfx_elec_arc_bolt_em_gp_i16|dup
facecf00ecddac0,o_t8_zm_zombie_wallchunk_3_repair
fae2973f7a44f6a,weapon/syrette
fae308bddeb0c55,mpui/bbdom
fae755a2c383cde,attachment_extclip_smg_fastfire_restriction
fae7bc85d34d4e3,mc/mtl_p7_zm_isl_light_flood_stand_decal_01
fae7cc85d34d696,mc/mtl_p7_zm_isl_light_flood_stand_decal_02
faef40bf2ff5947,eq_frag_grenade_extra_tunables_zm
faf1b44ebf1f3b9,maptable_zm_dlc4
faf1c44ebf1f56c,maptable_zm_dlc3
faf1d44ebf1f71f,maptable_zm_dlc2
faf1e44ebf1f8d2,maptable_zm_dlc1
faf1f44ebf1fa85,maptable_zm_dlc0
faf445db6b4c3c9,mastercraft_vampire_hunter
faf8e7f70257990,mcs/mtl_p8_food_fruit_orange
fafc388be71a907,mc/mtl_p7_zm_ctl_light_switch_vintage_metal_02
fafc488be71aaba,mc/mtl_p7_zm_ctl_light_switch_vintage_metal_01
faffe0f4d9bfcad,mpui/frenetic
fb029668799fecc,talent_dexterity_mp
fb02eae9ad78ec5,zm_powerupsnuke
fb07c1025002eb7,diffuseprobe_compute
fb0b26684caee0f,gadget_smart_cover
fb0c4f5eb989856,uber_beltfed_wz
fb16750fa2179c7,splm/t8_rubber_coated_wire_worn
fb1b6abbafa6d52,menu/half
fb21df51b8ef25c,menu/global_settings
fb2b5f0977355ed,ei/gfx8_spark_blink_anim_em
fb2c72126cf2d2b,outfit_splinter_base_pal_com6_battery_shop
fb35b4614ace17d,splm/t8_zm_esc_ground_plate_metal_01
fb36ab3a6e7d062,codcaster_ds_show_equipment
fb377912699fcc3,gamedata/ddl/generated/dlog_event_hitdet.ddl
fb3830571566d72,mc/mtl_p7_zm_isl_specimen_container_screws_chrome
fb3c149ab6f364c,bot_tacquery_farthest_see_enemy
fb3cccc92065dc3,splm/p8_zm_gla_egy_stone_beam_01_16x32x128a_dark
fb3cd6733be4a28,lmg_stealth_t8_bribe_free
fb47fdb62c73f91,mc/mtl_p7_zm_ctl_chemistry_kit_liquid_teal
fb4b3a05da82685,create_tonemap_luts_compute
fb4c8dc21202704,zombie_perk_totem_tortoise_zm
fb4dd163026479e,pb_emote_shared_male_mobile_ops_in
fb5e7a215ff1eb3,weapon/lmg_arav
fb6145ed854810a,boast_fragile_fem
fb64382dde269a7,attachment_killcounter_smg_capacity_restriction
fb64400a3ae1c4e,menu/veteran
fb64d839c94136e,pistol_burst_restriction
fb692e998b90a21,wz/trejo
fb69a831ee9b319,vd/t8_decal_utility_metal_manhole_cover_04
fb69b9778445052,labelstorelist
fb69eebfee53ff2,activecamoinfo_t8_cyberpunk_wz
fb6b96e5d18552b,wc/t7_dlc1_decal_fixture_drain
fb761a5e04bc264,vdd/gfx_decal_liquid_splatter_02|dup
fb8548797a3e412,mc/mtl_p7_zm_tra_cage_animal_med_metal_01
fb85adfa32b90db,mc/mtl_p7_zm_ver_bed_vintage_decal_dirt_02
fb85bdfa32b928e,mc/mtl_p7_zm_ver_bed_vintage_decal_dirt_01
fb8fd07cb6d7473,game/droppedforinactivity
fb92a3518793733,gamedata/ddl/generated/paintjobs.ddl
fb969cb4989b5da,prophet_deserteagle_outfit_bundle
fb97dbe41c5b85b,weapon/hero_scepter
fb9a50b36af7e9c,gib_zombie
fb9b81f47fd367c,p8_wz_ep_smoke_bomb
fb9f1a22257e145,uie_wedge_add
fba451426ea3bb7,explosions/fx8_exp_bomb_wood
fbb0f008ed9e328,ar_galil_t8_gold
fbb83a922238d92,dualoptic_tr_longburst_t8_tunables_mp
fbbc53bc8573154,ei/gfx_rainbow_em|dup
fbc094f3bb6b31f,p8_usa_ventilation_duct_coupler_01
fbc172be6ee74ec,mc/mtl_p8_zm_esc_lab_monitor_rubber
fbcf58dc321f3fd,vd/t7_decal_damage_bullet_holes_02
fbd16095f486714,corpseentitystatefields_default
fbd437e55f27acb,zmweapon/tr_damageburst_t8_upgraded
fbd5ebed01c9331,events_attack_dog_kill
fbeb131128ea35b,mpui/gun
fbefc1eb1b4b72e,outfit_warrior_epic2_firebreak_sunset_bundle_shop
fbf3ef07e05bc1e,chat_volume
fbf66a81cc73280,playlist/zm_towers
fbf7541f256f3dd,rolling_thunder_rumble
fc0981e7fd267b1,wc/t8_silo_metal_diamond_plate_2_indents
fc15da2c5864d3c,prt_wz_diego
fc189cbac886af7,zombie/fx8_magicbox_arrival_c
fc23546b2f1537b,weapon/fx8_shellejects_rifle_resting
fc241f68d33553e,mc/mtl_p7_zm_kin_desk_wood_metal_01
fc29097e5b3ce15,charm_lil_ray
fc38bebe1ba68fa,defaultplayermovementtunables
fc3af23dae9a3db,mpui/bm_ultra
fc3c616da4a2ccb,mcs/caulk
fc3f6ad274e9e5e,makeyourpoint_task
fc412d29427c1ed,attachment_clantag_smg_fastfire_restriction
fc4c867330f0186,mc/mtl_c_t8_mp_spe_ruin_body2_pants02_cst_cop
fc535d42eb00c97,wz/mason_caps
fc551d5d017e40f,menu/talisman_coagulant
fc5556d48651b9e,weapon/fx8_trail_rocket_xm_mp
fc5c02fe447191c,ei/gfx8_liquid_spurt|dup
fc65c0195983a4d,smg_mp40_t8_zm
fc6cb71e2f11c96,loot_contract_battery_snakeskin
fc75a042ac9c0da,menu/mp_settings
fc764802e76f592,vd/gfx_decal_blood_spray_02|dup
fc776c3ef7e7d82,quote_know_the_enemy_know_yourself
fc7843987e89a83,lmg_standard_t8_upgraded
fc7adebfef3cca2,activecamoinfo_t8_cyberpunk_zm
fc7c96888ca9e8e,mpui/fmj2
fc7dc75d0be5baa,smg_handling_t8_dw_tunables_wz
fc88e2c8d28d653,mcs/mtl_p7_slu_rollup_door_01
fc88f2c8d28d806,mcs/mtl_p7_slu_rollup_door_02
fc90b155e75acb2,pb_melee_alt_male_draft_preready_to_select_3
fc90c4174f42307,menu/prone
fc96a8486de30c0,menu/indicator_full
fc998f032274cad,quote_startakower
fc9d018b3560041,options/fps
fc9d1b81170d9f1,talent/engineer
fc9d69adaee3a4e,wc/t7_ice_wall_blend
fc9e6b08bef9fc8,attachment_stabilizer2_sniper_powerbolt_restriction
fca143e2bce8b05,smg_fastfire_t8_tunables_mp
fca49e5aba85c61,menu/saved_emblem
fca810e35332164,zm_ai/fx8_elec_bolt
fcb23351cbd99b3,mc/mtl_p8_zm_esc_table_wood_ornate_wood
fcb384c4d4c19c3,weapondeathfx_nature
fcb8798a7354324,smg_standard_t8_upgraded
fcbbf36c3c22691,jammer_sentry
fcc39ab6213e0b6,mc/mtl_p8_usa_vista_crane_control_decal
fcc3a4ddd38d2e9,gamedata/ddl/generated/dlog_event_mpattacks.ddl
fcc7ccc72a74661,mc/mtl_p8_zm_bandolier_bandit_perk_totem_hat
fccac2c57208b04,zombie_perk_bottle_stronghold_zm
fcd33ce478945ff,zm_talismansrare
fcd5387250849e3,quote_friendly_fire_isnt
fcd7de0c5f5f84b,wc/t8_micro_wood_cork_01
fcda9680012ef02,mc/mtl_p7_zm_ctl_radio_recorder_deck_meta_gray_01
fceb15621f73906,mc/mtl_c_t8_mp_spe_outrider_branding_logo
fcf41e4100e2700,activecamoinfo_t8_sig_ar_modular_faberge_zm
fcf569a1dd32eb5,hero_gravityspikes_t8_lv2_zm
fcf9269d3760750,attachment_grip_tr_midburst_restriction
fcf97eec214cab0,activecamoinfo_t8_sig_sniper_quickscope_zombies_wz
fcfeb183621033c,mcs/mtl_p8_kit_spa_spanish_roof_tile_orange_worn_03
fcfec18362104ef,mcs/mtl_p8_kit_spa_spanish_roof_tile_orange_worn_02
fd018a6d72dd145,trejo
fd0a4ec72ef5f3f,menu/decline
fd0a9b501adfeef,attachment_mixclip_ar_modular_restriction
fd117f08d5cf655,p8_zm_esc_birdcage
fd11e1ae9e55e6c,events_deployable_cover_assist
fd129be16cdacec,activecamoinfo_t8_darkmatter_classic_dark
fd15d3e3a7a9b0c,ar_modular_t8
fd1aae3a02c4585,pc_screenshot
fd1c1854eed0c07,wz_open_skyscraper_death_circles_50v50
fd1d95d62adf099,mc/mtl_wpn_t8_pistol_burst_clip_sig_02
fd2238d70ee3ff4,ei/gfx8_water_bubble_md_anim_em_pb_i16|dup
fd25b2f51ddd9e0,zombie_female
fd273a5ab797908,wc/t8_decal_blood_handprint_wall_smear_horizontal_02
fd276a5ab797e21,wc/t8_decal_blood_handprint_wall_smear_horizontal_01
fd2bf347077ca99,mc/mtl_wpn_t8_zm_homunculus_syringe_liquid
fd3ac1d8d4268e6,loot_season_4_postseason_all_rng
fd3f9c73931d809,mc/mtl_p8_zm_zod_sports_baseball_glove_metal
fd4157dcafc6e45,prt_zm_takeo_whi
fd4518d1a487099,contract/sniper_kills
fd6928b51111bdc,hitmarker_rumble
fd6ba93209569ed,ei/gfx_gel_drops_em_pb_i16|dup
fd727ca3bc485e8,smg_folding_t8_gold
fd744c86b8aaf48,mc/mtl_p8_wz_ep_teabag_tea_01
fd75b382e374a0a,killstreaks/fx8_drone_tank_stun
fd7619abdfbbef7,dualoptic_tr_powersemi_t8_tunables_mp
fd810d5a3b0164f,tr_flechette_t8_mp
fd8347bec56528c,menu/all_points
fd846116ecac791,boast_homunculus_fem
fd86e09666fbffc,presence/offline
fd8b4de2ad7743c,zm_mysteryboxstate
fd8f0866dbeda28,zm_bgb_dividend_yield
fd905762d0b596e,zmweapon/ar_galil_t8_upgraded
fd956f613153b89,mcp/hud_outline_model_z_white_calpha
fd985888e724770,vd/t8_zm_decal_paint_chip_metal_reveal
fd9c2574305f7c3,menu/discard
fd9eabbdb204d4d,lsl_loadout_slots
fd9edd393ff4f8e,zm_bgb_always_done_swiftly
fd9f972b458eae5,mcp/hud_outline_model_red_alpha
fda1357d6ec3532,i_t7_zm_isl_concrete_rebar_01_c
fda1857d6ec3db1,i_t7_zm_isl_concrete_rebar_01_n
fda901f0f0ce54d,allow_map_scripting
fda95a452df25d3,activecamoinfo_t8_sig_ar_stealth_vampire_zm
fdae7373e14241c,medal_clear_2_attackers
fdb05aa58388dba,slidestart_surface_npc
fdb671d56f896d3,zmweapon/smg_accurate_t8_upgraded
fdb7a0ec4d32102,gadget_radiation_field
fdb8a25376d5eec,hero_flamethrower_t8_lv1_tunables_zm
fdb8ca61bcf31dc,ui_cam_icon_ar_an94
fdb8d1d26b719de,wc/t8_zm_zod_decal_ice_impact_02
fdba55a4fad451b,defaultnpcquietfootstep_walk_npc
fdbacac78fa0587,attachment_extbarrel_ar_damage_restriction
fdbdfb124f4e91c,splm/mtl_p8_wep_ceiling_structure_beam_grunge_01
fdbe1b124f4ec82,splm/mtl_p8_wep_ceiling_structure_beam_grunge_03
fdbe2b124f4ee35,splm/mtl_p8_wep_ceiling_structure_beam_grunge_02
fdc5402d58853ba,mc/mtl_p8_zm_esc_dark_machine_decal_rust_01
fdc805353c04991,rifle
fdcc91f6f49bb5f,ruin
fdd021d80dd8fc6,weapon/fx8_trail_grenade
fdd06476c7a5a10,zm_weapons/fx8_raygun_view_zmb
fdd39434b17468c,waterballoon_tunables_wz
fdd5673d1be3702,medal_annihilator_x2_multikill_summary
fde09240437f06a,medal_vision_pulse_shutdown
fde173bd0215665,mc/mtl_p8_zm_elixir_icon_crawl_space
fde4e63389aea07,gd_c_t8_mp_spe_buffer_lowerbody1_cst
fdeb8aab1618a88,mc/mtl_p8_zm_esc_perk_vending_cola_decal_yellow
fdec47727c59260,presence/ctf
fdec5fc485b78de,ei/gfx_water_splash_tall_center_anim_em_gp_i16|dup
fdf258f8d653b84,impacts/fx8_bul_impact_concrete_xlg
fdf8d0f549fc090,medal_drone_squadron_kill
fdfb30cb2b8484a,menu/max_players
fdfd536d992da2c,vd/t7_zm_ctl_decal_damage_bullet_wood_01
fdfe6c93c9aa51c,pc_sprintsteadyaim_hold
fe0596ef41c6bb6,i_mtl_p8_zm_esc_perk_vending_soda_decal_01_o
fe05a6ef41c6d69,i_mtl_p8_zm_esc_perk_vending_soda_decal_01_n
fe0656ef41c801a,i_mtl_p8_zm_esc_perk_vending_soda_decal_01_c
fe06b8b1804bf79,menu/pickup_time
fe06f154dfaae38,outfit_splinter_base_pal_com6_ruin_shop
fe0ee8e630cedb5,splm/p8_plaster_trim_exterior_fort_wall_256_01
fe1512da699267d,events_hellstorm_missile_kill
fe16e93603bfe55,mc/mtl_p8_zm_zod_door_watertight_deck_metal
fe190e2f49ec0a2,pc_ambient_lighting_quality
fe1a7dc1eaa9a09,vd/t8_decal_blood_handprint_wall_pounding_light_01
fe1b0b2003a6cc1,mpui/weapon_assault_caps
fe1e6cc641e3a77,gamedata/ddl/generated/external_data.ddl
fe1e89bffc046df,weapon_heavy_no_com_offset
fe2391b2e7ec241,activecamoinfo_t8_sig_ar_standard_adventure_zm
fe2b5826fc7f8b9,loot_lmg_standard_sig_01_sunset_bundle_shop
fe2b7e013e02a21,platform/pickuphealth
fe2e7725fe18add,copy_compute_4
fe324a6c23ae852,menu/join_result_lobby_full
fe37583394cc5f0,key/rctrl
fe3a8dfdd67f179,zm_weapons/fx8_raygun2_ug_bolt_emit
fe3bf0336d2a473,pistol_fullauto_t8_bribe
fe50e68a4835aa4,quote_all_wars_are_civil_wars
fe53799e4c6a51e,i_mtl_p8_zm_esc_dark_machine_light_02_e
fe54c3840e27f17,zmweapon/ar_doublebarrel_upgraded
fe59430e1d71b6c,zm_bgb_aftertaste
fe698fb90e1bf11,i_mtl_p8_zm_zod_music_sheet_01_detail_c
fe6c36730a5cf65,wz_character_trapper
fe6e0df1668d6c7,mc/mtl_p7_zm_ver_cookware_vintage_pot_plastic
fe744042f51ec39,attachment_extclip_sniper_powersemi_restriction
fe74cd89cef4026,ww_blundergat_acid_t8_tunables_zm
fe74f31f3ba6bd0,mc/mtl_p8_zm_zod_chair_dining_leather
fe7998279b8aca6,menu/30_seconds
fe7b24a2e495a4a,mc/mtl_p7_zm_moo_console_control_metal_sml_01
fe82db8b0030a2f,mc/attach_t8_pistol_burst_suppressor_decal_02
fe82eb8b0030be2,mc/attach_t8_pistol_burst_suppressor_decal_01
fe8c8783b655775,demo_autodollykeyframeinterval
fe8fb3f9faecdcb,zm_lab_beryllium_bundle
fe9009494f274c7,pc_expander_audio
fe91affe37a9737,wc/t8_water_puddle_clear
fea020ee0030d8b,default_traversal_extents_zm
feadad59f9fe1d4,ei/gfx_water_splash_swirl_anim_em_gp_i16|dup
feadd53dae6b7e4,gadget_supplypod
feaeed9ab01d6f7,scripts/autogenerated/luielems/full_screen_black.csc
feafa493b2c1e2b,wc/t7_glass_clean_01_transparent
feb61f88f296e5d,medal_clean_kill_enemy_carrying_tacos
feba4a452edb283,activecamoinfo_t8_sig_ar_stealth_vampire_wz
fec1a3e2beb7b9d,smg_fastfire_t8_tunables_wz
fec6c3da6310aaf,i_mtl_p8_wz_ep_gun_toy_base_o
fecf0eff87ffe1c,mc/mtl_p7_mou_pallet_wood_snow_decal_wood_01
fed095477dfb7ad,pc_armorrepair
fed3f1e12230e9d,i_mtl_wpn_t8_shotty_prec_stock_base_s
fed411e12231203,i_mtl_wpn_t8_shotty_prec_stock_base_m
fed421e122313b6,i_mtl_wpn_t8_shotty_prec_stock_base_n
fed431e12231569,i_mtl_wpn_t8_shotty_prec_stock_base_o
fed4b1e12232301,i_mtl_wpn_t8_shotty_prec_stock_base_g
fed4f1e122329cd,i_mtl_wpn_t8_shotty_prec_stock_base_c
fed65fe30f63301,vd/t8_zm_zod_decal_wood_splinters_01
fed7a61a50fa14d,wc/t8_decal_grunge_asphalt_oil_stains
fedf13193f49556,mc/mtl_p8_zm_esc_soldering_wire_plastic_colorchange_02
fedf23193f49709,mc/mtl_p8_zm_esc_soldering_wire_plastic_colorchange_03
fedf2fd25c6d4fc,zm_weap_hammer_swipe_hit_rumble
fee12b8fb2e3e2f,entity_rifle_npc
fee79ced1e551fe,loot_contract_nomad_splinter
feee6167df0f7a1,boast_fragile
feee6890a6759fe,heroes/buffassault
feef5102409d24c,i_mtl_p8_wz_ep_horse_spring_n
feef6102409d3ff,i_mtl_p8_wz_ep_horse_spring_o
feefa102409dacb,i_mtl_p8_wz_ep_horse_spring_c
feefe102409e197,i_mtl_p8_wz_ep_horse_spring_g
fef066cb185b3d4,outfit_warrior_epic2_zero
fef0a102409f5fb,i_mtl_p8_wz_ep_horse_spring_s
fef0bd519a1f77b,aar/cash
fef197483e64bb6,scripts/zm_common/zm_powerups.csc
fef37fae2d31d3a,splm/t8_zm_esc_wire_fence_metal
fefa4d1e80bfe1e,wc/t8_decal_tech_detail_line_trim_13_metal
ff11ba24e412a20,mc/mtl_p7_zm_kin_lobby_balcony_trim_gold_03
ff19f036b1f8248,menu/motd_inventory
ff1da6c719aefae,mc/mtl_p8_zm_esc_cell_bed_metal_04
ff1dc6c719af314,mc/mtl_p8_zm_esc_cell_bed_metal_02
ff1df6c719af82d,mc/mtl_p8_zm_esc_cell_bed_metal_01
ff20e3deaad4eee,vd/t7_decal_damage_burn_impact_02_dark
ff21d63b4d5858a,loot_ui_icon_tags_poster_seraph
ff2744644ebf7b7,vd/mtl_loot_ui_icon_tags_muertos_recon
ff31218910df356,impacts/fx8_bul_impact_water_lg_decal
ff334fe0094c703,events_radiation_field_objective_wound_assist
ff366b22226e5e8,wc/t7_concrete_wall_damaged_01_blend
ff39e9ded6aae66,pb_melee_male_draft_transition_5
ff39f9ded6ab019,pb_melee_male_draft_transition_4
ff3a09ded6ab1cc,pb_melee_male_draft_transition_3
ff3a19ded6ab37f,pb_melee_male_draft_transition_2
ff3a29ded6ab532,pb_melee_male_draft_transition_1
ff3ab7bdbfbc803,mc/mtl_wpn_t8_shotgun_semi_railcover_sig_02
ff3ac7bdbfbc9b6,mc/mtl_wpn_t8_shotgun_semi_railcover_sig_01
ff3c5eeb98b84d4,quote_plans_are_useless
ff4c381c2b39758,zm_ai/fx8_cata_plasma_blast_ground
ff4ca6a9e3e7b04,t8_office_elevator1
ff4cd6a9e3e801d,t8_office_elevator2
ff4e9ed15e38eb2,zm_chakram
ff4f29aca61ed32,zm_weapons/fx8_aat_water_torso
ff6073e2bf3afd9,smg_fastfire_t8_tunables_zm
ff623d5a3c93427,tr_flechette_t8_zm
ff6449abe163e3f,dualoptic_tr_powersemi_t8_tunables_zm
ff64dd330f14419,outfit_warrior_exo2_bundle_torque_shop
ff67b9a8f997ab9,aar/kills
ff6a060950ca845,p8_debris_coal_01_loose_04_ember_01
ff6c33eac156e06,vd/t8_decal_blood_handprint_wall_smear_horizontal_02_dry
ff810c5b7793df9,holo_sniper
ff8544aa52ca1ea,splm/mtl_p8_zm_zod_table_wood_sml_wood_dirt
ff87ab7ff4cd419,perkaholic_task
ff88e4b147015b2,zm_weapons/fx8_chakram_trail
ff903bb7100ecd4,ui/eliminated
ff92944fc8a7686,mc/mtl_p7_zm_moo_bridge_crane_hoist_part04_metal_yellow
ff9405287e290ed,weapondeathfx_default
ffa065ea66863c5,scorestreak_uav_restriction
ffa13a9fd712ba2,lsl_reticle_acog
ffa38a01626f4ef,i_mtl_p8_wz_ep_gun_toy_receiver_o
ffa860c960ca51d,mc/mtl_p8_zm_elixir_icon_head_scan
ffaef4e57a618c0,scene_frontend_t8_zm_male_team_2_stanton
ffb1ba3ef2bc4cb,camo_t8_ar_peacekeeper
ffbd2f0dff56a2c,mc/mtl_p8_zm_off_sidehall_ceiling_light_b_glass
ffc45e7c3dae203,contract/molotov_kill
ffc82e983a0649b,quote_victory_at_all_costs
ffc82ff1e0cf896,wz_character_sarah_hall
ffca38b5e50e390,activecamoinfo_t8_direct_action_kills_zombie_flick
ffcc9abdf09a615,explosions/fx8_exp_rocket_lg_wood
ffcec935d4bcd61,melee_zombiearm_t8
ffdcd20b685889b,hero_hammer_lv3_tunables_zm
ffe3f2eb00709f1,mc/mtl_p8_zm_box_wood_sml_decal_bolt_01
ffe8e2107aa1f02,mc/mtl_p8_zm_esc_infirmary_door_glass_mesh
ffefb9381018f44,attachment_quickdraw2_ar_fastfire_restriction
fff1c46912ee435,i_c_zom_player_oldman_head_n
fff23e1fddba290,dualoptic_sniper_powersemi_t8_tunables_mp
fff5071fb25800d,mcs/mtl_p8_crate_wood_decal_03_bolt
fffbef52142b4ae,weapon/body
