86c7f3f65ec583d,/_debug/fx_missing_fx
ca0ff1460737047,/_t6/bio/player/fx_footstep_dust
4dd9dbd1836e55b,/_t6/bio/player/fx_footstep_mud
ab4ae550cbdb8b9,/_t6/bio/player/fx_footstep_sand
e1ef657e737b452,/_t6/bio/player/fx_footstep_water
e93a8d4c8ced027,/_t6/bio/player/fx_water_hit_player_bubbles
971827d1bcd204d,_t6/env/electrical/fx_elec_wire_spark_burst
1667035eade2dc0,/_t6/env/electrical/fx_elec_wire_spark_burst
375c476760d63f,/_t6/explosions/fx_default_explosion
e282b0c84d1445e,/_t6/explosions/fx_exp_equipment
da86c5c619c26bd,/_t6/explosions/fx_grenadeexp_default
7f3782f3023d381,/_t6/explosions/fx_vexp_cougar
815e898a03fecc0,/_t6/impacts/fx_deathfx_dogbite
ef6ff997c448f23,/_t6/impacts/fx_flesh_hit
b26cd93969cf145,/_t6/impacts/fx_flesh_hit_knife
5959482ff8332ff,/_t6/impacts/fx_flesh_hit_knife_noblood
337bbf05fd3168d,/_t6/impacts/fx_flesh_hit_noblood
f5297f8247614,/_t6/impacts/fx_flesh_hit_splat
868e976d671896c,/_t6/impacts/fx_flesh_hit_splat_mp
701dbe33ac23090,/_t6/maps/zombie/fx_fog_zombie_amb
a4672365875cdaf,/_t6/maps/zombie/fx_zmb_tranzit_shield_explo
d17372d9d85c00d,/_t6/misc/fx_equip_light_green
1186e211293f589,/_t6/misc/fx_equip_light_red
a9da83fd129023,/_t6/misc/fx_equip_tac_insert_exp
bd779af70721076,/_t6/misc/fx_equip_tac_insert_light_grn
a4ccafd68ad2bc,/_t6/misc/fx_equip_tac_insert_light_red
4a72a1878b95dd4,_t6/misc/fx_zombie_bloodsplat
43c14a3edfe5395,/_t6/misc/fx_zombie_bloodsplat
a5305a3cdf7549d,/_t6/misc/fx_zombie_bloodspurt
b3ac918e903ed20,_t6/misc/fx_zombie_bloodspurt
2d8d466c351114c,/_t6/misc/fx_zombie_cola_dtap_on
c5bef0b5cf22a18,/_t6/trail/fx_trail_blood_streak
4f078fc9e2a6c78,/_t6/trail/fx_trail_blood_streak_mp
1d192adc2d71b8c,/_t6/vehicle/treadfx/fx_treadfx_dust
1e3090803ac31f7,/_t6/weapon/claymore/fx_claymore_laser
1271546d80388a0,/_t6/weapon/emp/fx_emp_explosion_equip
207c4ae8943d8ae,/_t6/weapon/riotshield/fx_riotshield_depoly_dust
a1312aa3ff5e17b,/_t6/weapon/riotshield/fx_riotshield_depoly_lights
541b2ddd36c69fc,_t7/killstreaks/fx_drgnfire_explosion
2ae5a36f9118979,/_t7/killstreaks/fx_drgnfire_explosion
21dd9dadecded19,/_t7/killstreaks/fx_supply_drop_smoke
4793a4878362b42,_t7/killstreaks/fx_supply_drop_smoke
f119e4541d0436d,_t7/killstreaks/fx_wh_contrail
c71b8a12a22026e,/_t7/killstreaks/fx_wh_contrail
d1e6458524cfdd1,/_t7/steam/fx_steam_lab_dry_ice
157a41aade9552a,_t7/steam/fx_steam_lab_dry_ice
745d94ac77f0d0,/a_chicken_death
84cc3addaa1af14,/a_chicken_death_a
84cc5addaa1b27a,/a_chicken_death_c
caba489f0da1054,/a_chicken_idle
5fd0d5d0f3c8770,/a_chicken_idle_a
8d76120d2ca8273,/ability_dog_mp
73488f84d33dac8,ability_dog_mp
47b6679cfaec851,ability_smart_cover_wz
500054a8fb7f216,/ability_smart_cover_wz
4b450a90ae19285,ac130_mp
127f42774fd0c7a,/ac130_mp
a01564e768a9e1b,/ai_base_rifle_stn_assassination_counter_front
e2514985fcaf933,/ai_base_rifle_stn_assassination_death_back_v1
bf486abd9cc0b4b,/ai_base_rifle_stn_assassination_death_left
3ebb52af75328d4,/ai_base_rifle_stn_assassination_death_right
5beb6a9c5dc11db,/ai_base_rifle_stn_exposed_dth_pose
bd7894771ab48df,/ai_cmpn_time_out_death
3c280050b8dc0dd,/ai_crew_crobot_vtolrider_highdrop_intro_left
c0505608d36fe02,/ai_crew_crobot_vtolrider_highdrop_land
a04a96082d39d85,/ai_crew_crobot_vtolrider_highdrop_loop
da29918634dfcf3,/ai_crew_crobot_vtolrider_idle_left
b2d37bc21c66d84,/ai_crew_escortrobot_vtolrider_highdrop_intro_left
c7717d8ce7826eb,/ai_crew_escortrobot_vtolrider_highdrop_land
9ce1bd8b22519e0,/ai_crew_escortrobot_vtolrider_highdrop_loop
414baffd50807fe,/ai_crew_escortrobot_vtolrider_idle_left
ab14b2906c266f7,/ai_crew_vtol_1_norope_drop_intro
44a2939d36675ca,/ai_crew_vtol_1_norope_drop_landing
6a9b3f1ee2a3709,/ai_crew_vtol_1_norope_drop_loop
66713e7e22f951d,/ai_crew_vtol_1_norope_idle
d781c7bce3ffa7e,/ai_crew_vtol_2_norope_drop_intro
f69f75037780b47,/ai_crew_vtol_2_norope_drop_landing
1c5e3e5d0c72752,/ai_crew_vtol_2_norope_drop_loop
4281dcc334ae850,/ai_crew_vtol_2_norope_idle
5b876811607645d,/ai_crew_vtol_3_norope_drop_intro
fd6bc5b5051ee38,/ai_crew_vtol_3_norope_drop_landing
5f2a752a5f1bb7f,/ai_crew_vtol_3_norope_drop_loop
fb94dee4a316deb,/ai_crew_vtol_3_norope_idle
8b8c5cf2afcbfe4,/ai_crew_vtol_4_norope_drop_intro
9f441c2fc02ab5,/ai_crew_vtol_4_norope_drop_landing
90e34f5f326e8,/ai_crew_vtol_4_norope_drop_loop
b436eee0fa435e,/ai_crew_vtol_4_norope_idle
5e4532f5140878b,/ai_crew_vtol_5_norope_drop_intro
acf9325d0b4aa6e,/ai_crew_vtol_5_norope_drop_landing
a3967d5d7346215,/ai_crew_vtol_5_norope_drop_loop
fd2a4ab494ebb59,/ai_crew_vtol_5_norope_idle
383ca45fc0ecea2,/ai_crew_vtol_6_norope_drop_intro
a67c2ced70ae3fb,/ai_crew_vtol_6_norope_drop_landing
b9800f6108eadbe,/ai_crew_vtol_6_norope_drop_loop
561f5ffbcc0328c,/ai_crew_vtol_6_norope_idle
3e45d18ac044f41,/ai_crew_vtol_7_norope_drop_intro
620b30bde702fac,/ai_crew_vtol_7_norope_drop_landing
49db549b92c55fb,/ai_crew_vtol_7_norope_drop_loop
838aa60b80eb9b7,/ai_crew_vtol_7_norope_idle
7d5b0773dcf5618,/ai_crew_vtol_8_norope_drop_intro
1d2434dc63df899,/ai_crew_vtol_8_norope_drop_landing
d66e659c4b6a944,/ai_crew_vtol_8_norope_drop_loop
2e6bb315a417eea,/ai_crew_vtol_8_norope_idle
4264d143001e50e,/ai_crew_vtol_captain_idle
9eb07d43c76d106,/ai_fem_rifle_stn_exposed_dth_pose
5f4033bfb052747,/ai_robot_base_stn_exposed_dth_pose
564c9b5f02102de,/ai_robot_cmpn_spawn_drop
249313ed390e76c,ai_swat_rifle_ent_litlbird_rappel_stn_base_01
a06ba9f0794f3d5,/ai_swat_rifle_ent_litlbird_rappel_stn_base_01
a52c8d03a006968,/ai_swat_rifle_ent_litlbird_rappel_stn_base_01_idle
9151e9e462f2e5f,ai_swat_rifle_ent_litlbird_rappel_stn_base_01_idle
a06b79f0794eebc,/ai_swat_rifle_ent_litlbird_rappel_stn_base_02
249343ed390ec85,ai_swat_rifle_ent_litlbird_rappel_stn_base_02
b204eacc2a3e298,ai_swat_rifle_ent_litlbird_rappel_stn_base_02_idle
b22c33a22cc34ef,/ai_swat_rifle_ent_litlbird_rappel_stn_base_02_idle
a06b89f0794f06f,/ai_swat_rifle_ent_litlbird_rappel_stn_base_03
249333ed390ead2,ai_swat_rifle_ent_litlbird_rappel_stn_base_03
e17b3a3a7f4be05,ai_swat_rifle_ent_litlbird_rappel_stn_base_03_idle
84bbd2e6f083202,/ai_swat_rifle_ent_litlbird_rappel_stn_base_03_idle
f63a7051a7cf775,ai_swat_rifle_ent_litlbird_rappel_stn_vehicle2
f9fc4b612f6d232,/ai_swat_rifle_ent_litlbird_rappel_stn_vehicle2
324a170e0934c87,/ai_t8_nfrtu_cust_trv_jump_down_zm_mnsn_main_hall
b85d3c86339d12,/ai_t8_nfrtu_cust_trv_jump_up_zm_mnsn_main_hall
73c986f4c410f87,/ai_t8_werewolf_cust_trv_jump_down_zm_mnsn_cmtry_spnclst
23f2e593942cfb6,/ai_t8_werewolf_cust_trv_jump_down_zm_mnsn_cmtry_stairs
877281704a45153,/ai_t8_werewolf_cust_trv_jump_down_zm_mnsn_main_hall
b0ef89fe5a28cf6,/ai_t8_werewolf_cust_trv_jump_up_zm_mnsn_cmtry_spnclst
d2870b9fa26210d,/ai_t8_werewolf_cust_trv_jump_up_zm_mnsn_cmtry_stairs
b760ad9eaf5b696,/ai_t8_werewolf_cust_trv_jump_up_zm_mnsn_main_hall
dcac24989be14fe,/ai_t8_werewolf_cust_trv_zm_mnsn_jump_up_grdn_stairs_wrwlf
1c510a2a67ccc57,/ai_t8_zm_mnsn_werewolf_perch_climb_01
1c511a2a67cce0a,/ai_t8_zm_mnsn_werewolf_perch_climb_02
1fa958b2d58ba8c,/ai_t8_zm_red_spar_spear_rebuild_01
2be287decc08df9,/ai_t8_zm_red_spar_swrd_rebuild_01
94b96345210f0ac,/ai_t8_zm_zod_bltfthr_spawn
a3eb4ec1f4cb542,/ai_t8_zm_zod_catalyst_corrosive_spawn_01
6982ea72a73fbe9,/ai_t8_zm_zod_catalyst_electric_spawn_01
e5a85619a80cf2e,/ai_t8_zm_zod_catalyst_plasma_spawn_01
e530fc3eeb55809,/ai_t8_zm_zod_catalyst_water_spawn_01
18a954333d014ce,/ai_t8_zm_zod_homunculus_attack_01
b2a4b874d151e67,/ai_t8_zm_zod_homunculus_deploy_01
c46c301d1216682,/ai_t8_zm_zod_homunculus_dth_01
e415d0c04b3355c,/ai_t8_zm_zod_homunculus_idle_01
cf61334a340bcd5,/ai_t8_zm_zod_homunculus_jump_down_01
8c34e45d67cb2be,/ai_t8_zm_zod_homunculus_jump_up_01
d403b460b9188ef,/ai_t8_zm_zod_homunculus_throw_loop_01
62646053e8a9ef8,/ai_t8_zm_zombie_base_dth_ww_xbow_intro
7cbe6ea475ebfa4,/ai_t8_zm_zombie_base_dth_ww_xbow_loop
a59e80c9d4f4210,/ai_t8_zm_zombie_base_trv_entry_mantle_272
abb560ca651d5ad,/ai_t8_zm_zombie_base_trv_entry_mantle_420
ad9ce0ca66b9f24,/ai_t8_zm_zombie_base_trv_entry_mantle_496
b2aeb0b40d3b3c9,/ai_t8_zm_zombie_undercroft_spawn_01
b2ae80b40d3aeb0,/ai_t8_zm_zombie_undercroft_spawn_02
b2ae90b40d3b063,/ai_t8_zm_zombie_undercroft_spawn_03
1692c5a7566b185,ai_tank_marker_mp
82d2d266c1f0e64,/ai_tank_marker_mp
f21b2ee8069c0a4,/ai_wrlrd_stn_combat_dth_pose
73b4c279c66f366,/ai_zm_dlc1_zombie_talonspike_loop
cb0b2ca6d96d12f,/ai_zm_dlc1_zombie_undercroft_spawn_1
cb0b3ca6d96d2e2,/ai_zm_dlc1_zombie_undercroft_spawn_2
cb0b4ca6d96d495,/ai_zm_dlc1_zombie_undercroft_spawn_3
57a9a896f237dd2,/ai_zombie_base_dth_pose
116de79cad7c56d,/ai_zombie_dreamcatch_impact
12415dd4222b502,/ai_zombie_dreamcatch_rise
b77057de6eb6f5a,/ai_zombie_dreamcatch_shrink_a
16c07fd7ea4bacf,/ai_zombie_dreamcatcher_wallconsume_align_f
16c11fd7ea4cbcd,/ai_zombie_dreamcatcher_wallconsume_align_l
16bf3fd7ea498d3,/ai_zombie_dreamcatcher_wallconsume_align_r
c95bc2101b2a485,/aml_gen_seagull_flying_01
a985c33bd4bc31e,/amws_gun_turret_mp
5dcab5f20a61b01,amws_gun_turret_mp
cc55be2b1902df3,amws_gun_turret_mp_player
d3002b931aaf282,/amws_gun_turret_mp_player
f3230daf2378c17,amws_launcher_turret_mp
b32db11b856d3b2,/amws_launcher_turret_mp
a3d0a0278ddbc56,/amws_launcher_turret_mp_player
3aad3bc732f36cd,amws_launcher_turret_mp_player
a0b3401271b5a4f,/animals/fx_bio_fly_dark_50x50
f86feb7b2838de,/animals/fx_bio_fly_dark_50x50_fast
4caf688a6b6131b,ar_accurate_t8_gold_wz
f9c4b26ff4b479c,/ar_accurate_t8_gold_wz
54dbbaadd85b93f,/ar_accurate_t8_wz
370f2e23527b206,ar_accurate_t8_wz
d17d8e22074df5a,ar_an94_t8_wz
3aa544ce0aa3613,/ar_an94_t8_wz
aa777fc1c5c9e49,/ar_damage_t8_gold_wz
5842a0f98605a32,ar_damage_t8_gold_wz
de9d7c8db25b4a4,/ar_damage_t8_wz
e81e8c207f77f45,ar_damage_t8_wz
59fd4fc6bd6e7b1,ar_doublebarrel_t8_wz
f73ac35b15fb9ec,/ar_doublebarrel_t8_wz
8f78710d951fa6b,ar_fastfire_t8_gold_wz
a18dc0abd7a649c,/ar_fastfire_t8_gold_wz
5947acf941c337e,/ar_fastfire_t8_operator_wz
fe3404cf147738d,ar_fastfire_t8_operator_wz
df1c4199bfe383f,/ar_fastfire_t8_wz
771bc245830da96,ar_fastfire_t8_wz
8e35cf116d07d97,ar_galil_t8_wz
70753c2490e642c,/ar_galil_t8_wz
f823c0b1a56b598,/ar_modular_t8_gold_wz
bbdad02d336f2e5,ar_modular_t8_gold_wz
cc85187c404fc2b,/ar_modular_t8_wz
3677aa62b396320,ar_modular_t8_wz
ad00f45cc0efcff,ar_peacekeeper_t8_gold_wz
960af9e6e891d16,/ar_peacekeeper_t8_gold_wz
963cff53a648cca,ar_peacekeeper_t8_wz
a9dcf71b3c5bd49,/ar_peacekeeper_t8_wz
8300174625e8c12,ar_standard_t8_gold_wz
55f17278c59773d,/ar_standard_t8_gold_wz
aae90ea44827de5,ar_standard_t8_wz
5f44bb08c489b18,/ar_standard_t8_wz
b6c6907fb28c123,/ar_stealth_t8_gold_wz
59e26e40c787892,ar_stealth_t8_gold_wz
b4b19be527fe065,/ar_stealth_t8_operator_wz
e05573f43227614,ar_stealth_t8_operator_wz
62faa4cd1e9ee6e,/ar_stealth_t8_wz
ea9e9465d424765,ar_stealth_t8_wz
fc10775e7233d8,archetype_bo3_mannequin
cc4907e30bc272d,/archetype_bo3_mannequin
27454771a57741e,/attach_t8_optic_acog_world
752626692f09c68,/attach_t8_optic_float_dot_world
a9f6ded96719f30,/attach_t8_optic_holo_world
96d490ab0258ee9,/attach_t8_optic_red_dot_world
3474ec075e143ce,/attach_t8_optic_reflex_world
95e588c83955f0e,/attach_t8_wz_pickup_ext_barrel
e0bb5ab1704cd40,/attach_t8_wz_pickup_ext_fast_mag
3c59928be89a4b5,/attach_t8_wz_pickup_ext_mag
111a9001b15f718,/attach_t8_wz_pickup_fast_mag
d83600fcc5cf31c,/attach_t8_wz_pickup_foregrip
82769e1e0f4aaf2,/attach_t8_wz_pickup_hybrid_optic
c0b0d46d39f1045,/attach_t8_wz_pickup_laser
8cc106115bd63da,/attach_t8_wz_pickup_pistol_grip
33b33c388071a08,/attach_t8_wz_pickup_stock
7c9851c386a6d48,/attach_t8_wz_pickup_suppressor
28ad8e4789e56f,/basketball_wz
cbf3186a9a99a8a,basketball_wz
baf5d61c10f8dcf,/blood/fx8_blood_cam_impact_spray_zm
c3f0366345cba4a,/blood/fx_ability_blood_decal_augmentation
4d3e117e9494567,/blood/fx_blood_acid_decal_impact_ground_zod_zmb
28f0790d0c7c78f,/blood/fx_blood_decal_impact_ground
9da1d463928ba1c,/blood/fx_blood_decal_impact_ground_sm
5b355340504f91,/blood/fx_blood_decal_impact_ground_zmb
6ace4441395236b,/blood/fx_blood_drip_splash_decal_xsm
4aa1b75b6c5a35f,/blood/fx_blood_gib_limb_trail
2f8e9a10387b6e2,/blood/fx_blood_impact_exp_body_lg
1c9ebb9771b34a2,/blood/fx_blood_impact_exp_robot_lg
a2d557f8fd7e679,/blood/fx_blood_sword_decal_impact_ground_zod_zmb
4329874529fd19a,/blood/fx_blood_sword_trail_emitter_zod_zmb
89bf678b3005c9,/bo3_ai_crew_cougar_driver_exit
fd52e06ca24831f,/bo3_ai_crew_cougar_driver_idle
c84934c71700f0,/bo3_ai_crew_cougar_guy0_exit
e345257e3cfc452,/bo3_ai_crew_cougar_guy0_idle
f0a235779784e69,/bo3_ai_crew_cougar_guy1_exit
83f91f1d34f96bf,/bo3_ai_crew_cougar_guy1_idle
5936a168a5e4347,/bo3_ai_crew_cougar_passenger_exit
7518176835c7635,/bo3_ai_crew_cougar_passenger_idle
1e1e4e7e643c35d,c_cin_zm_mvid_acid_trap_cam1
4f8c2d50772e70a,/c_cin_zm_mvid_acid_trap_cam1
4f8c1d50772e557,/c_cin_zm_mvid_acid_trap_cam2
1e1e1e7e643be44,c_cin_zm_mvid_acid_trap_cam2
980355af976aeb8,/c_cin_zm_mvid_acid_trap_cam3_cam
709361a818810b7,c_cin_zm_mvid_acid_trap_cam3_cam
89ccc663c4f9d5b,c_cin_zm_mvid_onfire_cam1
8e374e24103a582,/c_cin_zm_mvid_onfire_cam1
3f144f04d039043,/c_cin_zm_red_outro_sh005_cam
b2caeee04cc796c,c_cin_zm_red_outro_sh005_cam
d5e7f25307a78da,c_cin_zm_red_outro_sh010_cam
c8a2fa5d57bd55d,/c_cin_zm_red_outro_sh010_cam
ee27a3b24baa3dd,c_cin_zm_red_outro_sh020_cam
b06348fe13baa5a,/c_cin_zm_red_outro_sh020_cam
975e8418d07eb57,/c_cin_zm_red_outro_sh030_cam
b3ab364332e5830,c_cin_zm_red_outro_sh030_cam
69f6e78f10acbb3,c_cin_zm_red_outro_sh040_cam
712616935101acc,/c_cin_zm_red_outro_sh040_cam
40e4ad8454cb396,c_cin_zm_red_outro_sh050_cam
e11909794e66a99,/c_cin_zm_red_outro_sh050_cam
1b60042f60de516,/c_cin_zm_red_outro_sh060_cam
69db2ce4253919,c_cin_zm_red_outro_sh060_cam
96aabfe844ee94c,c_cin_zm_red_outro_sh070_cam
44723e3a1cbfd33,/c_cin_zm_red_outro_sh070_cam
534e25af1997068,/c_cin_zm_red_outro_sh080_cam
a15e71477d7904f,c_cin_zm_red_outro_sh080_cam
469e255fc7c9d2,c_cin_zm_red_outro_sh090_cam
686360b3e4ff5b5,/c_cin_zm_red_outro_sh090_cam
a7593483ecee960,c_cin_zm_red_outro_sh100_cam
ca6e8165d5131e7,/c_cin_zm_red_outro_sh100_cam
be76938c5a189ad,/c_cin_zm_red_outro_sh120_cam
d7fa11d8ca75a8a,c_cin_zm_red_outro_sh120_cam
4cd204d815efb80,/c_cin_zm_red_outro_sh130_cam
2eeec1fbf97aac7,c_cin_zm_red_outro_sh130_cam
780be3c7c5333c,c_cin_zm_red_outro_sh140_cam
f635b5e8fcc2083,/c_cin_zm_red_outro_sh140_cam
c59f4cdd14f1609,c_cin_zm_red_outro_sh150_cam
b67f9daceeb7b66,/c_cin_zm_red_outro_sh150_cam
45af9b916555ec6,c_cin_zm_red_outro_sh160_cam
9ebf4eaa1e687a9,/c_cin_zm_red_outro_sh160_cam
57ba13f4011d65c,/c_cin_zm_red_outro_sh170_cam
9166397f20c63e3,c_cin_zm_red_outro_sh170_cam
169e521f4d4f6c7,/c_cin_zm_red_outro_sh175_cam
16e87768bdd3950,c_cin_zm_red_outro_sh175_cam
5ee0cd44bbf2c58,c_cin_zm_red_outro_sh180_cam
9385a3bf8e3dcdf,/c_cin_zm_red_outro_sh180_cam
de135bf90b974e5,c_cin_zm_red_outro_sh190_cam
8e45151c8d32e22,/c_cin_zm_red_outro_sh190_cam
f9b20365f0a17be,/c_cin_zm_red_outro_sh200_cam
c760e696f5aeac5,c_cin_zm_red_outro_sh200_cam
7e8e57e2d43cb38,c_cin_zm_red_outro_sh210_cam
cd0692579fd073b,/c_cin_zm_red_outro_sh210_cam
da132c909d10a1f,c_cin_zm_red_outro_sh220_cam
23d325c287b4134,/c_cin_zm_red_outro_sh220_cam
6b29d9eedcd462,c_cin_zm_red_outro_sh230_cam
79a1b4b1a03cf01,/c_cin_zm_red_outro_sh230_cam
e12df449f9e05e2,/c_cin_zm_red_outro_sh240_cam
9f265e069429d81,c_cin_zm_red_outro_sh240_cam
4957cf177ba0fb4,c_cin_zm_red_outro_sh250_cam
b48e833ba923b9f,/c_cin_zm_red_outro_sh250_cam
5909ae8de04fcb8,/c_cin_zm_red_outro_sh260_cam
f28b3bac93bd5bb,c_cin_zm_red_outro_sh260_cam
a1dc3d4201c1c45,/c_cin_zm_red_outro_sh270_cam
1f36acbae48e63e,c_cin_zm_red_outro_sh270_cam
9787cda5b80626,/c_cin_zm_red_outro_sh280_cam
7964a1c09681eed,c_cin_zm_red_outro_sh280_cam
701012bdd26e5c0,c_cin_zm_red_outro_sh290_cam
8b8f1ac84523443,/c_cin_zm_red_outro_sh290_cam
7cc6d0da56edb6e,c_cin_zm_red_outro_sh300_cam
ecb93abaab1315,/c_cin_zm_red_outro_sh300_cam
432b5f910f1a2eb,c_cin_zm_red_outro_sh310_cam
50ad050b1213048,/c_cin_zm_red_outro_sh310_cam
649125b4cfac264,c_cin_zm_red_outro_sh320_cam
362804dd93992f,/c_cin_zm_red_outro_sh320_cam
6c1660b98f956f1,c_cin_zm_red_outro_sh330_cam
fe1df1aad827db2,/c_cin_zm_red_outro_sh330_cam
6f714de0a291691,/c_cin_zm_red_outro_sh340_cam
99c3473544ddd92,c_cin_zm_red_outro_sh340_cam
99cbae80284eaa8,c_cin_zm_red_outro_sh360_cam
fa0cb61bf8de88b,/c_cin_zm_red_outro_sh360_cam
9b721c6afe390bd,/c_cin_zm_red_outro_sh380_cam
61ed8d006fb1256,c_cin_zm_red_outro_sh380_cam
cbdf9df76a70f64,/c_cin_zm_red_outro_sh400_cam
cffe81289dcbe6b,c_cin_zm_red_outro_sh400_cam
4b45dc71594496f,/c_cin_zm_red_outro_sh405_cam
850d2330315cf58,c_cin_zm_red_outro_sh405_cam
af23e37ffdaa413,c_cin_zm_red_outro_sh408_cam
1e083b8c47f569c,/c_cin_zm_red_outro_sh408_cam
d364d8fc2a5a3f1,/c_cin_zm_red_outro_sh410_cam
999f271e59f6ee,c_cin_zm_red_outro_sh410_cam
68c7930848d15c1,c_cin_zm_red_outro_sh415_cam
b3b73817248a1de,/c_cin_zm_red_outro_sh415_cam
e415491cf1b286e,/c_cin_zm_red_outro_sh420_cam
f8e982511e47271,c_cin_zm_red_outro_sh420_cam
f164474c5e5dde4,c_cin_zm_red_outro_sh430_cam
aa79d7d3a9defeb,/c_cin_zm_red_outro_sh430_cam
623af77002d3d8f,c_cin_zm_red_outro_sh440_cam
11a26c2c3137a8,/c_cin_zm_red_outro_sh440_cam
481f6178e05e8f5,/c_cin_zm_red_outro_sh450_cam
269668ccd38f912,c_cin_zm_red_outro_sh450_cam
111bf77dfa2a92,/c_cin_zm_red_outro_sh460_cam
6da40acdd44b775,c_cin_zm_red_outro_sh460_cam
bff5fda32bd4afd,/c_cin_zm_red_outro_sh465_cam
aebdcca288160aa,c_cin_zm_red_outro_sh465_cam
3cb64e1b0ee6f0f,/c_cin_zm_red_outro_sh470_cam
269ed017b700628,c_cin_zm_red_outro_sh470_cam
93629d0a282fd0c,/c_cin_zm_red_outro_sh480_cam
49c2e8540c271f3,c_cin_zm_red_outro_sh480_cam
eec0ae97fe62dd6,c_cin_zm_red_outro_sh490_cam
c0e50a3e49e10d9,/c_cin_zm_red_outro_sh490_cam
acd6883ebab8094,c_cin_zm_red_outro_sh500_cam
59d9b3ef2e822bb,/c_cin_zm_red_outro_sh500_cam
868524fd7f5333e,/c_cin_zm_red_outro_sh510_cam
2a5172dd340e61,c_cin_zm_red_outro_sh510_cam
bac11f7a86d89e,c_cin_zm_red_outro_sh520_cam
674d6492eeea81,/c_cin_zm_red_outro_sh520_cam
10f0a09aa97f41b,c_cin_zm_red_outro_sh530_cam
b0a6475a1665cb4,/c_cin_zm_red_outro_sh530_cam
3e9cce09b751f98,c_cin_zm_red_outro_sh540_cam
4161a4d337d571f,/c_cin_zm_red_outro_sh540_cam
6e0115e18892162,/c_cin_zm_red_outro_sh550_cam
558f5d0c86fc625,c_cin_zm_red_outro_sh550_cam
2eaf5ed990737c5,/c_cin_zm_red_outro_sh560_cam
6a4156c62cff842,c_cin_zm_red_outro_sh560_cam
2ec8917ee0e9e7f,c_cin_zm_red_outro_sh570_cam
e5dcd0256f01838,/c_cin_zm_red_outro_sh570_cam
91fd4464d37b77c,c_cin_zm_red_outro_sh580_cam
18623c5fd3d4fc3,/c_cin_zm_red_outro_sh580_cam
de10f50387c5625,c_cin_zm_red_pegasus_ride_cam
67451817f7e0ea4,/c_cin_zm_red_pegasus_ride_cam
ea24a56eb2409bc,/c_mp_nuketown_4_movie_sh010
2b269f6d1752c25,c_mp_nuketown_4_movie_sh010
eac5c56eb2c7cd7,/c_mp_nuketown_4_movie_sh020
2b5eff6d17845ae,c_mp_nuketown_4_movie_sh020
48331dcc17197c6,c_sh010_vign_zm_mob_richtofen_cryopod_cam1
56abf98c86f76a9,/c_sh010_vign_zm_mob_richtofen_cryopod_cam1
3a4b0c111491161,/c_sh020_vign_zm_mob_richtofen_cryopod_cam2
c5cdcfb48246ed6,c_sh020_vign_zm_mob_richtofen_cryopod_cam2
6fd0a951a782039,/c_t7_ally_fb
8052a1abcc62b13,/c_t7_mp_battery_mpc_fb1_skin1
eefb734eb02c7,/c_t7_mp_technomancer_mpc_fb1_skin1
8b21abb1417e490,/c_t7_mp_warrior_mpc_fb1_skin1
cd86996c1107437,/c_t8_bo_hero_reznov1
bda36d5aca65600,c_t8_bo_hero_reznov1
cdce6dfe0689960,c_t8_bo_hero_woods1
eff1d3381d6f25d,/c_t8_bo_hero_woods1
8c8d9c6c6fac493,/c_t8_cottontop_monkey_fb1
ac5b3d0f48a381a,c_t8_mp_spe_battery1_frontend
d1336e348c1ca73,/c_t8_mp_spe_battery1_frontend
6c2b2b373664b45,/c_t8_mp_spe_battery1_skin1
2acc1e0f42eea42,c_t8_mp_spe_battery1_skin1
f3f18cd7f78336f,/c_t8_mp_spe_battery_apocalypse_arms1_s_larm
e6a8184e7c53041,/c_t8_mp_spe_battery_apocalypse_arms1_s_rarm
71760f61c5e920b,/c_t8_mp_spe_battery_apocalypse_lowerbody1_s_lleg
30f24c6b3e492d1,/c_t8_mp_spe_battery_apocalypse_lowerbody1_s_rleg
3f3d7dab1c5bfc2,/c_t8_mp_spe_battery_arms1_s_larm_cst
18ce2516bc92dd0,/c_t8_mp_spe_battery_arms1_s_rarm_cst
fac40d8becc396d,/c_t8_mp_spe_battery_assassin_arms1_s_larm
d9e8e96c40bfc3,/c_t8_mp_spe_battery_assassin_arms1_s_rarm
6078289144d2c39,/c_t8_mp_spe_battery_assassin_lowerbody1_s_lleg
3a6df40f12145e3,/c_t8_mp_spe_battery_assassin_lowerbody1_s_rleg
32224017fdcf549,/c_t8_mp_spe_battery_knight_arms1_s_larm
aeb9bd1f115ac27,/c_t8_mp_spe_battery_knight_arms1_s_rarm
21f339715f48472,/c_t8_mp_spe_battery_knight_arms2_s_larm
c41440d06f093b4,/c_t8_mp_spe_battery_knight_arms2_s_rarm
ebeba8936cbd91e,/c_t8_mp_spe_battery_lowerbody1_s_lleg_cst
8abb491d4a7b780,/c_t8_mp_spe_battery_lowerbody1_s_rleg_cst
4ff21562ce283db,/c_t8_mp_spe_battery_superhero_arms1_s_larm
49318c01c6df675,/c_t8_mp_spe_battery_superhero_arms1_s_rarm
78f0d72fd948c7,/c_t8_mp_spe_battery_superhero_lowerbody1_s_lleg
1cd4464c70347c5,/c_t8_mp_spe_battery_superhero_lowerbody1_s_rleg
6af1225a206cf4e,c_t8_mp_spe_blackjack1
b11e06806381955,/c_t8_mp_spe_blackjack1
356d3fb4fad0423,/c_t8_mp_spe_buffer_arms1_s_larm_cst
bffffd06d32b399,/c_t8_mp_spe_buffer_arms1_s_rarm_cst
e33f7daaed0efe9,/c_t8_mp_spe_buffer_cop_arms1_s_larm
2966fab1d24cac7,/c_t8_mp_spe_buffer_cop_arms1_s_rarm
9853209715ea6d5,/c_t8_mp_spe_buffer_cop_lowerbody1_s_lleg
ff5d738a606db7,/c_t8_mp_spe_buffer_cop_lowerbody1_s_rleg
b04716866927924,/c_t8_mp_spe_buffer_heist_arms1_s_larm
f5e61fd3b9531c2,/c_t8_mp_spe_buffer_heist_arms1_s_rarm
7b2cdc83d386e6a,/c_t8_mp_spe_buffer_heist_lowerbody1_s_lleg
6bf2a1b9ab006b8,/c_t8_mp_spe_buffer_heist_lowerbody1_s_rleg
fe563ef0aa7be45,/c_t8_mp_spe_buffer_lowerbody1_s_lleg_cst
5aff4dd0c39c9b3,/c_t8_mp_spe_buffer_lowerbody1_s_rleg_cst
43d9d7e55e89226,/c_t8_mp_spe_buffer_paladin_arms1_s_larm
55a3d2af893f820,/c_t8_mp_spe_buffer_paladin_arms1_s_rarm
a7840c8c094e95d,/c_t8_mp_spe_buffer_paladin_arms2_s_larm
9c427cea527eb93,/c_t8_mp_spe_buffer_paladin_arms2_s_rarm
8dc64c4cd0cb10e,/c_t8_mp_spe_buffer_superhero_arms1_s_larm
cb804f596e8fd18,/c_t8_mp_spe_buffer_superhero_arms1_s_rarm
a08310f468bdec,/c_t8_mp_spe_buffer_superhero_lowerbody1_s_lleg
3972703a6209216,/c_t8_mp_spe_buffer_superhero_lowerbody1_s_rleg
13e8ec24bd62391,/c_t8_mp_spe_engineer1_skin1
b06dc88b8bd2ad0,c_t8_mp_spe_engineer1_skin1
66662e71452be93,/c_t8_mp_spe_engineer_apocalypse_arms1_s_larm
71a7be12fbfbc5d,/c_t8_mp_spe_engineer_apocalypse_arms1_s_rarm
19bf2cb72c5b61f,/c_t8_mp_spe_engineer_apocalypse_lowerbody1_s_lleg
203e5d1ce21fded,/c_t8_mp_spe_engineer_apocalypse_lowerbody1_s_rleg
54c2c3f26eb936e,/c_t8_mp_spe_engineer_arms1_s_larm_cst
553150e5384f584,/c_t8_mp_spe_engineer_arms1_s_rarm_cst
8aa0e8713143411,/c_t8_mp_spe_engineer_assassin_arms1_s_larm
7fa66da70c5925f,/c_t8_mp_spe_engineer_assassin_arms1_s_rarm
a97e20833249a5d,/c_t8_mp_spe_engineer_assassin_lowerbody1_s_lleg
ada6df71110c06f,/c_t8_mp_spe_engineer_assassin_lowerbody1_s_rleg
4df29465a282f05,/c_t8_mp_spe_engineer_highlander_arms1_s_larm_cst
d2ad42a8afadc67,/c_t8_mp_spe_engineer_highlander_arms1_s_rarm_cst
f7e8a23fccf2d0a,/c_t8_mp_spe_engineer_highlander_arms2_s_larm_cst
810b2753a0a148,/c_t8_mp_spe_engineer_highlander_arms2_s_rarm_cst
7bea7621ea0dd77,/c_t8_mp_spe_engineer_highlander_lowerbody1_s_lleg_cst
fcf88f3c8aa2241,/c_t8_mp_spe_engineer_highlander_lowerbody1_s_rleg_cst
cef15f2deb76c84,/c_t8_mp_spe_engineer_highlander_lowerbody2_s_lleg_cst
1a0f47de17624fa,/c_t8_mp_spe_engineer_highlander_lowerbody2_s_rleg_cst
e062b381e9f89ca,/c_t8_mp_spe_engineer_lowerbody1_s_lleg_cst
ddc3c44957a21b4,/c_t8_mp_spe_engineer_lowerbody1_s_rleg_cst
83c0a3516f30d2d,/c_t8_mp_spe_firebreak_apocalypse_arms1_s_larm
96ab245c4694683,/c_t8_mp_spe_firebreak_apocalypse_arms1_s_rarm
dc7229ef5e4daf9,/c_t8_mp_spe_firebreak_apocalypse_lowerbody1_s_lleg
ecd7f56d59dd0a3,/c_t8_mp_spe_firebreak_apocalypse_lowerbody1_s_rleg
5cc7fdfd04f69a8,/c_t8_mp_spe_firebreak_arms1_s_larm_cst
ff2e6999164956a,/c_t8_mp_spe_firebreak_arms1_s_rarm_cst
69f066888c40a2d,/c_t8_mp_spe_firebreak_cop_arms2_s_larm
86a396853b6548f,/c_t8_mp_spe_firebreak_cop_arms2_s_lleg
7cdae79363a4383,/c_t8_mp_spe_firebreak_cop_arms2_s_rarm
827ad7975ca2e7d,/c_t8_mp_spe_firebreak_cop_arms2_s_rleg
6f8b498f9c53ce2,/c_t8_mp_spe_firebreak_dragon_arms2_s_larm
923c3ff3cc3d944,/c_t8_mp_spe_firebreak_dragon_arms2_s_rarm
d60dfcc607a4694,/c_t8_mp_spe_firebreak_heist_s_larm
b36accc953767ae,/c_t8_mp_spe_firebreak_heist_s_lleg
33fcf566f7fea52,/c_t8_mp_spe_firebreak_heist_s_rarm
82328565722ddd4,/c_t8_mp_spe_firebreak_heist_s_rleg
f16db0514b1394,/c_t8_mp_spe_firebreak_lowerbody1_s_lleg_cst
9fc19e3a00b42aa,/c_t8_mp_spe_firebreak_lowerbody1_s_rleg_cst
7771402c4df80c9,/c_t8_mp_spe_firebreak_superhero_arms1_s_larm
f408bd3361837a7,/c_t8_mp_spe_firebreak_superhero_arms1_s_rarm
ce7894ce7a2afb5,/c_t8_mp_spe_firebreak_superhero_lowerbody1_s_lleg
460b4b700a2c397,/c_t8_mp_spe_firebreak_superhero_lowerbody1_s_rleg
78eb8ecbfcc12a8,/c_t8_mp_spe_hacker_apocalypse_arms1_s_larm
d7119c447ee5f7e,/c_t8_mp_spe_hacker_apocalypse_arms1_s_rarm
23d7da92188c5ae,/c_t8_mp_spe_hacker_apocalypse_lowerbody1_s_lleg
f29f932e3743bd4,/c_t8_mp_spe_hacker_apocalypse_lowerbody1_s_rleg
d5bc76ebca00597,/c_t8_mp_spe_hacker_arms1_s_larm_cst
ae7cb606b3d0c55,/c_t8_mp_spe_hacker_arms1_s_rarm_cst
c35346f054bd329,/c_t8_mp_spe_hacker_lowerbody1_s_lleg_cst
42ac9b87778be8f,/c_t8_mp_spe_hacker_lowerbody1_s_rleg_cst
1a2b5a51e169ed3,/c_t8_mp_spe_hacker_persian_arms1_s_larm
256ce9f39839c9d,/c_t8_mp_spe_hacker_persian_arms1_s_rarm
e23f7c745879fe0,/c_t8_mp_spe_hacker_persian_arms2_s_larm
d07581aa2dc39e6,/c_t8_mp_spe_hacker_persian_arms2_s_rarm
1709c3782184276,/c_t8_mp_spe_hacker_pirate_arms1_s_larm
d1b3cf026341c50,/c_t8_mp_spe_hacker_pirate_arms1_s_rarm
afa264c009f4754,/c_t8_mp_spe_hacker_pirate_lowerbody1_s_lleg
e0daac23eb3d12e,/c_t8_mp_spe_hacker_pirate_lowerbody1_s_rleg
c4f453e6ce960da,/c_t8_mp_spe_hacker_superhero_arms1_s_larm
5af7639c0e50a6c,/c_t8_mp_spe_hacker_superhero_arms1_s_rarm
435e99693ae6e18,/c_t8_mp_spe_hacker_superhero_lowerbody1_s_lleg
5298d433636d5ca,/c_t8_mp_spe_hacker_superhero_lowerbody1_s_rleg
77c9674a8d55134,c_t8_mp_spe_nomad1_frontend
4fd6d395b345b71,/c_t8_mp_spe_nomad1_frontend
f595b51f95e1da9,/c_t8_mp_spe_nomad_apocalypse_arms1_s_larm
a41d31d7fb50087,/c_t8_mp_spe_nomad_apocalypse_arms1_s_rarm
69254b43f104b95,/c_t8_mp_spe_nomad_apocalypse_lowerbody1_s_lleg
aa6801e552ee977,/c_t8_mp_spe_nomad_apocalypse_lowerbody1_s_rleg
d0b7e85c27bd62c,/c_t8_mp_spe_nomad_arms1_s_larm_cst
fe2047c7e3a6186,/c_t8_mp_spe_nomad_arms1_s_rarm_cst
76c96b307d698ca,/c_t8_mp_spe_nomad_cop_arms1_s_larm
70dc6a609d1f67c,/c_t8_mp_spe_nomad_cop_arms1_s_rarm
da331ded899ea8,/c_t8_mp_spe_nomad_cop_lowerbody1_s_lleg
c5bd7d691827a3a,/c_t8_mp_spe_nomad_cop_lowerbody1_s_rleg
52ff559d497ecf9,c_t8_mp_spe_nomad_dog1_frontend
a3c94fd8734cca4,/c_t8_mp_spe_nomad_dog1_frontend
538f215fbec7e27,/c_t8_mp_spe_nomad_heist_arms1_s_larm
d6f7a458ab3c749,/c_t8_mp_spe_nomad_heist_arms1_s_rarm
794cc20f5e6823,/c_t8_mp_spe_nomad_heist_lowerbody1_s_lleg
f72f00a2fa57279,/c_t8_mp_spe_nomad_heist_lowerbody1_s_rleg
9b55cb41e2cf908,/c_t8_mp_spe_nomad_lowerbody1_s_lleg_cst
1ec5b110bd1eeb6,/c_t8_mp_spe_nomad_lowerbody1_s_rleg_cst
816aa8a1641a4cf,/c_t8_mp_spe_nomad_pirate_arms1_s_larm
aa813418171caa1,/c_t8_mp_spe_nomad_pirate_arms1_s_rarm
5d4323af7ed6eeb,/c_t8_mp_spe_nomad_pirate_lowerbody1_s_lleg
1caf60b8f71bcb1,/c_t8_mp_spe_nomad_pirate_lowerbody1_s_rleg
19d73445de18bc5,/c_t8_mp_spe_nomad_superhero_arms1_s_larm
84b3ad21c57138b,/c_t8_mp_spe_nomad_superhero_arms1_s_rarm
ff37d7721bd2f91,/c_t8_mp_spe_nomad_superhero_lowerbody1_s_lleg
dcb9ab751902cb,/c_t8_mp_spe_nomad_superhero_lowerbody1_s_rleg
8e072d0b6a438e,/c_t8_mp_spe_outrider1_skin1
91762ea068fcc6b,c_t8_mp_spe_outrider1_skin1
600ff57def06db6,/c_t8_mp_spe_outrider_apocalypse_arms1_s_larm
e44a01080276b90,/c_t8_mp_spe_outrider_apocalypse_arms1_s_rarm
c995a0d288cc694,/c_t8_mp_spe_outrider_apocalypse_lowerbody1_s_lleg
313de8369862c6e,/c_t8_mp_spe_outrider_apocalypse_lowerbody1_s_rleg
eec0c94523edc20,/c_t8_mp_spe_outrider_arms1_s_larm
2825276784327bd,/c_t8_mp_spe_outrider_arms1_s_larm_cst
dcf6ce7af937626,/c_t8_mp_spe_outrider_arms1_s_rarm
5546c48b1fca62f,/c_t8_mp_spe_outrider_arms1_s_rarm_cst
81ab57eaa623066,/c_t8_mp_spe_outrider_lowerbody1_s_lleg
83972d13aff46f,/c_t8_mp_spe_outrider_lowerbody1_s_lleg_cst
4e010888ea8bb5c,/c_t8_mp_spe_outrider_lowerbody1_s_rleg
417baf84c3dd489,/c_t8_mp_spe_outrider_lowerbody1_s_rleg_cst
63ce5dc91e2834c,/c_t8_mp_spe_outrider_pirate_arms1_s_larm
977b4e13b0563ba,/c_t8_mp_spe_outrider_pirate_arms1_s_rarm
c50d99386047ed2,/c_t8_mp_spe_outrider_pirate_lowerbody1_s_lleg
182766b0d9092f0,/c_t8_mp_spe_outrider_pirate_lowerbody1_s_rleg
b7c8b9365cd1d80,/c_t8_mp_spe_outrider_superhero_arms1_s_larm
a60ebe6c3236a86,/c_t8_mp_spe_outrider_superhero_arms1_s_rarm
67b22f6107c8046,/c_t8_mp_spe_outrider_superhero_lowerbody1_s_lleg
65f7dfb09e1373c,/c_t8_mp_spe_outrider_superhero_lowerbody1_s_rleg
2c73a872e65d308,/c_t8_mp_spe_prophet1_skin1
30d098ceee3be6f,c_t8_mp_spe_prophet1_skin1
843582a13e0bb4f,/c_t8_mp_spe_prophet_arms1_s_larm_cst
d146fb4e04621df,/c_t8_mp_spe_prophet_arms1_s_larm_dotd_cst
32713da87d7fddd,/c_t8_mp_spe_prophet_arms1_s_rarm_cst
7898e80a5cade61,/c_t8_mp_spe_prophet_arms1_s_rarm_dotd_cst
94d91a41c4f640f,/c_t8_mp_spe_prophet_egyptian_arms1_s_larm_cst
99244e8d8ce579d,/c_t8_mp_spe_prophet_egyptian_arms1_s_rarm_cst
a618adbbf5f190,/c_t8_mp_spe_prophet_egyptian_arms2_s_larm_cst
ff49801458d482,/c_t8_mp_spe_prophet_egyptian_arms2_s_rarm_cst
dab98371ef7e8e1,/c_t8_mp_spe_prophet_lowerbody1_s_lleg_cst
36881c618ac24c5,/c_t8_mp_spe_prophet_lowerbody1_s_lleg_dotd_cst
2dc8801f2a4a397,/c_t8_mp_spe_prophet_lowerbody1_s_rleg_cst
81682cadc505157,/c_t8_mp_spe_prophet_lowerbody1_s_rleg_dotd_cst
a832591a028d1ee,/c_t8_mp_spe_prophet_pirate_arms1_s_larm
e5ec5c26a051df8,/c_t8_mp_spe_prophet_pirate_arms1_s_rarm
b04a095494071cc,/c_t8_mp_spe_prophet_pirate_lowerbody1_s_lleg
7e7448315de76f6,/c_t8_mp_spe_prophet_pirate_lowerbody1_s_rleg
a2b3ebee9395d12,/c_t8_mp_spe_prophet_superhero_arms1_s_larm
44d4f34da356c54,/c_t8_mp_spe_prophet_superhero_arms1_s_rarm
599d2aae4258290,/c_t8_mp_spe_prophet_superhero_lowerbody1_s_lleg
6835d35c996e72,/c_t8_mp_spe_prophet_superhero_lowerbody1_s_rleg
6884f69dda0ad39,/c_t8_mp_spe_reaper_apocalypse_arms1_s_larm
967884511f49637,/c_t8_mp_spe_reaper_apocalypse_arms1_s_rarm
5b416a9edf23285,/c_t8_mp_spe_reaper_apocalypse_lowerbody1_s_lleg
140c32141aa0787,/c_t8_mp_spe_reaper_apocalypse_lowerbody1_s_rleg
5646941e8857509,/c_t8_mp_spe_reaper_arms1_s_larm
3eaf7d37b5d2e1c,/c_t8_mp_spe_reaper_arms1_s_larm_cst
4ce10d6edc57e7,/c_t8_mp_spe_reaper_arms1_s_rarm
d0befdc3ec79316,/c_t8_mp_spe_reaper_arms1_s_rarm_cst
1b261a4964488f5,/c_t8_mp_spe_reaper_lowerbody1_s_lleg
406eafc36fa6ed8,/c_t8_mp_spe_reaper_lowerbody1_s_lleg_cst
5c68d0eac6326d7,/c_t8_mp_spe_reaper_lowerbody1_s_rleg
bd6e2a3059a88a6,/c_t8_mp_spe_reaper_lowerbody1_s_rleg_cst
7cfb0d78efa1a78,/c_t8_mp_spe_recon_arms1_s_larm_cst
d2ba48525e326da,/c_t8_mp_spe_recon_arms1_s_rarm_cst
a9dca2c7da9200b,/c_t8_mp_spe_recon_frogman_arms_s_larm
3f0029ebf339845,/c_t8_mp_spe_recon_frogman_arms_s_rarm
bec1923dd67a929,/c_t8_mp_spe_recon_frogman_lowerbody_s_lleg
a3674d0f3850a33,/c_t8_mp_spe_recon_frogman_lowerbody_s_rleg
9bd06e3cb865984,/c_t8_mp_spe_recon_lowerbody1_s_lleg_cst
e6ee56ece4511fa,/c_t8_mp_spe_recon_lowerbody1_s_rleg_cst
bb5715f61cc5203,/c_t8_mp_spe_recon_samurai_arms1_s_larm_cst
3ae98f3dfd31ef9,/c_t8_mp_spe_recon_samurai_arms1_s_rarm_cst
c9f5f7544cbf625,/c_t8_mp_spe_recon_samurai_lowerbody1_s_lleg_cst
1881afb054ad293,/c_t8_mp_spe_recon_samurai_lowerbody1_s_rleg_cst
164015aaf28cf1e,/c_t8_mp_spe_recon_samurai_lowerbody2_s_lleg_cst
b50fb634d04ad80,/c_t8_mp_spe_recon_samurai_lowerbody2_s_rleg_cst
76d30a1b72a6c74,/c_t8_mp_spe_ruin1_skin1
8b88795b75f3501,c_t8_mp_spe_ruin1_skin1
3c515e2f8f05014,/c_t8_mp_spe_ruin_apocalypse_arms1_s_larm
9a4056d07f5f3d2,/c_t8_mp_spe_ruin_apocalypse_arms1_s_rarm
6a0b70c816402ba,/c_t8_mp_spe_ruin_apocalypse_lowerbody1_s_lleg
b1f1253dd6b2728,/c_t8_mp_spe_ruin_apocalypse_lowerbody1_s_rleg
d5318628d06ebab,/c_t8_mp_spe_ruin_arms1_s_larm_cst
c5fcb3d5588e611,/c_t8_mp_spe_ruin_arms1_s_rarm_cst
df5e29d09224ce1,/c_t8_mp_spe_ruin_cop_arms1_s_larm
eca79e5a0d5500f,/c_t8_mp_spe_ruin_cop_arms1_s_rarm
aa7d8c9769096cc,/c_t8_mp_spe_ruin_heist_arms1_s_larm
de2a7ce1fb3773a,/c_t8_mp_spe_ruin_heist_arms1_s_rarm
666c87ac91880cd,/c_t8_mp_spe_ruin_lowerbody1_s_lleg_cst
e7b52dae908f6cb,/c_t8_mp_spe_ruin_lowerbody1_s_rleg_cst
b8190a11ebd2726,/c_t8_mp_spe_ruin_lowerbody2_s_lleg_cst
3b198fa501d0d58,/c_t8_mp_spe_ruin_lowerbody2_s_rleg_cst
c331040231cacf6,/c_t8_mp_spe_ruin_superhero_arms1_s_larm
7ddb0f8c73886d0,/c_t8_mp_spe_ruin_superhero_arms1_s_rarm
5aa69ab76ed76d4,/c_t8_mp_spe_ruin_superhero_lowerbody1_s_lleg
8bdee21b50200ae,/c_t8_mp_spe_ruin_superhero_lowerbody1_s_rleg
8af1d65dbfc006f,/c_t8_mp_spe_ruin_viewbody1
362ebfa01c22b02,/c_t8_mp_spe_ruin_viking_arms1_s_larm_cst
309bb27a95f4810,/c_t8_mp_spe_ruin_viking_arms1_s_rarm_cst
eb41d8b0a30c61d,/c_t8_mp_spe_ruin_viking_arms2_s_larm_cst
e6f6a464db1d28f,/c_t8_mp_spe_ruin_viking_arms2_s_rarm_cst
7dd7ea4c055662c,c_t8_mp_spe_seraph1_skin1
d574b5d23e86d45,/c_t8_mp_spe_seraph1_skin1
cdc0fbfef6571c2,/c_t8_mp_spe_seraph_arms1_s_larm_cst
a751a36a968dfd0,/c_t8_mp_spe_seraph_arms1_s_rarm_cst
a7cfc35a1420f6d,/c_t8_mp_spe_seraph_assassin_arms1_s_larm
baaa4464eb695c3,/c_t8_mp_spe_seraph_assassin_arms1_s_rarm
6a8f5147c7aee39,/c_t8_mp_spe_seraph_assassin_lowerbody1_s_lleg
44851cc594f07e3,/c_t8_mp_spe_seraph_assassin_lowerbody1_s_rleg
e133c1c1e1ece60,/c_t8_mp_spe_seraph_cop_arms1_s_larm
cf69c6f7b736866,/c_t8_mp_spe_seraph_cop_arms1_s_rarm
46490670fc403a6,/c_t8_mp_spe_seraph_cop_lowerbody1_s_lleg
448eb6c0928ba9c,/c_t8_mp_spe_seraph_cop_lowerbody1_s_rleg
d5337a88e022469,/c_t8_mp_spe_seraph_cw_arms1_s_larm_cst
498f6aa23f1b693,/c_t8_mp_spe_seraph_cw_arms1_s_rarm_cst
14420a62d8e192e,/c_t8_mp_spe_seraph_cw_arms2_s_larm_cst
9a933f791908944,/c_t8_mp_spe_seraph_cw_arms2_s_rarm_cst
c63088fc98bf6c9,/c_t8_mp_spe_seraph_heist_arms1_s_larm
42c80603ac4ada7,/c_t8_mp_spe_seraph_heist_arms1_s_rarm
f23829b893051b5,/c_t8_mp_spe_seraph_heist_lowerbody1_s_lleg
69cae05a2306597,/c_t8_mp_spe_seraph_heist_lowerbody1_s_rleg
98f75e61941af1e,/c_t8_mp_spe_seraph_lowerbody1_s_lleg_cst
37c6feeb71d8d80,/c_t8_mp_spe_seraph_lowerbody1_s_rleg_cst
b83802afb1d25db,/c_t8_mp_spe_seraph_superhero_arms1_s_larm
b177794eaa89875,/c_t8_mp_spe_seraph_superhero_arms1_s_rarm
9093b93599eec7,/c_t8_mp_spe_seraph_superhero_lowerbody1_s_lleg
1e4e746ccc3edc5,/c_t8_mp_spe_seraph_superhero_lowerbody1_s_rleg
695266baf39a480,/c_t8_mp_spe_seraph_viewbody1
76f4c50d823be0e,/c_t8_mp_spe_spectre1_skin1
9e8b4fa37be234d,c_t8_mp_spe_spectre1_skin1
299c3c952197536,/c_t8_mp_spe_spectre_apocalypse_arms1_s_larm
add6481f3507310,/c_t8_mp_spe_spectre_apocalypse_arms1_s_rarm
a398ee7f05ad14,/c_t8_mp_spe_spectre_apocalypse_lowerbody1_s_lleg
71e1d64bfff12ee,/c_t8_mp_spe_spectre_apocalypse_lowerbody1_s_rleg
4dd7fe92eca22a0,/c_t8_mp_spe_spectre_arms1_s_larm
4579e02436c163d,/c_t8_mp_spe_spectre_arms1_s_larm_cst
3c0e03c8c1ebca6,/c_t8_mp_spe_spectre_arms1_s_rarm
729b7d47d2594af,/c_t8_mp_spe_spectre_arms1_s_rarm_cst
59de02155aee110,/c_t8_mp_spe_spectre_assassin_arms1_s_larm
d5a3f68b477e336,/c_t8_mp_spe_spectre_assassin_arms1_s_rarm
9ad4ca8d1c6ae76,/c_t8_mp_spe_spectre_assassin_lowerbody1_s_lleg
ccaa8bb0528a94c,/c_t8_mp_spe_spectre_assassin_lowerbody1_s_rleg
e789408e0ef73e6,/c_t8_mp_spe_spectre_lowerbody1_s_lleg
4d0ff71b0c52fef,/c_t8_mp_spe_spectre_lowerbody1_s_lleg_cst
b3def12c535fedc,/c_t8_mp_spe_spectre_lowerbody1_s_rleg
865233ce9531009,/c_t8_mp_spe_spectre_lowerbody1_s_rleg_cst
40382a50e13800,/c_t8_mp_spe_spectre_superhero_arms1_s_larm
f24987dae378506,/c_t8_mp_spe_spectre_superhero_arms1_s_rarm
ec493cdf9bbbfc6,/c_t8_mp_spe_spectre_superhero_lowerbody1_s_lleg
ea8eed2f32076bc,/c_t8_mp_spe_spectre_superhero_lowerbody1_s_rleg
fe0b7f1faf80c39,/c_t8_mp_spe_swat_apocalypse_arms1_s_larm
2bff0cd2f4bf537,/c_t8_mp_spe_swat_apocalypse_arms1_s_rarm
2142cccc511ef85,/c_t8_mp_spe_swat_apocalypse_lowerbody1_s_lleg
da0d94418c9c487,/c_t8_mp_spe_swat_apocalypse_lowerbody1_s_rleg
5b3a44f937fb1c,/c_t8_mp_spe_swat_arms1_s_larm_cst
97c324dbca26016,/c_t8_mp_spe_swat_arms1_s_rarm_cst
a0b9fa5fa65c157,/c_t8_mp_spe_swat_assassin_arms1_s_larm
d4166cfab2d5a59,/c_t8_mp_spe_swat_assassin_arms1_s_rarm
836e56c1d1048b3,/c_t8_mp_spe_swat_assassin_lowerbody1_s_lleg
9ec89bf06f2e7a9,/c_t8_mp_spe_swat_assassin_lowerbody1_s_rleg
a19e99abe79b5d8,/c_t8_mp_spe_swat_lowerbody1_s_lleg_cst
1e9e1418d19cfa6,/c_t8_mp_spe_swat_lowerbody1_s_rleg_cst
69d60848e6c0147,/c_t8_mp_spe_swat_roman_arms1_s_larm
23ae8b420182669,/c_t8_mp_spe_swat_roman_arms1_s_rarm
eb728e4e0e78414,/c_t8_mp_spe_swat_roman_arms2_s_larm
496186eefed27d2,/c_t8_mp_spe_swat_roman_arms2_s_rarm
b10c4ed1ddd19c1,/c_t8_mp_swatbuddy2_frontend
5caf9166b5de2ec,c_t8_mp_swatbuddy2_frontend
1793c00dbc9b9bf,/c_t8_mp_zombie_female1
8fe6169c16e2938,c_t8_mp_zombie_female1
356f9e04d93d450,/c_t8_mp_zombie_male1
6bda29440c48f33,c_t8_mp_zombie_male1
9fddfb1d5fd8b5d,c_t8_mp_zombie_male2_helmet1
c456f79dfae9e0a,/c_t8_mp_zombie_male2_helmet1
6bda49440c49299,c_t8_mp_zombie_male3
356fbe04d93d7b6,/c_t8_mp_zombie_male3
a522a80de5fbf8d,/c_t8_mp_zombie_male3_helmet1
fe4bb613431b45a,c_t8_mp_zombie_male3_helmet1
54e9f2bf7a2b9df,c_t8_zm_mnsn_hallion_ent_over_wall_shot_01
1f83207e9e9d068,/c_t8_zm_mnsn_hallion_ent_over_wall_shot_01
54ea02bf7a2bb92,c_t8_zm_mnsn_hallion_ent_over_wall_shot_02
1f83507e9e9d581,/c_t8_zm_mnsn_hallion_ent_over_wall_shot_02
54ea12bf7a2bd45,c_t8_zm_mnsn_hallion_ent_over_wall_shot_03
1f83407e9e9d3ce,/c_t8_zm_mnsn_hallion_ent_over_wall_shot_03
54e9a2bf7a2b160,c_t8_zm_mnsn_hallion_ent_over_wall_shot_04
1f83707e9e9d8e7,/c_t8_zm_mnsn_hallion_ent_over_wall_shot_04
3b7bbf112192bb7,/c_t8_zmb_1stclass_female_body1_s_lleg
c3d9086f91764d5,/c_t8_zmb_1stclass_female_body1_s_rleg
59d5eda8ccd3a1,/c_t8_zmb_1stclass_female_hat1
b776acd5ebc4857,/c_t8_zmb_1stclass_female_hat1_skin2
f2b75001dbc4b64,/c_t8_zmb_1stclass_male1
82b1a4c65e73801,c_t8_zmb_1stclass_male1
82b174c65e732e8,c_t8_zmb_1stclass_male2
f2b78001dbc507d,/c_t8_zmb_1stclass_male2
8e142498af11021,/c_t8_zmb_2ndclass_female_hat1
8e140498af10cbb,/c_t8_zmb_2ndclass_female_hat3
3b8144195fa0a4,/c_t8_zmb_3rdclass_female_hat1
123f17802549f02,/c_t8_zmb_3rdclass_male_body1
36d4a5a3a1651fd,/c_t8_zmb_3rdclass_male_body3_s_larm
5a57d5a05656e3f,/c_t8_zmb_3rdclass_male_body3_s_lleg
61f3160218c7d33,/c_t8_zmb_3rdclass_male_body3_s_rarm
60d706060c1b60d,/c_t8_zmb_3rdclass_male_body3_s_rleg
fcdc2d724083ab7,/c_t8_zmb_blightfather_body1
292c3e53c4efa9c,/c_t8_zmb_blightfather_elbow1_le
2e7fdd012434393,/c_t8_zmb_blightfather_elbow1_le_noreveal
2b4b3e53c6bc5d2,/c_t8_zmb_blightfather_elbow1_ri
3e71a62fd464e51,/c_t8_zmb_blightfather_elbow1_ri_noreveal
e52f96ac8b4ca23,/c_t8_zmb_blightfather_mouth
ef274e8391ab926,/c_t8_zmb_blightfather_mouth_noreveal
6b5a955bcb43fa4,/c_t8_zmb_crew_officer_hat1
e95405dbba1218,/c_t8_zmb_crew_sailor_hat1
4318fa039771c04,/c_t8_zmb_dlc0_elephant_body1
f50a6f6934358eb,/c_t8_zmb_dlc0_elephant_body1_hb
6123d9ddeac8ad0,c_t8_zmb_dlc0_hero_diego1
ecc19d8e3e37ad5,/c_t8_zmb_dlc0_hero_diego1
c6355942b64b7cf,/c_t8_zmb_dlc0_hero_scarlett1
f397cb989766bd0,c_t8_zmb_dlc0_hero_scarlett1
61eb19abe5a4bc8,c_t8_zmb_dlc0_tiger1
a15d735f6b47d67,/c_t8_zmb_dlc0_tiger1
bb699e60643ee79,/c_t8_zmb_dlc0_zombie_destroyer_axe1
2d26176a70300df,/c_t8_zmb_dlc0_zombie_destroyer_body1_igc
83ade96137241da,/c_t8_zmb_dlc0_zombie_destroyer_helmet1
abed64960bd3c0b,/c_t8_zmb_dlc0_zombie_destroyer_le_arm1
cd776982a5e013e,/c_t8_zmb_dlc0_zombie_destroyer_le_pauldron1
6b07c6979985cd5,/c_t8_zmb_dlc0_zombie_destroyer_ri_arm1
156feadc07a7cc,/c_t8_zmb_dlc0_zombie_destroyer_ri_pauldron1
c28afb65b323aad,/c_t8_zmb_dlc0_zombie_gladiator_body1
3910f1b23c2a480,/c_t8_zmb_dlc0_zombie_male_body1_s_lleg
bff350d57cbd02,/c_t8_zmb_dlc0_zombie_male_body1_s_rleg
6be47d57d295092,/c_t8_zmb_dlc0_zombie_male_helmet1
ee89d3cbb87518d,/c_t8_zmb_dlc0_zombie_marauder_body1
9b9cf84305d12b2,/c_t8_zmb_dlc0_zombie_marauder_helmet1
801a1ca7a0a37e9,/c_t8_zmb_dlc0_zombie_marauder_rarm1
41ef3b40bfb9e9f,/c_t8_zmb_dlc1_catherine_ghost
f84640df4393f16,c_t8_zmb_dlc1_catherine_ghost
e7e7756e6c2fc12,/c_t8_zmb_dlc1_werewolf_boss1
df2c3496c6a62fd,c_t8_zmb_dlc1_werewolf_boss1
7e96a909f05aa75,/c_t8_zmb_dlc1_werewolf_fb1
57e89cb40d0e4e,/c_t8_zmb_dlc2_gegenees_fb1
45748ba813b6f6e,/c_t8_zmb_dlc2_gegenees_shield
cf32ab917cc40e4,/c_t8_zmb_dlc2_gegenees_spear
9484eae4e7cb41c,/c_t8_zmb_dlc2_gegenees_sword
c0c287b96626f62,/c_t8_zmb_dlc2_pegasus_fb
2f52e4b0094f25a,/c_t8_zmb_dlc2_perseus_fb1
64c006884ffaec9,/c_t8_zmb_dlc2_perseus_shield1
1b5f983b967097b,/c_t8_zmb_dlc2_perseus_sword1
45eb06a1d9955bc,/c_t8_zmb_dlc2_skeleton_arm_right
92800fc0d141799,/c_t8_zmb_dlc2_skeleton_fb
450c1c650a8cb88,/c_t8_zmb_dlc2_skeleton_helmet
576c2dc57d1ceb8,/c_t8_zmb_dlc2_skeleton_shield
44f1a3a0a246586,/c_t8_zmb_dlc2_skeleton_spear
c59a651e63f998e,/c_t8_zmb_dlc2_skeleton_sword
d880001349ebbb2,/c_t8_zmb_homunculus_fb1
779cf11a22f7894,/c_t8_zmb_mob_brutus_baton
c6a8c13dc724216,/c_t8_zmb_mob_brutus_boss_baton
7b02ee9206134bb,/c_t8_zmb_mob_brutus_helmet
205190718bd89cd,c_t8_zmb_mob_ghoul1
79e8a09ce045074,/c_t8_zmb_mob_ghoul1
205160718bd84b4,c_t8_zmb_mob_ghoul2
79e8d09ce04558d,/c_t8_zmb_mob_ghoul2
ad4bc5cf8631d2f,/c_t8_zmb_mob_wolf_head
f3fae069033303,/c_t8_zmb_mob_zombie_arms1
f3fbe0690334b6,/c_t8_zmb_mob_zombie_arms2
6dbd891dab6f4c0,/c_t8_zmb_mob_zombie_body2_s_larm
6d2cd919b6b4c8a,/c_t8_zmb_mob_zombie_body2_s_lleg
92538e53aeeb7c6,/c_t8_zmb_mob_zombie_body2_s_rarm
5df29e4f8e2e4d8,/c_t8_zmb_mob_zombie_body2_s_rleg
6605b3012ecb2f7,/c_t8_zmb_mob_zombie_hat1
ce92197d012c059,/c_t8_zmb_ofc_quadcrawler_s_larmspawn
f40c0c59750ce8b,/c_t8_zmb_ofc_quadcrawler_s_llegspawn
7acf0763c50464b,/c_t8_zmb_ofc_quadcrawler_s_rarmspawn
84b55b0c4067e8d,/c_t8_zmb_ofc_quadcrawler_s_rlegspawn
aee4090e7dde8d0,/c_t8_zmb_ofc_zombie_male_s_larmoff
a1f40064711a592,/c_t8_zmb_ofc_zombie_male_s_llegoff
78e30299a0420e2,/c_t8_zmb_ofc_zombie_male_s_rarmoff
3e5d8bc6189e86c,/c_t8_zmb_ofc_zombie_male_s_rlegoff
2e897d16cb032da,/c_t8_zmb_titanic_stoker_body1
611c22035471d8d,/c_t8_zmb_titanic_stoker_head_cap1
a01f972e6feffd0,/c_t8_zmb_titanic_stoker_larm1
78e863ebd6a3b81,/c_t8_zmb_titanic_stoker_lshoulder_cap1
36d975e49309c27,/c_t8_zmb_titanic_stoker_rshoulder_cap1
782d84cdfc1847,/c_t8_zmb_titanic_stoker_shovel1
633f55d8946424f,c_vign_cust_zm_red_boss_intro_s01_cam
fa2ec73e17890e,/c_vign_cust_zm_red_boss_intro_s01_cam
d78c5881837782e,c_vign_cust_zm_red_boss_intro_s02_cam
ae566edfce2862f,/c_vign_cust_zm_red_boss_intro_s02_cam
f3b52c34774d190,/c_vign_cust_zm_red_boss_intro_s03_cam
ee90f4ab87a2acd,c_vign_cust_zm_red_boss_intro_s03_cam
dbe0d00a7279b61,/c_vign_cust_zm_red_boss_intro_s04_cam
1a39175ed3c3144,c_vign_cust_zm_red_boss_intro_s04_cam
898f8d109bb3bc2,/c_vign_cust_zm_red_boss_intro_s05_cam
6c8c5a58aa8c743,c_vign_cust_zm_red_boss_intro_s05_cam
a4a2ee4b088d823,/c_vign_cust_zm_red_boss_intro_s06_cam
7c18b66c8fce262,c_vign_cust_zm_red_boss_intro_s06_cam
ce79f96666af501,c_vign_cust_zm_red_boss_intro_s07_cam
fd1030b48d8d324,/c_vign_cust_zm_red_boss_intro_s07_cam
72ca6db7d1fa1b0,c_vign_zm_mob_brutus_reveal_cam
b8359b3735d9645,/c_vign_zm_mob_brutus_reveal_cam
b19c0607484e7a8,c_vign_zm_mob_richtofen_into_machine
a7f54e7edd0b76f,/c_vign_zm_mob_richtofen_into_machine
2e81c7ef9b79176,/c_zm_escape_outro_sh010
5bce47e66365a7f,c_zm_escape_outro_sh010
5b2f27e662e1dc4,c_zm_escape_outro_sh020
2e4b67ef9b4ae4d,/c_zm_escape_outro_sh020
5b6787e6631374d,c_zm_escape_outro_sh030
2e1307ef9b194c4,/c_zm_escape_outro_sh030
5abe67e6627eab2,c_zm_escape_outro_sh040
2ddaa7ef9ae7b3b,/c_zm_escape_outro_sh040
2da247ef9ab61b2,/c_zm_escape_outro_sh050
5af6c7e662b043b,c_zm_escape_outro_sh050
5a55a7e66229120,c_zm_escape_outro_sh060
2d71e7ef9a921a9,/c_zm_escape_outro_sh060
5a8e07e6625aaa9,c_zm_escape_outro_sh070
2d3987ef9a60820,/c_zm_escape_outro_sh070
306b27ef9d18de7,/c_zm_escape_outro_sh080
5d4ee7e664afd5e,c_zm_escape_outro_sh080
3032c7ef9ce745e,/c_zm_escape_outro_sh090
5d8747e664e16e7,c_zm_escape_outro_sh090
d1d197e6a06e9c1,c_zm_escape_outro_sh100
9d5077ef475a414,/c_zm_escape_outro_sh100
d19937e6a03d038,c_zm_escape_outro_sh110
9d88d7ef478bd9d,/c_zm_escape_outro_sh110
d19987e6a03d8b7,c_zm_escape_outro_sh115
9d8887ef478b51e,/c_zm_escape_outro_sh115
d23857e6a0c0cf3,c_zm_escape_outro_sh120
9dbf37ef47ba0c6,/c_zm_escape_outro_sh120
d201f7e6a0929ca,c_zm_escape_outro_sh130
9df797ef47eba4f,/c_zm_escape_outro_sh130
d2a917e6a124005,c_zm_escape_outro_sh140
9c76f7ef46a1770,/c_zm_escape_outro_sh140
d270b7e6a0f267c,c_zm_escape_outro_sh150
9caf57ef46d30f9,/c_zm_escape_outro_sh150
d311d7e6a179997,c_zm_escape_outro_sh160
9ce7b7ef4704a82,/c_zm_escape_outro_sh160
9d1817ef4728a8b,/c_zm_escape_outro_sh170
d2e177e6a15598e,c_zm_escape_outro_sh170
d01897e69ef2d59,c_zm_escape_outro_sh180
9f0777ef48d2a1c,/c_zm_escape_outro_sh180
9f37d7ef48f6a25,/c_zm_escape_outro_sh190
cfe837e69eced50,c_zm_escape_outro_sh190
38d087e5baaafc0,c_zm_escape_outro_sh200
364f87f02d1a7b5,/c_zm_escape_outro_sh200
361727f02ce8e2c,/c_zm_escape_outro_sh210
3908e7e5badc949,c_zm_escape_outro_sh210
390917e5badce62,c_zm_escape_outro_sh215
3616f7f02ce8913,/c_zm_escape_outro_sh215
394147e5bb0e2d2,c_zm_escape_outro_sh220
36b847f02d70147,/c_zm_escape_outro_sh220
3979a7e5bb3fc5b,c_zm_escape_outro_sh230
367fe7f02d3e7be,/c_zm_escape_outro_sh230
357007f02c577f1,/c_zm_escape_outro_sh240
39aa07e5bb63c64,c_zm_escape_outro_sh240
39e267e5bb955ed,c_zm_escape_outro_sh250
353fa7f02c337e8,/c_zm_escape_outro_sh250
35dec7f02cb74a3,/c_zm_escape_outro_sh260
3a18c7e5bbc3916,c_zm_escape_outro_sh260
35a867f02c8917a,/c_zm_escape_outro_sh270
3a5127e5bbf529f,c_zm_escape_outro_sh270
349887f02ba21ad,/c_zm_escape_outro_sh280
3a8987e5bc26c28,c_zm_escape_outro_sh280
a4e5d7efd8ca0ca,/c_zm_escape_outro_sh300
ca3437e60ef138b,c_zm_escape_outro_sh300
ca3467e60ef18a4,c_zm_escape_outro_sh305
a4e5a7efd8c9bb1,/c_zm_escape_outro_sh305
a51c37efd8f83f3,/c_zm_escape_outro_sh310
ca03d7e60ecd382,c_zm_escape_outro_sh310
c9cb77e60e9b9f9,c_zm_escape_outro_sh320
a47d17efd874738,/c_zm_escape_outro_sh320
a4b577efd8a60c1,/c_zm_escape_outro_sh330
c99317e60e6a070,c_zm_escape_outro_sh330
cb13b7e60fb434f,c_zm_escape_outro_sh340
a5c557efd98d08e,/c_zm_escape_outro_sh340
cadb57e60f829c6,c_zm_escape_outro_sh350
a5f5b7efd9b1097,/c_zm_escape_outro_sh350
a55497efd929d7c,/c_zm_escape_outro_sh360
caa4f7e60f5469d,c_zm_escape_outro_sh360
a58cf7efd95b705,/c_zm_escape_outro_sh370
ca6c97e60f22d14,c_zm_escape_outro_sh370
cbeb37e61069993,c_zm_escape_outro_sh380
a334d7efd75bde2,/c_zm_escape_outro_sh380
cbeb67e61069eac,c_zm_escape_outro_sh385
a334a7efd75b8c9,/c_zm_escape_outro_sh385
debd1bf303ce478,/c_zm_ix_outro_sh010_cam
3cd3a81da54aded,c_zm_ix_outro_sh010_cam
bb16a2d3f18886a,c_zm_ix_outro_sh020_cam
e5027604286b45f,/c_zm_ix_outro_sh020_cam
3cab104572a9027,c_zm_ix_outro_sh030_cam
dfc1e76127605a2,/c_zm_ix_outro_sh030_cam
35b52216f1edfc1,/c_zm_ix_outro_sh040_cam
93a6a2d3709be9c,c_zm_ix_outro_sh040_cam
77969376594fcf4,/c_zm_ix_outro_sh050_cam
a8bbddd83c043e9,c_zm_ix_outro_sh050_cam
f26c2c8c5e363a6,c_zm_ix_outro_sh060_cam
52b9ffbcc34eefb,/c_zm_ix_outro_sh060_cam
4d757119c23d37e,/c_zm_ix_outro_sh070_cam
7482ca7a47d91c3,c_zm_ix_outro_sh070_cam
ff365d0f44612d,/c_zm_ix_outro_sh080_cam
41fd5e3fe305a38,c_zm_ix_outro_sh080_cam
87b61a4de2485ae,/c_zm_ix_outro_sh100_cam
fc2aa97446e61b7,c_zm_ix_outro_sh100_cam
35c61abd8eb9a3a,c_zm_ix_outro_sh110_cam
e5caa9531a5f82b,/c_zm_ix_outro_sh110_cam
8465cc1d00eee3d,c_zm_ix_outro_sh120_cam
3da06f77093f3a4,/c_zm_ix_outro_sh120_cam
c090ae667a88ab2,/c_zm_ix_outro_sh135
b74b6087ca908c3,c_zm_ix_outro_sh135
c090fe667a89331,/c_zm_ix_outro_sh138
b74c1087ca91b74,c_zm_ix_outro_sh138
d3de20e3e542b13,c_zm_ix_outro_sh140_cam
30620b45a2bd2d2,/c_zm_ix_outro_sh140_cam
b7136087ca5f96c,c_zm_ix_outro_sh145
c1a0ae667b6fde5,/c_zm_ix_outro_sh145
4e3c29d98562f76,c_zm_ix_outro_sh150_cam
cd569a3723b994f,/c_zm_ix_outro_sh150_cam
a4caf7f3b3c47e8,/c_zm_ix_outro_sh160_cam
9cdbdb38f798379,c_zm_ix_outro_sh160_cam
d20898d8c513abb,/c_zm_ix_outro_sh165_cam
ebee19226657ce6,c_zm_ix_outro_sh165_cam
7b745a5ef8f6f50,/c_zm_ix_outro_sh168_cam
7c133d905795281,c_zm_ix_outro_sh168_cam
b66c1087c9cde18,c_zm_ix_outro_sh170
c169fe667b4123d,/c_zm_ix_outro_sh170
ec562fffdbef6af,c_zm_ix_outro_sh180_cam
6cdcd673fb0bc96,/c_zm_ix_outro_sh180_cam
4f8a5a1267be8af,c_zm_mansion_outro_sh010
5dc036a5fe4bccc,/c_zm_mansion_outro_sh010
5e6956a5fee0967,/c_zm_mansion_outro_sh020
4eeb3a12673abf4,c_zm_mansion_outro_sh020
5e30f6a5feaefde,/c_zm_mansion_outro_sh030
4f1b9a12675ebfd,c_zm_mansion_outro_sh030
5d2116a5fdc8011,/c_zm_mansion_outro_sh040
4e7a7a1266d78e2,c_zm_mansion_outro_sh040
5ce8b6a5fd96688,/c_zm_mansion_outro_sh050
4eb2da12670926b,c_zm_mansion_outro_sh050
5d8fd6a5fe27cc3,/c_zm_mansion_outro_sh060
4e11ba126681f50,c_zm_mansion_outro_sh060
4e421a1266a5f59,c_zm_mansion_outro_sh070
5d5976a5fdf999a,/c_zm_mansion_outro_sh070
510afa126908b8e,c_zm_mansion_outro_sh080
5c4996a5fd129cd,/c_zm_mansion_outro_sh080
5c1136a5fce1044,/c_zm_mansion_outro_sh090
513b5a12692cb97,c_zm_mansion_outro_sh090
cc96e6a5aa3a8ea,/c_zm_mansion_outro_sh100
e0b5aa12bbd32f1,c_zm_mansion_outro_sh100
e0854a12bbaf2e8,c_zm_mansion_outro_sh110
cccd46a5aa68c13,/c_zm_mansion_outro_sh110
e1246a12bc32fa3,c_zm_mansion_outro_sh120
cc2626a5a9d75d8,/c_zm_mansion_outro_sh120
cc5e86a5aa08f61,/c_zm_mansion_outro_sh130
e0ee0a12bc04c7a,c_zm_mansion_outro_sh130
e1952a12bc962b5,c_zm_mansion_outro_sh140
cd6e66a5aaeff2e,/c_zm_mansion_outro_sh140
cda6c6a5ab218b7,/c_zm_mansion_outro_sh150
e15cca12bc6492c,c_zm_mansion_outro_sh150
cd05a6a5aa9a59c,/c_zm_mansion_outro_sh160
e1fdea12bcebc47,c_zm_mansion_outro_sh160
cd3606a5aabe5a5,/c_zm_mansion_outro_sh170
e1c58a12bcba2be,c_zm_mansion_outro_sh170
df04aa12ba65009,c_zm_mansion_outro_sh180
cae5e6a5a8cc602,/c_zm_mansion_outro_sh180
cb1646a5a8f060b,/c_zm_mansion_outro_sh190
decc4a12ba33680,c_zm_mansion_outro_sh190
cb1676a5a8f0b24,/c_zm_mansion_outro_sh195
decc9a12ba33eff,c_zm_mansion_outro_sh195
3b3336a555f451f,/c_zm_mansion_outro_sh200
47bc9a11d61d270,c_zm_mansion_outro_sh200
47f4fa11d64ebf9,c_zm_mansion_outro_sh210
3afad6a555c2b96,/c_zm_mansion_outro_sh210
3ac476a5559486d,/c_zm_mansion_outro_sh220
482d5a11d680582,c_zm_mansion_outro_sh220
485dba11d6a458b,c_zm_mansion_outro_sh230
3a8c16a55562ee4,/c_zm_mansion_outro_sh230
3a5bb6a5553eedb,/c_zm_mansion_outro_sh240
48961a11d6d5f14,c_zm_mansion_outro_sh240
48ce7a11d70789d,c_zm_mansion_outro_sh250
3a2356a5550d552,/c_zm_mansion_outro_sh250
4904da11d735bc6,c_zm_mansion_outro_sh260
39eaf6a554dbbc9,/c_zm_mansion_outro_sh260
39b296a554aa240,/c_zm_mansion_outro_sh270
493d3a11d76754f,c_zm_mansion_outro_sh270
496d9a11d78b558,c_zm_mansion_outro_sh280
3ce436a55762807,/c_zm_mansion_outro_sh280
3cabd6a55730e7e,/c_zm_mansion_outro_sh290
49a5fa11d7bcee1,c_zm_mansion_outro_sh290
d9204a122a6363b,c_zm_mansion_outro_sh300
a9d186a501b17b4,/c_zm_mansion_outro_sh300
d8e7ea122a31cb2,c_zm_mansion_outro_sh310
aa01e6a501d57bd,/c_zm_mansion_outro_sh310
aa3846a50203ae6,/c_zm_mansion_outro_sh320
d8b78a122a0dca9,c_zm_mansion_outro_sh320
aa70a6a5023546f,/c_zm_mansion_outro_sh330
d87f2a1229dc320,c_zm_mansion_outro_sh330
a8f806a500f8b10,/c_zm_mansion_outro_sh340
d9f7ca122b18c7f,c_zm_mansion_outro_sh340
a92866a5011cb19,/c_zm_mansion_outro_sh350
d9c76a122af4c76,c_zm_mansion_outro_sh350
a960c6a5014e4a2,/c_zm_mansion_outro_sh360
d9910a122ac694d,c_zm_mansion_outro_sh360
d958aa122a94fc4,c_zm_mansion_outro_sh370
a99926a5017fe2b,/c_zm_mansion_outro_sh370
ab8086a5031c43c,/c_zm_mansion_outro_sh380
dad74a122bdbc43,c_zm_mansion_outro_sh380
daa0ea122bad91a,c_zm_mansion_outro_sh390
abb8e6a5034ddc5,/c_zm_mansion_outro_sh390
340696a4c4da1fb,/c_zm_mansion_outro_sh420
8dabfa13b289fa0,c_zm_mansion_outro_sh420
8de45a13b2bb929,c_zm_mansion_outro_sh430
33ce36a4c4a8872,/c_zm_mansion_outro_sh430
8ef43a13b3a28f6,c_zm_mansion_outro_sh440
347756a4c53d50d,/c_zm_mansion_outro_sh440
343ef6a4c50bb84,/c_zm_mansion_outro_sh450
8f249a13b3c68ff,c_zm_mansion_outro_sh450
8e857a13b342c44,c_zm_mansion_outro_sh460
34de16a4c58f83f,/c_zm_mansion_outro_sh460
8ebdda13b3745cd,c_zm_mansion_outro_sh470
34adb6a4c56b836,/c_zm_mansion_outro_sh470
8fcdba13b45b59a,c_zm_mansion_outro_sh480
354ed6a4c5f2b51,/c_zm_mansion_outro_sh480
90041a13b4898c3,c_zm_mansion_outro_sh490
351676a4c5c11c8,/c_zm_mansion_outro_sh490
a90426a4760135e,/c_zm_mansion_outro_sh500
4486a13f00c87d,c_zm_mansion_outro_sh500
4180a13efe8874,c_zm_mansion_outro_sh510
a93c86a47632ce7,/c_zm_mansion_outro_sh510
4b72a13f06c52f,c_zm_mansion_outro_sh520
a89366a4759e04c,/c_zm_mansion_outro_sh520
47eca13f03aba6,c_zm_mansion_outro_sh530
a8cbc6a475cf9d5,/c_zm_mansion_outro_sh530
a82ca6a4754bd1a,/c_zm_mansion_outro_sh540
36eea13ef53bd9,c_zm_mansion_outro_sh540
33e8a13ef2fbd0,c_zm_mansion_outro_sh550
a86306a4757a043,/c_zm_mansion_outro_sh550
a7bbe6a474e8a08,/c_zm_mansion_outro_sh560
3dfaa13efb6eeb,c_zm_mansion_outro_sh560
a75326a47493076,/c_zm_mansion_outro_sh580
5ff6a13f184e85,c_zm_mansion_outro_sh580
a78386a474b707f,/c_zm_mansion_outro_sh590
5c70a13f1534fc,c_zm_mansion_outro_sh590
721f5a1310239dc,c_zm_mansion_outro_sh600
17a076a421baf93,/c_zm_mansion_outro_sh600
176a16a4218cc6a,/c_zm_mansion_outro_sh610
724fba1310479e5,c_zm_mansion_outro_sh610
72881a13107936e,c_zm_mansion_outro_sh620
1731b6a4215b2e1,/c_zm_mansion_outro_sh620
16f956a42129958,/c_zm_mansion_outro_sh630
72c07a1310aacf7,c_zm_mansion_outro_sh630
713fda130f60a18,c_zm_mansion_outro_sh640
1879f6a42273c37,/c_zm_mansion_outro_sh640
ca3a8d9a15a323b,c_zm_mvid_pack_a_punch_react_cam1
a770fbbee214196,/c_zm_mvid_pack_a_punch_react_cam1
8d29c7061dabe65,/c_zm_office_outro_sh010_cam
1a81cf5115ca71c,c_zm_office_outro_sh010_cam
a1ebc0bfc3ca382,/c_zm_office_outro_sh020_cam
fb5df6f7ed07a43,c_zm_office_outro_sh020_cam
7947590a0364c26,c_zm_office_outro_sh030_cam
c7c2fbc6c96cbbf,/c_zm_office_outro_sh030_cam
c3aed49b4a7966d,c_zm_office_outro_sh040_cam
9b106d234771cd4,/c_zm_office_outro_sh040_cam
ba5a45988665d40,c_zm_office_outro_sh050_cam
8f8efbc40e428a1,/c_zm_office_outro_sh050_cam
6225f68db5216de,/c_zm_office_outro_sh060_cam
c3863cc317d78a7,c_zm_office_outro_sh060_cam
357a857f645065b,/c_zm_office_outro_sh070_cam
41f1cf5196b70ea,c_zm_office_outro_sh070_cam
5074dc548f8d9cf,/c_zm_office_outro_sh100_cam
e40d7a0ff8d5512,c_zm_office_outro_sh100_cam
1fb208b3281998f,c_zm_office_outro_sh110_cam
b3804d630e91352,/c_zm_office_outro_sh110_cam
3cfe7515eb00db5,/c_zm_office_outro_sh120_cam
e415e15adc46228,c_zm_office_outro_sh120_cam
27e93a111f98868,/c_zm_office_outro_sh130_cam
2b1b1c10f991375,c_zm_office_outro_sh130_cam
8d75926bc311a6b,c_zm_office_outro_sh150_cam
ad45c6b4e1c62e,/c_zm_office_outro_sh150_cam
aedb588f83a39e4,c_zm_office_outro_sh160_cam
fa23ec4a86c41b1,/c_zm_office_outro_sh160_cam
b6609394438ce71,c_zm_office_outro_sh170_cam
c0beb1947513424,/c_zm_office_outro_sh170_cam
4b1edff991406d9,/c_zm_red_mid_sh005_cam
56e0c0739d7dbfa,c_zm_red_mid_sh005_cam
8663edebac2bd77,/c_zm_red_mid_sh005_stanton_cam
6cf509119453abc,c_zm_red_mid_sh005_stanton_cam
57b46ffe5129638,c_zm_red_mid_sh010_cam
1c47bbd0e9a2e63,/c_zm_red_mid_sh010_cam
d86540344d6a505,/c_zm_red_mid_sh010_stanton_cam
f79c68e3473d1e6,c_zm_red_mid_sh010_stanton_cam
b33944ac19fd51f,c_zm_red_mid_sh020_cam
9262408e452fdbc,/c_zm_red_mid_sh020_cam
d46d32d655e5caa,/c_zm_red_mid_sh020_stanton_cam
589cc9c23d569e1,c_zm_red_mid_sh020_stanton_cam
dfd8b5ba6ab9f62,c_zm_red_mid_sh030_cam
5080cf2eddce089,/c_zm_red_mid_sh030_cam
1d5902261798be7,/c_zm_red_mid_sh030_stanton_cam
2fe9c2c81b041a4,c_zm_red_mid_sh030_stanton_cam
784c76221116881,c_zm_red_mid_sh040_cam
62db942a935250a,/c_zm_red_mid_sh040_cam
7dc2932cd39c90c,/c_zm_red_mid_sh040_stanton_cam
455e9979b522a1f,c_zm_red_mid_sh040_stanton_cam
b9d0444dc257547,/c_zm_red_mid_sh050_cam
227de732f88dab4,c_zm_red_mid_sh050_cam
12183137d167ec2,c_zm_red_mid_sh050_stanton_cam
8621e2dc95b30c9,/c_zm_red_mid_sh050_stanton_cam
323ab6d5b5cb3e0,/c_zm_red_mid_sh060_cam
cbb153c810aa0bb,c_zm_red_mid_sh060_cam
2222225cd40cc1d,c_zm_red_mid_sh060_stanton_cam
39a681a70795d6e,/c_zm_red_mid_sh060_stanton_cam
5fcbf3e47cfb622,/c_zm_zod_outro_sh005_cam
ef9dcde2fbf6119,c_zm_zod_outro_sh005_cam
608fa36f308bd60,/c_zm_zod_outro_sh010_cam
16162456f8aaaa3,c_zm_zod_outro_sh010_cam
68d12e2901c83fc,c_zm_zod_outro_sh020_cam
e82530e73d17ec7,/c_zm_zod_outro_sh020_cam
be9fbd181a511c9,c_zm_zod_outro_sh030_cam
913080c40e12e8a,/c_zm_zod_outro_sh030_cam
2639fcb0740c54a,c_zm_zod_outro_sh040_cam
7ed5bbc8588ea09,/c_zm_zod_outro_sh040_cam
7d3eacd3a32c887,c_zm_zod_outro_sh050_cam
c0b72d27bff073c,/c_zm_zod_outro_sh050_cam
4a9ca86a64637e3,/c_zm_zod_outro_sh060_cam
5df91f0d16b5c20,c_zm_zod_outro_sh060_cam
cf9dadc15adea4d,c_zm_zod_outro_sh070_cam
fee60a7ca8f32c6,/c_zm_zod_outro_sh070_cam
9749cae44f348e5,/c_zm_zod_outro_sh080_cam
e27ffbbbd6ba51e,c_zm_zod_outro_sh080_cam
18173c2fff90058,/c_zm_zod_outro_sh090_cam
e7c48a5ed7cc09b,c_zm_zod_outro_sh090_cam
d0d6b3ff48e8ff6,/c_zm_zod_outro_sh100_cam
85e8139eff6d09d,c_zm_zod_outro_sh100_cam
5678ab09a8c8b93,/c_zm_zod_outro_sh110_cam
a0ab20cc8adf3f0,c_zm_zod_outro_sh110_cam
4e83b52a3d6b3ac,/c_zm_zod_outro_sh120_cam
1e339d5a49e0a97,c_zm_zod_outro_sh120_cam
99d3fac2e4bde3d,/c_zom_der_zombie2
c258fe575114eac,c_zom_der_zombie2
f184889521fcaee,/c_zom_der_zombie_helmet1
839e1298e835313,/c_zom_zod_robot_protector_fb
588292103ad3e58,/c_zom_zod_zombie_fem_body1_g_larmspawn
44c162946f90a82,/c_zom_zod_zombie_fem_body1_g_llegspawn
5539f4fd2ca092e,/c_zom_zod_zombie_fem_body1_g_rarmspawn
fec21138cbb94d8,/c_zom_zod_zombie_fem_body1_g_rlegspawn
e7a3563c7f0e147,/c_zombies_menu_frozen_moment_cam_01
f0bf94c50654afe,c_zombies_menu_frozen_moment_cam_01
f0bf84c5065494b,c_zombies_menu_frozen_moment_cam_02
e7a3663c7f0e2fa,/c_zombies_menu_frozen_moment_cam_02
f0bf74c50654798,c_zombies_menu_frozen_moment_cam_03
e7a3763c7f0e4ad,/c_zombies_menu_frozen_moment_cam_03
e7a3063c7f0d8c8,/c_zombies_menu_frozen_moment_cam_04
f0bfe4c5065537d,c_zombies_menu_frozen_moment_cam_04
f0bfd4c506551ca,c_zombies_menu_frozen_moment_cam_05
e7a3163c7f0da7b,/c_zombies_menu_frozen_moment_cam_05
f0bfc4c50655017,c_zombies_menu_frozen_moment_cam_06
e7a3263c7f0dc2e,/c_zombies_menu_frozen_moment_cam_06
e7a3363c7f0dde1,/c_zombies_menu_frozen_moment_cam_07
f0bfb4c50654e64,c_zombies_menu_frozen_moment_cam_07
f0bf24c50653f19,c_zombies_menu_frozen_moment_cam_08
e7a2c63c7f0d1fc,/c_zombies_menu_frozen_moment_cam_08
f0bf14c50653d66,c_zombies_menu_frozen_moment_cam_09
e7a2d63c7f0d3af,/c_zombies_menu_frozen_moment_cam_09
7a4c5c3bcde6409,/c_zsf_robot_dam_1_g_larmspawn
8165e916f9244db,/c_zsf_robot_dam_1_g_llegspawn
676f25765f2b35b,/c_zsf_robot_dam_1_g_rarmspawn
c5d1a63f489ef7d,/c_zsf_robot_dam_1_g_rlegspawn
a7e6504f23df53c,/c_zsf_robot_dam_1_p_frontpanel
c0300699e9e6637,/c_zsf_robot_dam_1_p_lcalf
230050b34134607,/c_zsf_robot_dam_1_p_lshouldrot
dfd4d2749d0df03,/c_zsf_robot_dam_1_p_lthigh
b54eea0477ed66d,/c_zsf_robot_dam_1_p_rcalf
1332c1c80064101,/c_zsf_robot_dam_1_p_rshouldrot
54f3aa8599c0251,/c_zsf_robot_dam_1_p_rthigh
3c655cfb9afab5,/c_zsf_robot_grunt_head_dest
397d8d7c95c0ef7,/ch_vign_cust_zm_mnsn_trv_jump_dn_wrwlf_cem_back
468d6bba05c6a3a,/ch_vign_cust_zm_mnsn_trv_jump_up_wrwlf_cem_back
848cccc088feeab,ch_vign_tplt_inbtl_hllpht_evlve_2_stg_2_00_hllpht
5321f50232f18b2,/ch_vign_tplt_inbtl_hllpht_evlve_2_stg_2_00_hllpht
530db3d2f36121e,/cobra_20mm_comlink_mp
796250faab011b7,cobra_20mm_comlink_mp
e87747ac765a60,/cobra_20mm_mp
76f685be7b8296d,cobra_20mm_mp
c499ad22f3af160,/compassping_squad_fire_mp
81dc907585a6833,counteruav_mp
ced355537e6582a,/counteruav_mp
75a319043121a4f,cymbal_monkey_wz
c2e88531ad034c,/cymbal_monkey_wz
c274d28f6c87c89,/dart_mp
f7d011e765c7bc8,dart_mp
f33031e761e46b4,dart_wz
c125328f6b62ab1,/dart_wz
57d531bc3eb5a7d,/debris/fx_debris_raps_shrapnel_01
57d501bc3eb5564,/debris/fx_debris_raps_shrapnel_02
57d511bc3eb5717,/debris/fx_debris_raps_shrapnel_03
57d4e1bc3eb51fe,/debris/fx_debris_raps_shrapnel_04
57d4f1bc3eb53b1,/debris/fx_debris_raps_shrapnel_05
99dcb9de8486e97,destruct/fx8_atk_chppr_exp
ee6966dec3d1474,/destruct/fx8_atk_chppr_exp
e5309091c5c45c1,destruct/fx8_atk_chppr_exp_lg
4aaf53f46d34900,/destruct/fx8_atk_chppr_exp_lg
4b50c3e9da9c5c7,/destruct/fx8_atk_chppr_exp_trail
63df2dd563a09d4,destruct/fx8_atk_chppr_exp_trail
c950dcf053aada9,/destruct/fx8_atk_chppr_smk_trail
e96e895279c7102,destruct/fx8_atk_chppr_smk_trail
751ab31c7b6e78e,/destruct/fx8_dest_prop_lg
974d15177b1e303,destruct/fx8_dest_prop_lg
74e8c31c7b47d0a,/destruct/fx8_dest_prop_md
977c05177b3fbf7,destruct/fx8_dest_prop_md
963db5177a380ce,destruct/fx8_dest_prop_sm
755a131c7babf67,/destruct/fx8_dest_prop_sm
2d24b1627306d37,/destruct/fx8_safeguard_robot_exp
4288c4493dadcbc,destruct/fx8_safeguard_robot_exp
c68aeb80ae10c28,destruct/fx8_trans_heli_exp_lg
4a687aca26cd68f,/destruct/fx8_trans_heli_exp_lg
610894f814f7dbb,/destruct/fx_debris_ground_fire_imp_long_os
32ac8b44aa603e4,/destruct/fx_debris_ground_fire_imp_os
fc79de55805c6f4,/destruct/fx_debris_ground_fire_imp_runner
113275b0d7c5690,/destruct/fx_dest_book02_flat
8774f3dda9c4dd9,/destruct/fx_dest_book03_flat
c91f0fba26ea8f7,/destruct/fx_dest_book_row
df34072d91d7005,/destruct/fx_dest_coffee_maker_digital
9ae502508c20122,/destruct/fx_dest_exp_decal
12aee62956e297f,/destruct/fx_dest_exp_decal_bubbling_embers
790c5cf6038818b,/destruct/fx_dest_gauze_pad_bloody
72edbddd4254fb0,/destruct/fx_dest_gauze_pad_sealed
6b67b202486f081,/destruct/fx_dest_gauze_roll_bloody
8d252c2ef6bfa87,/destruct/fx_dest_glass_burst_sm
5fb205ff83a8eb6,/destruct/fx_dest_glass_shard_impact_burst
86168498421b2d9,/destruct/fx_dest_light_emergency_a
71b3c5a913a200e,/destruct/fx_dest_medical_rolling_iv_drip
9d52d83fb65a622,/destruct/fx_dest_medicine_bottle
2a9af87bf643abd,/destruct/fx_dest_paper
d9af7703105c671,/destruct/fx_dest_paper_flat
98f4ed95b532a43,/destruct/fx_dest_robot_body_sparks
53ee3c120e7c0bf,/destruct/fx_dest_robot_dmg_dyn_piece_smk
84c94a842fe7e64,/destruct/fx_dest_robot_dmg_dyn_piece_smk_emitted
c55ec4a93a02ac3,/destruct/fx_dest_robot_dmg_dyn_piece_spark
29c08c7d253e5ea,/destruct/fx_dest_robot_dmg_trail_smk_spawner
11fbf28c503e969,/destruct/fx_dest_robot_head_sparks
ef716f64aa07786,/destruct/fx_dest_robot_limb_sparks_right
eabaeb0e902ae91,/destruct/fx_dest_server_rack_stackable_lower_01
eababb0e902a978,/destruct/fx_dest_server_rack_stackable_lower_02
6d1bcc06eec9b0e,/destruct/fx_dest_server_rack_stackable_upper_01
23f284624718660,/destruct/fx_dest_spark_tendril_os
38a22d097c758d8,/destruct/fx_dest_spark_tendril_small_os
bfeeec4e36e1cd7,/destruct/fx_dest_turret_1
bfeefc4e36e1e8a,/destruct/fx_dest_turret_2
6609c22877d3206,/destruct/fx_dest_window_glass_edge
50a35289bd8dc56,/destruct/fx_exp_tendril_emit
58893d66e341b4e,/destruct/fx_vdest_car_engine_fire_frnt
8cf9f77d4373af7,/destruct/fx_vdest_car_engine_fire_side
f6b0bdb37215844,/destruct/fx_vdest_car_engine_oil_impact
f92f05f386a660,/destruct/fx_vdest_car_engine_smk
2aa3bd45b9a15e7,/destruct/fx_vdest_car_exp
c0fedb9d586bd59,/destruct/fx_vdest_debris_elec_surge_sm_os
8e3424b84552457,/destruct/fx_vdest_debris_fire_trail_sm
7443cfa5ccb7fbb,/destruct/fx_vdest_pamws_dmg_body_1
7443dfa5ccb816e,/destruct/fx_vdest_pamws_dmg_body_2
62999a3936b9599,/destruct/fx_vdest_pamws_dmg_turret_1
62996a3936b9080,/destruct/fx_vdest_pamws_dmg_turret_2
dbf696c7e3cef9c,dirt/fx8_dust_fall_crumble_rattle
8781ae6d9663ce5,/dirt/fx8_dust_fall_crumble_rattle
39335764f71c90b,/dirt/fx_dust_crumble_impact
9bdf86502394976,/dirt/fx_dust_exp_ground_shock_md
73bc0aa1b21a964,/dirt/fx_dust_fall_md_impact_lit
900ca4b0c0e4b9,/dirt/fx_dust_fall_md_lit
e8086cb5b0bc6c,/dirt/fx_dust_fall_md_os_lit
ad94a6af167a49f,/dirt/fx_dust_fall_sm_impact_lit
806db3677fd3a50,/dirt/fx_dust_fall_sm_lit
27af51aebcb54e3,/dirt/fx_dust_fall_sm_os_lit
90d4e8a68dc6a3d,/dlc0/nuketown/fx_de_rez_man_spawn
2a526a377e5c4d2,/dlc1/castle/fx_castle_electric_cherry_down
259cfd0b28f6c1e,/dlc1/castle/fx_castle_electric_cherry_trail
347e636318ed10c,/dlc1/castle/fx_packapunch_castle
2dbd687e481c06b,/dlc1/castle/fx_wonder_fizz_light_green
7417737d0e88c15,/dog_ai_defaultmelee_mp
75df87563aeea4e,dog_ai_defaultmelee_mp
fbaa2f358d9b32c,/drone_squadron_mp
f7d30540d3a9f1,drone_squadron_mp
79ebfef4376d83d,/electric/fx8_sparks_burst_dir_sm_orange_os
631d4ec059edfe4,electric/fx8_surge_short_robot
964c652948c5ea7,/electric/fx8_surge_short_robot
87e0a64eb1d2b91,/electric/fx_ability_elec_startup_wasp
4999050a75458f0,/electric/fx_ability_elec_surge_short_pamws
69cdd9fe9f01710,/electric/fx_ability_elec_surge_short_raps
586c4c6881432d6,/electric/fx_ability_elec_surge_short_turret
48a9886dccec85b,/electric/fx_ability_elec_surge_short_wasp
f94886a39825311,/electric/fx_elec_bolt_rail_anim_zmb_zod
7470de7ff9de538,/electric/fx_elec_rail_1_os_zod_zmb
ac63a6b827857a7,/electric/fx_elec_rail_2_os_zod_zmb
451e66342f5a691,/electric/fx_elec_sparks_burst_sm_omni_blue_os
8f47a77e00d23d9,/electric/fx_elec_sparks_burst_sm_orange_os
8da4791621be01f,/electric/fx_elec_sparks_burst_xsm_omni_blue_os
ae7edf5349656ad,/electric/fx_elec_sparks_burst_xsm_omni_orange_os
e9893f9fcdabfd6,/electric/fx_elec_sparks_dir_sm_os_orange
48ab0c296aa427c,/electric/fx_elec_sparks_dir_sm_os_y_blue
10397bb944f3037,/electric/fx_elec_sparks_directional_orange
d7e66db3c343ba6,/electric/fx_elec_sparks_directional_os_orange
671183ec9b05c9a,/electric/fx_elec_sparks_directional_os_y_orange
6a54909717fb435,/electric/fx_elec_sparks_directional_sm_os_neg_x_orange
8b6088ea71fb860,/electric/fx_elec_sparks_directional_sm_os_neg_y_orange
c19aed95a182667,/electric/fx_elec_sparks_directional_sm_os_orange
bd6b407f1b7ac4b,/electric/fx_elec_sparks_directional_sm_os_y_orange
b6e6f0f34ed9f8f,/electric/fx_elec_sparks_monitor_dest
803d91ec568658d,/electric/fx_elec_sparks_sm_drip_os
8036d7c1ed3d30,/electric/fx_elec_veh_dmg_weakspot
683c25bd38f65a0,/electric/fx_sparks_burst_dir_md_z030_orange_os
44d2d3a9188229c,/electric/fx_sparks_burst_dir_md_z135_orange_os
790bee7d4493b98,/electric/fx_sparks_burst_dir_md_z225_orange_os
6e4194b99293a8c,/electric/fx_sparks_burst_dir_sm_x_blue_os
28c95d2cbdc0c3b,/electric/fx_sparks_burst_line_sm_blue_random
88290576073f5cf,/eq_acid_bomb_wz
9fbf4f034f883aa,eq_acid_bomb_wz
a5919fb6a120f5,/eq_cluster_semtex_grenade_wz
696d36c3e11b19e,eq_cluster_semtex_grenade_wz
c1d68dd62685e05,/eq_concertina_wire_wz
d6d1c6a7ce007e8,eq_concertina_wire_wz
834b634dc836900,/eq_emp_grenade_wz
ee49be2d8dcc589,eq_emp_grenade_wz
3e1a0e1902f67f0,/eq_grapple_wz
d794b7e34cf01c9,eq_grapple_wz
430b169e311309f,eq_hawk_wz
4307ab0821ea988,/eq_hawk_wz
d16f8d393ef1b42,eq_molotov_wz
8c9ce4971381487,/eq_molotov_wz
c8dfd9eda4c8296,eq_sensor_wz
7a4965b39c6f369,/eq_sensor_wz
2c5b9e3c2fe143,/eq_slow_grenade_wz
2534ad64dd2085c,eq_slow_grenade_wz
a19eaf2033c6fae,eq_swat_grenade_wz
31bca6a95b94c45,/eq_swat_grenade_wz
b616152dcae4bed,/eq_tripwire_wz
9ce8bbfeca8bb96,eq_tripwire_wz
12ebe79f7da6d58,eq_wraith_fire_wz
9539dd4658893fd,/eq_wraith_fire_wz
9cc10b2b2c1186b,explosions/fx8_exp_elec_killstreak
d21e9d6f6d47308,/explosions/fx8_exp_elec_killstreak
ccc106631291354,/explosions/fx8_exp_equipment_lg
aba07a7e6bf3e04,/explosions/fx8_exp_grenade_default
3b21e0302efd812,/explosions/fx8_vexp_fav_buggy
eedce7ff290ffe7,explosions/fx8_vexp_fav_buggy
f762a9a3be7a590,/explosions/fx_exp_bomb_demo_mp
4b3ffa82fe91b01,/explosions/fx_exp_dest_barrel_lg
cec9f3702592a89,/explosions/fx_exp_drone_death
301af11115e0c82,/explosions/fx_exp_equipment_lg
8cda54fa5dc3395,/explosions/fx_exp_grenade_concussion
2c9a1dd2b33c4de,/explosions/fx_exp_grenade_default
dc97bfd99bacc45,/explosions/fx_exp_grenade_emp
bc29ace6cc90959,/explosions/fx_exp_grenade_flshbng
b3293a66b5e5163,/explosions/fx_exp_grenade_flshbng_smk
9fb63ead97c0d07,/explosions/fx_exp_grenade_spark_bounce
cb087d63614edef,/explosions/fx_exp_grenade_surface_concrete_child
3113d2783f8ecc1,/explosions/fx_exp_grenade_surface_dirt_child
8baee455230a6ce,/explosions/fx_exp_grenade_surface_glass_child
5a0a6a4a20b50cd,/explosions/fx_exp_grenade_surface_metal_child
b5b2d3549be7404,/explosions/fx_exp_grenade_surface_mud_child
f9bb2b66b897b1e,/explosions/fx_exp_grenade_surface_sand_child
c0c0f7a0bb2075b,/explosions/fx_exp_grenade_surface_snow_child
a42d92fb35ae149,/explosions/fx_exp_grenade_surface_wood_child
b9b48fc8d252350,/explosions/fx_exp_grenade_water
410ba04b2cd2433,/explosions/fx_exp_grenade_water_shllw
5700ceaeec954d3,/explosions/fx_exp_grenade_water_surface_deep
e353646c9491c76,/explosions/fx_exp_oil_tanker_biodome
f4df67b37817bcc,/explosions/fx_exp_robot_stage3_evb
f3b2a5d8511f5bf,/explosions/fx_exp_robot_torso_death
d36353fe99e9b7e,/explosions/fx_exp_rocket_quadtank_default
eb7481fdcbb320d,/explosions/fx_exp_underwater_lg
ebb2b1fdcbee99d,/explosions/fx_exp_underwater_md
73b71fcff488921,/explosions/fx_vexp_amws_death
d7ef78bc62b8217,/explosions/fx_vexp_hunter_death
3483d691abd1579,/explosions/fx_vexp_raps_death
5821dbab8fd2b85,/explosions/fx_vexp_raps_death_core
f7c1b32d7927c81,/explosions/fx_vexp_raps_death_side
4f736fdd6a9b2b8,/explosions/fx_vexp_truck_pickup
25114aae867f69a,/explosions/fx_vexp_wasp_death
2eac7b076902b8d,/explosions/fx_vexp_wasp_gibb_death
87ca45f59c0fc17,/fire/fx_ability_fire_immolation_body_amws
5e77310b5695fe,/fire/fx_ability_fire_immolation_pamws
869672b9dfa206a,/fire/fx_ability_fire_immolation_raps
57a460ee15ca985,/fire/fx_ability_fire_immolation_wasp
b6c78769f4aa6fd,/fire/fx_ability_fire_immolation_wing_wasp
17a2d11ee2628a1,/fire/fx_fire_ai_human_arm_left_loop
73920e19f4bb9a5,/fire/fx_fire_ai_human_arm_left_os
511b49fc362ddda,/fire/fx_fire_ai_human_arm_right_loop
c308893d9914386,/fire/fx_fire_ai_human_arm_right_os
1e0bc1b86bd2fc5,/fire/fx_fire_ai_human_head_loop
1ef85a984a0fa09,/fire/fx_fire_ai_human_head_os
27d9b9643a5fab6,/fire/fx_fire_ai_human_hip_left_loop
402edde0b7ad782,/fire/fx_fire_ai_human_hip_left_os
1a59712c3e6e54b,/fire/fx_fire_ai_human_hip_right_loop
eaf56bec2e1a5b7,/fire/fx_fire_ai_human_hip_right_os
8fd9a59f649d5b7,/fire/fx_fire_ai_human_leg_left_loop
7d783bb9ec726a3,/fire/fx_fire_ai_human_leg_left_os
4118cdc0911500,/fire/fx_fire_ai_human_leg_right_loop
a7e646767a59e4c,/fire/fx_fire_ai_human_leg_right_os
be9f905b3811b8a,/fire/fx_fire_ai_human_torso_loop
496a15f573e4df6,/fire/fx_fire_ai_human_torso_os
f1234f24f446198,/fire/fx_fire_ai_robot_arm_left_loop
8d2af23afb40924,/fire/fx_fire_ai_robot_arm_left_os
993e3203986d37d,/fire/fx_fire_ai_robot_arm_right_loop
29aaacd23bc6ce1,/fire/fx_fire_ai_robot_arm_right_os
f74d8237d68b2f4,/fire/fx_fire_ai_robot_head_loop
b10d177fff503e0,/fire/fx_fire_ai_robot_head_os
280a22e8df77d3e,/fire/fx_fire_ai_robot_leg_left_loop
57397b333d0d54a,/fire/fx_fire_ai_robot_leg_left_os
44816f544281413,/fire/fx_fire_ai_robot_leg_right_loop
ff2e02a7e2811bf,/fire/fx_fire_ai_robot_leg_right_os
e6ef6f17ad669b5,/fire/fx_fire_ai_robot_torso_loop
e47249f16fddbf9,/fire/fx_fire_ai_robot_torso_os
676a4786ee1f38c,/fire/fx_fire_candle_flame_flicker_med
ac9868b46d2024b,/fire/fx_fire_candle_flame_med
5650ee97ca98ca4,/fire/fx_fire_candle_flame_tall
3ecf046b48b623a,/fire/fx_fire_candle_med_melt_on
7c8b8e9f2c297f5,/fire/fx_fire_candle_med_on
21eefc5f47d68d5,/fire/fx_fire_trail_destruct_sm
11cd8c7f5e45085,/fire/fx_fire_trail_exp
7e0f5b9d12bb4b4,/fire/fx_fire_trail_tendrils_oil_tanker_biodome
afbd7d86b9dd15,/flare_gun_veh_wz
d4573f2043f9f82,flare_gun_veh_wz
a98b797597d306d,/flare_gun_wz
6fcc7ed7a187aee,flare_gun_wz
827574a159aa228,frag_grenade_wz
644d799bdf52829,/frag_grenade_wz
91eade6044a09e6,fx/fx_shared
9e84ea754b97c09,/fx/fx_shared
c9f7c5634dd1dc,fx8_aat_opposite_exp
9af07abeffba0cb,/fx8_aat_opposite_exp
dad8364594fae5d,fx8_blightfather_chaos_missle
b2b5339642111a4,/fx8_blightfather_chaos_missle
aacfae604affa4c,/fx8_blightfather_maggot_death_exp
48523e9c72ac0c9,fx8_blightfather_maggot_death_exp
de5ede40b4a0334,/fx8_blightfather_maggot_spawn_burst
2f12714214cc841,fx8_blightfather_maggot_spawn_burst
553828310934056,fx8_blightfather_vomit
e2b4db186fcb9e5,/fx8_blightfather_vomit
83fd136df952ff6,fx8_blightfather_vomit_box_purchase
d66e0214f493c47,/fx8_blightfather_vomit_box_purchase
123b8e809dbc41a,/fx8_blightfather_vomit_craft_purchase
411d7d89ef6dc3b,fx8_blightfather_vomit_craft_purchase
15d03f525070f2d,/fx8_blightfather_vomit_object
c3415e2a989a2e0,fx8_blightfather_vomit_object
30802cc4433af6c,fx8_blightfather_vomit_purchase
521d3070b8660b5,/fx8_blightfather_vomit_purchase
de3555fcfb16c37,fx8_blightfather_vomit_statue_purchase
bda7bd0bccfc568,/fx8_blightfather_vomit_statue_purchase
3d2fc33c0f691f4,fx8_blightfather_weakspot_elbow_amb
dd50fe9e6a9391,/fx8_blightfather_weakspot_elbow_amb
ce2f3394fd60355,fx8_blightfather_weakspot_jaw_amb
ffbf80fea25d514,/fx8_blightfather_weakspot_jaw_amb
69df980fd371462,/fx8_blightfather_weakspot_sack_amb
72b98426a030ba5,fx8_blightfather_weakspot_sack_amb
704ab5bf4ec1957,fx8_boss_eye_glow
a3d794d84a3b1b6,/fx8_boss_eye_glow
2289583c41043b1,/fx8_cata_cor_aura
90fbb50a6b5a228,fx8_cata_cor_aura
222d803d78ddaec,/fx8_cata_cor_aura_locked
639f073aee9c643,fx8_cata_cor_aura_locked
7fb3b46f4bd12a2,fx8_cata_elec_blast
874dc875e355c1b,/fx8_cata_elec_blast
367f84ba8ee7f9c,/fx8_cata_plasma_blast
656ca97fa97a81,fx8_cata_plasma_blast
be360ed968399f0,fx8_cata_plasma_blast_tell_head
7a0e9f929a42f41,/fx8_cata_plasma_blast_tell_head
4a34e22285cf305,fx8_cata_plasma_blast_tell_torso
91efa2f9eb05ea6,/fx8_cata_plasma_blast_tell_torso
7d8a940339e7e7c,/fx8_cata_water_purify
f870c6f09760971,fx8_cata_water_purify
cd4c0c2742c9d78,/fx8_destroyer_arm_spurt
19ff54614b2ce89,fx8_destroyer_arm_spurt
a97fe5c4d642a3b,fx8_destroyer_axe_trail
eb3f7303e93270a,/fx8_destroyer_axe_trail
84535f38aebc2bc,/fx8_exp_blaze_kill
20475663be2831f,fx8_exp_blaze_kill
8a2885a55071879,/fx8_exp_blaze_vista
8ff3c0b40ae3ef0,fx8_exp_blaze_vista
7e6747458734c2b,fx8_exp_pap_slam_smk
544cfb79c766ffc,/fx8_exp_pap_slam_smk
5b000ce20f352c4,fx8_gegenees_shield_blast
82b4b2fdaed2b99,/fx8_gegenees_shield_blast
d5fb38898d7b977,fx8_gegenees_shield_guard
7c1a9a66f93b32e,/fx8_gegenees_shield_guard
797d76df83752cb,fx8_gegenees_spear_tip_flame
1c29149793e3be4,/fx8_gegenees_spear_tip_flame
591eb84f9cddd23,fx8_gegenees_spear_tip_tell
e4dfb8af759794e,/fx8_gegenees_spear_tip_tell
c75ced34357c016,/fx8_insanity_wisp
8b54769279772c3,fx8_insanity_wisp
54a0ca23e07fd4,/fx8_lgt_spinning_emergency_script_origin
5d80c3cceeb52b,fx8_lgt_spinning_emergency_script_origin
800e9701e296131,/fx8_nova_crawler_zombie_buff
9da2356dfdd52ee,fx8_nova_crawler_zombie_buff
8f6440bb2d0067e,fx8_plyr_pstfx_vomit_loop
2be7f0a9254f22b,/fx8_plyr_pstfx_vomit_loop
497b23075bc92a0,/fx8_power_wisp_lg
a41b3085e8632d,fx8_power_wisp_lg
7905cbc32cac9f0,/fx8_quest_mannequin_charging
3e09db228c3aaef,fx8_quest_mannequin_charging
ac6781f8b306c78,/fx8_quest_mannequin_explode_main
590740ea521c567,fx8_quest_mannequin_explode_main
78742882fcafa30,/fx8_quest_mannequin_initial_sparks
48c53d0d2e81517,fx8_quest_mannequin_initial_sparks
7892fb480dc5ae9,fx8_reward_brazier_fire_blue
39e315404c83962,/fx8_reward_brazier_fire_blue
9ffc22cb0bfa190,/fx8_snowpile_swap
ba6eededcb623c1,fx8_snowpile_swap
f8ce63d1f7bf5d0,fx8_special_round_green_gas_md
3e00f31605675ff,/fx8_special_round_green_gas_md
3d42222300d4ed6,/fx8_stoker_dest_weak_point_exp_generic
713a53b947f1e25,fx8_stoker_dest_weak_point_exp_generic
404445ebccbb611,fx8_toxic_gas_lg
e2e936c08413176,/fx8_toxic_gas_lg
f488d60ca3f2470,/fx8_toxic_gas_venting_lg
ee21c0a6ac389df,fx8_toxic_gas_venting_lg
8940f6a59eca3c,fx_1_jnt
16f6cd9ca03b6db,/fx_1_jnt
41240b8564a42de,/fx_2_jnt
5936ccfeea0bddd,fx_2_jnt
6f5e6cb90f451d5,/fx_3_jnt
67bcae86cea9f46,fx_3_jnt
63587dc16c0ddf0,/fx_ability_elec_surge_short_robot
dd84b09afe6fab5,fx_ability_elec_surge_short_robot
b6ee6b30c9d5350,/fx_activation_electric_loop
daa529956c56f5d,fx_activation_electric_loop
e52e2446d218ff9,fx_array
95f16f92d88ddfe,/fx_array
d88e3720928631d,fx_artifact_pulse_thread
3f6673aecdd8e82,/fx_artifact_pulse_thread
41cdd20db6927cf,/fx_axis_createfx
776d44564606bb6,/fx_bc8
f4bff827a421521,fx_bc8
f5cf5827a507756,fx_bd0
765de4564520981,/fx_bd0
f5cfd827a5084ee,fx_bd8
765d6456451fbe9,/fx_bd8
7625845644eeff8,/fx_be0
f607b827a5390df,fx_be0
7625045644ee260,/fx_be8
f6083827a539e77,fx_be8
567c09e39606804,fx_betty_enemy_light
eaa66a90100b987,/fx_betty_enemy_light
48b8c144939f38b,/fx_betty_exp
c03f9cee5176a14,fx_betty_exp
35087f64e1cee49,fx_betty_exp_death
55363c93fa2893e,/fx_betty_exp_death
1845d7117e72c41,fx_betty_friendly_light
52efaefbb0bf3b8,/fx_betty_friendly_light
99fb9397683fc7c,/fx_betty_launch_dust
29ee7ad99dbae0b,fx_betty_launch_dust
420ab9f78a20489,fx_blue_fire
466b1dc5ea23a82,/fx_blue_fire
e332b299012040e,/fx_bottle_classic
834e8ed496978a7,fx_bottle_classic
ea48dee952e0003,/fx_bottle_common
b40c7a7d0833180,fx_bottle_common
939adbbd46907b7,/fx_bottle_cycling
6b9ce3bd1267c36,fx_bottle_cycling
c31ff1711d6b0b,/fx_bottle_epic
102b72b6190bf34,fx_bottle_epic
65dbcf3268103aa,fx_bubble
aa0e7026b0f7b77,/fx_bubble
178c96e42075b87,/fx_bullet_chain
29555bb015eef11,/fx_bullet_chain_blur
b830e1346d60842,/fx_bullet_chain_col
f6cb3455fff7e72,/fx_c08
908b0828013d895,fx_c08
f51ab455fe8a922,/fx_c80
9242882802b6c35,fx_c80
9243082802b79cd,fx_c88
f51b3455fe8b6ba,/fx_c88
f5531455febc2ab,/fx_c90
920a282802852ac,fx_c90
920aa8280286044,fx_c98
f5529455febb513,/fx_c98
9a8b282809c0774,fx_ca0
80214560e9a263,/fx_ca0
80294560e9affb,/fx_ca8
9a8aa82809bf9dc,fx_ca8
ef681b6ea1bf350,/fx_calibration_dist
348ec71a8b13ef1,fx_calibration_dist
7433e7177e4b751,/fx_calibration_effect
ead99200e3cc72c,fx_calibration_effect
f4bc15d2dc3225e,fx_challenge_head_blood_burst
4d292e98f898a03,/fx_challenge_head_blood_burst
b36cce49bb44000,fx_challenge_head_blood_drips
7ca16ba78683a51,/fx_challenge_head_blood_drips
afb43933d75e7d0,/fx_char_gib_chunk_bone03
2ff88575e46283a,/fx_char_gib_chunk_fat
b724a06790b8355,/fx_char_gib_chunk_flesh02
b724906790b81a2,/fx_char_gib_chunk_flesh03
b75ce17bc64aa23,/fx_char_gib_chunk_meat01
b75cf17bc64abd6,/fx_char_gib_chunk_meat02
f7985aa2432fa68,/fx_character
23000134829b30b,fx_character
4ef2d6766db3bbe,fx_character/fx_character
4864ef22d733e8b,/fx_character/fx_character
a75225379a850e2,fx_clock
11ff2b667347ff5,/fx_clock
d3c6c6516b4e9a6,fx_colorid
138060e28d2230d,/fx_colorid
d30c14cd1a9a12f,/fx_compute_sprite_cull
d0b0fa58cfad9a4,fx_compute_sprite_cull
a291b3dee2cc856,fx_compute_sprite_cull_clear
2d0ed634b57f97d,/fx_compute_sprite_cull_clear
b3897279c9298bc,/fx_compute_sprite_cull_down
1b999af70a7e911,fx_compute_sprite_cull_down
92123b03bbac2f,/fx_compute_sprite_cull_qtree
97b66df76aa4998,fx_compute_sprite_cull_qtree
b6a09c9d465710d,/fx_compute_sprite_light
35fed3f3d36005c,fx_compute_sprite_light
886a3f49dfea20f,fx_compute_sprite_light_lmap
f2e8c2e59f5f5e8,/fx_compute_sprite_light_lmap
eb1405716a9e46b,/fx_contact
878847ddd579498,fx_contact
c18d01c200a6265,/fx_death
2defd1a7f41f5a6,fx_death
2ac40cfe01e0c3e,/fx_debris_stone_01
157d3841ef9a943,/fx_decal_burnt_paper
1e5da80a23aeb03,/fx_decal_burnt_paper2
7a4d534da28da59,/fx_decal_burnt_paper2_lod0
9b77e2a43322112,fx_decal_burnt_paper2_lod0
1e5d980a23ae950,/fx_decal_burnt_paper3
a2eff952bcd695b,fx_decal_burnt_paper3_lod0
bb2b4d55545d310,/fx_decal_burnt_paper3_lod0
35cd093a92891b5,/fx_decal_burnt_paper_c
6c21a61062b1a19,/fx_decal_burnt_paper_lod0
a17047c6168d268,fx_decal_burnt_paper_lod0
495471a4a220b13,fx_delay
89061c074bdce0,/fx_delay
c946a16476cd0c7,/fx_dest_atlas_c
58e1d02b5ec2e42,/fx_dest_robot_body_sparks
c51547bd651f1c7,fx_dest_robot_body_sparks
5471247b870d400,/fx_dest_robot_head_sparks
789f9b0fd4dc4d,fx_dest_robot_head_sparks
4db4a8541252124,fx_done
eaab8b9d71fc6a9,/fx_done
5af3b9a1fb56eb,/fx_draw
e23c7854f445d06,fx_draw
40db68261c8c1f7,fx_ed8
d6b3945443b9874,/fx_ed8
40a288261c59ad6,fx_ee0
d6e3745443dcae5,/fx_ee0
d71bd454440e46e,/fx_ef0
406c28261c2b7ad,fx_ef0
62bc190a77bcd4c,/fx_effect
184c308f9d99b8d,fx_effect
dec2670ee483f63,fx_enable
df2264c7f7b6446,/fx_enable
421de8261d9aef9,fx_end
d5681454429b6c2,/fx_end
421ee8261d9ca29,fx_ent
d56714544299b92,/fx_ent
3e4e68261a60e73,fx_exp
d78694544467460,/fx_exp
f416ed950b11779,fx_exp_flare_vista_red_white_blue
553f2e6cf11a0b0,/fx_exp_flare_vista_red_white_blue
31255a40ec36eeb,/fx_exp_flare_vista_white
1b459cad86254b0,fx_exp_flare_vista_white
e19fc3d4325c162,fx_exp_robot_stage3_evb
7be29a0de1f33bb,/fx_exp_robot_stage3_evb
916651ebe39e859,/fx_exp_teleporter_hangar_shockwave
5814f40afcecffe,fx_exp_teleporter_hangar_shockwave
bea3435aead85af,fx_exp_teleporter_hangar_warmup
bf004f934f44322,/fx_exp_teleporter_hangar_warmup
c7f85eb0fe3b5c7,fx_exploder_fireworks_ee
e1d1d06d83a4e00,/fx_exploder_fireworks_ee
d7c6245444a5152,/fx_eye
3e10d8261a267e1,fx_eye
5dd2a4551a42b89,/fx_f00
db95182678becd6,fx_f00
db95982678bfa6e,fx_f08
5dd324551a43921,/fx_f08
5e0b84551a752aa,/fx_f38
db5e3826788fc15,fx_f38
5eac24551afb82d,/fx_f40
dabd98267809692,fx_f40
5f1ae4551b5b4df,/fx_f60
da4cd82677a6380,fx_f60
da4d582677a7118,fx_f68
5f1b64551b5c277,/fx_f68
5ee284551b29b56,/fx_f70
da85382677d7d09,fx_f70
dd4598267a2c226,fx_f88
5f8324551bb00d9,/fx_f88
dd7e78267a5e947,fx_f90
5f5344551b8ce68,/fx_f90
5f52c4551b8c0d0,/fx_f98
dd7df8267a5dbaf,fx_f98
e5fd782681967af,fx_fa0
67d2445522c4cd0,/fx_fa0
c0260970acd7d08,fx_fire
6fdb2cac776d641,/fx_fire
5920d203f73106e,/fx_flesh_hit_neck_fatal
4cc981f6add9823,fx_flesh_hit_neck_fatal
62949826c4347a1,fx_gas
c26d6454bd771ca,/fx_gas
b6f789df65299b0,fx_gas1
d7012bfdf16ad81,/fx_gas1
d700fbfdf16a868,/fx_gas2
b6f7b9df6529ec9,fx_gas2
d7010bfdf16aa1b,/fx_gas3
b6f7a9df6529d16,fx_gas3
d7015bfdf16b29a,/fx_gas4
b6f7d9df652a22f,fx_gas4
b6f7c9df652a07c,fx_gas5
d7016bfdf16b44d,/fx_gas5
a9bc0637a88de3c,/fx_gib_chunk_bone02
2e63a0c56c413cd,fx_gib_chunk_bone02
948ecf21ac3b499,/fx_gib_chunk_bone1
e83460cf9b9d29a,fx_gib_chunk_bone1
e7f41f54d7b9a29,fx_gib_chunk_bone_03
df68b0b43325922,/fx_gib_chunk_bone_03
7f4d0caa14f6af4,fx_gib_chunk_fat
e299b8496dd25db,/fx_gib_chunk_fat
755f87573f9831c,/fx_gib_chunk_flesh02
5137597b23f4c2f,fx_gib_chunk_flesh02
5137497b23f4a7c,fx_gib_chunk_flesh03
755f97573f984cf,/fx_gib_chunk_flesh03
fd0a40bfdd18475,fx_gib_chunk_meat01
56f3052f54e369c,/fx_gib_chunk_meat01
56f3352f54e3bb5,/fx_gib_chunk_meat02
fd0a10bfdd17f5c,fx_gib_chunk_meat02
56f3252f54e3a02,/fx_gib_chunk_meat03
fd0a20bfdd1810f,fx_gib_chunk_meat03
e92a6bac53c1d39,/fx_glass_piece01
e92a3bac53c1820,/fx_glass_piece02
1b8e5de491f0fea,/fx_glyphs
b23b1916938a78b,fx_glyphs
6f78b09785e176a,fx_handle
e8308c5bf082cdb,/fx_handle
53fc0354a28aad7,/fx_holder
3cf43b4ac1d3f52,fx_holder
3fd959018aed64d,/fx_info
4238df1623a6858,fx_info
7130d82a39d7848,fx_jnt
31546453de7580f,/fx_jnt
ad0680a69cd54e8,fx_light
23538e970a6a6e7,/fx_light
324ab0307932cca,/fx_light_elevator1_fixture_origin
4f8df667f886577,fx_light_elevator1_fixture_origin
4580fad764413ac,/fx_light_elevator1_origin
5320b28c231aa19,fx_light_elevator1_origin
e01a4a9cd96a1aa,fx_light_elevator_origin
8f7c92f34cb2cd1,/fx_light_elevator_origin
ee980374efab771,fx_light_example
139ce3bf4ab06,/fx_light_example
6ac81eef15bd1e1,/fx_light_illum_elevator2_origin
315a4fa6d1ac128,fx_light_illum_elevator2_origin
7524aa5771bca98,fx_light_illum_elevator_origin
d9999b009fe286b,/fx_light_illum_elevator_origin
4447a0cb72781ca,/fx_light_origin
e63012c56dfef3f,fx_light_origin
d7564b1c7e6c361,fx_lights
71648aa6b2d0d7c,/fx_lights
dc18d40a52e488e,/fx_location
82729847cf42eb3,fx_location
a0b0ab09951fd2e,fx_marker
4e482aafc65992f,/fx_marker
1ad36d68fe5f532,/fx_model
2c0e5eb0506331,fx_model
d39da892960c3fe,/fx_name
4dc98d993cd389f,fx_name
aa57a8292d284f9,fx_obj
7aa954525481942,/fx_obj
a6fa58292a53e9a,fx_org
7747a45251a5bf1,/fx_org
13586589adb224e,fx_origin
338510720b1cf27,/fx_origin
f22c77290103dc7,/fx_pistol_shell
64b09ffb6396351,/fx_pistol_shell_blur
254bc2da60c296e,/fx_points
314c5377144c1eb,fx_points
c65b9450cc960a1,/fx_pos
a290282c04d4b4e,fx_pos
7d321c696846d12,/fx_position
d3da37b63ae8877,fx_position
7339a8e482845cd,/fx_power_on1
a53f8bcaf03585a,fx_power_on1
a53f7bcaf0356a7,fx_power_on2
733978e482840b4,/fx_power_on2
3bc6c58349d8caa,/fx_prims
14edce5c844c03d,fx_prims
34370116fde1a22,/fx_project_skadi_cold_mist
ad0530b4c8dfd29,fx_project_skadi_cold_mist
b9bdb3c875cbca4,/fx_rifle_shell
29517b9288eeed4,/fx_rifle_shell_blur
6a2b4274cae5588,fx_rune_center
d9ce441bc7b4163,/fx_rune_center
dfe3ad015eba09,fx_shadows
2b914873309339e,/fx_shadows
b6f83e995de6e3f,/fx_shard_glow_clientfield
6ad8d933af5a442,fx_shard_glow_clientfield
bc6ce2d4c99e881,fx_shared
7be607ce8cb26fc,/fx_shared
13bf1c283ab118,/fx_shell_col
13ce1c283aca95,/fx_shell_cos
1dba81c6052ad35,/fx_shell_nml
af715e6c0618788,/fx_shotgun_shell
9f129bcf6918a8,/fx_shotgun_shell_blur
5e88885582dbf61,/fx_shotgun_shell_col
1382f8570b62578,/fx_shotgun_shell_nml
c4a70f9c7c7211f,/fx_smoke_big_01
84b3d65a0b40cca,fx_smoke_big_01
c4a71f9c7c722d2,/fx_smoke_big_02
84b3c65a0b40b17,fx_smoke_big_02
57720b430c7b25c,/fx_smoke_small_01
a591730378f5f1,fx_smoke_small_01
a58e730378f0d8,fx_smoke_small_02
57723b430c7b775,/fx_smoke_small_02
57722b430c7b5c2,/fx_smoke_small_03
a58f730378f28b,fx_smoke_small_03
a594730378fb0a,fx_smoke_small_04
5771db430c7ad43,/fx_smoke_small_04
c9d891dcacc75e8,fx_start
a170bed3f545847,/fx_start
a1dfeed3f5a60de,/fx_state
c966e1dcac62959,fx_state
94728853065d78d,/fx_steam_lab_dry_ice
3f83850ebf0a36,fx_steam_lab_dry_ice
b6c2944fa95781b,/fx_tag
5f14282ab573a4c,fx_tag
cc13bdc601c7ae1,fx_tag_01_jnt
91b684c2582a4cc,/fx_tag_01_jnt
1b821ac9ad5450,fx_tag_02_jnt
fe3d421c140156d,/fx_tag_02_jnt
a8421ea48df5d07,fx_tag_03_jnt
9d5f45106f8c5d6,/fx_tag_03_jnt
bce6512ad4c7ff,/fx_tag_04_jnt
5d92bbf09c68d7e,fx_tag_04_jnt
e47403df0893de8,/fx_tag_05_jnt
612d5fd5f4ee4f5,fx_tag_05_jnt
6c8c1cde0ebb594,fx_tag_06_jnt
51046e5cf1e159,/fx_tag_06_jnt
33657e07d80017b,fx_tag_07_jnt
844a3007c64092,/fx_tag_07_jnt
aa92838fb9d7c1b,/fx_tag_08_jnt
c7d7e0789a44372,fx_tag_08_jnt
e58dfb442ae7b4,/fx_tag_09_jnt
5793415dbf2f0b9,fx_tag_09_jnt
144f34a9a310ec6,/fx_tag_10_jnt
c7c671d0bf5c257,fx_tag_10_jnt
4698109344c1460,fx_tag_11_jnt
5c95321be72d5d,/fx_tag_11_jnt
5523ce2cce431f1,fx_tag_12_jnt
b526958d2e539bc,/fx_tag_12_jnt
85cad134b870c2a,fx_tag_13_jnt
b571928ef7361c3,/fx_tag_13_jnt
c3896d50ad7948b,fx_tag_14_jnt
7830b3b7a706082,/fx_tag_14_jnt
baec366b4b9c489,/fx_tag_15_jnt
62ac70450906024,fx_tag_15_jnt
df0414a9bbee798,/fx_tag_16_jnt
f1514f1eca67805,fx_tag_16_jnt
582e975d8ed0c6f,/fx_tag_17_jnt
b556cc6b2b84e0e,fx_tag_17_jnt
d16591852c3a3af,fx_tag_18_jnt
5bfd2435fe8dce,/fx_tag_18_jnt
3599cf45512f1c5,/fx_tag_19_jnt
d11b948363596d8,fx_tag_19_jnt
538627fe0ec0438,fx_tag_20_jnt
84ccc34fb640fa1,/fx_tag_20_jnt
725f40e0b03785a,/fx_tag_21_jnt
fe90aa63336a20f,fx_tag_21_jnt
8ba309bd796e9a2,fx_tag_22_jnt
2efb247cf0712c7,/fx_tag_22_jnt
fa80bcbfc0e3840,/fx_tag_arm_lt_king3
f7df44b39f6623d,fx_tag_arm_lt_king3
9e1acb1e19f826a,/fx_tag_arm_lt_phi1
c4c125ca646c859,fx_tag_arm_lt_phi1
c4c0f5ca646c340,fx_tag_arm_lt_phi2
9e1abb1e19f80b7,/fx_tag_arm_lt_phi2
20c57ffd3c69801,fx_tag_arm_rt_king1
40919489bbaa710,/fx_tag_arm_rt_king1
20c54ffd3c692e8,fx_tag_arm_rt_king2
4091c489bbaac29,/fx_tag_arm_rt_king2
20c55ffd3c6949b,fx_tag_arm_rt_king3
4091b489bbaaa76,/fx_tag_arm_rt_king3
5217dce4be96a2c,/fx_tag_arm_rt_phi1
d102502801f1743,fx_tag_arm_rt_phi1
b20cc6a3ee4c917,/fx_tag_balloon_01
f58a35a267ca612,fx_tag_balloon_01
f58a25a267ca45f,fx_tag_balloon_02
b20cd6a3ee4caca,/fx_tag_balloon_02
f58a15a267ca2ac,fx_tag_balloon_03
b20ce6a3ee4cc7d,/fx_tag_balloon_03
f58a05a267ca0f9,fx_tag_balloon_04
b20c76a3ee4c098,/fx_tag_balloon_04
f589f5a267c9f46,fx_tag_balloon_05
b20c86a3ee4c24b,/fx_tag_balloon_05
b20c96a3ee4c3fe,/fx_tag_balloon_06
f589e5a267c9d93,fx_tag_balloon_06
f589d5a267c9be0,fx_tag_balloon_07
b20ca6a3ee4c5b1,/fx_tag_balloon_07
f58ac5a267cb55d,fx_tag_balloon_08
b20c36a3ee4b9cc,/fx_tag_balloon_08
f58ab5a267cb3aa,fx_tag_balloon_09
b20c46a3ee4bb7f,/fx_tag_balloon_09
b24516a3ee7e0ed,/fx_tag_balloon_10
f551e5a26798e3c,fx_tag_balloon_10
f551f5a26798fef,fx_tag_balloon_11
b24506a3ee7df3a,/fx_tag_balloon_11
f55205a267991a2,fx_tag_balloon_12
b244f6a3ee7dd87,/fx_tag_balloon_12
f55215a26799355,fx_tag_balloon_13
b244e6a3ee7dbd4,/fx_tag_balloon_13
b244d6a3ee7da21,/fx_tag_balloon_14
f551a5a26798770,fx_tag_balloon_14
b244c6a3ee7d86e,/fx_tag_balloon_15
f551b5a26798923,fx_tag_balloon_15
f551c5a26798ad6,fx_tag_balloon_16
b244b6a3ee7d6bb,/fx_tag_balloon_16
f551d5a26798c89,fx_tag_balloon_17
b244a6a3ee7d508,/fx_tag_balloon_17
e948e4c34589f0c,/fx_tag_base_emblem
a8730114e91834f,fx_tag_base_emblem
2c244b07cb06612,/fx_tag_base_jnt
9664df60f9b104b,fx_tag_base_jnt
7caef1b01625b49,/fx_tag_bolt_btm
3b024a7c1dff0f4,fx_tag_bolt_btm
69eb21b5c2c0b83,/fx_tag_bolt_top
aa249a80496d426,fx_tag_bolt_top
30c345e1be7447e,fx_tag_candles_jnt
b9bf468bd49a0b1,/fx_tag_candles_jnt
f61818b4ebc7374,fx_tag_cauldron_jnt
609d8628e2bd0e9,/fx_tag_cauldron_jnt
bd74fbed1e2ce2d,/fx_tag_chunks_top_jnt
8e74b29f2091688,fx_tag_chunks_top_jnt
c3a4c59d5b22875,fx_tag_crystal
aec540af8f58b66,/fx_tag_crystal
7d64975f8b6be2d,/fx_tag_danu_eye_lft
85f09550890f618,fx_tag_danu_eye_lft
edd90575e9ea71f,/fx_tag_danu_eye_rt
7226d86602793b4,fx_tag_danu_eye_rt
4b82273e09e3c64,fx_tag_danu_palm
69e9cb1770bf583,/fx_tag_danu_palm
19611d39205ccc,fx_tag_drape_king1
347c3dacc16b92b,/fx_tag_drape_king1
2203892382f6661,/fx_tag_end
2dc8dfff469b00e,fx_tag_end
eb1894669d17e70,/fx_tag_eye_lft
85822df6aacf0e7,fx_tag_eye_lft
38ecb39d5e50aec,/fx_tag_eye_rt
7995cd501f112d,fx_tag_eye_rt
4869de77009f152,/fx_tag_feet_phi2
257cde36fd63491,fx_tag_feet_phi2
6e83cb7cd30d19b,fx_tag_final_beam
9676c8bcbcca766,/fx_tag_final_beam
cfb38625c86f7db,fx_tag_fish_balloon_01
3e62c2c005cbfa0,/fx_tag_fish_balloon_01
3e62f2c005cc4b9,/fx_tag_fish_balloon_02
cfb39625c86f98e,fx_tag_fish_balloon_02
cfb3a625c86fb41,fx_tag_fish_balloon_03
3e62e2c005cc306,/fx_tag_fish_balloon_03
c2aa6b385df00f8,/fx_tag_from_mirror_01
9f1acef7740a29,fx_tag_from_mirror_01
c2aa9b385df0611,/fx_tag_from_mirror_02
9f17cef7740510,fx_tag_from_mirror_02
c2aa8b385df045e,/fx_tag_from_mirror_03
9f18cef77406c3,fx_tag_from_mirror_03
9f1dcef7740f42,fx_tag_from_mirror_04
c2aabb385df0977,/fx_tag_from_mirror_04
9f1ecef77410f5,fx_tag_from_mirror_05
c2aaab385df07c4,/fx_tag_from_mirror_05
8f60d2256a727e6,/fx_tag_hand_lt_king2
fa7c62ae63829dd,fx_tag_hand_lt_king2
a59211610a0cb3,/fx_tag_head_king1
1f7a4786de5a182,fx_tag_head_king1
1f7a3786de59fcf,fx_tag_head_king2
a59311610a0e66,/fx_tag_head_king2
1f7a2786de59e1c,fx_tag_head_king3
a59411610a1019,/fx_tag_head_king3
ae7a5e2d99130d,/fx_tag_head_phi1
3361abf2aaed46e,fx_tag_head_phi1
ae775e2d990df4,/fx_tag_head_phi2
33619bf2aaed2bb,fx_tag_head_phi2
d511decb5dfce38,fx_tag_iceberg_chunk
b3bca8cb4c2e14b,/fx_tag_iceberg_chunk
b0477f0e5c0da89,/fx_tag_iceberg_link_jnt
1e50ee9f17d80fc,fx_tag_iceberg_link_jnt
43bda5de79e7ef4,/fx_tag_iceberg_vista1_link_1_jnt
c27646753e65e3b,fx_tag_iceberg_vista1_link_1_jnt
2303845e310133e,fx_tag_iceberg_vista1_link_2_jnt
c3fe63733284655,/fx_tag_iceberg_vista1_link_2_jnt
95c4023f87e375e,/fx_tag_iceberg_vista1_link_3_jnt
7bdda2e02dbd9b5,fx_tag_iceberg_vista1_link_3_jnt
b5d3a7a52754f67,/fx_tag_iceberg_vista1_link_4_jnt
4e486468256c210,fx_tag_iceberg_vista1_link_4_jnt
966924fb2a32eb0,/fx_tag_iceberg_vista1_link_5_jnt
6da2e7122272fc7,fx_tag_iceberg_vista1_link_5_jnt
4450414ed424c1,/fx_tag_iceberg_vista1_link_6_jnt
b1070375e23955a,fx_tag_iceberg_vista1_link_6_jnt
4e806bac31737a,/fx_tag_iceberg_vista1_link_7_jnt
c37485e4e842ca1,fx_tag_iceberg_vista1_link_7_jnt
43d626bcd88b653,/fx_tag_iceberg_vista1_link_8_jnt
a9aa47a7dcd39ec,fx_tag_iceberg_vista1_link_8_jnt
1c6ac58933b5e0c,/fx_tag_iceberg_vista1_link_9_jnt
fba56629d3a96b3,fx_tag_iceberg_vista1_link_9_jnt
b0413fff014f8fb,/fx_tag_iceberg_vista2_link_1_jnt
ac2261b94a32f34,fx_tag_iceberg_vista2_link_1_jnt
da6e7de7c5b84fe,/fx_tag_iceberg_vista2_link_2_jnt
903a462b060095,fx_tag_iceberg_vista2_link_2_jnt
a8e9437db3f789e,fx_tag_iceberg_vista2_link_3_jnt
de0921cd1e3dc75,/fx_tag_iceberg_vista2_link_3_jnt
7e93e3a3c424bd0,/fx_tag_iceberg_vista2_link_4_jnt
5018633149678a7,fx_tag_iceberg_vista2_link_4_jnt
251de09bb745487,/fx_tag_iceberg_vista2_link_5_jnt
a98e66395646ff0,fx_tag_iceberg_vista2_link_5_jnt
e15282b180f1f1a,/fx_tag_iceberg_vista2_link_6_jnt
495a45046b39201,fx_tag_iceberg_vista2_link_6_jnt
48ef7fbd2b17261,/fx_tag_iceberg_vista2_link_7_jnt
36ecc295652faba,fx_tag_iceberg_vista2_link_7_jnt
56eb67fb0484493,fx_tag_iceberg_vista2_link_8_jnt
2f2541801fa7fac,/fx_tag_iceberg_vista2_link_8_jnt
9440e516f277573,/fx_tag_iceberg_vista2_link_9_jnt
2f8006c75faec4c,fx_tag_iceberg_vista2_link_9_jnt
9b2b70f950dc801,/fx_tag_inner_door_01
89aa04ca984206,fx_tag_inner_door_01
9b2b40f950dc2e8,/fx_tag_inner_door_02
89a904ca984053,fx_tag_inner_door_02
9b2b50f950dc49b,/fx_tag_inner_door_03
89a804ca983ea0,fx_tag_inner_door_03
9b2ba0f950dcd1a,/fx_tag_inner_door_04
89af04ca984a85,fx_tag_inner_door_04
3223c302f039110,/fx_tag_leg_lt_king1
99cf7e0786e94a1,fx_tag_leg_lt_king1
99cf4e0786e8f88,fx_tag_leg_lt_king2
3223f302f039629,/fx_tag_leg_lt_king2
99cf5e0786e913b,fx_tag_leg_lt_king3
3223e302f039476,/fx_tag_leg_lt_king3
c359f4587800e63,fx_tag_leg_lt_phi1
2a3f1d25c23d82c,/fx_tag_leg_lt_phi1
70277ed558c61f7,fx_tag_leg_rt_king1
ec130b38f5725a6,/fx_tag_leg_rt_king1
ec12fb38f5723f3,/fx_tag_leg_rt_king2
70278ed558c63aa,fx_tag_leg_rt_king2
ec12eb38f572240,/fx_tag_leg_rt_king3
70279ed558c655d,fx_tag_leg_rt_king3
76420b5f1d9f06a,/fx_tag_leg_rt_phi1
b163f7817eb0ef9,fx_tag_leg_rt_phi1
d2924aa1c50458c,fx_tag_lense_base
1d983cbd5146ef5,/fx_tag_lense_base
32ddee4e3b75a33,fx_tag_light
7126cc95c0ef9d0,/fx_tag_light
3543e667cafe6d8,/fx_tag_light_left
b2109840235b8c5,fx_tag_light_left
9d09bd74418e15e,fx_tag_light_right
ee1346a55e9738d,/fx_tag_light_right
86dc66857b449aa,fx_tag_mid_jnt
b17cf50776a13a1,/fx_tag_mid_jnt
3be289c87b4b028,/fx_tag_middle_door_01
709ae02102db559,fx_tag_middle_door_01
709ab02102db040,fx_tag_middle_door_02
3be2b9c87b4b541,/fx_tag_middle_door_02
3be2a9c87b4b38e,/fx_tag_middle_door_03
709ac02102db1f3,fx_tag_middle_door_03
709b102102dba72,fx_tag_middle_door_04
3be2d9c87b4b8a7,/fx_tag_middle_door_04
93a7e65c59fae67,/fx_tag_odin_eye_lft
70b2353bd345686,fx_tag_odin_eye_lft
cb787561cfb0276,fx_tag_odin_eye_rt
47e7d96e40b9dad,/fx_tag_odin_eye_rt
52fc1edc5f48a29,/fx_tag_odin_mouth_lft
27daa34bbae9910,fx_tag_odin_mouth_lft
f01f7b7399acaed,fx_tag_outer_door_01
1825a283a043d1a,/fx_tag_outer_door_01
18259283a043b67,/fx_tag_outer_door_02
f01f4b7399ac5d4,fx_tag_outer_door_02
f01f5b7399ac787,fx_tag_outer_door_03
18258283a0439b4,/fx_tag_outer_door_03
f01f2b7399ac26e,fx_tag_outer_door_04
18257283a043801,/fx_tag_outer_door_04
6cf1902c32adec5,fx_tag_panel_01
798f0365d8df654,/fx_tag_panel_01
6cf1602c32ad9ac,fx_tag_panel_02
798f3365d8dfb6d,/fx_tag_panel_02
6cf1702c32adb5f,fx_tag_panel_03
798f2365d8df9ba,/fx_tag_panel_03
798ed365d8df13b,/fx_tag_panel_04
6cf1402c32ad646,fx_tag_panel_04
6cf1502c32ad7f9,fx_tag_panel_05
798ec365d8def88,/fx_tag_panel_05
b1ace43c6cb7d3,fx_tag_ra_eye_lft
80dd8cc4855dad2,/fx_tag_ra_eye_lft
9c7b5ab31190ae1,fx_tag_ra_eye_rt
49762b48dbf498a,/fx_tag_ra_eye_rt
876b02bd7f83eb0,/fx_tag_ra_scepter
df23b915c48d3e9,fx_tag_ra_scepter
8bae684e5e5cfe9,fx_tag_ra_sun
6bca47abbd501c,/fx_tag_ra_sun
132a696f7304e6e,/fx_tag_snake_tp_lft_eye
27c7f8ac2cb17ef,fx_tag_snake_tp_lft_eye
6140f688b3c04b8,fx_tag_snake_tp_mouth
968c3b91688d319,/fx_tag_snake_tp_mouth
e394528c82bbdfa,/fx_tag_snake_tp_rt_eye
b41b81bd4796815,fx_tag_snake_tp_rt_eye
eed42790d7e4c1f,/fx_tag_spear_tip
cebc2a4e901190,fx_tag_spear_tip
92e6a3b4ec3c345,fx_tag_staff
b44a0ef7fe6b73a,/fx_tag_staff
bd249c83dbebde0,/fx_tag_staff_01_king2
96014b902034c35,fx_tag_staff_01_king2
610c67eadf2d069,/fx_tag_staff_02_king2
9c408adcfe2bfcc,fx_tag_staff_02_king2
cb0e8ce39431407,fx_tag_sword_king1
feb4107de8114a8,/fx_tag_sword_king1
cc882230b1a080c,fx_tag_to_mirror_01
1e3a00ec0b7a77d,/fx_tag_to_mirror_01
1e39d0ec0b7a264,/fx_tag_to_mirror_02
cc885230b1a0d25,fx_tag_to_mirror_02
1e39e0ec0b7a417,/fx_tag_to_mirror_03
cc884230b1a0b72,fx_tag_to_mirror_03
1e39b0ec0b79efe,/fx_tag_to_mirror_04
cc87f230b1a02f3,fx_tag_to_mirror_04
1e39c0ec0b7a0b1,/fx_tag_to_mirror_05
cc87e230b1a0140,fx_tag_to_mirror_05
f7cfe4b71da9c10,/fx_tag_torso_lower_king1
4083018d65dbb27,fx_tag_torso_lower_king1
f7d014b71daa129,/fx_tag_torso_lower_king2
4083118d65dbcda,fx_tag_torso_lower_king2
f7d004b71da9f76,/fx_tag_torso_lower_king3
4083218d65dbe8d,fx_tag_torso_lower_king3
79663d85afa8329,fx_tag_torso_lower_phi1
aa10afc34dd212c,/fx_tag_torso_lower_phi1
79660d85afa7e10,fx_tag_torso_lower_phi2
aa10dfc34dd2645,/fx_tag_torso_lower_phi2
4ad0d9be1ada6cc,/fx_tag_torso_upper_01_phi2
e76bd9a7c09b6ff,fx_tag_torso_upper_01_phi2
1ec1627d7172e84,fx_tag_torso_upper_02_phi2
7e02d8c747c9d67,/fx_tag_torso_upper_02_phi2
d871d92640b3bc9,/fx_tag_torso_upper_king1
51d868a66325e32,fx_tag_torso_upper_king1
d871a92640b36b0,/fx_tag_torso_upper_king2
51d858a66325c7f,fx_tag_torso_upper_king2
51d848a66325acc,fx_tag_torso_upper_king3
d871b92640b3863,/fx_tag_torso_upper_king3
4213c64fa55b6de,fx_tag_torso_upper_phi1
bee15b953b2f9ab,/fx_tag_torso_upper_phi1
b9ea39be78c0ff1,/fx_tag_tripod_lt
75868f92445cf3e,fx_tag_tripod_lt
be98f9be7cbd96f,/fx_tag_tripod_rt
77a64f92462aed8,fx_tag_tripod_rt
64218ac4736180f,fx_tag_wolf1_eye_lft
3ff64d8627bd9c4,/fx_tag_wolf1_eye_lft
a1047bf126e35f5,fx_tag_wolf1_eye_rt
15a01c5a558e1a8,/fx_tag_wolf1_eye_rt
370d048b8fc86d1,fx_tag_wolf1_mouth_lft
93f14a31838baa2,/fx_tag_wolf1_mouth_lft
50d6bd41d7ca6a1,/fx_tag_wolf2_eye_lft
208ac51f5a89766,fx_tag_wolf2_eye_lft
92e14865dd88ed6,fx_tag_wolf2_eye_rt
55cbe7ae5ec73fb,/fx_tag_wolf2_eye_rt
8a4c068faf67870,fx_tag_wolf2_mouth_lft
eefe7eb29f64d27,/fx_tag_wolf2_mouth_lft
7aa082df1a0ea63,/fx_think
d16a0c5adab0be4,fx_think
4468e60c5364448,fx_to_play
f3baf094ff344df,/fx_to_play
1d57001a2f39559,fx_tower
2a5b5344978095a,/fx_tower
fea4f92ea242d2c,fx_trail_cam
61ac03e812392b,/fx_trail_cam
cf76492cd93048a,fx_trail_end
e0ac303cc055691,/fx_trail_end
25aee078bff7579,/fx_trail_pose
66efa209bd525e4,fx_trail_pose
46da0704d2392b0,/fx_trail_start
759fde09aee8d9f,fx_trail_start
e5adc08dbb67fca,fx_tris
22e73615878ebf,/fx_tris
b32b97d06cd3b02,/fx_value
753d3f4d3ccc8dd,fx_value
8ffdde884663bdd,/fx_vortex_explosion
638aa3f93665f78,fx_vortex_explosion
f353c5668ea2140,fx_wallbuy
b04b7d4edb989d3,/fx_wallbuy
186ca46286f49c6,/fx_watermelonchunk_01
c23dfb05481deb3,/fx_watermelonmeat_02
4759809b04eb1ff,/fx_wood_splinter01
4759909b04eb3b2,/fx_wood_splinter02
9d00a155a6121dd,/fx_wood_splinter_col
96f02bafa20d5cc,fx_zombie_bar_break
239cc8731e5dc9d,/fx_zombie_bar_break
3054e3c19a55445,fx_zombie_bar_break_lite
98ed2abeccb9a02,/fx_zombie_bar_break_lite
edd73a92d9da404,fxclientutils/fx_character
e6f5a8a8810a8db,/fxclientutils/fx_character
39e2373d90a0615,gadget_health_regen_squad_wz
b6aaddaa338d5ba,/gadget_health_regen_squad_wz
1781e69d531f39b,/hatchet_wz
e97a26954c113b4,hatchet_wz
692e8243fc4702b,/helicopter_comlink_mp
88045c1ad0085de,helicopter_comlink_mp
ff9eec082abc366,/hero_annihilator_wz
accc91d1b5965a3,hero_annihilator_wz
69bab66a8c993f,/hero_flamethrower_wz
bbac4bf5e3190a0,hero_flamethrower_wz
e762b94e3c17279,/hero_pineapplegun_wz
b8b06ad6daa7fba,hero_pineapplegun_wz
201342f0eaa5b50,homunculus_wz
f1a744dc349df59,/homunculus_wz
433bed926a102c9,/hud_icon_minigun
ee5031faf61e225,/icon_minimap_powercell
5fc1fcd2ad2db27,/icon_minimap_spawnbeacon
77d34da18ed8b2c,/img_t8_menu_mp_loadscreen_arsenal
799459cd153471,/impacts/fx8_bul_impact_metal_lg
c78a59cd5744c4,/impacts/fx8_bul_impact_metal_sm
9ebab5b145e9498,/impacts/fx8_bul_impact_water_sm
a4cf036d645adb9,/impacts/fx_bul_impact_armor_body_fatal
6cd7a309a2d176a,/impacts/fx_bul_impact_armor_body_fatal_exit
9e938aa64f6deb6,/impacts/fx_bul_impact_armor_body_nonfatal
df4d2ec0a6b653b,/impacts/fx_bul_impact_armor_body_nonfatal_exit
5c9bc112ac26e17,/impacts/fx_bul_impact_armor_head_fatal
4edc12134f7fa28,/impacts/fx_bul_impact_armor_head_fatal_exit
f6098c9f33447ac,/impacts/fx_bul_impact_armor_head_nonfatal
4e4fae5dc68ed49,/impacts/fx_bul_impact_armor_head_nonfatal_exit
76c34eae6c4ab84,/impacts/fx_bul_impact_blood_body_fatal
82c5205c7126ff1,/impacts/fx_bul_impact_blood_body_fatal_uw
2c0f7d166fd3f72,/impacts/fx_bul_impact_blood_body_fatal_zmb
19b8a52befb4a17,/impacts/fx_bul_impact_blood_body_nonfatal_zmb
3000455825ec71a,/impacts/fx_bul_impact_blood_head_fatal
103beca3f64e93f,/impacts/fx_bul_impact_blood_head_fatal_exit
37ecab28e2d96c8,/impacts/fx_bul_impact_blood_head_fatal_exit_uw
2f26f1b0268668b,/impacts/fx_bul_impact_blood_head_fatal_uw
f24fce4fef5245c,/impacts/fx_bul_impact_blood_head_fatal_zmb
e51a4dd96e4b6b9,/impacts/fx_bul_impact_blood_head_nonfatal_zmb
5f234eeeca29fd0,/impacts/fx_bul_impact_body_armor_lg
22a072ed2f66f3b,/impacts/fx_bul_impact_boss_body_fatal
b559a14070303dc,/impacts/fx_bul_impact_boss_body_fatal_exit
b7f750477bd30b0,/impacts/fx_bul_impact_boss_body_nonfatal
5daabc066fee2bd,/impacts/fx_bul_impact_boss_body_nonfatal_exit
1b23d1da3f80739,/impacts/fx_bul_impact_boss_head_fatal
c1a875b1db4b3ea,/impacts/fx_bul_impact_boss_head_fatal_exit
2db7c418265a736,/impacts/fx_bul_impact_boss_head_nonfatal
f991aa2aac7eebb,/impacts/fx_bul_impact_boss_head_nonfatal_exit
ed4b28889604550,/impacts/fx_bul_impact_concrete_hero_minigun
8da7e90eebcb94c,/impacts/fx_bul_impact_concrete_sm
c1d9bfde7b3754,/impacts/fx_bul_impact_concrete_uw_lg
80d3bfde43962d,/impacts/fx_bul_impact_concrete_uw_sm
42257b6000191a,/impacts/fx_bul_impact_default_hero_minigun
83a0ebde22188f2,/impacts/fx_bul_impact_default_sm
b92760c90587e7e,/impacts/fx_bul_impact_default_uw_lg
b296c0c8fff8477,/impacts/fx_bul_impact_default_uw_sm
f1b72ce393a620e,/impacts/fx_bul_impact_dirt_hero_minigun
53728e0865b1c52,/impacts/fx_bul_impact_dirt_uw_lg
548eda93cc18ba5,/impacts/fx_bul_impact_glass_hero_minigun
e5eb14345d565b9,/impacts/fx_bul_impact_glass_omni_brwn_sm
4b33013cb364099,/impacts/fx_bul_impact_glass_omni_sm
6ca34a222be2347,/impacts/fx_bul_impact_glass_omni_xsm
ee259b0338844b,/impacts/fx_bul_impact_glass_uw_lg
de6b8ea5b26a594,/impacts/fx_bul_impact_gravel_hero_minigun
b22b20e7d919f78,/impacts/fx_bul_impact_gravel_uw_lg
2f5a34c34d84621,/impacts/fx_bul_impact_heavy_body_fatal
7b8bd78d223dc12,/impacts/fx_bul_impact_heavy_body_fatal_exit
1dbbb850bc7a8de,/impacts/fx_bul_impact_heavy_body_nonfatal
841d28711b91ce3,/impacts/fx_bul_impact_heavy_body_nonfatal_exit
be750137fd7ebaf,/impacts/fx_bul_impact_heavy_head_fatal
fbd9ad0be4672e0,/impacts/fx_bul_impact_heavy_head_fatal_exit
1a68e26ba12eae4,/impacts/fx_bul_impact_heavy_head_nonfatal
8d65b3689a842e1,/impacts/fx_bul_impact_heavy_head_nonfatal_exit
a5e1e6c48b57602,/impacts/fx_bul_impact_hero_minigun_core
e896dfd6cbde920,/impacts/fx_bul_impact_metal_hero_minigun
84d46289eb482e6,/impacts/fx_bul_impact_metal_spark_bounce
8fcc9b2b3ae4c4,/impacts/fx_bul_impact_metal_uw_lg
bbc69b2b60157d,/impacts/fx_bul_impact_metal_uw_sm
ca3a8aad754fb43,/impacts/fx_bul_impact_metal_uw_xsm
ba978753b08760f,/impacts/fx_bul_impact_mud_hero_minigun
727bc63095aa91f,/impacts/fx_bul_impact_pwr_armor_lg
6037630719bdc99,/impacts/fx_bul_impact_robot_body_nonfatal
3016f4fc700af47,/impacts/fx_bul_impact_robot_head_nonfatal
886efcfc045bc5b,/impacts/fx_bul_impact_sand_hero_minigun
2f33e91855ae6a0,/impacts/fx_bul_impact_snow_hero_minigun
266a10bf1f4ddc,/impacts/fx_bul_impact_snow_sm
9c142e962bb172c,/impacts/fx_bul_impact_thin_metal_hero_minigun
2f0829f3e9fa56c,/impacts/fx_bul_impact_water_hero_minigun
abaaefac724d775,/impacts/fx_bul_impact_water_lg
a35c3b5beb623ba,/impacts/fx_bul_impact_wood_hero_minigun
b48f0ec10de841e,/impacts/fx_bul_impact_wood_uw_lg
702d5c366048c35,/impacts/fx_clone_impact
6d7a03f776eb931,/impacts/fx_flesh_hit_knife
8004a96a876c333,/impacts/fx_flesh_hit_knife_noblood
58f0d4d949cd51f,/impacts/fx_flesh_hit_knife_zmb
bfc178a51de0489,/impacts/fx_impact_blast_decal_spawner_lg
cdd692d76b166ca,/impacts/fx_knife_impact_assassination_back
409dbb6da49c2e3,/impacts/fx_object_dirt_impact_md
cb00235757b8d3b,/inventory_ac130_mp
3e49a53acb06720,inventory_ac130_mp
38b9a5ff94807aa,inventory_ai_tank_marker_mp
f764158d1e4ca03,/inventory_ai_tank_marker_mp
e9eabb86ee717c0,inventory_counteruav_mp
b2831988792c4f1,/inventory_counteruav_mp
7dbfa5a4442b886,/inventory_dart_mp
c16b73e79d048f,inventory_dart_mp
ba39cd95a4bd323,/inventory_drone_squadron_mp
a84280717235fae,inventory_drone_squadron_mp
7fe32cae7432130,/inventory_helicopter_comlink_mp
c57b4482fbb2525,inventory_helicopter_comlink_mp
584f5f92982d8d5,inventory_overwatch_helicopter_mp
a3f961d7b251dc0,/inventory_overwatch_helicopter_mp
afc54c17a3e4959,inventory_planemortar_mp
31e1bbd3a05f9b2,/inventory_planemortar_mp
59c0efae19131fd,/inventory_recon_car_mp
92519f8483f4b66,inventory_recon_car_mp
143a2b750748e33,inventory_remote_missile_mp
7c3feee4cbf3f2a,/inventory_remote_missile_mp
b4a6a030ce1282c,inventory_straferun_mp
a4678db46f863bf,/inventory_straferun_mp
a0d7b9e67a966b3,inventory_supplydrop_marker_mp
3e1874dbc9c1fa0,/inventory_supplydrop_marker_mp
1d1a9fe7d470277,inventory_swat_team_mp
372ff1219c4db80,/inventory_swat_team_mp
27f44d7ad2205ac,inventory_uav_mp
18cc9e95774f82f,/inventory_uav_mp
79664b21b9abe05,/inventory_ultimate_turret_mp
dd237cc7a937c2a,inventory_ultimate_turret_mp
d5952d4f617659d,/killstreaks/fx8_agr_drop_box
ffac0a5a97cd66e,killstreaks/fx8_agr_drop_box_wz
8649b1f7321f83b,/killstreaks/fx8_agr_drop_box_wz
da61ceac3c28531,/killstreaks/fx8_agr_explosion
4500039a394d695,/killstreaks/fx8_atkchpr_chaff
53b2e489c6241c0,/killstreaks/fx8_drone_tank_damage_state
8877775f7518047,/killstreaks/fx8_drone_tank_stun
f9dba1c882379f2,/killstreaks/fx8_mortar_jet_contrails
d1ad4a448695da1,killstreaks/fx8_mortar_jet_contrails
e58d131ce9db5ba,killstreaks/fx8_mortar_jet_thrusters
5580aaafb5caae5,/killstreaks/fx8_mortar_jet_thrusters
34d605b89e9e3c5,/killstreaks/fx8_tankrobot_previs_invalid
8e51f030a8e99c2,killstreaks/fx8_tankrobot_previs_invalid
e059b167976fb28,/killstreaks/fx8_tankrobot_previs_valid
62a5cb9a8762dcf,killstreaks/fx8_tankrobot_previs_valid
a94187e0140303d,/killstreaks/fx_agr_emp_stun
c32b815b76cd948,/killstreaks/fx_agr_emp_stun_os
e8ee34e7eeac667,/killstreaks/fx_agr_explosion_decal
4d516598aa2be97,/killstreaks/fx_agr_gun_flash_1p
4cf0a598a9e3e85,/killstreaks/fx_agr_gun_flash_3p
109344703f6caa2,/killstreaks/fx_agr_rocket_exp
e888e7d7ee777d,/killstreaks/fx_agr_rocket_flash_1p
ef74e7d7f4742f,/killstreaks/fx_agr_rocket_flash_3p
20edd5f58d003fc,/killstreaks/fx_agr_vlight
2b70e44ac1da809,killstreaks/fx_agr_vlight_eye_grn
b5e9577071afec4,/killstreaks/fx_agr_vlight_eye_grn
bc6d47746b793da,/killstreaks/fx_agr_vlight_eye_red
71c744e0c3df6f,killstreaks/fx_agr_vlight_eye_red
a6e4709b49063e3,/killstreaks/fx_air_drop_marker_gold
6d7efeebf4eeaac,/killstreaks/fx_air_drop_marker_red
9c17e179f807d76,/killstreaks/fx_air_drop_marker_white
95e05d06682ff41,/killstreaks/fx_care_package_thruster
4d615f339054bda,/killstreaks/fx_care_package_thruster_dust
1c39765ceb996f5,/killstreaks/fx_dart_death_exp
a41ee3e32676718,/killstreaks/fx_drone_hunter_lights
b514f7147f60480,/killstreaks/fx_ed_lights_green
cd5fe95501ee2c0,/killstreaks/fx_ed_lights_red
696385ef80f3135,/killstreaks/fx_emp_core
5d1a74c029c034c,/killstreaks/fx_emp_exp_death
172d35fffd58c5,/killstreaks/fx_emp_explosion
f5bd0c34ec23206,/killstreaks/fx_emp_explosion_equip
983c76a132239f4,/killstreaks/fx_hatr_exp
edabe0671fb2824,/killstreaks/fx_heli_chaff
6125db65a76e233,/killstreaks/fx_heli_chaff_flare
f30cf33ec572d17,/killstreaks/fx_heli_chaff_trail
226aff244e7949b,/killstreaks/fx_heli_exp_debri_trail
a2d3c5fcbdda2db,/killstreaks/fx_heli_exp_lg
a312b5fcbe16ecf,/killstreaks/fx_heli_exp_md
a53165fcbfe3186,/killstreaks/fx_heli_exp_sm
8938a0df82c5eb4,/killstreaks/fx_heli_exp_smk_trail
62a685ee16fd5f0,/killstreaks/fx_heli_exp_streamer1
62a6b5ee16fdb09,/killstreaks/fx_heli_exp_streamer2
62a6a5ee16fd956,/killstreaks/fx_heli_exp_streamer3
942bad1645f8d13,/killstreaks/fx_heli_smk_trail_engine
d5502e289735d92,/killstreaks/fx_heli_smk_trail_engine_33
d43fde28964e1e0,/killstreaks/fx_heli_smk_trail_engine_66
b565841b84f304b,/killstreaks/fx_heli_smk_trail_tail
b578ac2ba0fe608,/killstreaks/fx_ls_exp_bomb_tendril_emit
ba2dc9d57ed37c3,/killstreaks/fx_mship_burner_mp
a56341c1c99d1a7,/killstreaks/fx_mship_death
383980d343124b7,/killstreaks/fx_mship_death_exp
ac6a0540d95078a,/killstreaks/fx_mship_lights
9ba5c142d081dab,/killstreaks/fx_mship_smk_emit_child
c724739a4c446aa,/killstreaks/fx_mship_smk_emit_child_2
ab6473427ea55b9,/killstreaks/fx_mship_smk_trail_1_mp
1c9553f72a7cb4e,/killstreaks/fx_mship_smk_trail_2_mp
7fde0bbd52e54d1,/killstreaks/fx_mship_tendril_emit
954b1b0f933d4bf,/killstreaks/fx_mship_turret_damage_1
e7607d9cd26ecba,/killstreaks/fx_predator_exp
7d80e585c725135,/killstreaks/fx_predator_exp_tendril_emit
29d9106cb64490e,/killstreaks/fx_rcxd_exp
2f720b778ccbe12,/killstreaks/fx_rcxd_lights_blinky
c5fd8dcffa399d4,/killstreaks/fx_rcxd_lights_grn
9b8b7dca40ebfea,/killstreaks/fx_rcxd_lights_red
c4ca75ea53f7d6,/killstreaks/fx_rcxd_lights_solid
97f5c24f1f3524f,/killstreaks/fx_sc_lights_grn
c2641254d87c645,/killstreaks/fx_sc_lights_red
b13fc1d82ba6712,/killstreaks/fx_sentinel_disabled_water_1p
49b3145ab96b315,/killstreaks/fx_sentinel_exp
1644c7c82b0ffe4,/killstreaks/fx_sentinel_exp_2
66d0cd90c9b076f,/killstreaks/fx_sentinel_lights
87767b89e3a637b,/killstreaks/fx_sentinel_smoke
52bb50dd41e0121,/killstreaks/fx_sentinel_tendril_os
5b744a121dc80b8,/killstreaks/fx_sg_distortion_cone_ash
d5e273653e74a9d,/killstreaks/fx_sg_distortion_cone_ash_sm
d0d865d6d5bf17e,/killstreaks/fx_uav_bunner
5bce9e6e12780ca,/killstreaks/fx_uav_damage_trail
44460f804434341,/killstreaks/fx_uav_lights
2333b36e404fb6c,/killstreaks/fx_vtol_exhaust_engine
26110d46a936c08,/killstreaks/fx_vtol_exp
6b495fd8184f321,/killstreaks/fx_vtol_exp_smoke_trail
56f489d1cfb1732,/killstreaks/fx_vtol_exp_smoke_trail_sm
3642c09cf579a1a,/killstreaks/fx_vtol_lights_grn
dd11709714707d0,/killstreaks/fx_vtol_lights_red
348b1c2588981ae,/killstreaks/fx_vtol_supply_exhaust_engine
46bc490d36fd65a,/killstreaks/fx_vtol_supply_lights
2d403744b4f4730,/killstreaks/fx_vtol_thruster
769ce3e5c790278,/killstreaks/fx_wh_chaff_trail
c4259ab0ce3ebad,killstreaks/fx_wh_chaff_trail
303ca505b1efe5c,/launcher_standard_operator_t8_wz
fed1d37eb0c62b,launcher_standard_operator_t8_wz
acbfc68cfda31c,launcher_standard_t8_wz
39eab4714c4baad,/launcher_standard_t8_wz
12700b75cbfbd9e,/lensflares/fx_lensflare_light_bulb_direction
1d0029a8b596df,light/fx8_light_plyr_strobe
570e46e422bbcd6,/light/fx8_light_plyr_strobe
bedbb503c026dc8,/light/fx8_light_spot_brutus_flicker
d1c516b785687f,/light/fx_ability_glow_chest_ravage_core
7fa65dd788991c9,/light/fx_light_headlight_generic
e88f2d6ae98bcbf,/light/fx_light_red_spike_charge_os
1fe078f448840ea,/light/fx_light_robot_set_base
68130350174712b,/light/fx_light_robot_set_base_blink
32e07b1b1f73f75,/light/fx_light_robot_set_base_blink_lg
739bea72f7c973a,/light/fx_light_robot_set_base_lg
e20de88001f4c7e,/light/fx_light_robot_set_blink_lg_yellow
326c6837f5f4bee,/light/fx_light_robot_set_blink_xlg_yellow
92b95ba58aa92e4,/light/fx_light_robot_set_blink_yellow
a9d54938b449ee3,/light/fx_light_robot_set_lg_yellow
9a014bcfecfea63,/light/fx_light_robot_set_yellow
5a5997a2e0f8574,/light/fx_light_veh_amws_single
371c55c7c6a6470,/light/fx_light_veh_wasp
d0d68ad029751d6,lmg_double_t8_wz
b4eae9b4beb65c1,/lmg_double_t8_wz
5016f8a7224c7ee,/lmg_heavy_t8_gold_wz
35924ba1c666165,lmg_heavy_t8_gold_wz
9e2ed7bfa9442a0,lmg_heavy_t8_wz
958427aa63b44c1,/lmg_heavy_t8_wz
f3304dbd4fbcd8c,/lmg_spray_t8_gold_wz
22968b857f5ce43,lmg_spray_t8_gold_wz
617a39a3005b085,lmg_spray_t8_operator_wz
41b0aefecefbcae,/lmg_spray_t8_operator_wz
2d8c9bb25c52cef,/lmg_spray_t8_wz
2795f307f4365ce,lmg_spray_t8_wz
a6ee75b355c4023,lmg_standard_t8_gold_wz
f99c1dee254193a,/lmg_standard_t8_gold_wz
e3216f365eecf65,lmg_standard_t8_operator_wz
4213203e5b121dc,/lmg_standard_t8_operator_wz
856d74469c37e6d,/lmg_standard_t8_wz
1444595dd19236e,lmg_standard_t8_wz
1774594e1b737da,/lmg_stealth_t8_gold_wz
fdfd93ac9369655,lmg_stealth_t8_gold_wz
b2b8f5392318a17,lmg_stealth_t8_operator_wz
842e92035752afc,/lmg_stealth_t8_operator_wz
5515c9b9de89dcd,/lmg_stealth_t8_wz
221a83333ad5590,lmg_stealth_t8_wz
8e86d67fe9e039,/loot02_ui_icon_outfit_holidays_extra_warpaint_dragon_stanton
d44e1e0c0ce16c3,/loot02_ui_icon_outfit_holidays_extra_warpaint_krampus_stanton
2d9cc2b74680d22,/loot02_ui_icon_outfit_holidays_extra_warpaint_naughtyornice_stanton
93e5b8cea884ecf,/loot02_ui_icon_outfit_holidays_extra_warpaint_snowman_stanton
1899d3f045ca6f1,loot03_ui_icon_blackmarket_item_shop_wingsuit_benjamins
97ddc3d9a7179e4,/loot03_ui_icon_blackmarket_item_shop_wingsuit_benjamins
945811e26bfd2ba,loot03_ui_icon_blackmarket_item_shop_wingsuit_china_wind
ff0e2b2244108d,/loot03_ui_icon_blackmarket_item_shop_wingsuit_china_wind
e10a24b6582fbb0,/loot03_ui_icon_blackmarket_item_shop_wingsuit_elvis
876efdb632409c8,/loot03_ui_icon_blackmarket_item_shop_wingsuit_merica
9ca0064055f0434,/loot04_ui_icon_blackmarket_itemdetail_bundle_deep_voyage
c5b900516ffd8a2,/loot04_ui_icon_blackmarket_itemshop_bundle_bacon
ae8185463b0e853,/loot04_ui_icon_blackmarket_itemshop_bundle_dogfight
4bca05a409c7ca3,/loot04_ui_icon_blackmarket_itemshop_bundle_plasmadrive
4146eb30c6883ee,/loot04_ui_icon_blackmarket_itemshop_bundle_rising_tide
25cc935959d0648,/loot04_ui_icon_blackmarket_itemshop_bundle_venom
c390e41552ff217,/loot04_ui_icon_blackmarket_itemshop_sergei
b2dd473e62acd1c,/loot04_ui_icon_blackmarket_reserves_death_fx_black_hole
bb5e0789edec482,/loot04_ui_icon_blackmarket_reserves_death_fx_confetti
12ebaf5c8428a80,/loot04_ui_icon_blackmarket_reserves_death_fx_fireworks
f105a98c01cc6c4,/loot04_ui_icon_blackmarket_reserves_death_fx_lava
ed043aace5888e2,/loot04_ui_icon_blackmarket_reserves_death_fx_money
ab8ab865d7c00ec,/loot04_ui_icon_blackmarket_reserves_death_fx_numbers
8afe11f0d15dfac,/loot04_ui_icon_blackmarket_reserves_death_fx_rainbow
699080ad3c4949e,/loot04_ui_icon_blackmarket_reserves_death_fx_soul_thief
69c9f4645107abe,loot04_ui_icon_blackmarket_reserves_death_fx_teddy_bear
95e9a6e5b30c18f,/loot04_ui_icon_blackmarket_reserves_death_fx_teddy_bear
777ffa7b3b8a08d,/loot04_ui_icon_cac_death_fx_water
6a8433624979be2,/loot06_ui_icon_blackmarket_reserves_death_fx_eletric
b93f61c16105946,/loot06_ui_icon_blackmarket_reserves_death_fx_pow
4d2d37ba0e83f3d,/loot07_ui_icon_blackmarket_itemshop_afterburner
e27bd04b12b60be,/loot07_ui_icon_blackmarket_itemshop_afterglow
c77723dfc41e94a,/loot07_ui_icon_blackmarket_itemshop_brutus
89a75eb0ab98833,/loot07_ui_icon_blackmarket_itemshop_bundle_action_figure
e38bd1371844be2,/loot07_ui_icon_blackmarket_itemshop_bundle_full_stop
2aed1b248483332,/loot07_ui_icon_blackmarket_itemshop_bundle_replacer
161e8deb07e8407,/loot07_ui_icon_blackmarket_itemshop_bundle_tedd
4782725d57ffa28,/loot07_ui_icon_blackmarket_itemshop_bundle_zombiearm
45c59cf72041ccc,/loot07_ui_icon_blackmarket_itemshop_dempsey
dd3a47272708834,/loot07_ui_icon_blackmarket_itemshop_hudson
578cd83f90eb408,/loot07_ui_icon_blackmarket_itemshop_incandescent
d158fed83f2688e,/loot07_ui_icon_blackmarket_itemshop_nikolai
6bcf382027fec2c,/loot07_ui_icon_blackmarket_itemshop_russman
8aa669cb0e97e30,/loot07_ui_icon_blackmarket_itemshop_secretsanta
3f67d2a0e25f8fa,/loot07_ui_icon_blackmarket_itemshop_stuhlinger
5ba5f42e0deade4,/loot07_ui_icon_blackmarket_reserves_death_fx_ice
b15ce8e112d8eee,/loot07_ui_icon_blackmarket_reserves_death_fx_nature
7aaea61bc8e6ee3,/loot_04_ui_icon_blackmarket_stream_camo_active_treasure
7e35a0d5477b9c6,/loot_ui_icon_outfit_halloween_extra_warpaint_alien_scarlett
55c207f550eacfa,/loot_ui_icon_outfit_halloween_extra_warpaint_cthulhu_scarlett
2ce856313bc1a42,/loot_ui_icon_outfit_halloween_extra_warpaint_demon_scarlett
661384fb36eb0bb,/loot_ui_icon_outfit_halloween_extra_warpaint_gargoyle_scarlett
3e469a0b5596717,/loot_ui_icon_tags_barbarians_01
3e46aa0b55968ca,/loot_ui_icon_tags_barbarians_02
3e46ba0b5596a7d,/loot_ui_icon_tags_barbarians_03
3e464a0b5595e98,/loot_ui_icon_tags_barbarians_04
3e465a0b559604b,/loot_ui_icon_tags_barbarians_05
3e466a0b55961fe,/loot_ui_icon_tags_barbarians_06
d1ab1af83ca866e,/loot_ui_icon_tags_cutemonsters_01
d1ab0af83ca84bb,/loot_ui_icon_tags_cutemonsters_02
d1aafaf83ca8308,/loot_ui_icon_tags_cutemonsters_03
d1ab6af83ca8eed,/loot_ui_icon_tags_cutemonsters_04
d1ab5af83ca8d3a,/loot_ui_icon_tags_cutemonsters_05
d1ab4af83ca8b87,/loot_ui_icon_tags_cutemonsters_06
b114d99b52d3ff7,/loot_ui_icon_tags_dinohunters_01
b114e99b52d41aa,/loot_ui_icon_tags_dinohunters_02
b114f99b52d435d,/loot_ui_icon_tags_dinohunters_03
b114899b52d3778,/loot_ui_icon_tags_dinohunters_04
b114999b52d392b,/loot_ui_icon_tags_dinohunters_05
d417db7cefce982,/loot_ui_icon_tags_halloweenevent_jack_final
8ca6d0475a37f78,/loot_ui_icon_tags_halloweenevent_monster
33e0e4dcf3d421c,/loot_ui_icon_tags_halloweenevent_monster_1
33e0d4dcf3d4069,/loot_ui_icon_tags_halloweenevent_monster_6
363e5401aed6e9a,/loot_ui_icon_tags_halloweenevent_phantasm
a2cca9fdb933ff7,/loot_ui_icon_tags_halloweenevent_werewolf
22d4fc165d78b6a,/loot_ui_icon_tags_heavenlybodies_01
22d4ec165d789b7,/loot_ui_icon_tags_heavenlybodies_02
22d4dc165d78804,/loot_ui_icon_tags_heavenlybodies_03
22d4cc165d78651,/loot_ui_icon_tags_heavenlybodies_04
22d4bc165d7849e,/loot_ui_icon_tags_heavenlybodies_05
22d4ac165d782eb,/loot_ui_icon_tags_heavenlybodies_06
2194dd996b01c9a,maps/core_frontend/fx8_frontend_zombie_lab_elixir_bubbles_base
f4fe6b0d07d48cd,/maps/core_frontend/fx8_frontend_zombie_lab_elixir_bubbles_base
40588689b54b91,maps/core_frontend/fx8_frontend_zombie_lab_elixir_classic
eb295a1c932b4a0,/maps/core_frontend/fx8_frontend_zombie_lab_elixir_classic
b368dddeccad5f9,/maps/core_frontend/fx8_frontend_zombie_lab_elixir_common
69992abb51e8f76,maps/core_frontend/fx8_frontend_zombie_lab_elixir_common
ed1703e025f5dae,maps/core_frontend/fx8_frontend_zombie_lab_elixir_epic
fb6c2b1b6f8ded,/maps/core_frontend/fx8_frontend_zombie_lab_elixir_epic
19d323750c6a76d,/maps/core_frontend/fx8_frontend_zombie_lab_elixir_legendary
3af5aea3ad5a2ac,maps/core_frontend/fx8_frontend_zombie_lab_elixir_legendary
7d40d9694117480,/maps/core_frontend/fx8_frontend_zombie_lab_elixir_rare
c474bdded46a53f,maps/core_frontend/fx8_frontend_zombie_lab_elixir_rare
4fa3e53e871c757,maps/core_frontend/fx8_frontend_zombie_lab_elixir_ultra
864a8dedc88baba,/maps/core_frontend/fx8_frontend_zombie_lab_elixir_ultra
87db1401de6ad0a,maps/core_frontend/fx8_frontend_zombie_lab_elixir_whimsical
6b3db29287fa79b,/maps/core_frontend/fx8_frontend_zombie_lab_elixir_whimsical
babc1c06088c52b,/maps/core_frontend/fx8_frontend_zombie_lab_elixir_wipe
86fd7b420cfc154,maps/core_frontend/fx8_frontend_zombie_lab_elixir_wipe
785f4cb30b92e36,maps/core_frontend/fx8_frontend_zombie_lab_stills_surface
c3cd87bc799226b,/maps/core_frontend/fx8_frontend_zombie_lab_stills_surface
65fcf9be50d7337,/maps/core_frontend/fx8_frontend_zombie_lab_stl_surface_common
306987855f30456,maps/core_frontend/fx8_frontend_zombie_lab_stl_surface_common
bcca8bc99650b7f,/maps/core_frontend/fx8_frontend_zombie_lab_stl_surface_epic
41cff6743e9488e,maps/core_frontend/fx8_frontend_zombie_lab_stl_surface_epic
5d848296c87d85f,/maps/core_frontend/fx8_frontend_zombie_lab_stl_surface_legend
bf0e8fe25b9c5ae,maps/core_frontend/fx8_frontend_zombie_lab_stl_surface_legend
e2cdb072bed671f,maps/core_frontend/fx8_frontend_zombie_lab_stl_surface_rare
bf6646f95bec9e,/maps/core_frontend/fx8_frontend_zombie_lab_stl_surface_rare
c9d5e5a715c8108,/maps/core_frontend/fx8_frontend_zombie_lab_stl_surface_ultra
e49a16e45cc4eb7,maps/core_frontend/fx8_frontend_zombie_lab_stl_surface_ultra
40417ffb1703320,/maps/zm_escape/fx8_alcatraz_brut_shock
588e361d4370b9,/maps/zm_escape/fx8_alcatraz_brut_spawn
8501dcce841972,/maps/zm_escape/fx8_alcatraz_perk_lock
8c3c29a06667b,maps/zm_escape/fx8_alcatraz_perk_lock
b7a2cd3e0314680,/maps/zm_escape/fx8_alcatraz_perk_s_lock
1d6cdb71f8a0b89,maps/zm_escape/fx8_alcatraz_perk_s_lock
12ed7112ad79e31,maps/zm_escape/fx8_alcatraz_w_bench_lock
ffb80a1ef32670a,/maps/zm_escape/fx8_alcatraz_w_bench_lock
e817c602910a1ac,/maps/zm_escape/fx8_flame_wall_128x128
4ecebc21ba60888,/maps/zm_escape/fx8_flame_wall_256x256
8ea24443efc458c,/maps/zm_escape/fx8_flame_wall_64x64
912a9600ad5a2e7,/maps/zm_escape/fx8_pap_lightning_bridge
e9f5477a58afb8,/maps/zm_escape/fx8_pap_lightning_near
3d3506b8da4026f,/maps/zm_escape/fx8_pwr_up_blood
793d2b0e8fd329c,/maps/zm_escape/fx8_pwr_up_blood_trail
d55da3d3d97edc8,/maps/zm_escape/fx8_wolf_portal_hell
f2ae65b97ac6033,/maps/zm_escape/fx8_wolf_portal_hell_close
6c379569f838a0b,/maps/zm_escape/fx8_wolf_soul_charge_impact
3c8fdfc321fba70,/maps/zm_escape/fx8_wolf_soul_charge_impact_sm
7bf4f2cfe3d376b,/maps/zm_escape/fx8_wolf_soul_charge_start
806ec8fc5121d38,/maps/zm_escape/fx8_wolf_soul_charged
66291e9551b093f,maps/zm_mansion/fx8_silver_hit_werewolf
f4ecc39dd42c34a,/maps/zm_mansion/fx8_silver_hit_werewolf
f3b50757fb04f9d,/maps/zm_mansion/fx8_silver_hit_zombie
6ec99f8d8b9f924,maps/zm_mansion/fx8_silver_hit_zombie
a2fcc7d1628750,/maps/zm_office/fx8_fxanim_zm_office_code_paint_0
c110df2806253b,maps/zm_office/fx8_fxanim_zm_office_code_paint_0
c10fdf28062388,maps/zm_office/fx8_fxanim_zm_office_code_paint_1
a2fdc7d1628903,/maps/zm_office/fx8_fxanim_zm_office_code_paint_1
c112df280628a1,maps/zm_office/fx8_fxanim_zm_office_code_paint_2
a2fec7d1628ab6,/maps/zm_office/fx8_fxanim_zm_office_code_paint_2
a2ffc7d1628c69,/maps/zm_office/fx8_fxanim_zm_office_code_paint_3
c111df280626ee,maps/zm_office/fx8_fxanim_zm_office_code_paint_3
a300c7d1628e1c,/maps/zm_office/fx8_fxanim_zm_office_code_paint_4
c114df28062c07,maps/zm_office/fx8_fxanim_zm_office_code_paint_4
a301c7d1628fcf,/maps/zm_office/fx8_fxanim_zm_office_code_paint_5
c113df28062a54,maps/zm_office/fx8_fxanim_zm_office_code_paint_5
c116df28062f6d,maps/zm_office/fx8_fxanim_zm_office_code_paint_6
a302c7d1629182,/maps/zm_office/fx8_fxanim_zm_office_code_paint_6
a303c7d1629335,/maps/zm_office/fx8_fxanim_zm_office_code_paint_7
c115df28062dba,maps/zm_office/fx8_fxanim_zm_office_code_paint_7
a304c7d16294e8,/maps/zm_office/fx8_fxanim_zm_office_code_paint_8
c108df280617a3,maps/zm_office/fx8_fxanim_zm_office_code_paint_8
a305c7d162969b,/maps/zm_office/fx8_fxanim_zm_office_code_paint_9
c107df280615f0,maps/zm_office/fx8_fxanim_zm_office_code_paint_9
4daf329403533b4,maps/zm_office/fx8_teleporter_destination
16670ad42a6ba59,/maps/zm_office/fx8_teleporter_destination
735b0650121466a,/maps/zm_office/fx8_teleporter_ready
8a29d0b79448d33,maps/zm_office/fx8_teleporter_ready
273accb3bd088bb,maps/zm_office/fx8_teleporter_spawn
da239c5fe7bc3c6,/maps/zm_office/fx8_teleporter_spawn
7ed8e2a22fd5953,maps/zm_orange/fx8_samantha_ground_portal
8ae7dbe44f16f2,/maps/zm_orange/fx8_samantha_ground_portal
fc40029a57aa16f,/maps/zm_orange/fx8_samantha_ground_portal_blast
69223901e1c6ac6,maps/zm_orange/fx8_samantha_ground_portal_blast
d4f970e8f846dff,maps/zm_red/fx8_soul_charge_purple
93f75cebcb08720,/maps/zm_red/fx8_soul_charge_purple
df9947b3e3bbcf9,/maps/zm_red/fx8_soul_charge_red
4892654f5d0133c,maps/zm_red/fx8_soul_charge_red
b1d42d579380f1b,maps/zm_red/fx8_soul_red
66e18eff590fa6c,/maps/zm_red/fx8_soul_red
5d0029b979dcbff,maps/zm_red/fx8_wq_dormant_transform_charon
7bf0b91577fb42,/maps/zm_red/fx8_wq_dormant_transform_charon
4b129014891c605,/maps/zm_red/fx8_wq_dormant_transform_gaia
61edb25a2fe6e28,maps/zm_red/fx8_wq_dormant_transform_gaia
57034e20bc240a6,maps/zm_red/fx8_wq_dormant_transform_hemera
eef10e2a7730867,/maps/zm_red/fx8_wq_dormant_transform_hemera
94643dfd1b333e6,/maps/zm_red/fx8_wq_dormant_transform_ouranos
79bded8317f71d,maps/zm_red/fx8_wq_dormant_transform_ouranos
571b212f0708f8,maps/zm_towers/fx8_boss_attack_eye_trail
daf699fbf9fd8cb,/maps/zm_towers/fx8_boss_attack_eye_trail
f4547fe2b5f06a3,maps/zm_towers/fx8_boss_attack_eye_trail_split
f84bdf00ce3e7a4,/maps/zm_towers/fx8_boss_attack_eye_trail_split
5183f3f38ce3305,/maps/zm_towers/fx8_boss_attack_slam_trail
90e89c708f4bb60,maps/zm_towers/fx8_boss_attack_slam_trail
a41ba4592efd94b,/maps/zm_towers/fx8_boss_attack_slam_trail_end
84044db78f9b572,maps/zm_towers/fx8_boss_attack_slam_trail_end
c89457545ad1833,/maps/zm_towers/fx8_boss_attack_slam_trail_lg
3d20897c00ce9dc,maps/zm_towers/fx8_boss_attack_slam_trail_lg
59f91da0939f6b2,maps/zm_towers/fx8_boss_death_soul_trail
b3271e2fb95080d,/maps/zm_towers/fx8_boss_death_soul_trail
8e68ccbe429a63,/maps/zm_towers/fx8_boss_dmg_flesh
c8cd1174cd3b8ca,maps/zm_towers/fx8_boss_dmg_flesh
87cb399b0072420,/maps/zm_towers/fx8_boss_dmg_weakspot_gem_blue
1be8fdc48d8d5dd,maps/zm_towers/fx8_boss_dmg_weakspot_gem_blue
fca9abaa015b70b,/maps/zm_towers/fx8_boss_dmg_weakspot_gem_red
3eb98e77c25624c,maps/zm_towers/fx8_boss_dmg_weakspot_gem_red
eebaf9252498add,/maps/zm_towers/fx8_boss_dmg_weakspot_organ
fe55641b63b46e,maps/zm_towers/fx8_boss_dmg_weakspot_organ
eb7f9f7d07afcb9,/maps/zm_towers/fx8_boss_eye_glow
413e9cff6c2c52e,maps/zm_towers/fx8_boss_eye_glow
e408d3276ee8f9e,maps/zm_towers/fx8_boss_eye_glow_alt
e55cb126f393c71,/maps/zm_towers/fx8_boss_eye_glow_alt
70c9fbfa7d62c96,/maps/zm_towers/fx8_challenge_head_blood_burst
236d3333098fd53,maps/zm_towers/fx8_challenge_head_blood_burst
68f33fc918a1aa8,/maps/zm_towers/fx8_challenge_head_blood_drips
9497f5aefd07401,maps/zm_towers/fx8_challenge_head_blood_drips
4d12bb09fe7196d,/maps/zm_towers/fx8_crowd_reward_flower_exp
c0f11b63326f8ee,maps/zm_towers/fx8_crowd_reward_flower_exp
9338f293b405c75,maps/zm_towers/fx8_crowd_reward_flower_trail
4141c7f57a4ae5e,/maps/zm_towers/fx8_crowd_reward_flower_trail
f952342be28c1e7,maps/zm_towers/fx8_special_round_green_gas_md
54a0609ac253d2,/maps/zm_towers/fx8_special_round_green_gas_md
21ac0da55094424,/maps/zm_white/fx8_lgt_pap_console_green
4350a342b0747bd,maps/zm_white/fx8_lgt_pap_console_green
b9b4c02c41fccb9,maps/zm_white/fx8_lgt_pap_console_red
6bfe1d6b1355f74,/maps/zm_white/fx8_lgt_pap_console_red
d3b9dc8c9c1cfaf,/maps/zm_white/fx8_monkey_bomb_reveal
93e2eb4c3684fe3,maps/zm_white/fx8_power_wisp
f61aeec6f42d304,/maps/zm_white/fx8_power_wisp
73d13fee763fd5d,maps/zm_white/fx8_power_wisp_lg
618f8ecc2f34090,/maps/zm_white/fx8_power_wisp_lg
e7fca2ae5676d20,/maps/zm_white/fx8_quest_mannequin_charging
a92796368faa81f,maps/zm_white/fx8_quest_mannequin_charging
4e3ea8d5b39be57,maps/zm_white/fx8_quest_mannequin_explode_main
c28a63f890ac728,/maps/zm_white/fx8_quest_mannequin_explode_main
44c07b5948e2127,maps/zm_white/fx8_quest_mannequin_initial_sparks
58a26a448420d40,/maps/zm_white/fx8_quest_mannequin_initial_sparks
3da9259acdae5fe,maps/zm_white/fx8_robot_mannequin_head_sparks_burst
9a9f79960e1327b,/maps/zm_white/fx8_robot_mannequin_head_sparks_burst
12d744cd2d4f426,/maps/zm_white/fx8_toxic_gas_lg
4d71f68f045a741,maps/zm_white/fx8_toxic_gas_lg
69eddadb92619d,maps/zm_white/fx8_toxic_gas_vent_machine
d97dc497d055f6a,/maps/zm_white/fx8_toxic_gas_vent_machine
c8bf9ed9909d300,/maps/zm_white/fx8_toxic_gas_venting_lg
d5c5bc7334f73af,maps/zm_white/fx8_toxic_gas_venting_lg
2bfd50df8de5608,/maps/zm_white/fx8_zm_white_code_type_0
d8512dac8a403ab,maps/zm_white/fx8_zm_white_code_type_0
2bfd60df8de57bb,/maps/zm_white/fx8_zm_white_code_type_1
d8511dac8a401f8,maps/zm_white/fx8_zm_white_code_type_1
d8514dac8a40711,maps/zm_white/fx8_zm_white_code_type_2
2bfd70df8de596e,/maps/zm_white/fx8_zm_white_code_type_2
d8513dac8a4055e,maps/zm_white/fx8_zm_white_code_type_3
2bfd80df8de5b21,/maps/zm_white/fx8_zm_white_code_type_3
d8516dac8a40a77,maps/zm_white/fx8_zm_white_code_type_4
2bfd90df8de5cd4,/maps/zm_white/fx8_zm_white_code_type_4
d8515dac8a408c4,maps/zm_white/fx8_zm_white_code_type_5
2bfda0df8de5e87,/maps/zm_white/fx8_zm_white_code_type_5
d8518dac8a40ddd,maps/zm_white/fx8_zm_white_code_type_6
2bfdb0df8de603a,/maps/zm_white/fx8_zm_white_code_type_6
2bfdc0df8de61ed,/maps/zm_white/fx8_zm_white_code_type_7
d8517dac8a40c2a,maps/zm_white/fx8_zm_white_code_type_7
d850adac8a3f613,maps/zm_white/fx8_zm_white_code_type_8
2bfcd0df8de4870,/maps/zm_white/fx8_zm_white_code_type_8
d8509dac8a3f460,maps/zm_white/fx8_zm_white_code_type_9
2bfce0df8de4a23,/maps/zm_white/fx8_zm_white_code_type_9
a5c0fd252ea8b91,melee_actionfigure_t8_wz
4f5bb2a8a1142c6,/melee_actionfigure_t8_wz
ce5b354f433951c,/melee_amuletfist_t8_wz
4c8e36e683ddb53,melee_amuletfist_t8_wz
c7ee23d999f66e9,/melee_bowie_bloody_wz
76852f927c4be8c,melee_bowie_bloody_wz
8c511c610ce74ce,melee_bowie_wz
a9b7cdf982e78a5,/melee_bowie_wz
58c897e7933967f,melee_club_t8_wz
fcc7ed92f9190cc,/melee_club_t8_wz
837782c81f6773e,melee_coinbag_t8_wz
db5dbeafede6057,/melee_coinbag_t8_wz
d185101132a7fba,melee_cutlass_t8_wz
c10fb18d3c6fb07,/melee_cutlass_t8_wz
8abd5d6994ee005,/melee_demohammer_t8_wz
a91671a488877b2,melee_demohammer_t8_wz
f7984926461b23f,/melee_secretsanta_t8_wz
e860e75e6c0dad2,melee_secretsanta_t8_wz
378cf8d2c9c576f,melee_slaybell_t8_wz
1952366b847c5b8,/melee_slaybell_t8_wz
aac3f83134cf2f5,/melee_stopsign_t8_wz
a6ff3b004ec647e,melee_stopsign_t8_wz
8103e5b862ce012,/melee_zombiearm_t8_wz
c0d9bb1b4fa17,melee_zombiearm_t8_wz
2ef7e7146f82403,/o_smart_cover_plant
e0fb69a4d233f53,/o_spikes_planted_idle
d0a48f6586191b6,/o_spikes_stand_plant
9eb8634d742f3e9,/o_zombie_dreamcatcher_idle
a1a72b5d0abd61f,/o_zombie_dreamcatcher_idle_twitch_scan
3df40c7d9b1b4a4,/o_zombie_dreamcatcher_idle_twitch_shake
4f020850e6288a9,/o_zombie_dreamcatcher_idle_twitch_yawn
284157ab3897e7f,/o_zombie_dreamcatcher_intro
a1899a58b0d3b84,/o_zombie_dreamcatcher_outtro
f607d2bab329f78,/o_zombie_dreamcatcher_wallconsume_align_f
f60772bab329546,/o_zombie_dreamcatcher_wallconsume_align_l
f60912bab32c174,/o_zombie_dreamcatcher_wallconsume_align_r
bb0c7f8cdfe19a1,/o_zombie_dreamcatcher_wallconsume_pre_eat_f
bb0bdf8cdfe08a3,/o_zombie_dreamcatcher_wallconsume_pre_eat_l
bb0bbf8cdfe053d,/o_zombie_dreamcatcher_wallconsume_pre_eat_r
f07733fc7cb8bdf,/overwatch_helicopter_mp
55aa583c9e5247a,overwatch_helicopter_mp
3ed556ea51ddc93,/p7_fir_ball_sports_basketball
e0af94e10dcf6ed,/p7_fxanim_cp_lotus_mobile_shops_merch_int_wires_anim
994befeeb76656c,/p7_fxanim_cp_lotus_mobile_shops_merch_int_wires_mod
b8fcc4f291b73ef,/p7_fxanim_gp_fan_electric_standing_01_mod
f838c84306b478b,/p7_fxanim_gp_fan_electric_standing_01_oscillate_anim
eed7aaa1421ce0f,/p7_fxanim_gp_fan_electric_vintage_wall_01_anim
1f3cbe0b102d8ca,/p7_fxanim_gp_fan_electric_vintage_wall_01_mod
b2ee8ea0b6ef30f,/p7_fxanim_gp_fan_electric_wall_01_mod
15d98d46f03126b,/p7_fxanim_gp_fan_electric_wall_01_oscillate_anim
305df4bc91dcb05,/p7_fxanim_gp_lamp_hanging_sin_lamppost_02_idle_anim
7a08cc15e19a787,/p7_fxanim_gp_lamp_hanging_sin_lamppost_02_mod
be5e69b569b4c0f,/p7_fxanim_gp_vent_roof_fast_anim
469f31b9fdb6301,/p7_fxanim_gp_vent_roof_mod
cdfc52376d93c5e,/p7_fxanim_gp_vent_roof_slow_anim
cde95ce1598144a,/p7_fxanim_gp_vent_roof_wobble_anim
427f31da0d0d0af,/p7_fxanim_gp_wire_sparking_ground_01_anim
368a39f0b61eeea,/p7_fxanim_gp_wire_sparking_ground_01_mod
1306936aaef0442,/p7_fxanim_gp_wire_sparking_med_thick_anim
81853c65ef46c59,/p7_fxanim_gp_wire_sparking_med_thick_mod
9d5b4dd31e18fa1,/p7_fxanim_gp_wire_sparking_med_thick_s1_anim
fed0c52e4c7c832,/p7_fxanim_gp_wire_sparking_sml_anim
83fbaceafa723a9,/p7_fxanim_gp_wire_sparking_sml_mod
ea35a4e760f66be,/p7_fxanim_gp_wire_sparking_xlong_thick_anim
d75d0045eb27b65,/p7_fxanim_gp_wire_sparking_xlong_thick_mod
ee91a9c69fb0cbe,/p7_fxanim_gp_wire_sparking_xsml_anim
982795c3c893d65,/p7_fxanim_gp_wire_sparking_xsml_mod
d4e014b426d6361,/p7_fxanim_mou_antenna_radio_01_a_animated
3707ec1ac75efa5,/p7_fxanim_mou_antenna_radio_02_b_animated
11d5e18cb497ec4,/p7_fxanim_mou_antenna_radio_02_c_animated
ac50fde12d101e1,/p7_fxanim_mou_light_emergency_mod
e0a8da85b529783,/p7_fxanim_mp_slums_tarp_plastic_roof_01_mod
55e0e13eeb82099,/p7_fxanim_mp_slums_tarp_plastic_wall_01_mod
28db5ab615fa0f9,/p7_fxanim_mp_slums_wire_control_mod
462659c40fc9101,/p7_fxanim_mp_spire_wire08_anim
76c80100714c6f0,/p7_fxanim_mp_spire_wire08_mod
3e7aa2697cc4b52,/p7_fxanim_zm_zod_summoning_key_mod_small
837461188cf6520,/p7_lab_chemistry_set_beaker
1b59fc6889d0462,/p7_lab_chemistry_set_microscope
76d9eb7317f55f2,/p7_medical_cot
a19b1093f83831,/p7_medical_gauze_roll_sealed
6e1f3b433f79851,/p7_pro_card_key_access
f45844c233b3d48,/p7_wes_cell_jail_rustic_corner_01
f45874c233b4261,/p7_wes_cell_jail_rustic_corner_02
52d643bb35cd13d,/p7_wes_cell_jail_rustic_door_frame
986554d54f265d2,/p7_wes_cell_jail_rustic_section
a4a913f346fe0bb,/p7_wes_door_cell_jail_rustic
89fc70100fac3a7,/p7_zm_asc_chemistry_bottle
d9ea5e4b669e617,/p7_zm_isl_foliage_root_hanging_02
99d6f514f715502,/p7_zm_sta_gibs_arm_r
4cd8d0aa0ecb3b7,/p7_zm_sta_gibs_chunk_bone
abcb147f1a0ebc9,/p7_zm_sta_gibs_head
19abe7da4e5ebca,/p8_aml_chicken_female_01
19abd7da4e5ea17,/p8_aml_chicken_female_02
19abc7da4e5e864,/p8_aml_chicken_female_03
a60554d0aac9bd1,/p8_aml_chicken_male_01
a60534d0aac986b,/p8_aml_chicken_male_03
683ba072ddf9fe5,/p8_backpack_military
103d285e386e919,/p8_cigar_lit
fb1dc1696327c3c,/p8_col_table_chem_lab_full
d0a21e3b41d6bbe,/p8_crab_blue
382ac5ca0de6332,/p8_crab_blue_small
75cc517599ed840,/p8_crab_orange
962b3bb624d5a2d,/p8_crab_red
4bfd09563da2ea1,/p8_foliage_fern_sword_wild_lrg
1d17a175b32d4d6,/p8_foliage_tree_olive_large_b
593f0ca249c53c0,/p8_foliage_tree_palm_coconut_small
d4a9d2bad6aaefa,/p8_foliage_tree_rhododendron_lrg
de26883ada11dd1,/p8_fxanim_core_frontend_zm_lab_bottle_arm_01_anim
dab548e7d14a2e0,/p8_fxanim_core_frontend_zm_lab_bottle_arm_01_mod
92d2181a77e5d3a,/p8_fxanim_core_frontend_zm_lab_bottle_arm_02_anim
ba3b0a67a57c671,/p8_fxanim_core_frontend_zm_lab_bottle_arm_02_mod
f79beed1d392bf3,/p8_fxanim_core_frontend_zm_lab_bottle_arm_03_anim
c874a7f9463098e,/p8_fxanim_core_frontend_zm_lab_bottle_arm_03_mod
e85ae677452ec14,/p8_fxanim_core_frontend_zm_lab_centrifuge_fluid_mod
efaa364e4f3e3e7,/p8_fxanim_core_frontend_zm_lab_centrifuge_mod
2c2d1030f4be3e0,/p8_fxanim_core_frontend_zm_lab_elixir_bottle_fluid_base_mod
a34fa9027c54cbd,/p8_fxanim_core_frontend_zm_lab_flask_glob_01_to_03_mod
578b6f9edf1636a,/p8_fxanim_core_frontend_zm_lab_flask_globs_04_to_06_mod
21bdc8d168a4fe6,/p8_fxanim_core_frontend_zm_lab_flask_globs_07_to_09_mod
66c8f5c97e3bfc8,/p8_fxanim_core_frontend_zm_lab_flask_globs_10_mod
b54b2d4a6c0fb38,/p8_fxanim_core_frontend_zm_lab_flask_tube_fluid_mod
721d8afc1b3c985,/p8_fxanim_core_frontend_zm_lab_mixer_01_anim
45d68e881f96104,/p8_fxanim_core_frontend_zm_lab_mixer_01_mod
6ce1a36496d8dae,/p8_fxanim_core_frontend_zm_lab_mixer_02_anim
324e714371c76f5,/p8_fxanim_core_frontend_zm_lab_mixer_02_mod
2edd7a25cb3d957,/p8_fxanim_core_frontend_zm_lab_mixer_03_anim
17c40ed4efdc812,/p8_fxanim_core_frontend_zm_lab_mixer_03_mod
8f8f98cde054fea,/p8_fxanim_core_frontend_zm_lab_mixer_fluid_01_anim
6982429c07046c1,/p8_fxanim_core_frontend_zm_lab_mixer_fluid_01_mod
9e4249ba5b0b441,/p8_fxanim_core_frontend_zm_lab_mixer_fluid_02_anim
884ce54dec11b30,/p8_fxanim_core_frontend_zm_lab_mixer_fluid_02_mod
42db24a7280060,/p8_fxanim_core_frontend_zm_lab_mixer_fluid_03_anim
7bc2e38a921e013,/p8_fxanim_core_frontend_zm_lab_mixer_fluid_03_mod
1246511daaa3192,/p8_fxanim_core_frontend_zm_lab_talisman_press_mod
6ef04881e8bd77,/p8_fxanim_fire_wire_suspendedlight_bunker_anim
bf63c0e0eee03b2,/p8_fxanim_fire_wire_suspendedlight_bunker_mod
5c544e40724a331,/p8_fxanim_gl_ve_col_tortoise_grass_mod
3ed5a3093de3884,/p8_fxanim_gp_antenna_rooftop_02_mod
aeed722629f2dd7,/p8_fxanim_gp_banner_monastery_burnt_02_anim
81fcd48d23de192,/p8_fxanim_gp_banner_monastery_burnt_02_mod
546d42ba88d73a1,/p8_fxanim_gp_cuckoo_clock_mod
204db56ee26a8e5,/p8_fxanim_gp_debris_water_02_anim
71922ceff6be1e4,/p8_fxanim_gp_debris_water_02_mod
682f83761a04b5e,/p8_fxanim_gp_donut_shop_sign_anim
2805bedf7065085,/p8_fxanim_gp_donut_shop_sign_mod
8192d78a47fcb0e,/p8_fxanim_gp_fish_skeleton_01_mod
27ec3cc20e6bea2,/p8_fxanim_gp_flag_patterned_01_mod
fd796b761284c33,/p8_fxanim_gp_flowers_potted_hanging_01_anim
24266cd266ff1ce,/p8_fxanim_gp_flowers_potted_hanging_01_mod
2b7d5c407320770,/p8_fxanim_gp_foliage_tree_pine_huangshan_anim
4eaf4949f9eb765,/p8_fxanim_gp_foliage_tree_pine_huangshan_lrg_close_anim
946b485938b5964,/p8_fxanim_gp_foliage_tree_pine_huangshan_lrg_close_mod
a0e26985b467c03,/p8_fxanim_gp_foliage_tree_pine_huangshan_mod
224f5c31f38879e,/p8_fxanim_gp_furnish_roof_kiosk_mod
5c476187a6734a1,/p8_fxanim_gp_generator_foil_anim
a7a66de4768a910,/p8_fxanim_gp_generator_foil_mod
76234a1dc8fc18f,/p8_fxanim_gp_lamp_hanging_01_mod
bc9a6ecc72b29a4,/p8_fxanim_gp_light_blk_emergency_red_mod
23b290341a3c9bf,/p8_fxanim_gp_light_hanging_billiard_01_mod
34c78e652ac0786,/p8_fxanim_gp_light_hanging_utility_mod
54176f4fa275554,/p8_fxanim_gp_light_vintage_hanging_01_mod
24c75245c91e785,/p8_fxanim_gp_light_vintage_hanging_02_mod
217baef513ddf41,/p8_fxanim_gp_parrot_orange_mod
eeede992a707649,/p8_fxanim_gp_parrot_scarlet_mod
79b25893d9d0a9f,/p8_fxanim_gp_parrot_yellow_mod
498a0f70f90c806,/p8_fxanim_gp_pigeon_01_mod
18b0eb48acea2bb,/p8_fxanim_gp_planter_hanging_03_mod
65de8968c45e12,/p8_fxanim_gp_planter_hanging_04_mod
c6943367b520b8f,/p8_fxanim_gp_rat_01_mod
b3ff7e2287384c0,/p8_fxanim_gp_raven_01_mod
b341518e714cb56,/p8_fxanim_gp_rollup_blinds_long_01_mod
b530ba2954404ac,/p8_fxanim_gp_rollup_blinds_short_01_mod
217c89f77f43a89,/p8_fxanim_gp_signage_avalanche_shake_mod
a2e66aa214ac64a,/p8_fxanim_gp_signage_cliff_edge_shake_mod
7e1ad03da1e4666,/p8_fxanim_gp_signage_watch_step_shake_mod
6e792fbdd4a23af,/p8_fxanim_gp_tarp_drape_roof_corner_01_mod
9b28b7d4f04a4c4,/p8_fxanim_gp_turbine_circulating_pump_mod
e415071ccaade21,/p8_fxanim_gp_umbrella_pool_mod
4721cc46e54137,/p8_fxanim_gp_vehicle_lb_swat_rappel_drop_anim
76909755e5394d6,p8_fxanim_gp_vehicle_lb_swat_rappel_drop_anim
9a3f561eeb0e99c,/p8_fxanim_gp_vehicle_lb_swat_rappel_mod
9732d9b28506e0c,/p8_fxanim_gp_vehicle_lb_swat_rappel_start_anim
7f6d3b8e49fcee3,p8_fxanim_gp_vehicle_lb_swat_rappel_start_anim
160808fa634884c,/p8_fxanim_gp_vehicle_moving_truck_semi_damaged_mod
e82137c6c854ffe,/p8_fxanim_gp_vista_hot_air_balloon_far_01_mod
7e77f85e706e9f3,/p8_fxanim_gp_vista_hot_air_balloon_far_02_mod
a22840cb84de33b,/p8_fxanim_gp_vista_hot_air_balloon_mid_01_mod
13df5ebd848e246,/p8_fxanim_gp_vista_hot_air_balloon_mid_02_mod
22a90b974a8f7cb,/p8_fxanim_gp_vista_hot_air_balloon_near_01_mod
25004af5c133296,/p8_fxanim_gp_vista_hot_air_balloon_near_02_mod
1e30d23d38f917e,/p8_fxanim_gp_zm_teddybear_mod
f4996a6963e2809,/p8_fxanim_mou_anemometer_mod
30a0b86789e5,/p8_fxanim_mou_pole_light_wind_anim
6063b22258cfce4,/p8_fxanim_mou_pole_light_wind_mod
e80296e9da0db18,/p8_fxanim_mp_austria_finger_trap_button_mod
b14c0f95a327299,/p8_fxanim_mp_austria_finger_trap_mod
f3311a6a96b7288,/p8_fxanim_mp_austria_gondola_canisters_anim
5183d71bb7a09bb,/p8_fxanim_mp_austria_gondola_canisters_mod
7337d195e4c034a,/p8_fxanim_mp_austria_rocket_mod
1cf7d7e3f6cb42,/p8_fxanim_mp_austria_signage_bar_mod
77d63062028fd9c,/p8_fxanim_mp_austria_signage_bauer_mod
5ffbc3694ec19ba,/p8_fxanim_mp_austria_signage_cafe_mod
e3e473b740c23b9,/p8_fxanim_mp_austria_signage_clock_mod
f11aa9afb5b1eb9,/p8_fxanim_mp_austria_signage_hanna_mod
e37d03abcb93d09,/p8_fxanim_mp_austria_signage_stores_02_clothing_mod
8e6b818e0b6e5bd,/p8_fxanim_mp_austria_signage_stores_02_toy_mod
87a7034495afa26,/p8_fxanim_mp_cas_botanical_banner_01_mod
15efe55295ffb1b,/p8_fxanim_mp_cas_botanical_banner_02_mod
7077a46de999278,/p8_fxanim_mp_cas_botanical_banner_03_mod
9797459c85e57da,/p8_fxanim_mp_cas_curved_banner_01_mod
fb335564a63732b,/p8_fxanim_mp_cosmo_hose_hang_anim
93c7a9eba174a6,/p8_fxanim_mp_cosmo_hose_hang_mod
33365735ced02ae,/p8_fxanim_mp_cosmo_rocket_cradle_mod
a9ae7e979cb7f0a,/p8_fxanim_mp_cosmo_water_generator_anim
309bfdb17f36261,/p8_fxanim_mp_cosmo_water_generator_mod
623b6f81ca2a78f,p8_fxanim_mp_drone_seeker_fire_anim
31e9817997a422e,/p8_fxanim_mp_drone_seeker_fire_anim
cce81fc4d838b07,p8_fxanim_mp_drone_seeker_shock_anim
828e858f85f5ad4,/p8_fxanim_mp_drone_seeker_shock_anim
8a80000a3e461d9,/p8_fxanim_mp_ele_curtains_temple_garden_bldg_anim
6c0b7cb1b76d9c8,/p8_fxanim_mp_ele_curtains_temple_garden_bldg_mod
efd4a579a9de87e,/p8_fxanim_mp_ele_flower_pots_gust_anim
9081a92d212bc25,/p8_fxanim_mp_ele_flower_pots_gust_mod
cafea1798ed8be9,/p8_fxanim_mp_ele_hele_rotor_anim
d26937086ffbb78,/p8_fxanim_mp_ele_hele_rotor_mod
355f357e6f8035f,/p8_fxanim_mp_ele_prayer_bell_lrg_anim
a55199493ac80fa,/p8_fxanim_mp_ele_prayer_bell_lrg_mod
3a4ea12185eabbe,/p8_fxanim_mp_ele_sign_hostel_kitchen_anim
c555bd2cbf1a265,/p8_fxanim_mp_ele_sign_hostel_kitchen_mod
de99c6b10d6c743,/p8_fxanim_mp_ele_sign_hostel_restaurant_anim
594639d4c1b703e,/p8_fxanim_mp_ele_sign_hostel_restaurant_mod
23db9fdd7b15c72,/p8_fxanim_mp_ele_sign_pritis_board_anim
e3b25df8bc927e9,/p8_fxanim_mp_ele_sign_pritis_board_mod
fe34310417e59ee,/p8_fxanim_mp_ele_sign_travelers_anim
ac1aab430acb035,/p8_fxanim_mp_ele_sign_travelers_mod
787f7343ae1fbda,/p8_fxanim_mp_emb_balloons_fly_anim
995f0c617299391,/p8_fxanim_mp_emb_balloons_fly_mod
efefa8bb9d8e36a,/p8_fxanim_mp_emb_banner_magiccreatureshoriz_anim
73af433c0f1a541,/p8_fxanim_mp_emb_banner_magiccreatureshoriz_mod
2500d9646b7fa62,/p8_fxanim_mp_emb_float_fishlady_mod
d3e1c7c4894b419,/p8_fxanim_mp_emb_float_narwhal_mod
b19829594528caa,/p8_fxanim_mp_emb_float_octoclam_mod
b69fb0a60b83cdb,/p8_fxanim_mp_emb_float_pirate_shark_mod
14852f76bdd99f5,/p8_fxanim_mp_emb_float_sea_serpent_tentacles_mod
51b3a8632b6d17f,/p8_fxanim_mp_emb_float_sea_snail_mod
a59f42a17ad6832,/p8_fxanim_mp_emb_float_turtle_seahorse_anim
22a0db8a1b03a9,/p8_fxanim_mp_emb_float_turtle_seahorse_mod
7e0d5695d5c8a30,p8_fxanim_mp_eqp_trophy_system_world_anim
741611bc27e1339,/p8_fxanim_mp_eqp_trophy_system_world_anim
fcfbef549b1bcdb,p8_fxanim_mp_eqp_trophy_system_world_open_anim
64cf7b8a3adabcc,/p8_fxanim_mp_eqp_trophy_system_world_open_anim
b94aff7dd5d29dc,/p8_fxanim_mp_frenetic_access_hatch_mod
a7970440f3feb56,/p8_fxanim_mp_frenetic_flyaway_tarp_mod
5aca56c5e186240,/p8_fxanim_mp_frenetic_radar_anim
ecc7d2da4d9f973,/p8_fxanim_mp_frenetic_radar_mod
68571dbd2deddab,/p8_fxanim_mp_frenetic_rock_slide_smod
90c8bcd3c7f662b,/p8_fxanim_mp_frenetic_vines_01_anim
910e4b3057e35a6,/p8_fxanim_mp_frenetic_vines_01_mod
760e76f2c214be8,/p8_fxanim_mp_frenetic_vines_02_anim
1f572d3e583369b,/p8_fxanim_mp_frenetic_vines_02_mod
2929ba82333fb69,/p8_fxanim_mp_frenetic_vines_03_anim
79deec59abccdf8,/p8_fxanim_mp_frenetic_vines_03_mod
5b1560765d72875,/p8_fxanim_mp_geo_geyser_01_mod
c189194279984bd,/p8_fxanim_mp_geo_panel_rocking_anim
fc0a3b90d30891c,/p8_fxanim_mp_geo_panel_rocking_mod
26799f42d1dc64,/p8_fxanim_mp_geo_shakers_hanging_mod
ab7d6aadc37edb7,/p8_fxanim_mp_gridlock_crane_mod
c7f94b0657e6177,/p8_fxanim_mp_gridlock_food_paddles_anim
b286a561847cfb2,/p8_fxanim_mp_gridlock_food_paddles_mod
ffa2877454769e5,/p8_fxanim_mp_gridlock_fuel_tanker_anim
8edb877627d9ce4,/p8_fxanim_mp_gridlock_fuel_tanker_mod
53d2ce967f9fa44,/p8_fxanim_mp_gridlock_ice_cream_cat_anim
250cc1058b0a8b7,/p8_fxanim_mp_gridlock_ice_cream_cat_mod
b1f3576a10ba3bb,/p8_fxanim_mp_gridlock_massage_blinds_left_anim
a8f69648d12e696,/p8_fxanim_mp_gridlock_massage_blinds_left_mod
7261fd90a9c7896,/p8_fxanim_mp_gridlock_massage_blinds_right_anim
cbfc1395a03d99d,/p8_fxanim_mp_gridlock_massage_blinds_right_mod
bfdd582a8090e4c,/p8_fxanim_mp_hacienda_buoy_01_anim
a06abe1eb54427f,/p8_fxanim_mp_hacienda_buoy_01_mod
7c9461d995807f6,/p8_fxanim_mp_hacienda_chandelier_01_anim
80d241b81b6127d,/p8_fxanim_mp_hacienda_chandelier_01_mod
75c61476fcabd1c,/p8_fxanim_mp_hacienda_clock_grandfather_anim
2c75effcc046f6f,/p8_fxanim_mp_hacienda_clock_grandfather_mod
3567a8e623cfa3f,/p8_fxanim_mp_hacienda_floating_debris_anim
ebd45a94cbf7e5a,/p8_fxanim_mp_hacienda_floating_debris_mod
cec06c46049acd6,/p8_fxanim_mp_hacienda_shark_tank_foot_anim
3a22a11492380dd,/p8_fxanim_mp_hacienda_shark_tank_foot_mod
6f6a621b7a485b,/p8_fxanim_mp_haciendaveh_sea_sailboat_01_anim
b46200654eba9b6,/p8_fxanim_mp_haciendaveh_sea_sailboat_01_mod
635db22cac45161,/p8_fxanim_mp_havana_table_wood_dining_cloth_mod
749464026c77bb1,/p8_fxanim_mp_icebreaker_antenna_01_mod
3fdf27e5f429c20,/p8_fxanim_mp_icebreaker_antenna_02_mod
c5c504dd4091c03,/p8_fxanim_mp_icebreaker_antenna_03_mod
f1962a116b4534d,/p8_fxanim_mp_icebreaker_ice_shelf_anim
ee1e60176f1f44c,/p8_fxanim_mp_icebreaker_ice_shelf_mod
a3026b8fae1289a,/p8_fxanim_mp_icebreaker_light_generator_01_mod
2f5030b0b4563c4,/p8_fxanim_mp_icebreaker_usa_station_array_solar_mod
d690189a2d82d3e,/p8_fxanim_mp_icebreaker_wires_01_mod
64379dce5d78bcc,/p8_fxanim_mp_jungle2_alt_boat_canoe_anim
2815bede5960eff,/p8_fxanim_mp_jungle2_alt_boat_canoe_mod
95adcb9eb3d056a,/p8_fxanim_mp_jungle2_alt_boat_sml_anim
7d3fa9b6fd7fb41,/p8_fxanim_mp_jungle2_alt_boat_sml_mod
1f4767c2d5ba7ba,/p8_fxanim_mp_jungle2_alt_boat_zodiac_anim
e9a8f01af0711f1,/p8_fxanim_mp_jungle2_alt_boat_zodiac_mod
55a38271b7d1e50,/p8_fxanim_mp_mal_border_shark_01_anim
b55b1edeae92663,/p8_fxanim_mp_mal_border_shark_01_mod
207c2f78a987a93,/p8_fxanim_mp_mal_border_shark_02_anim
79c45df87b0f0ae,/p8_fxanim_mp_mal_border_shark_02_mod
aea0364fe1302da,/p8_fxanim_mp_mal_border_shark_03_anim
8eda3b522caf091,/p8_fxanim_mp_mal_border_shark_03_mod
2282ac3ff50935b,/p8_fxanim_mp_mal_laser_crystal_mod
45db2b4d84df1d1,/p8_fxanim_mp_mal_laser_weapon_mod
b118bcc292da0de,/p8_fxanim_mp_maldives_dock_speed_boat_mod
ec691f2e069ef5b,/p8_fxanim_mp_maldives_dock_straps_mod
fad7eae860aa26c,/p8_fxanim_mp_maldives_dock_sub_mod
121ce644e231f98,/p8_fxanim_mp_maldives_power_core_center_anim
5ef5ad04d633eb,/p8_fxanim_mp_maldives_power_core_center_mod
6a27085764262a1,/p8_fxanim_mp_maldives_power_core_flaps_anim
6a4a2e20f7dc310,/p8_fxanim_mp_maldives_power_core_flaps_mod
6c8de44714c7f36,/p8_fxanim_mp_maldives_power_core_pipes_anim
8d003a5e23074bd,/p8_fxanim_mp_maldives_power_core_pipes_mod
5aebf5cafe97106,/p8_fxanim_mp_militia_cabin_bell_01_anim
26e88ade36b3ad,/p8_fxanim_mp_militia_cabin_bell_01_mod
7c67e3fd39cc99a,/p8_fxanim_mp_militia_pulley_anim
50ff5a5292ce151,/p8_fxanim_mp_militia_pulley_mod
39ae52ed386b858,/p8_fxanim_mp_militia_wooden_sign_01_mod
9c5f7722b242f8,/p8_fxanim_mp_morocco_banner_taught_01_anim
abfcb13715fcb,/p8_fxanim_mp_morocco_banner_taught_01_mod
40b10852d157fbb,/p8_fxanim_mp_morocco_banner_taught_02_anim
3033c0fadb9a96,/p8_fxanim_mp_morocco_banner_taught_02_mod
d0b80eeed5c72d,/p8_fxanim_mp_morocco_macv_tower_anim
537d00f43992aac,/p8_fxanim_mp_morocco_macv_tower_mod
9cd9f09006181d0,/p8_fxanim_mp_morocco_marketplace_cables_lamps
5a4906df8759d9f,/p8_fxanim_mp_morocco_parachute_01_anim
77b82411230063a,/p8_fxanim_mp_morocco_parachute_01_mod
295f0628cadabef,/p8_fxanim_mp_morocco_parachute_02_mod
d83144fce67e3c2,/p8_fxanim_mp_morocco_sign_fortune_teller_anim
3b9d5ef091d4ed9,/p8_fxanim_mp_morocco_sign_fortune_teller_mod
95023faf9e97758,/p8_fxanim_mp_morocco_sign_smoke_lounge_anim
e613fe0939692ab,/p8_fxanim_mp_morocco_sign_smoke_lounge_mod
6aedb63decdeead,/p8_fxanim_mp_mou_wires_set_gondola_anim
3d9e18073d1a52c,/p8_fxanim_mp_mou_wires_set_gondola_mod
3a91d036777bf39,/p8_fxanim_mp_nt4_missile_mod
3c791a2c9167cd,/p8_fxanim_mp_nt4_uaz_mod
74b6bfccb3c1478,/p8_fxanim_mp_offshore_alt_crate_door_anim
863ec411598884b,/p8_fxanim_mp_offshore_alt_crate_door_mod
13644a517315e49,/p8_fxanim_mp_offshore_alt_mine_floating_mod
b60749364b6fea5,/p8_fxanim_mp_offshore_artillery_volley_mod
cab75e1513b7823,/p8_fxanim_mp_offshore_boat_01_mod
7c7b97f28380e8f,/p8_fxanim_mp_offshore_crate_door_mod
49282ac217c3d1b,/p8_fxanim_mp_offshore_hut_shutters_mod
4c3b024b11cefeb,/p8_fxanim_mp_offshore_ship_merchant_vista_anim
6a6d26459f74866,/p8_fxanim_mp_offshore_ship_merchant_vista_mod
bd4e9ee1dbd5c4a,/p8_fxanim_mp_silo_conveyer_crane_01_anim
cda7ceb0153cca1,/p8_fxanim_mp_silo_conveyer_crane_01_mod
57b0ca6b2910ba1,/p8_fxanim_mp_silo_conveyer_crane_02_anim
54c271137a5f610,/p8_fxanim_mp_silo_conveyer_crane_02_mod
8faf6f683988670,/p8_fxanim_mp_silo_missle_deploy_anim
b44090d2708103,/p8_fxanim_mp_silo_missle_deploy_mod
6a8fcc2c20c3150,/p8_fxanim_mp_silo_netting_orange_01_mod
9d0f4c82cc9a4be,/p8_fxanim_mp_silo_netting_orange_03_mod
619e0e005de3c1f,/p8_fxanim_mp_silo_netting_orange_04_mod
4047ab91d63281c,/p8_fxanim_mp_silo_netting_orange_05_mod
a41f2a69d228aad,/p8_fxanim_mp_silo_netting_orange_06_mod
40471cf07ae97c7,/p8_fxanim_mp_silo_rocks_fall_01_smod
56cf22bc699dc50,/p8_fxanim_mp_silo_rocks_fall_02_smod
82feca34813ed85,/p8_fxanim_mp_silo_rocks_fall_03_smod
1255e9733ab0da4,/p8_fxanim_mp_silo_satelite_01_anim
7eb3026882d4d97,/p8_fxanim_mp_silo_satelite_01_mod
7980a107c821e6c,/p8_fxanim_mp_silo_sign_post_01_mod
31c856ef5d801f6,/p8_fxanim_mp_silo_sign_post_02_anim
cef3fe9abb5307d,/p8_fxanim_mp_silo_sign_post_02_mod
27e7e8fbf007c5f,/p8_fxanim_mp_silo_sign_post_03_anim
6e00001942ba3fa,/p8_fxanim_mp_silo_sign_post_03_mod
871f02cb6924dc3,/p8_fxanim_mp_silo_sign_post_04_mod
352eb8d16df491c,/p8_fxanim_mp_skate_air_dancer_anim
8978628905fb36f,/p8_fxanim_mp_skate_air_dancer_mod
1383271dee6372d,/p8_fxanim_mp_skate_ferris_wheel_anim
6ef2fadccaefaac,/p8_fxanim_mp_skate_ferris_wheel_mod
151b0d743c14a96,/p8_fxanim_mp_urban_artillery_anim
190d59108eebf9d,/p8_fxanim_mp_urban_artillery_mod
77a304cb55cbdce,/p8_fxanim_mp_urban_hellstorm_crane_anim
c16254a68cb3595,/p8_fxanim_mp_urban_hellstorm_crane_mod
36ef29fc9a04ac,/p8_fxanim_mp_urban_vehicle_testing_mod
39d354bb078f791,/p8_fxanim_mp_wmd_hanging_missile_anim
f0e6bd4fdebdea0,/p8_fxanim_mp_wmd_hanging_missile_mod
799a7623382f0e4,/p8_fxanim_mp_wmd_hook_mod
97a81de29ae00ae,/p8_fxanim_mp_wmd_pipes_hanging_anim
dc40bcdfb02b7f5,/p8_fxanim_mp_wmd_pipes_hanging_mod
180ed2f77feacb1,/p8_fxanim_mp_wmd_rus_sign_mod
941d89066bc1de5,/p8_fxanim_mp_wmd_satellite_dish_mod
651e97809d3808e,/p8_fxanim_mp_wmd_train_anim
534ddc57ed15f55,/p8_fxanim_mp_wmd_train_mod
d33f63942b86eda,/p8_fxanim_mp_zmuseum_bus_zombie_driver_anim
da99b702e21d491,/p8_fxanim_mp_zmuseum_bus_zombie_driver_mod
82c2ffab7844ef7,/p8_fxanim_mp_zmuseum_duckboat_float_mod
29d403a8376f26e,/p8_fxanim_mp_zmuseum_moon_jump_pad_anim
a500f099ee075b5,/p8_fxanim_mp_zmuseum_moon_jump_pad_mod
4f3035f3905b5ea,/p8_fxanim_mp_zmuseum_zod_magic_box_mod
6eeb74a0545b3d7,/p8_fxanim_nt4_gate_anim
c453d9da83e4392,/p8_fxanim_nt4_gate_mod
296ea0896404ff,/p8_fxanim_reptile_lizard_skink_02
2f864bd7261e761,/p8_fxanim_reptile_lizard_skink_blue_01
2f861bd7261e248,/p8_fxanim_reptile_lizard_skink_blue_02
9c4148086917973,/p8_fxanim_sta_garage_central_vacuum_hanging_01_mod
5ea8770c0fdf7e,/p8_fxanim_sta_garage_central_vacuum_hanging_02_mod
1c1669cc4ed910c,/p8_fxanim_sta_garage_door
60cd6f1fb0199b1,/p8_fxanim_test_concertina_wire_mod
2c053365dc23c6,p8_fxanim_wz_death_stash_empty_anim
6deffb136ebb933,/p8_fxanim_wz_death_stash_empty_anim
aa12fae53afeb24,/p8_fxanim_wz_death_stash_mod
27af6a88eac2d97,/p8_fxanim_wz_death_stash_used_anim
5ffca07b30d13ac,p8_fxanim_wz_death_stash_used_anim
c886803d828814b,/p8_fxanim_wz_floating_buoy_anim
153e1742d47de46,/p8_fxanim_wz_floating_buoy_mod
c5b7af1c8febae8,/p8_fxanim_wz_parachute_supplydrop_mod
31aa54917aa706f,/p8_fxanim_wz_parachute_supplydrop_tank_mod
2f1743fd3ab705e,/p8_fxanim_wz_supply_stash_04_mod
402c75b0c3f66cd,p8_fxanim_wz_supply_stash_04_open_anim
22cb0e0d011375e,/p8_fxanim_wz_supply_stash_04_open_anim
7ee87c35230ee96,p8_fxanim_wz_supply_stash_04_used_anim
68404896b272e81,/p8_fxanim_wz_supply_stash_04_used_anim
58f546d427b27b4,/p8_fxanim_wz_supply_stash_ammo_mod
80ef814cf39ab0b,/p8_fxanim_wz_wind_turbine_blades_sml_mod
ec3362ef9e6fa72,/p8_fxanim_zm_esc_bathtub_filling_mod
5c9ee5aa39ec34f,/p8_fxanim_zm_esc_blast_afterlife_mod
4eff49c844cc8b3,/p8_fxanim_zm_esc_blast_afterlife_seagull_ghost_mod
f5377d52f2c7dc2,/p8_fxanim_zm_esc_blundergat_fireplace_hover_anim
b080088f1354cd9,/p8_fxanim_zm_esc_blundergat_fireplace_hover_mod
8262a19e0c1f0df,/p8_fxanim_zm_esc_crane_mod
7f25034af3b0e37,/p8_fxanim_zm_esc_crumbling_rocks_lavapit_warden_anim
f8f0c7596fc4272,/p8_fxanim_zm_esc_crumbling_rocks_lavapit_warden_mod
6a8d61743792fe6,/p8_fxanim_zm_esc_door_lab_double_mod
a77eeb762e1ead7,/p8_fxanim_zm_esc_generator_lrg_mod
45c5c117990aa1a,/p8_fxanim_zm_esc_generator_lrg_off_anim
ae819cccecf739c,/p8_fxanim_zm_esc_generator_lrg_on_anim
4d18003766e59f,/p8_fxanim_zm_esc_golden_nugget_anim
76ba83aef059e3a,/p8_fxanim_zm_esc_golden_nugget_mod
4a214d3c5bd10f4,/p8_fxanim_zm_esc_gondola_wires_smod
a4b0d0056d1b0b2,/p8_fxanim_zm_esc_hells_retriever_pillar_mod
dcc512d74f33fd1,/p8_fxanim_zm_esc_lab_door_map_mod
353751511abedfc,/p8_fxanim_zm_esc_lab_door_mod
8c9be83fa0a58f3,/p8_fxanim_zm_esc_lab_map_burning_smod
4760c280cd7792,/p8_fxanim_zm_esc_lighthouse_explosion_pristine_smod
b10b88bd8332af3,/p8_fxanim_zm_esc_lighthouse_explosion_smod
ec10ffab8682700,/p8_fxanim_zm_esc_power_panel_bldg64_01_mod
d216dbfb3ce0863,/p8_fxanim_zm_esc_power_panel_bldg64_01_off_anim
7276f4259df2757,/p8_fxanim_zm_esc_power_panel_bldg64_01_on_anim
c4467ec85aed611,/p8_fxanim_zm_esc_power_panel_bldg64_02_mod
561421fcac23bb8,/p8_fxanim_zm_esc_power_panel_bldg64_02_off_anim
16e39ee50028bca,/p8_fxanim_zm_esc_power_panel_bldg64_02_on_anim
af30a16ea94d62e,/p8_fxanim_zm_esc_power_panel_bldg64_03_mod
e75296bedde163d,/p8_fxanim_zm_esc_power_panel_bldg64_03_off_anim
abdd9fdfce2e59,/p8_fxanim_zm_esc_power_panel_bldg64_03_on_anim
e45eff08dea9b4f,/p8_fxanim_zm_esc_power_panel_bldg64_04_mod
c97bdf24030212,/p8_fxanim_zm_esc_power_panel_bldg64_04_off_anim
9582331c7b4b494,/p8_fxanim_zm_esc_power_panel_bldg64_04_on_anim
c0144bf62487eeb,/p8_fxanim_zm_esc_power_panel_phouse_01_mod
798fb9049f1eafe,/p8_fxanim_zm_esc_power_panel_phouse_01_off_anim
b537d8ee2bd09c0,/p8_fxanim_zm_esc_power_panel_phouse_01_on_anim
555b48546d5c636,/p8_fxanim_zm_esc_power_panel_phouse_02_mod
25c4885a4fe75c5,/p8_fxanim_zm_esc_power_panel_phouse_02_off_anim
5d4ac708b635141,/p8_fxanim_zm_esc_power_panel_phouse_02_on_anim
adcfab0799678d9,/p8_fxanim_zm_esc_power_panel_phouse_03_mod
84f4010b3f8bf80,/p8_fxanim_zm_esc_power_panel_phouse_03_off_anim
86c99a5f2c4252,/p8_fxanim_zm_esc_power_panel_phouse_03_on_anim
8837ea28d6125f4,/p8_fxanim_zm_esc_power_panel_phouse_04_mod
15a7aebb13b7cc7,/p8_fxanim_zm_esc_power_panel_phouse_04_off_anim
c1de21e04e3918b,/p8_fxanim_zm_esc_power_panel_phouse_04_on_anim
6eabc729fe04577,/p8_fxanim_zm_esc_power_panel_phouse_05_mod
ec922919945177a,/p8_fxanim_zm_esc_power_panel_phouse_05_off_anim
e7bd670dc9088fc,/p8_fxanim_zm_esc_power_panel_phouse_05_on_anim
d68549442682c42,/p8_fxanim_zm_esc_power_panel_phouse_06_mod
d83c8ede7dc1421,/p8_fxanim_zm_esc_power_panel_phouse_06_off_anim
43a96b6d4fd874d,/p8_fxanim_zm_esc_power_panel_phouse_06_on_anim
ae2747bba0f2725,/p8_fxanim_zm_esc_power_panel_phouse_07_mod
aab33357898040c,/p8_fxanim_zm_esc_power_panel_phouse_07_off_anim
d97855a553b801e,/p8_fxanim_zm_esc_power_panel_phouse_07_on_anim
74cc65a159cf4d0,/p8_fxanim_zm_esc_power_panel_phouse_08_mod
520130c56aad73,/p8_fxanim_zm_esc_power_panel_phouse_08_off_anim
626f4096e564647,/p8_fxanim_zm_esc_power_panel_phouse_08_on_anim
797cfedaf91f263,/p8_fxanim_zm_esc_power_station_panel_01_mod
72ffac4170e376,/p8_fxanim_zm_esc_power_station_panel_01_off_anim
9eb744066a34058,/p8_fxanim_zm_esc_power_station_panel_01_on_anim
3de63df4c59bcae,/p8_fxanim_zm_esc_power_station_panel_02_mod
eea7bb4e5f439bd,/p8_fxanim_zm_esc_power_station_panel_02_off_anim
d42771e921abcd9,/p8_fxanim_zm_esc_power_station_panel_02_on_anim
52fc1b4e773bc91,/p8_fxanim_zm_esc_power_station_panel_03_mod
5d69468c2d85f38,/p8_fxanim_zm_esc_power_station_panel_03_off_anim
e04d36d024f1a4a,/p8_fxanim_zm_esc_power_station_panel_03_on_anim
cbec8b0d6b21b2,/p8_fxanim_zm_esc_power_switch_mod
404df6d87cdf111,/p8_fxanim_zm_esc_power_switch_off_anim
e838edd1a95a1d,/p8_fxanim_zm_esc_power_switch_on_anim
6faf254c9b65a70,/p8_fxanim_zm_esc_recreationyard_rocks_a_smod
a8b9c7a3f52ade7,/p8_fxanim_zm_esc_recreationyard_rocks_b_smod
5fddc983acf1cb2,/p8_fxanim_zm_esc_recreationyard_rocks_c_smod
ee26adc5b4fb223,/p8_fxanim_zm_esc_shockbox_damaged_mod
8798f851ceee82f,/p8_fxanim_zm_esc_shockbox_mod
286defe8022d8b2,/p8_fxanim_zm_esc_shockbox_off_anim
bf2dc9da7ad0534,/p8_fxanim_zm_esc_shockbox_on_anim
e6d2338aa0b072e,/p8_fxanim_zm_esc_smelter_ghost_mod
79abbc504f50291,/p8_fxanim_zm_esc_trap_fan_mod
15f4a70e101f164,/p8_fxanim_zm_esc_trap_spinning_mod
f74e81fcacdcc9a,/p8_fxanim_zm_esc_warden_powerbox_mod
7fb8ca5a22841c7,/p8_fxanim_zm_esc_water_tower_mod
225c8fb26104bed,/p8_fxanim_zm_esc_wires_catwalk_smod
e0dab4f16cd4ca5,/p8_fxanim_zm_man_atlas_control_panel_idle_anim
1f0de997aa48567,/p8_fxanim_zm_man_atlas_control_panel_mod
83b10fc06cde1e4,/p8_fxanim_zm_man_atlas_mod
16899523d93b480,/p8_fxanim_zm_man_atlas_rings_mod
8e1dea6e004635f,/p8_fxanim_zm_man_barricade_exterior_01_mod
52872987ccc2daa,/p8_fxanim_zm_man_barricade_exterior_02_mod
ce24b6ffd6650fb,/p8_fxanim_zm_man_barricade_interior_mod
f2e6492580261f5,/p8_fxanim_zm_man_beam_device_mod
ff0f2e1c0586165,/p8_fxanim_zm_man_bookcase_03_anim
9dfeb3fb8b20764,/p8_fxanim_zm_man_bookcase_03_mod
cb5109b14978ad2,/p8_fxanim_zm_man_bookcase_04_anim
fabe961f79d9cc9,/p8_fxanim_zm_man_bookcase_04_mod
b2e4bf21bdf5cd7,/p8_fxanim_zm_man_chandelier_fall_anim
258b0b7596f7692,/p8_fxanim_zm_man_chandelier_fall_mod
a447a5d7496f250,/p8_fxanim_zm_man_clock_01_anim
2847bd652830c89,/p8_fxanim_zm_man_clock_01_idle_anim
99676a47ab60263,/p8_fxanim_zm_man_clock_01_mod
6f2052de3b24e93,/p8_fxanim_zm_man_clock_02_anim
e6e0c8c8e704ec4,/p8_fxanim_zm_man_clock_02_idle_anim
5dd0a96177dccae,/p8_fxanim_zm_man_clock_02_mod
fd4459b572cd6da,/p8_fxanim_zm_man_clock_03_anim
72e686bb297cc91,/p8_fxanim_zm_man_clock_03_mod
4f926ab7f304894,/p8_fxanim_zm_man_crypt_anim
6540ebc0b83a267,/p8_fxanim_zm_man_crypt_mod
1b3fad44a0dfeaa,/p8_fxanim_zm_man_cryptex_case_anim
fbc7668e2d3b081,/p8_fxanim_zm_man_cryptex_case_mod
8ec40766d59e28d,/p8_fxanim_zm_man_dome_crank_wheel_anim
579c5b4df41318c,/p8_fxanim_zm_man_dome_crank_wheel_mod
bbfebc389585192,/p8_fxanim_zm_man_door_explode_anim
fa84622834fb789,/p8_fxanim_zm_man_door_explode_mod
28d38353b17a37e,/p8_fxanim_zm_man_druid_door_mod
1f885c451b0080d,/p8_fxanim_zm_man_grave_lid_break_anim
8a474f24178b60c,/p8_fxanim_zm_man_grave_lid_break_mod
37fd4f5ec1c8570,/p8_fxanim_zm_man_ka01_mod
5ba3325eb86ed01,/p8_fxanim_zm_man_ka02_mod
6a7ccfb56d9f8de,/p8_fxanim_zm_man_ka03_mod
b6085d69af7b7a8,/p8_fxanim_zm_man_pap_drawers_anim
f465b3b225e921,/p8_fxanim_zm_man_pap_drawers_idle_anim
cc575fcbadae05b,/p8_fxanim_zm_man_pap_drawers_mod
c3f280bc38c3e61,/p8_fxanim_zm_man_pap_graveyard_anim
e7c1a3196a61662,/p8_fxanim_zm_man_pap_graveyard_idle_anim
4ec6bd69962cbd0,/p8_fxanim_zm_man_pap_graveyard_mod
4b86f812a2375a6,/p8_fxanim_zm_man_pap_lantern_anim
bdf7993ed2503ef,/p8_fxanim_zm_man_pap_lantern_idle_anim
43f747f316ce8cd,/p8_fxanim_zm_man_pap_lantern_mod
42da193cdc1bb02,/p8_fxanim_zm_man_pap_platter_anim
b94495eee2144e3,/p8_fxanim_zm_man_pap_platter_idle_anim
47b3a739df17019,/p8_fxanim_zm_man_pap_platter_mod
2f4d8bfb372b561,/p8_fxanim_zm_man_pap_quest_entrance_room_anim
ee90756830c1b62,/p8_fxanim_zm_man_pap_quest_entrance_room_idle_anim
27a90bb5a60f8d0,/p8_fxanim_zm_man_pap_quest_entrance_room_mod
8cdbf1e469423ee,/p8_fxanim_zm_man_pap_quest_statue_fountain_anim
bca0d101752c217,/p8_fxanim_zm_man_pap_quest_statue_fountain_idle_anim
e19dc6c6cb6be35,/p8_fxanim_zm_man_pap_quest_statue_fountain_mod
3b4146078f24889,/p8_fxanim_zm_man_pap_quest_statue_garden_anim
447771d37bcf44a,/p8_fxanim_zm_man_pap_quest_statue_garden_idle_anim
1a1eab58fb2a598,/p8_fxanim_zm_man_pap_quest_statue_garden_mod
10bd1b7928fdbad,/p8_fxanim_zm_man_pap_safe_anim
60f6d20d33c2236,/p8_fxanim_zm_man_pap_safe_idle_anim
52acbb46eef842c,/p8_fxanim_zm_man_pap_safe_mod
2da0872b015576b,/p8_fxanim_zm_man_pap_sarcophagus_close_anim
5362a833f55da8b,/p8_fxanim_zm_man_pap_sarcophagus_idle_anim
39809f000d83921,/p8_fxanim_zm_man_pap_sarcophagus_mod
6267d17b6d0db5,/p8_fxanim_zm_man_pap_sarcophagus_open_anim
4b7541f813abbee,/p8_fxanim_zm_man_pap_wall_anim
bf29073a8af8a17,/p8_fxanim_zm_man_pap_wall_idle_anim
f721124a139c635,/p8_fxanim_zm_man_pap_wall_mod
962ab06f0d0e25f,/p8_fxanim_zm_man_power_seq_01_anim
bacbb40d2aaa5fa,/p8_fxanim_zm_man_power_seq_01_mod
a4306a8e29c4d5c,/p8_fxanim_zm_man_power_seq_02_anim
a2d2962500b74af,/p8_fxanim_zm_man_power_seq_02_mod
40b49eb998b7ed,/p8_fxanim_zm_man_power_seq_03_anim
c64c54fbb01206c,/p8_fxanim_zm_man_power_seq_03_mod
b532178af67353a,/p8_fxanim_zm_man_power_seq_04_anim
b4ba1595cef8e71,/p8_fxanim_zm_man_power_seq_04_mod
bbbfa9449cb9c74,/p8_fxanim_zm_man_telescope_anim
2621501155a67ae,/p8_fxanim_zm_man_telescope_control_gears_mod
9b7be3a85349bc7,/p8_fxanim_zm_man_telescope_mod
ed2286cb394ddde,/p8_fxanim_zm_man_wm_01_anim
d51ce989e3a107,/p8_fxanim_zm_man_wm_01_idle_anim
cc448e9f7cd3405,/p8_fxanim_zm_man_wm_01_mod
86ac8290b19d5b8,/p8_fxanim_zm_man_wm_stick_01_mod
11a4659a8986889,/p8_fxanim_zm_man_wm_stick_02_mod
ff1be1b5af50c66,/p8_fxanim_zm_man_wm_stick_03_mod
7e7cc4a964ec2e7,/p8_fxanim_zm_man_wm_stick_04_mod
7e8483766c9aa24,/p8_fxanim_zm_man_wm_stick_05_mod
ea1712dc28bf689,/p8_fxanim_zm_mansion_prima_machine_idle_anim
89035196cd63c63,/p8_fxanim_zm_mansion_prima_machine_mod
7dbe860429d3cc5,/p8_fxanim_zm_mansion_prima_machine_start_anim
d6775295cd1eeaf,/p8_fxanim_zm_off_president_plaque_hidden
336c89342de6c25,/p8_fxanim_zm_office_code_mech
6f571fae107832a,/p8_fxanim_zm_office_glass_barrier
b07812d918c878e,/p8_fxanim_zm_office_wall_barrier
d49352a80455735,/p8_fxanim_zm_office_wormhole_anim
d4ccce7c97f41ca,/p8_fxanim_zm_orange_frozen_key
8c684a4480c2f8f,/p8_fxanim_zm_orange_pap_animator
df0adadb4bb2514,/p8_fxanim_zm_orange_reel_to_reel_recorder
a26eba1d15b3ec0,/p8_fxanim_zm_orange_ship_hatch_door
c4fe84e657b3176,/p8_fxanim_zm_orange_trap_switch_box
e3cec301c4bac21,/p8_fxanim_zm_orange_vault_door
4e97533a6f52493,/p8_fxanim_zm_perk_vending_brew_mod
1b25eb19c377572,/p8_fxanim_zm_perk_vending_cola_mod
48d718b1190c13a,/p8_fxanim_zm_perk_vending_soda_mod
11210ab24ee61e6,/p8_fxanim_zm_perk_vending_tonic_mod
c8ac63d3be20125,/p8_fxanim_zm_red_ankh_chaos_mod
18f9fe1e38ed914,/p8_fxanim_zm_red_apollo_arrow_dmg_mod
71bc839fd5e18e4,/p8_fxanim_zm_red_ballista_mod
83a2590e19b1445,/p8_fxanim_zm_red_bathhouse_mirror_mod
5293711be1eedf1,/p8_fxanim_zm_red_bellows_anim
b3ed775826a4280,/p8_fxanim_zm_red_bellows_mod
a07d35f0a45c5e9,/p8_fxanim_zm_red_bellows_wheel_anim
cf19391db45418,/p8_fxanim_zm_red_fountain_prism_mod
e309d4bbb485f81,/p8_fxanim_zm_red_gaia_bush_mod
eaee14df89168e5,/p8_fxanim_zm_red_gaia_portal_mod
c7a4f1101177280,/p8_fxanim_zm_red_gaia_spikes_mod
3bf7248f872a5c6,/p8_fxanim_zm_red_gaia_sprout_mod
6c5eb8a5845b024,/p8_fxanim_zm_red_gear_wall_01_mod
ae1615fd7ac3515,/p8_fxanim_zm_red_gear_wall_02_mod
3e4c38f254a1732,/p8_fxanim_zm_red_gear_wall_03_mod
4b4d797be43755e,/p8_fxanim_zm_red_hemera_mirror_mod
8041d4d55cea07a,/p8_fxanim_zm_red_oil_trail_01_anim
c8e71d1546dccb1,/p8_fxanim_zm_red_oil_trail_01_mod
8368ecca8789b11,/p8_fxanim_zm_red_oil_trail_02_anim
9431e0f8ce8ed20,/p8_fxanim_zm_red_oil_trail_02_mod
b02bcd0cb838a70,/p8_fxanim_zm_red_oil_trail_03_anim
1a17bdf01af6d03,/p8_fxanim_zm_red_oil_trail_03_mod
2ba5ab86fa22970,/p8_fxanim_zm_red_omphalos_crystal_front_mod
19da87dd638729a,/p8_fxanim_zm_red_omphalos_crystal_left_mod
e36e246e5f62839,/p8_fxanim_zm_red_omphalos_crystal_right_mod
a16db52bc41d1af,/p8_fxanim_zm_red_omphalos_egg_mod
a281f9c8552d1eb,/p8_fxanim_zm_red_ouranos_feather_mod
6330e7b9698df7,/p8_fxanim_zm_red_ra_wall_anim
8cd33ab8e2cb132,/p8_fxanim_zm_red_ra_wall_mod
1d2108692fd5707,/p8_fxanim_zm_red_shrine_charon_lantern_anim
964960b3e392d11,/p8_fxanim_zm_red_shrine_hemera_anim
12c2f24e1691320,/p8_fxanim_zm_red_shrine_hemera_mod
9f97cd8d1b806f3,/p8_fxanim_zm_red_spartoi_rise_anim
fe0516894cd428e,/p8_fxanim_zm_red_spartoi_rise_mod
b80f48dbee468f1,/p8_fxanim_zm_red_spartoi_rise_no_helm_mod
4958c8701decc95,/p8_fxanim_zm_red_spartoi_rise_spear_anim
349348a40cc2a74,/p8_fxanim_zm_red_spartoi_rise_spear_mod
c7d247506aa63cf,/p8_fxanim_zm_red_spartoi_rise_spear_no_helm_mod
1309cb22698e6d2,/p8_fxanim_zm_red_statue_king_01_mod
6ba44956e399d07,/p8_fxanim_zm_red_statue_king_02_mod
aac4ad56afa3c4,/p8_fxanim_zm_red_statue_king_03_mod
26dc65fedc1b45a,/p8_fxanim_zm_red_statue_philosopher_01_mod
ee34816b22830f,/p8_fxanim_zm_red_statue_philosopher_02_mod
a396f58eaaca926,/p8_fxanim_zm_red_statue_spartan_01_mod
ebafc8151f3dcd8,/p8_fxanim_zm_red_statue_spartan_02a_mod
53fd7cb89b93c2c,/p8_fxanim_zm_red_statue_spartan_06a_mod
1de15faebc7693d,/p8_fxanim_zm_red_statue_spartan_06b_mod
782f11ec0c302e4,/p8_fxanim_zm_red_statue_spartan_07_mod
56f40172843fdbd,/p8_fxanim_zm_red_sundial_inner_doors_mod
e694a596adc9b74,/p8_fxanim_zm_red_sundial_middle_doors_mod
eda97b088396496,/p8_fxanim_zm_red_sundial_outer_doors_mod
3ea7473e50c5b4a,/p8_fxanim_zm_red_vapor_altar_ra_anim
ca35ad10df5700b,/p8_fxanim_zm_red_vapor_altar_ra_arms_mod
e29176cc8b351a1,/p8_fxanim_zm_red_vapor_altar_ra_mod
a64ebbda0de9a18,/p8_fxanim_zm_red_wall_roots_01_mod
92cfa2500f475bc,/p8_fxanim_zm_red_ww_hand_charon_mod
8d1442825419a0b,/p8_fxanim_zm_red_ww_hand_gaia_mod
54cf1d765c2de11,/p8_fxanim_zm_red_ww_hand_hemera_mod
39610648db2a0c2,/p8_fxanim_zm_red_ww_hand_ouranos_mod
5bd70c669ef0c35,/p8_fxanim_zm_red_ww_handle_float_anim
f84810e39612894,/p8_fxanim_zm_red_ww_handle_float_mod
56c626211de2218,/p8_fxanim_zm_red_ww_shell_mound_anim
e42767fda5539cb,/p8_fxanim_zm_red_ww_shell_mound_dks_anim
2a860e60b2703c6,/p8_fxanim_zm_red_ww_shell_mound_dks_mod
353896fcf24e76b,/p8_fxanim_zm_red_ww_shell_mound_mod
286a784f25f33df,/p8_fxanim_zm_red_ww_shell_rubble_anim
7e7ddac387b4e7a,/p8_fxanim_zm_red_ww_shell_rubble_mod
bf5de317d1dff11,/p8_fxanim_zm_towers_banner_achievement_green_mod
3590ff1ebabea60,/p8_fxanim_zm_towers_boss_arena_gate_destroy_anim
d2d8f7237b54e13,/p8_fxanim_zm_towers_boss_arena_gate_destroy_mod
f5a3d98a8f763cc,/p8_fxanim_zm_towers_boss_arena_gate_raise_01_anim
c335b800ae98a0f,/p8_fxanim_zm_towers_boss_arena_gate_raise_02_anim
6897e1495b8afe6,/p8_fxanim_zm_towers_boss_arena_gate_raise_03_anim
7cf21e400d67ac7,/p8_fxanim_zm_towers_boss_arena_gate_raise_close_anim
3150150bf69213d,/p8_fxanim_zm_towers_boss_arena_gate_raise_mod
d5397f272c10abe,/p8_fxanim_zm_towers_boss_armor_explode_02_anim
f4ddb1c4804765,/p8_fxanim_zm_towers_boss_armor_explode_02_mod
72ae6e2b9934b31,/p8_fxanim_zm_towers_boss_armor_explode_anim
149d189691b03c0,/p8_fxanim_zm_towers_boss_armor_explode_mod
25307310a8b87da,/p8_fxanim_zm_towers_boss_death_01_anim
eb7cbbc141bd791,/p8_fxanim_zm_towers_boss_death_01_mod
67db1b7fc3bff1,/p8_fxanim_zm_towers_boss_death_02_anim
13473ca46d52880,/p8_fxanim_zm_towers_boss_death_02_mod
380cd63932ba403,/p8_fxanim_zm_towers_cage_hang_01_anim
cf0d492afdb8cfe,/p8_fxanim_zm_towers_cage_hang_01_mod
7f13a393bfeb2c0,/p8_fxanim_zm_towers_cage_hang_02_anim
656409c2a5d26f3,/p8_fxanim_zm_towers_cage_hang_02_mod
2dae61b5ff8cd21,/p8_fxanim_zm_towers_cage_hang_03_anim
4ddc885d1f6e90,/p8_fxanim_zm_towers_cage_hang_03_mod
1eef19ed4f7ba46,/p8_fxanim_zm_towers_cage_hang_04_anim
d62d271203625ed,/p8_fxanim_zm_towers_cage_hang_04_mod
73302312c01fed3,/p8_fxanim_zm_towers_challenge_gong_hit_anim
9e46d23f4640070,/p8_fxanim_zm_towers_challenge_gong_mod
e5b76e61fe733ca,/p8_fxanim_zm_towers_chaos_pustule_idle_anim
ab3278514c8b0f9,/p8_fxanim_zm_towers_crowd_jar_01_anim
9043b7d26d9a768,/p8_fxanim_zm_towers_crowd_jar_01_mod
e8c4b4466f0bee2,/p8_fxanim_zm_towers_crowd_jar_02_anim
33033696b283779,/p8_fxanim_zm_towers_crowd_jar_02_mod
3bc332d2c1626fb,/p8_fxanim_zm_towers_crowd_jar_03_anim
535f5995905e9d6,/p8_fxanim_zm_towers_crowd_jar_03_mod
49e2f50392abdbc,/p8_fxanim_zm_towers_drawbridge_mod
b421192562be9af,/p8_fxanim_zm_towers_grinder_anim
8bbf43da8ca2174,/p8_fxanim_zm_towers_grinder_loop_anim
c943de139b3f1ea,/p8_fxanim_zm_towers_grinder_mod
7422bc1eccd29ff,/p8_fxanim_zm_towers_hand_cipher_anim
6305a84f134591a,/p8_fxanim_zm_towers_hand_cipher_mod
43f3a905d155787,/p8_fxanim_zm_towers_odin_cauldron_chain_hook_anim
b1c58e8dfdd7c2a,/p8_fxanim_zm_towers_odin_cauldron_chain_hook_meat_01_mod
ed5c4f74315b1df,/p8_fxanim_zm_towers_odin_cauldron_chain_hook_meat_02_mod
fe469033b55054b,/p8_fxanim_zm_towers_odin_cauldron_chain_shackle_anim
ab297e4947f4a46,/p8_fxanim_zm_towers_odin_cauldron_chain_shackle_mod
bc75d96855dc861,/p8_fxanim_zm_towers_pap_door_blue_anim
5b24b014a6219d0,/p8_fxanim_zm_towers_pap_door_blue_mod
4955de2b2e93c92,/p8_fxanim_zm_towers_pap_door_red_anim
cae1d33a6b7a089,/p8_fxanim_zm_towers_pap_door_red_mod
d30819d77190946,/p8_fxanim_zm_towers_pap_sarcophagus_anim
938de6eabab6a2a,/p8_fxanim_zm_towers_pap_sarcophagus_blood_01_mod
cf24a7d0ee39fdf,/p8_fxanim_zm_towers_pap_sarcophagus_blood_02_mod
8eeecac5f0845dc,/p8_fxanim_zm_towers_pap_sarcophagus_blood_03_mod
9a6c48ae5607aa1,/p8_fxanim_zm_towers_pap_sarcophagus_blood_04_mod
a38a02953321aed,/p8_fxanim_zm_towers_pap_sarcophagus_mod
c6adb4b77a7396f,/p8_fxanim_zm_towers_rat_danu_tunnel_01_anim
936b601db5be29a,/p8_fxanim_zm_towers_rat_odin_basement_01_anim
b7192476e4da3b1,/p8_fxanim_zm_towers_rat_odin_basement_02_anim
d2d33aec2bec0a4,/p8_fxanim_zm_towers_rat_odin_hall_01_anim
b2de837f035147,/p8_fxanim_zm_towers_rat_odin_hall_02_anim
401c1ceb204836b,/p8_fxanim_zm_towers_rat_pit_01_anim
c5e8d61e4e35586,/p8_fxanim_zm_towers_rat_ra_tunnel_01_anim
9c0a6e636e0bdce,/p8_fxanim_zm_towers_rod_mod
4cc7b66eb72b261,/p8_fxanim_zm_towers_trap_acid_end_anim
b1d6547a371c8dc,/p8_fxanim_zm_towers_trap_acid_loop_anim
9455a5270356982,/p8_fxanim_zm_towers_trap_acid_mod
dbd64dc0b4efa2a,/p8_fxanim_zm_towers_trap_acid_start_anim
4aa93b3a84fea,/p8_fxanim_zm_towers_trap_blade_01_end_anim
b2fdca2892e749d,/p8_fxanim_zm_towers_trap_blade_01_loop_anim
a10f7659e9fac67,/p8_fxanim_zm_towers_trap_blade_01_mod
aa9c4a024d25d1,/p8_fxanim_zm_towers_trap_blade_01_start_anim
a354069dd81b5d3,/p8_fxanim_zm_towers_trap_fire_2_door_close_anim
70b490a16039eb9,/p8_fxanim_zm_towers_trap_fire_2_door_mod
6a03c08c584f8d,/p8_fxanim_zm_towers_trap_fire_2_door_open_anim
68c873303fa5579,/p8_fxanim_zm_towers_trap_fire_4_door_close_anim
7d8e9fb5b15c363,/p8_fxanim_zm_towers_trap_fire_4_door_mod
f35aad0dcbc743b,/p8_fxanim_zm_towers_trap_fire_4_door_open_anim
42cf67ddf07d327,/p8_fxanim_zm_towers_trap_fire_mod
115794eb8a5f6ef,/p8_fxanim_zm_towers_trap_switch_mod
7f10d3ad64ab2e7,/p8_fxanim_zm_towers_wall_2_anim
47da593077ad302,/p8_fxanim_zm_towers_wall_2_mod
df9cd34f0e13cfb,/p8_fxanim_zm_towers_ww_quest_bowl_mod
fd5f0718182e4e7,/p8_fxanim_zm_towers_ww_quest_wall_mod
50c0ed61de790c7,/p8_fxanim_zm_vapor_altar_danu_anim
6763f66123b1b62,/p8_fxanim_zm_vapor_altar_danu_mod
ff6f494376f7901,/p8_fxanim_zm_vapor_altar_odin_anim
c4fbaa741523ef0,/p8_fxanim_zm_vapor_altar_odin_mod
27ef3e90f766726,/p8_fxanim_zm_vapor_altar_ra_anim
af3ae2e37d6714d,/p8_fxanim_zm_vapor_altar_ra_mod
1a9c6b438111a9a,/p8_fxanim_zm_vapor_altar_zeus_anim
1cb162df634cc51,/p8_fxanim_zm_vapor_altar_zeus_mod
16a341d78a82e86,/p8_fxanim_zm_whi_ceiling_fan_trap_idle_anim
6e796b73d973ea2,/p8_fxanim_zm_whi_ceiling_fan_trap_loop_anim
e771e74f494421b,/p8_fxanim_zm_whi_timecard_clock_animated_no_hour_hand
34cd73169c7bfad,/p8_fxanim_zm_white_fallout_shelter_door
40966d90fc0a505,/p8_fxanim_zm_white_marlton_door
9f182958ce5c7a,/p8_fxanim_zm_white_perk_machine_dummy
3411a72d114d4e2,/p8_fxanim_zm_white_perk_machine_dummy_fly_in
1931eb9cca11de9,p8_fxanim_zm_white_perk_machine_dummy_fly_in
14cc9852d614f8a,/p8_fxanim_zm_white_raygun_case
4ae7d755c38fbc9,/p8_fxanim_zm_white_raygun_printer_compartment
3ee66c7b7bcc6a8,/p8_fxanim_zm_white_raygun_printer_compartment_init
d006ed90d2e6e0a,/p8_fxanim_zm_white_raygun_printer_compartment_open
e855b5ff8c087a3,/p8_fxanim_zm_white_trap_switch_box
d3a146bf378e0e,/p8_fxanim_zm_zod_boatside_ropes_half_boat_02_anim
25dc7895abf5bd5,/p8_fxanim_zm_zod_boatside_ropes_half_boat_02_mod
795f3bd02db4901,/p8_fxanim_zm_zod_boatside_ropes_half_boat_anim
71cee709e2f2ef0,/p8_fxanim_zm_zod_boatside_ropes_half_boat_mod
65c157bf515b5a9,/p8_fxanim_zm_zod_boss_prom_pipes_01_anim
e2a09ae8ffd6738,/p8_fxanim_zm_zod_boss_prom_pipes_01_mod
b51f58b28d5112,/p8_fxanim_zm_zod_boss_prom_pipes_02_anim
6d987df2d7bfa09,/p8_fxanim_zm_zod_boss_prom_pipes_02_mod
4640dfc2f01386b,/p8_fxanim_zm_zod_boss_prom_pipes_03_anim
5b0ffa0dfd89de6,/p8_fxanim_zm_zod_boss_prom_pipes_03_mod
a6c926cfeca97bd,/p8_fxanim_zm_zod_boss_state_lft_hall_smod
b7b1fb1aab3f047,/p8_fxanim_zm_zod_boss_state_rt_hall_smod
493506a41607ae7,/p8_fxanim_zm_zod_cargo_hold_debris_01_smod
102a644cbc42770,/p8_fxanim_zm_zod_cargo_hold_debris_02_smod
f42cb3999c572a5,/p8_fxanim_zm_zod_cargo_hold_debris_03_smod
fe05743f75e88b0,/p8_fxanim_zm_zod_cargo_hold_net_01_mod
df3ad18d90db441,/p8_fxanim_zm_zod_cargo_hold_net_02_mod
4c6c957ddd1bd2f,/p8_fxanim_zm_zod_cargo_hold_net_fall_01_anim
7d1631d42c186c,/p8_fxanim_zm_zod_cargo_hold_net_fall_02_anim
9b72c87d636aabc,/p8_fxanim_zm_zod_cargo_hold_net_idle_01_anim
8d6d0e5e46b3fbf,/p8_fxanim_zm_zod_cargo_hold_net_idle_02_anim
a61ad44c768786a,/p8_fxanim_zm_zod_chaos_zombie_01_anim
82059d604a73c41,/p8_fxanim_zm_zod_chaos_zombie_01_mod
b4cd8538f13dcc1,/p8_fxanim_zm_zod_chaos_zombie_02_anim
a0d040122f810b0,/p8_fxanim_zm_zod_chaos_zombie_02_mod
1ab8edc908b28e0,/p8_fxanim_zm_zod_chaos_zombie_03_anim
94463e4ed58d593,/p8_fxanim_zm_zod_chaos_zombie_03_mod
55eb8ec4387130f,/p8_fxanim_zm_zod_chaos_zombie_04_anim
49373beb5d3ffca,/p8_fxanim_zm_zod_chaos_zombie_04_mod
3f6061e8b32b359,/p8_fxanim_zm_zod_engine_pistons_01_mod
f920a02412253c8,/p8_fxanim_zm_zod_engine_pistons_02_mod
51a502d73e4b96b,/p8_fxanim_zm_zod_engine_pistons_03_mod
c0a54f56e6c2b4e,/p8_fxanim_zm_zod_engine_propeller_shafts_01_idle_anim
93b9cd1557116c4,/p8_fxanim_zm_zod_engine_propeller_shafts_01_mod
a80eb81263e0197,/p8_fxanim_zm_zod_engine_propeller_shafts_02_idle_anim
6d312abbcd7f9b5,/p8_fxanim_zm_zod_engine_propeller_shafts_02_mod
99ad54e7c3482e,/p8_fxanim_zm_zod_grand_piano_mod
67e5154f52f33dc,/p8_fxanim_zm_zod_iceberg_anim
d70638d3f3f705e,/p8_fxanim_zm_zod_iceberg_bridge_blockade_anim
7b43c65a1061785,/p8_fxanim_zm_zod_iceberg_bridge_blockade_mod
350cad18980ec3c,/p8_fxanim_zm_zod_iceberg_bridge_boat_mod
62bfa0446b642fb,/p8_fxanim_zm_zod_iceberg_bridge_chunk01_anim
ab63e713c3f5dd6,/p8_fxanim_zm_zod_iceberg_bridge_chunk01_mod
ca948f157393738,/p8_fxanim_zm_zod_iceberg_bridge_chunk02_anim
72aca7b51f1fa0b,/p8_fxanim_zm_zod_iceberg_bridge_chunk02_mod
439c5ffea0a44cc,/p8_fxanim_zm_zod_iceberg_bridge_planks_anim
8b9e66735a1f1ff,/p8_fxanim_zm_zod_iceberg_bridge_planks_mod
9eb19e757a7eeec,/p8_fxanim_zm_zod_iceberg_deck_a_cranes_mod
35a70eba9053c43,/p8_fxanim_zm_zod_iceberg_forecastle_avalanche_anim
46d1798e286a73e,/p8_fxanim_zm_zod_iceberg_forecastle_avalanche_mod
e0f6106c9a40226,/p8_fxanim_zm_zod_iceberg_forecastle_cranes_anim
da02a9b28f6ea4d,/p8_fxanim_zm_zod_iceberg_forecastle_cranes_mod
4e258e9d23ecb41,/p8_fxanim_zm_zod_iceberg_forecastle_cranes_no_cargo_anim
e27331614692830,/p8_fxanim_zm_zod_iceberg_forecastle_cranes_no_cargo_mod
ca6a97cb90b0213,/p8_fxanim_zm_zod_iceberg_forecastle_damage_anim
5eaeeec993ded0c,/p8_fxanim_zm_zod_iceberg_forecastle_damage_ice_chunks_anim
ce82b7fe4c5e43f,/p8_fxanim_zm_zod_iceberg_forecastle_damage_ice_chunks_mod
51f851436958b2e,/p8_fxanim_zm_zod_iceberg_forecastle_damage_mod
19745d6292c4e95,/p8_fxanim_zm_zod_iceberg_forecastle_deck_damage_anim
1dd3dcb2bb3a074,/p8_fxanim_zm_zod_iceberg_forecastle_deck_damage_mod
4eaecf9be998711,/p8_fxanim_zm_zod_iceberg_forecastle_deck_rt_dmg_anim
720949120165120,/p8_fxanim_zm_zod_iceberg_forecastle_deck_rt_dmg_mod
9edfcdba7e24fdf,/p8_fxanim_zm_zod_iceberg_forecastle_ladder_mod
65930f5a1e7342c,/p8_fxanim_zm_zod_iceberg_forecastle_ladder_rt_mod
b7be5b6e8c56437,/p8_fxanim_zm_zod_iceberg_foredeck_ice_chunks_01_anim
40ac33d64819472,/p8_fxanim_zm_zod_iceberg_foredeck_ice_chunks_01_mod
620cb19bbc8b42f,/p8_fxanim_zm_zod_iceberg_mod
f7e5d65053f30f5,/p8_fxanim_zm_zod_iceberg_poop_deck_cranes_01_mod
b6df39501c1b04,/p8_fxanim_zm_zod_iceberg_poop_deck_cranes_02_mod
ee066003b3c598b,/p8_fxanim_zm_zod_iceberg_poop_deck_cranes_mod
cd20180473f708,/p8_fxanim_zm_zod_kraken_chest_mod
305c1e9292ccce,/p8_fxanim_zm_zod_magic_box_plinth_anim
4614007c5381f66,/p8_fxanim_zm_zod_magic_box_skull_drop_anim
468e8cfcb3eb37e,p8_fxanim_zm_zod_magic_box_skull_mod
191c3ba90dbea81,/p8_fxanim_zm_zod_magic_box_skull_mod
1593dcbd9c47799,/p8_fxanim_zm_zod_piano_victorian_mod
e1064eab141f592,/p8_fxanim_zm_zod_piano_vintage_mod
efe1ea933454552,/p8_fxanim_zm_zod_pneumatic_tube_flare_mod
ffdfeb6c141f89,/p8_fxanim_zm_zod_rats_provision_01_anim
1c9b6f4a464c6f2,/p8_fxanim_zm_zod_rats_provision_02_anim
ab443281366e9cb,/p8_fxanim_zm_zod_rats_provision_03_anim
e38c29cbe9565f4,/p8_fxanim_zm_zod_rats_provision_04_anim
fd467297a989213,/p8_fxanim_zm_zod_sent_trail1_boat_mod
bd6f841048d191a,/p8_fxanim_zm_zod_sent_trail2_cargo_hatch_anim
d1997786fe893d1,/p8_fxanim_zm_zod_sent_trail2_cargo_hatch_mod
ae1a9431af134ab,/p8_fxanim_zm_zod_sent_trail3_fan_anim
f2461d3125ced26,/p8_fxanim_zm_zod_sent_trail3_fan_mod
854b89d09215cb9,/p8_fxanim_zm_zod_sent_trail3_grate_anim
b0dac147107c328,/p8_fxanim_zm_zod_sent_trail3_grate_mod
5080399bc1abae8,/p8_fxanim_zm_zod_sentinel_chaos_anim
86b56a4e9f68b9b,/p8_fxanim_zm_zod_sentinel_chaos_mod
5e37a6cb2e28aa2,p8_fxanim_zm_zod_sentinel_chaos_wheel_mod
48dc742d89bb4bf,/p8_fxanim_zm_zod_sentinel_chaos_wheel_mod
8f4a0ecc17f21e9,/p8_fxanim_zm_zod_ship_wheel_idle_02_anim
47ef7e7e540cd78,/p8_fxanim_zm_zod_ship_wheel_idle_02_mod
425f518f6adc5ac,/p8_fxanim_zm_zod_ship_wheel_idle_anim
2d1d2226c58195f,/p8_fxanim_zm_zod_ship_wheel_idle_mod
a9b9c2abeef0c04,/p8_fxanim_zm_zod_skybox_idle_anim
290e6e6c808ca21,/p8_fxanim_zm_zod_smokestack_01_mod
b02910cfe5af390,/p8_fxanim_zm_zod_smokestack_02_mod
1838d09450505bb,/p8_fxanim_zm_zod_smokestack_wire_snap_anim
d1f2feba7eefc96,/p8_fxanim_zm_zod_smokestack_wire_snap_mod
db7da110b5cec92,/p8_fxanim_zm_zod_staff_ra_mod
1314c70af3d885e,/p8_fxanim_zm_zod_table_icechunk_anim
7e6fa6e64139f85,/p8_fxanim_zm_zod_table_icechunk_mod
252114988d4ef83,/p8_fxanim_zm_zod_tentacle_anim
5532d4a51032584,/p8_fxanim_zm_zod_tentacle_drop_mod
b0abfd64e24537e,/p8_fxanim_zm_zod_tentacle_mod
634df6fc8eb38e2,/p8_fxanim_zm_zod_wormhole_anim
7567a5f8382d579,/p8_fxanim_zm_zod_wormhole_mod
db208118d761d52,/p8_heist_duffel_bag_set_open
ed969f6bbfe1745,p8_heist_duffel_bag_set_open
ce632944be484bb,/p8_mal_evil_sliding_doors_glass_lt
c8026944b8dbd25,/p8_mal_evil_sliding_doors_glass_rt
bf790ac8b328967,/p8_mov_zm_gla_chopping_block
8e03fb24a29f177,/p8_mov_zm_gla_rope_restraint_01_bruno
2922af429e62aef,/p8_mov_zm_gla_rope_restraint_01_diego
76c4819c634b1b9,/p8_mov_zm_gla_rope_restraint_01_scarlet
86726f392017e36,/p8_mov_zm_gla_rope_restraint_01_stanton
d82a180b222d368,/p8_mov_zm_gla_weapon_axe_01
db2ac9cd2fbf287,/p8_mov_zm_gla_weapon_spear_01
eac8f6d33c1db2f,/p8_mov_zm_gla_weapon_sword_01
56f6a30d3da36e7,/p8_mov_zm_man_letter_01
22b62545a18c2b2,/p8_mov_zm_red_torch_hand_01
bfe7ec8e99e0ea0,/p8_mov_zm_red_torch_hand_01_mount
e1b1e64e2119e64,/p8_mov_zm_zod_dual_knives_diego_01
62443a19f45104f,/p8_mp_spe_armor_heavy
75de72fd521a8d4,/p8_mp_spe_armor_light
f120608b213d4ff,/p8_mp_spe_armor_medium
2dad3a9e0d2353c,/p8_rock_mantle
10a21031335255b,/p8_usa_door_glass_sliding_left_01
9986c950303353a,/p8_usa_door_glass_sliding_right_01
1b0a1783b29d387,/p8_wz_ammo_pickup_338
6bf4a009da57a34,/p8_wz_ammo_pickup_45acp
837a4df51eb0c9a,/p8_wz_ammo_pickup_50
18fc578325e1bf5,/p8_wz_ammo_pickup_556
f817d7827eea018,/p8_wz_ammo_pickup_762
fc376781f771cd0,/p8_wz_ammo_pickup_9mm
8fb3aba09530bb4,/p8_wz_ammo_pickup_rockets
3f31c8c97a66c1b,/p8_wz_ammo_pickup_shotgun
22f18fbc8e47678,/p8_wz_armor_scrap
5afd8c1f55ba379,p8_wz_armor_scrap
b5636d237211578,/p8_wz_cu_armor_plating_dmg
e51089f4d5839bb,/p8_wz_cu_bandana
bc1eefd912e3286,/p8_wz_cu_blood_vials
b9fbb6c7f17be8c,/p8_wz_cu_bottle
27f90e7e165131,/p8_wz_cu_clothes_tshirt
b9e553f7a02695e,/p8_wz_cu_coin_fortune_bag_full
fc729736e4972ba,/p8_wz_cu_dog_collar_tags
d22216412d22605,/p8_wz_cu_emperor_letter
456d2d4080fb3f5,/p8_wz_cu_handwritten_note
b4165193c303e45,/p8_wz_cu_hat_tanker
7526d576a43aa6b,/p8_wz_cu_hat_wool
f11dab838111498,/p8_wz_cu_keychain
d729905562d6221,/p8_wz_cu_medallion
740471c6d25ae24,/p8_wz_cu_necklace
de2e5930a3e6cbd,/p8_wz_cu_respirator
1c079813bc44995,/p8_wz_cu_wrist_guard
4b77028c8b1e5a0,/p8_wz_high_quality_case_01_blackmarket
ef5c5c9a1fb6b8f,/p8_wz_high_quality_case_01_frozen_blackmarket
d16014f467438c,/p8_wz_ow_briefcase_01
c13ba5284f3a282,/p8_wz_ow_loot_crate_01
7a29dad11ff63eb,/p8_wz_perk_pickups_awareness
4a0a191ea2b6667,/p8_wz_perk_pickups_deadsilence
5a7c798a4d77d13,/p8_wz_perk_pickups_engineer
287ff6c317e0462,/p8_wz_perk_pickups_lightweight
9759c91aa5d1560,/p8_wz_perk_pickups_medic
d5e6f1bdc9b891d,/p8_wz_perk_pickups_reinforced
2610ec5f9428b3,/p8_wz_skt_barrier_01
2611ec5f942a66,/p8_wz_skt_barrier_02
cd240bae8acace3,/p8_wz_spray_can_camo_single
6237904f05243a2,/p8_wz_supply_stash_health_lvl2
6237a04f0524555,/p8_wz_supply_stash_health_lvl3
76d8f7afb6fee30,/p8_zm_esc_blood_vials_dmg_btm
d2e47aca641fd2,/p8_zm_esc_blood_vials_dmg_top
371119a3a883803,/p8_zm_esc_dark_machine
b14c779078d3420,/p8_zm_esc_turbine_generator_01_animated
795cb1a31e63f50,/p8_zm_gla_trap_acid_01_cauldron
124f0b3c008fe59,/p8_zm_man_dome_crank
c2955875b207e10,/p8_zm_man_door_room_library_lt_pocket
4780d103ee4790a,/p8_zm_man_door_room_library_rt_pocket
932f4bfbcc99bba,/p8_zm_man_foliage_tree_pine_tall_hero
4df9c136a68ef98,/p8_zm_music_box_samantha_trap
ed34587eb87978b,/p8_zm_off_panel_electric_box_03_animated
365f925c1c8c962,/p8_zm_off_phone_vintage_red
b0c30a911ea59d3,/p8_zm_off_teleporter_cables_hanging_01
ce0ca12449ae697,/p8_zm_off_vodka_bottle_a
2c12750132ceaab,/p8_zm_red_coin_bronze
a5d49bca890da13,/p8_zm_red_oracle_chair
7ed1ac86609067b,/p8_zm_vending_packapunch_glow
d5570362e6c80e8,/p8_zm_whi_apd_door_animated
b6e9ed8b79f215b,/p8_zm_whi_radio_01
b3adb573032bf9c,/p8_zm_zod_hat_crew_01
4e0908ec84e3b79,/p8_zm_zod_lifeboat
8c34df4189442cb,/p8_zm_zod_lifeboat_equipment_oar
f8c9e78b37e8e37,/p8_zm_zod_lifeboat_equipment_rope_messy
231c10834193a60,/p8_zm_zod_lifeboat_equipment_rope_pile
92b66bc1db20279,/p8_zm_zod_lifeboat_steering_crutch
28e34d8a15fc2b4,/p8_zm_zod_lifeboat_thole_pin
69a7bccb28081f7,/p8_zm_zod_water_pump
fddea632606810b,/parachute_wz
5079270bcd650,parachute_wz
63bf8cd72ca6898,/pb_cac_main_lobby_idle
7546cf897752709,/pb_death_base_pose
f796b7636e5e231,/pb_fem_lobby_mp_pos_01
f79687636e5dd18,/pb_fem_lobby_mp_pos_02
f79697636e5decb,/pb_fem_lobby_mp_pos_03
f796e7636e5e74a,/pb_fem_lobby_mp_pos_04
f796f7636e5e8fd,/pb_fem_lobby_mp_pos_05
f796c7636e5e3e4,/pb_fem_lobby_mp_pos_06
8166e3df1e53786,/pb_hacking_in
ac76fd15b167d8a,/pb_knife_stand_a_melee_counter_fail
f05b2d56bd334dc,/pb_knife_stand_assassination_left
352990949c25c89,/pb_knife_stand_assassination_right
46b48583209d1da,/pb_male_lobby_mp_pos_01
46b47583209d027,/pb_male_lobby_mp_pos_02
46b46583209ce74,/pb_male_lobby_mp_pos_03
46b45583209ccc1,/pb_male_lobby_mp_pos_04
46b44583209cb0e,/pb_male_lobby_mp_pos_05
46b43583209c95b,/pb_male_lobby_mp_pos_06
dc0f2f7b4311370,/pb_rifle_endgame_1stplace_idle
6c68bb91da7b844,/pb_rifle_endgame_2ndplace_idle
3189bbcaa285f83,/pb_rifle_endgame_3rdplace_idle
e3b55418b6dc9fa,/pb_rifle_male_draft_ch_select_3
39d69870987e34d,/pb_rifle_stand_assassination_back_v1
51d1a024a6831c1,/pb_texture_pose_female
1ea3e2d81620c58,/pb_texture_pose_male
a468732794e94e6,/personalize_t7_hud_mp_weapon_hero_chemgun
75a109f4bda3d85,pistol_burst_t8_gold_wz
764c21cee437420,/pistol_burst_t8_gold_wz
4572f441c833700,pistol_burst_t8_wz
b3ce8fe63ebab13,/pistol_burst_t8_wz
506c051a514033b,/pistol_fullauto_t8_wz
5120c06ec8de132,pistol_fullauto_t8_wz
989367244ae779c,pistol_revolver_t8_gold_wz
906d28bce7440d7,/pistol_revolver_t8_gold_wz
9d9d0d3f9c8dc49,/pistol_revolver_t8_operator_wz
9dacae7558ef67e,pistol_revolver_t8_operator_wz
609b5622aae0c22,/pistol_revolver_t8_wz
4460453f9e4c93f,pistol_revolver_t8_wz
b656fd1184e23ee,pistol_standard_t8_gold_wz
76b1a580f3e4aad,/pistol_standard_t8_gold_wz
4861deb87bb548,/pistol_standard_t8_wz
2cb9d9cd05d38c1,pistol_standard_t8_wz
c99a8fee2f36e3,/pistol_topbreak_t8_zm
eeef7b0933bcce2,pistol_topbreak_t8_zm
c1164a111243814,planemortar_mp
d8231c86eb7cdb3,/planemortar_mp
63e8ec74224702b,/player/fx8_plyr_blood_drip_last_stand
9b146109daed3a,player/fx8_plyr_blood_drip_last_stand
f7f486ffc649075,player/fx8_plyr_blood_drip_last_stand_oil
3eff96322e5f984,/player/fx8_plyr_blood_drip_last_stand_oil
841a64954bf32fa,/player/fx8_plyr_emote_homunc_end
fbe9509b9e8af0e,/player/fx8_plyr_emote_homunc_green_end
55460e9c67a29ad,player/fx8_plyr_emote_homunc_green_end
98889acd4d81c88,/player/fx8_plyr_footstep_tracker_blood_l
574e05ec074fbab,player/fx8_plyr_footstep_tracker_blood_l
574ee5ec0751375,player/fx8_plyr_footstep_tracker_blood_r
98877acd4d7fdf2,/player/fx8_plyr_footstep_tracker_blood_r
f75022d8406d259,player/fx8_plyr_footstep_tracker_inair
e1a3ac87d4c15ae,/player/fx8_plyr_footstep_tracker_inair
9378519242acc5f,/player/fx8_plyr_footstep_tracker_l
9379b19242af1c1,/player/fx8_plyr_footstep_tracker_r
bfa31121573c8d1,player/fx8_plyr_infect_change_flash_3p
5f7d10b4a751fae,/player/fx8_plyr_infect_change_flash_3p
bff8bd9c3053b67,/player/fx8_plyr_pstfx_katana_rush_loop
9a9a2aac0cad385,player/fx8_plyr_pstfx_paralyze_screen
a965f2d9ecf1004,/player/fx8_plyr_pstfx_paralyze_screen
384b8efbf5476d6,player/fx8_plyr_pstfx_vomit_loop
af03dbf64f7149,/player/fx8_plyr_pstfx_vomit_loop
9647142145df07d,player/fx8_plyr_shocked_3p
3e886ecd7e05062,/player/fx8_plyr_shocked_3p
c5db70fc72adf46,/player/fx8_plyr_shocked_stage1_3p
58c09290e76df21,/player/fx8_plyr_shocked_stage2_3p
96bb05c92e06689,player/fx8_plyr_spawn_distortion
e7d7223a3bc9bde,/player/fx8_plyr_spawn_distortion
c5a963597be9b10,/player/fx_plyr_clone_reaper_appear
29d8a728c65ef5a,/player/fx_plyr_flashback_demat
4f9ce7c6fc9f986,/player/fx_plyr_flying_tracker_l
e73bd71f43397a0,/player/fx_plyr_flying_tracker_lf
4f9e87c6fca25b4,/player/fx_plyr_flying_tracker_r
ecbdd71f47e43d6,/player/fx_plyr_flying_tracker_rf
c4b4740ce13d510,/player/fx_plyr_footstep_dust
94fd48a2c87a188,/player/fx_plyr_footstep_dust_dirt
e01bbb4fd282108,/player/fx_plyr_footstep_tracker
8e572d530429ec1,/player/fx_plyr_footstep_tracker_l_wz
a4c02a87f41a926,player/fx_plyr_footstep_tracker_l_wz
9bf8bce5c128ba7,/player/fx_plyr_footstep_tracker_lf
83bc9acefc472fc,player/fx_plyr_footstep_tracker_r_wz
732723ff90873f3,/player/fx_plyr_footstep_tracker_r_wz
9825bce5bde8bf9,/player/fx_plyr_footstep_tracker_rf
5abb3da4cb5099e,/player/fx_plyr_jump_dust
a90297cddd6a3b2,/player/fx_plyr_jump_dust_dirt
9b6092356dee911,/player/fx_plyr_land_dust_dirt_xlg
77f3b8b5db62b53,/player/fx_plyr_land_dust_md
a5775a72535ee7d,/player/fx_plyr_land_dust_md_dirt
1e714d071e132cb,/player/fx_plyr_land_dust_xlg
edf0ca305eeb71a,/player/fx_plyr_pwr_armor_break
f30b0486e2e1685,/player/fx_plyr_slide_3p_dust
5f320838b277583,/player/fx_plyr_slide_3p_dust_dirt
6f4844f75ae0d06,/player/fx_plyr_swim_bubbles_body
c239a6af5074ffa,/player/fx_plyr_tablet_activation
84fff9aa9cf0775,/player/fx_plyr_tablet_activation_loop
961fa6cb55924d3,/player/fx_plyr_water_body_decal
8d33bb26f13bf6c,/player/fx_plyr_water_jump_out_splash_1p
3ca38e0dc1a6f0,/player/fx_plyr_water_knee_decal
e88322ea48e685a,/player/fx_plyr_water_splash_md
e22072ea4376c17,/player/fx_plyr_water_splash_sm
990417cd81fd15a,/ray_gun_mk2_wz
5b9a4ea7a3ff4cd,ray_gun_mk2_wz
6b13e416b67c7e6,/ray_gun_mk2x_wz
2f2109ca75dea03,ray_gun_mk2x_wz
7c74e9297ede97e,ray_gun_mk2y_wz
d80404cb5eb5c4b,/ray_gun_mk2y_wz
a3d588c353b850d,ray_gun_mk2z_wz
2bafe336d465dd8,/ray_gun_mk2z_wz
40311ce51f20a06,ray_gun_wz
903eda1a6615939,/ray_gun_wz
4daf0e48e98d924,/recon_car_mp
c512d5a769a738b,recon_car_mp
4c6e2e48e881850,/recon_car_wz
c9c275a76da54d3,recon_car_wz
182ebf23f3e0983,/remote_missile_bomblet_mp
63ff56f4175e9f2,remote_missile_bomblet_mp
d5dc97a66ef593d,remote_missile_missile_mp
8361ed967b0e090,/remote_missile_missile_mp
e1dd0235160ec84,remote_missile_mp
b78c59e30d6b86d,/remote_missile_mp
3b3d05536a79b00,/shotgun_fullauto_t8_wz
d02c8bed08bfbe3,shotgun_fullauto_t8_wz
a72730d612b49b9,shotgun_precision_t8_wz
83074b10167aea4,/shotgun_precision_t8_wz
4ce62991058c66c,shotgun_pump_t8_gold_wz
3a866a29dff64bd,/shotgun_pump_t8_gold_wz
9c77a485123c58f,shotgun_pump_t8_wz
3a47db40973af98,/shotgun_pump_t8_wz
d37727afb7005a3,/shotgun_semi_t8_camo_sig02_icon
6ab98b062adb7f5,shotgun_semiauto_t8_gold_wz
5568eb9a5ccb658,/shotgun_semiauto_t8_gold_wz
2c50515f20e4a70,shotgun_semiauto_t8_wz
db13e3fefc021eb,/shotgun_semiauto_t8_wz
b97972bfb3b7e8e,/sig_blade_wz
324dd1bb71a5659,sig_blade_wz
3e1a91bf9996a77,sig_bow_quickshot_wz
4df8430d676da0c,/sig_bow_quickshot_wz
7f82adf7d4872f7,smg_accurate_t8_gold_wz
b88eb46f231e17e,/smg_accurate_t8_gold_wz
874aaf00e2f6860,/smg_accurate_t8_operator_wz
41cabc297ad6569,smg_accurate_t8_operator_wz
283ffef5c7709d1,/smg_accurate_t8_wz
b25b6b6a2025982,smg_accurate_t8_wz
e2afbf6c82ea09d,smg_capacity_t8_gold_wz
58f353080a5e74,/smg_capacity_t8_gold_wz
e04f6f27b705238,smg_capacity_t8_wz
eb8643dc4f801f7,/smg_capacity_t8_wz
f79af86982ab33c,/smg_fastburst_t8_gold_wz
db5217589c5f3d7,smg_fastburst_t8_gold_wz
4f00e7427dbdb1f,/smg_fastburst_t8_wz
c2382fff8a27d22,smg_fastburst_t8_wz
73c1f4737de6baf,smg_fastfire_t8_gold_wz
d1c651760f84202,/smg_fastfire_t8_gold_wz
bb522cac64184c4,/smg_fastfire_t8_operator_wz
d0a1fd7d80759a1,smg_fastfire_t8_operator_wz
322ebb0803ae455,/smg_fastfire_t8_wz
c0f7ad3c3a5d17a,smg_fastfire_t8_wz
10069f895f5535b,/smg_folding_t8_gold_wz
7240cce6bc55a14,smg_folding_t8_gold_wz
7392e6554321757,smg_folding_t8_wz
a79029a224f1546,/smg_folding_t8_wz
91710ef0f53d6e3,/smg_handling_t8_gold_wz
f026006e0c05d22,smg_handling_t8_gold_wz
f43814fe704c82e,/smg_handling_t8_wz
b466cadc58ee935,smg_handling_t8_wz
17992e87335d7e5,smg_minigun_t8_wz
bb73d5265ff6c28,/smg_minigun_t8_wz
fd7470195a689d1,smg_mp40_t8_wz
573b394a168ecee,/smg_mp40_t8_wz
c43ee9d794a142f,/smg_standard_t8_gold_wz
6ec85666e78e56,smg_standard_t8_gold_wz
b863bb709dd5889,smg_standard_t8_wz
f3bdacaabfbaefa,/smg_standard_t8_wz
4bbcaabd9c5860c,/smg_vmp_t8_wz
2bd8b12bb296479,smg_vmp_t8_wz
589cab1336dc963,/smoke/fx8_column_md_green
c7decbd23a61efa,smoke/fx8_column_md_green
9df8b864c9b3927,/smoke/fx8_column_md_red
56d6c3ab94aed4a,smoke/fx8_column_md_red
6a8a51668f5be5f,/smoke/fx_smk_ai_human_arm_left_os
9ca1407154a6360,/smoke/fx_smk_ai_human_arm_right_os
fa1daaca390d2ef,/smoke/fx_smk_ai_human_head_os
12ba753f126b088,/smoke/fx_smk_ai_human_hip_left_os
46bc076597d508d,/smoke/fx_smk_ai_human_hip_right_os
45b1b0e29da78f5,/smoke/fx_smk_ai_human_leg_left_os
11ce814d4293396,/smoke/fx_smk_ai_human_leg_right_os
62ae156f1ba0a70,/smoke/fx_smk_ai_human_torso_os
31ef16a172e1889,/smoke/fx_smk_ai_human_waist_os
5ba472f789be662,/smoke/fx_smk_ambient_battle_dmg_sm
7d95be5e2baa11f,/smoke/fx_smk_barrel_thin_windy
c34d033d5d49a4,/smoke/fx_smk_column_wind_slow_sm_tall_dark
9ab53d5a5adb324,/smoke/fx_smk_dmg_trail_puff_lg_emitted_os
fb073a8bce2a6cf,/smoke/fx_smk_dmg_trail_puff_sm_emitted_os
d82d1248a75601d,/smoke/fx_smk_dmg_trail_puff_white_sm_emitted_os
7006649d38d90c3,/smoke/fx_smk_generator_exhaust
1d666efb6f41c66,/smoke/fx_smk_veh_amws_transform
c75de02039b3afa,/smoke/fx_trail_smk_robot_dyn_piece_sm
922a0efa31b782e,/sniper_damagesemi_t8_wz
ab3890cbbccd4f3,sniper_damagesemi_t8_wz
a7f6bea1d4d43e6,sniper_fastrechamber_t8_gold_wz
5dfb3a3261c573f,/sniper_fastrechamber_t8_gold_wz
ceeed574c6c48a8,sniper_fastrechamber_t8_operator_wz
15853a2bf349d31,/sniper_fastrechamber_t8_operator_wz
4c9767ef0d38099,sniper_fastrechamber_t8_wz
804df74863f530a,/sniper_fastrechamber_t8_wz
f76071c0be446b,/sniper_locus_t8_wz
3a6ebc4b868f5c0,sniper_locus_t8_wz
547391223c4af33,/sniper_mini14_t8_wz
d067a80d300c262,sniper_mini14_t8_wz
27afc4b93d20314,/sniper_powerbolt_t8_gold_wz
503c7254d19035d,sniper_powerbolt_t8_gold_wz
1950fd48291b9f8,sniper_powerbolt_t8_wz
653a67df1e69a57,/sniper_powerbolt_t8_wz
6af36e3160a1e6,sniper_powersemi_t8_gold_wz
8b3facddf6bb307,/sniper_powersemi_t8_gold_wz
233ef8f02c96992,/sniper_powersemi_t8_wz
ae5abbae9520a99,sniper_powersemi_t8_wz
2c8a13bba6323e,sniper_quickscope_t8_gold_wz
36c46435145cbf5,/sniper_quickscope_t8_gold_wz
57979a20ec80020,sniper_quickscope_t8_operator_wz
415eeaf7ca826b7,/sniper_quickscope_t8_operator_wz
f9395eb2d4abe91,sniper_quickscope_t8_wz
fbfbe3790a82670,/sniper_quickscope_t8_wz
eec3c0ee053a6cf,snow/fx8_snow_fall_line_rattle
90c2d8ae3d406e4,/snow/fx8_snow_fall_line_rattle
fc4ad06e7de0059,/snow/fx_snow_crumble_impact_sm
b4a044e12009ee1,spawner_bo3_mannequin_male
f4fc0488bc53c7a,/spawner_bo3_mannequin_male
6c552f523e67878,/spawner_boct_mp_dog
948f0a5495b919d,spawner_boct_mp_dog
7320394d095509c,/spawner_mp_swat_buddy_team1_male
6d261145a233c9f,spawner_mp_swat_buddy_team1_male
c5e067078a2274a,/spawner_zm_bat
2c6c555ef9bc8e5,spawner_zm_bat
8f763b932a26e90,/spawner_zm_blight_father
bea88a8c87cd187,spawner_zm_blight_father
b7a9084ec3c4d4f,spawner_zm_brutus
38b9ce5733a0ede,/spawner_zm_brutus
2ba95b4a720858a,/spawner_zm_brutus_face
85a815258b35ad1,spawner_zm_brutus_face
c5b44a6b4cd28ca,/spawner_zm_brutus_special
9a0b8e704f2334b,spawner_zm_brutus_special
15ec8ad41ee9f10,spawner_zm_catalyst_corrosive
761c30d22e7f835,/spawner_zm_catalyst_corrosive
1b7012ad3572345,spawner_zm_catalyst_electric
3003beba7e13f86,/spawner_zm_catalyst_electric
27a3eb9d70c67d4,spawner_zm_catalyst_plasma
caf301105bf8087,/spawner_zm_catalyst_plasma
b9da12cd545c065,spawner_zm_catalyst_water
d5b2b6e48339f08,/spawner_zm_catalyst_water
608a8560c70b840,spawner_zm_dog
d91937070f8221f,/spawner_zm_dog
3d8308e4385a33b,spawner_zm_gegenees
7ae26e69738625a,/spawner_zm_gegenees
f67a213d3760fa9,spawner_zm_ghost
8f835f9507703d2,/spawner_zm_ghost
362c78c93ced3f6,/spawner_zm_ghost_rob
31d0b058704b09d,spawner_zm_ghost_rob
354e8c97036ff7d,spawner_zm_gladiator_destroyer
52ce5374c6f76fa,/spawner_zm_gladiator_destroyer
6dd9f8d7e574e98,/spawner_zm_gladiator_marauder
d6ef2a2d01b0435,spawner_zm_gladiator_marauder
937d645fe2be5b5,spawner_zm_nosferatu
2882265ad79ade,/spawner_zm_nosferatu
cb2ee328d294ed6,/spawner_zm_skeleton_spear
9998bbacdfd161f,spawner_zm_skeleton_spear
36351360ea43df7,spawner_zm_skeleton_sword_and_shield
efca660e439efd4,/spawner_zm_skeleton_sword_and_shield
a3c9b9eefadcbf2,/spawner_zm_skeleton_zodt8
9700e065f59d19f,spawner_zm_skeleton_zodt8
d02ee72a5e9eff5,spawner_zm_tiger
cce93657b910336,/spawner_zm_tiger
365adde21b1b0f,/spawner_zm_towers_boss
a90c38235084ac8,spawner_zm_towers_boss
7296af1e47a5a7a,/spawner_zm_werewolf
ca39a768b9be4ab,spawner_zm_werewolf
dd330c64b00c98d,/spawner_zm_zombie
8e4448b12e0a5e0,spawner_zm_zombie
a6fe3572fcb3293,spawner_zm_zombie_orange
466cdcff33c0dd0,/spawner_zm_zombie_orange
f551ecd2dfac2fe,spawner_zm_zombie_zod
b40b0ea95cb3acf,/spawner_zm_zombie_zod
86eba08eb4552d1,/special_crossbow_t8_wz
4481d30e5868f12,special_crossbow_t8_wz
a9e3b80897fd78e,spectre_grenade_wz
ab5fd0f36785209,/spectre_grenade_wz
277697a024a0d56,/spork_alcatraz_wz
6645c519f68e587,spork_alcatraz_wz
3415b5fee128bca,/stake_knife_zm
4f7a576a9dcd6ad,stake_knife_zm
9aeeb1fdc761c42,/steam/fx_steam_hpressure_md
ed13b17f82fae3d,straferun_mp
cdea3345df6f2a2,/straferun_mp
e5be2a7b2ac422e,supplydrop_marker_mp
5aeaf81a1fdf5d9,/supplydrop_marker_mp
26d93f5cb91afe,swat_team_mp
562eb2bd8042fd,/swat_team_mp
ec46f10029a0d8c,/t7_cp_hud_obj_defend
a0a179d1fb6f33e,/t7_cp_hud_obj_interact
2da75d30ca9f45f,/t7_hud_medal_assisted_suicide
d79c400929c749f,/t7_hud_medal_assisted_suicide_lrg
ff17cceff92a39a,/t7_hud_medal_backing_badassery
ae6c876eb8627d2,/t7_hud_medal_backing_badassery_lrg
2daf95574060635,/t7_hud_medal_backing_gamemode
e9cc053b05a17d1,/t7_hud_medal_backing_gamemode_lrg
e788b89c0a006c4,/t7_hud_medal_backing_match_completion
e363fab7456cf68,/t7_hud_medal_backing_match_completion_lrg
f68a992ea9f7a7d,/t7_hud_medal_backing_scorestreak_killjoy
8173e9f2d1eb479,/t7_hud_medal_backing_scorestreak_killjoy_lrg
11791ffa3f1a33c,/t7_hud_medal_backing_specialist_killjoy
f05cc33edcc1460,/t7_hud_medal_backing_specialist_killjoy_lrg
77a5c8e28cae37f,/t7_hud_medal_backstabber_kill
ef438c64254c07f,/t7_hud_medal_backstabber_kill_lrg
72fb65caf342d35,/t7_hud_medal_bomb_detonated
f731a8a2d222ed1,/t7_hud_medal_bomb_detonated_lrg
dcff749f0301519,/t7_hud_medal_clear_2_attackers
c6c8f8ca8f16b4d,/t7_hud_medal_clear_2_attackers_lrg
208f95c387f7d25,/t7_hud_medal_comeback_from_deathstreak
756f014be89b3c1,/t7_hud_medal_comeback_from_deathstreak_lrg
3ad05adedb6c7cd,/t7_hud_medal_completed_match
60638a26bb1ec9,/t7_hud_medal_completed_match_lrg
89086b8d3b6c409,/t7_hud_medal_defused_bomb
cd8f258bfd7ca7,/t7_hud_medal_defused_bomb_last_man_alive
9099546b6e9d027,/t7_hud_medal_defused_bomb_last_man_alive_lrg
661cea6859f267d,/t7_hud_medal_defused_bomb_lrg
de9247395c0d28,/t7_hud_medal_destroyed_aitank
2a895c48b72e584,/t7_hud_medal_destroyed_aitank_lrg
4301dc460a62351,/t7_hud_medal_destroyed_helicopter_comlink
2db54d005ffcba5,/t7_hud_medal_destroyed_helicopter_comlink_lrg
5e4d36f2ae2445f,/t7_hud_medal_dom_point_secured
e131c279b41c49f,/t7_hud_medal_dom_point_secured_lrg
a8f8e8b0d868a60,/t7_hud_medal_elimination_and_last_player_alive
be250f6db55689c,/t7_hud_medal_elimination_and_last_player_alive_lrg
9fbfa55f117d945,/t7_hud_medal_end_enemy_gravity_spike_attack
c33246a22f7fb21,/t7_hud_medal_end_enemy_gravity_spike_attack_lrg
43ebc679bf1c298,/t7_hud_medal_end_enemy_shooting_annihilator
c898e9be0a8734,/t7_hud_medal_end_enemy_shooting_annihilator_lrg
c1cd08321cedf54,/t7_hud_medal_end_enemy_shooting_lightning_gun
e9b1334ca5c87f8,/t7_hud_medal_end_enemy_shooting_lightning_gun_lrg
5bbdaf561f12809,/t7_hud_medal_end_enemy_shooting_pineapplegun
b1d2d14aa21ca7d,/t7_hud_medal_end_enemy_shooting_pineapplegun_lrg
e1ccf6e4da7e61d,/t7_hud_medal_first_kill
4ff82aed1a45459,/t7_hud_medal_first_kill_lrg
586362e7acf3fd9,/t7_hud_medal_flag_capture
b0481f3c4cf6a0d,/t7_hud_medal_flag_capture_lrg
25ea096a03f1a2c,/t7_hud_medal_flag_carrier_kill_return_close
3e0eb884b116350,/t7_hud_medal_flag_carrier_kill_return_close_lrg
4ab4e3719efd19,/t7_hud_medal_flamethrower_kill
8c8fc727322d34d,/t7_hud_medal_flamethrower_kill_lrg
1558758e547a246,/t7_hud_medal_heatwave_kill
b753c984181286,/t7_hud_medal_heatwave_kill_lrg
9c3fca419483d02,/t7_hud_medal_kill_confirmed_multi
8e7dfff3b561c7a,/t7_hud_medal_kill_confirmed_multi_lrg
373d07eb404f5b7,/t7_hud_medal_kill_enemies_one_bullet
121a5dafe022437,/t7_hud_medal_kill_enemies_one_bullet_lrg
50d82675340ae29,/t7_hud_medal_kill_enemy_after_death
ca88f5b7b21fb5d,/t7_hud_medal_kill_enemy_after_death_lrg
34ab2e1b2debcf4,/t7_hud_medal_kill_enemy_grenade_throwback
b9e070a75104858,/t7_hud_medal_kill_enemy_grenade_throwback_lrg
40299b0cdbe7d8f,/t7_hud_medal_kill_enemy_injuring_teammate
6255c6ebe27048f,/t7_hud_medal_kill_enemy_injuring_teammate_lrg
415eeff7b185c65,/t7_hud_medal_kill_enemy_that_is_in_air
9f10f2cde6a201,/t7_hud_medal_kill_enemy_that_is_in_air_lrg
a5cff0fd6703324,/t7_hud_medal_kill_enemy_that_is_wallrunning
33300d2e7da8388,/t7_hud_medal_kill_enemy_that_is_wallrunning_lrg
3eca2347edb1853,/t7_hud_medal_kill_enemy_that_pulsed_you
689edb2ffcb471b,/t7_hud_medal_kill_enemy_that_pulsed_you_lrg
f545bb88ff3d100,/t7_hud_medal_kill_enemy_when_injured
74e306c7ceb57c,/t7_hud_medal_kill_enemy_when_injured_lrg
97e6af79ce2b0a8,/t7_hud_medal_kill_enemy_while_both_in_air
356cc90a4478104,/t7_hud_medal_kill_enemy_while_both_in_air_lrg
cf0a1a4eee29bcf,/t7_hud_medal_kill_enemy_while_capping_dom
925128724c378cf,/t7_hud_medal_kill_enemy_while_capping_dom_lrg
69c3130aba3bd85,/t7_hud_medal_kill_enemy_while_flashbanged
4d9b18ee7fc861,/t7_hud_medal_kill_enemy_while_flashbanged_lrg
329826fe01d98e8,/t7_hud_medal_kill_enemy_while_in_air
d925c1800240144,/t7_hud_medal_kill_enemy_while_in_air_lrg
d711e755af10fca,/t7_hud_medal_kill_enemy_while_sliding
76d840e336fff02,/t7_hud_medal_kill_enemy_while_sliding_lrg
57a4c710b7a143f,/t7_hud_medal_kill_enemy_while_stunned
cb70994776c693f,/t7_hud_medal_kill_enemy_while_stunned_lrg
16ce14d258724bf,/t7_hud_medal_kill_enemy_while_wallrunning
d3f49a03b70c1bf,/t7_hud_medal_kill_enemy_while_wallrunning_lrg
f429e5654defb76,/t7_hud_medal_kill_enemy_who_has_powerarmor
15a320c222b5b76,/t7_hud_medal_kill_enemy_who_has_powerarmor_lrg
a70b9d20a48a0ff,/t7_hud_medal_kill_enemy_who_killed_teammate
c0abe828d3715ff,/t7_hud_medal_kill_enemy_who_killed_teammate_lrg
d4c90c22fd8d5c6,/t7_hud_medal_kill_enemy_with_fists
289ce8c0ba83e06,/t7_hud_medal_kill_enemy_with_fists_lrg
71f9e7f1c3191da,/t7_hud_medal_kill_enemy_with_gunbutt
39bf0ff1b720e12,/t7_hud_medal_kill_enemy_with_gunbutt_lrg
2c89d79fd719bda,/t7_hud_medal_kill_enemy_with_their_weapon
fe91021ca0fb812,/t7_hud_medal_kill_enemy_with_their_weapon_lrg
8268aae2fbde2e2,/t7_hud_medal_kill_flag_carrier
dfe131c9b94191a,/t7_hud_medal_kill_flag_carrier_lrg
1e7a00f283298db,/t7_hud_medal_killed_bomb_defuser
72cb2efff3cf183,/t7_hud_medal_killed_bomb_defuser_lrg
ab5d0b5a56a8719,/t7_hud_medal_killed_bomb_planter
ae1860ad4c3fd4d,/t7_hud_medal_killed_bomb_planter_lrg
3928e2bbe5dfe39,/t7_hud_medal_killed_enemy_while_carrying_flag
cfd3daf667d252d,/t7_hud_medal_killed_enemy_while_carrying_flag_lrg
652efbc8d4f77dc,/t7_hud_medal_koth_secure
4eb1645e9119c40,/t7_hud_medal_koth_secure_lrg
a7b1abfdfe5c8e9,/t7_hud_medal_longshot_kill
77347c9e09ff21d,/t7_hud_medal_longshot_kill_lrg
14533f6deed0554,/t7_hud_medal_neutral_b_secured
27bdea6ea580df8,/t7_hud_medal_neutral_b_secured_lrg
9da6e88c30fd963,/t7_hud_medal_quickly_secure_point
bb06cd67d66c3eb,/t7_hud_medal_quickly_secure_point_lrg
b6188f87224a947,/t7_hud_medal_retrieve_own_tags
9a326aff4da3007,/t7_hud_medal_retrieve_own_tags_lrg
2c8ee105731d151,/t7_hud_medal_revenge_kill
e33804444e559a5,/t7_hud_medal_revenge_kill_lrg
4a7379ee53dc014,/t7_hud_medal_stop_enemy_killstreak
1fc9d1196650cb8,/t7_hud_medal_stop_enemy_killstreak_lrg
83e91417ef83ae5,/t7_hud_medal_traversal_kill
94069477799a881,/t7_hud_medal_traversal_kill_lrg
582a79169040ac5,/t7_hud_medal_uninterrupted_obit_feed_kills
9efa7b1c39a04a1,/t7_hud_medal_uninterrupted_obit_feed_kills_lrg
82578b98849a76c,/t7_hud_medal_won_match
a3df52f91982c90,/t7_hud_medal_won_match_lrg
23e73eaa4383fd0,/t7_hud_waypoints_bomb_new_mini
f2803e66714e1b7,/t7_hud_waypoints_capture_new_b_mini
c4f2e38f7af1765,/t7_hud_waypoints_capture_new_flag_mini
7195c87d6df53c9,/t7_hud_waypoints_neutral_koth_mini
a61ac1146da4c6b,/t7_hud_waypoints_neutral_new_a_mini
f3c2422f95f4114,/t7_hud_waypoints_neutral_new_b_mini
408679bf1cd3485,/t7_hud_waypoints_neutral_new_c_mini
3e26611de04ffef,/t7_hud_waypoints_safeguard_location_minimap
13d065ab564a47c,/t7_hud_waypoints_safeguard_robot_minimap
316f16cd0946359,/t7_hud_waypoints_uplink_grab_minimap
590273b21c4f270,/t7_icons_challenges_mp_darkops
c32ffcf95b332fd,/tag_origin
38a70f1d5d2105d,/tag_origin_animate
549b02a73bd537b,/thunderstorm_zm
ea2865a0b81324e,thunderstorm_zm
972ee9914c6210f,/tomahawk_t8_wz
1c57a725cdf97c4,tomahawk_t8_wz
8ddda92b8deb1dc,/tools/fx8_color_grade_calibration_sm
1ed47502ce60670,/tools/fx_null
6d66aa8e9e2872a,tr_damageburst_t8_wz
1ab1a5b0e0cde1,/tr_damageburst_t8_wz
92b47d99a4af36c,/tr_flechette_t8_wz
221ad5a3ee5fc7,tr_flechette_t8_wz
f02192b98964ac6,/tr_leveraction_t8_wz
e3002a1509b13e1,tr_leveraction_t8_wz
63aaf4f01d29134,tr_longburst_t8_gold_wz
ad2606d68f8c81,/tr_longburst_t8_gold_wz
5e2ecd8239314d3,/tr_longburst_t8_operator_wz
6037f847b222f56,tr_longburst_t8_operator_wz
b1f0ab24d42e3b7,tr_longburst_t8_wz
874c6da3274a95c,/tr_longburst_t8_wz
afd9e2ab5ea10db,/tr_midburst_t8_gold_wz
c2a21a89aa251f0,tr_midburst_t8_gold_wz
e066920c0c63e3d,/tr_midburst_t8_operator_wz
cbaa6657bed0872,tr_midburst_t8_operator_wz
3116eaf2c59d6a3,tr_midburst_t8_wz
d8917a3a64119c6,/tr_midburst_t8_wz
79a3b93ee57b1b1,tr_powersemi_t8_gold_wz
c212401e041efb8,/tr_powersemi_t8_gold_wz
864bdb7ea60efba,/tr_powersemi_t8_operator_wz
1b4f20b8d6f143,tr_powersemi_t8_operator_wz
235b38e7f99580b,/tr_powersemi_t8_wz
6a602738681e34c,tr_powersemi_t8_wz
8e16a1b76d8c0c0,/trophy_system_wz
bc18274e57f8cd7,trophy_system_wz
4a8f33a9b12ecd5,uav_mp
b31514fcdce27fa,/uav_mp
a26a0501c1f30e8,/ui/fx8_ctf_flag_base_team
71e73123ec253bd,ui/fx8_ctf_flag_base_team
fd178211e6a4554,/ui/fx8_fracture_deposit_point
e4f56c2c7a88875,ui/fx8_fracture_deposit_point
3da59a2ee2348f6,/ui/fx8_fracture_deposit_point_end
c687ae47b39f05b,ui/fx8_fracture_deposit_point_end
89e81a7a0ff0c96,ui/fx8_fracture_deposit_point_end_ire
d07e32a0db227bb,/ui/fx8_fracture_deposit_point_end_ire
889a5e4668fe480,ui/fx8_fracture_deposit_point_ire
7b8eea302cce811,/ui/fx8_fracture_deposit_point_ire
1cdc3e932901147,/ui/fx8_fracture_drop_marker
5b4099839305f42,ui/fx8_fracture_drop_marker
7d815b0e35e83e7,ui/fx8_fracture_drop_marker_shamrock
295c11bb0f39360,/ui/fx8_fracture_drop_marker_shamrock
40f401a2b50b2e4,ui/fx8_fracture_plyr_marker
405c6d488007b3d,/ui/fx8_fracture_plyr_marker
ba05a346474347a,/ui/fx8_fracture_plyr_marker_shamrock
b440cbdd1f45e35,ui/fx8_fracture_plyr_marker_shamrock
f673723bb62ed83,/ui/fx8_infil_marker_neutral
f447aeb1973f7b6,ui/fx8_infil_marker_neutral
c116e005acf7348,/ui/fx8_infil_marker_neutral_window
5ab4f45bbfba6b3,ui/fx8_infil_marker_neutral_window
b348da50894d2f3,ui/fx8_infil_marker_shoutcaster_allies
cdb8be2b5027700,/ui/fx8_infil_marker_shoutcaster_allies
8926b1c92d97fb8,ui/fx8_infil_marker_shoutcaster_allies_window
4a75f4e717ea9f5,/ui/fx8_infil_marker_shoutcaster_allies_window
51abcdd1211e79b,/ui/fx8_infil_marker_shoutcaster_axis
2f6c3df53586600,ui/fx8_infil_marker_shoutcaster_axis
75505bf60101ef5,ui/fx8_infil_marker_shoutcaster_axis_window
82becd890bb2290,/ui/fx8_infil_marker_shoutcaster_axis_window
a3be01713ceb268,ui/fx8_ui_ct_marker_team_b135
e1f53bc54dec09,/ui/fx8_ui_ct_marker_team_b135
a16631713aec1c4,ui/fx8_ui_ct_marker_team_b180
fa023bc5629401,/ui/fx8_ui_ct_marker_team_b180
cf37c8a5a2ce73c,ui/fx8_ui_ct_marker_team_b90
60590d81e60f72b,/ui/fx8_ui_ct_marker_team_b90
8867a262ec030fd,ui/fx8_ui_ct_marker_team_b90_yllw
896c95217128918,/ui/fx8_ui_ct_marker_team_b90_yllw
1fb030055ea029,ui/fx8_ui_ct_plane_marker_team_b1000
f718d08060ec72e,/ui/fx8_ui_ct_plane_marker_team_b1000
aaf575f5b353880,/ui/fx8_ui_ct_plane_marker_team_b128
dcabc8b960ec639,ui/fx8_ui_ct_plane_marker_team_b128
ddbc28b961d439e,ui/fx8_ui_ct_plane_marker_team_b150
ac7695f5b49e8f7,/ui/fx8_ui_ct_plane_marker_team_b150
dd4b68b9617108c,ui/fx8_ui_ct_plane_marker_team_b170
ac05d5f5b43b5e5,/ui/fx8_ui_ct_plane_marker_team_b170
db6408b95fd4a7b,ui/fx8_ui_ct_plane_marker_team_b180
a9b5b5f5b249642,/ui/fx8_ui_ct_plane_marker_team_b180
52a598b99de5333,ui/fx8_ui_ct_plane_marker_team_b250
18f325f55e8a592,/ui/fx8_ui_ct_plane_marker_team_b250
87f835f50a99b59,/ui/fx8_ui_ct_plane_marker_team_b350
de8988b9ed847f4,ui/fx8_ui_ct_plane_marker_team_b350
87d3f5f47f7e39e,/ui/fx8_ui_ct_plane_marker_team_b500
adc8ba958660f,ui/fx8_ui_ct_plane_marker_team_b500
73348bb260f2f8,ui/fx8_ui_ct_plane_marker_team_b750
661e75f3d7dc235,/ui/fx8_ui_ct_plane_marker_team_b750
1b1bd0fca538652,/ui/fx_ctf_flag_base_team_green
8c6a04ead380b52,/ui/fx_ctf_flag_base_team_red
a3c5ecd67178e27,/ui/fx_ctf_flag_base_team_yellow
5a96cbb79b031a1,/ui/fx_dom_cap_indicator_neutral
d8fe9e0d5852091,/ui/fx_dom_cap_indicator_neutral_r120
d7c8d86769d56fd,ui/fx_dom_cap_indicator_neutral_r200
4fa10e0d95dec8e,/ui/fx_dom_cap_indicator_neutral_r200
d83798676a353af,ui/fx_dom_cap_indicator_neutral_r220
4f304e0d957b97c,/ui/fx_dom_cap_indicator_neutral_r220
d6bef86768f8a50,ui/fx_dom_cap_indicator_neutral_r250
4ef7ee0d9549ff3,/ui/fx_dom_cap_indicator_neutral_r250
48e3dc47d295199,/ui/fx_dom_cap_indicator_neutral_r90
d96a59a2560679f,/ui/fx_dom_cap_indicator_team
bf33d8985cd3cdf,/ui/fx_dom_cap_indicator_team_r120
ee57cc1986ddc81,ui/fx_dom_cap_indicator_team_r200
2c9408977c7d80c,/ui/fx_dom_cap_indicator_team_r200
2d04c8977ce0b1e,/ui/fx_dom_cap_indicator_team_r220
eebe8c19872ffb3,ui/fx_dom_cap_indicator_team_r220
2bf4e8977bf9b51,/ui/fx_dom_cap_indicator_team_r250
eef6ec19876193c,ui/fx_dom_cap_indicator_team_r250
dd7e991ad6ae997,/ui/fx_dom_cap_indicator_team_r90
163b12f04d55b1f,/ui/fx_dom_marker_neutral
d31df9f015a675f,/ui/fx_dom_marker_neutral_r120
407e29ef355028c,/ui/fx_dom_marker_neutral_r200
ff0f1c313d84e1,ui/fx_dom_marker_neutral_r200
105fb1c31438193,ui/fx_dom_marker_neutral_r220
40eee9ef35b359e,/ui/fx_dom_marker_neutral_r220
109811c31469b1c,ui/fx_dom_marker_neutral_r250
3fdf09ef34cc5d1,/ui/fx_dom_marker_neutral_r250
ca1f6018afad517,/ui/fx_dom_marker_neutral_r90
19319b73c25c349,/ui/fx_dom_marker_team
182889c52ccb619,/ui/fx_dom_marker_team_r120
a9faf9c58171696,/ui/fx_dom_marker_team_r200
b5d146059eb188d,ui/fx_dom_marker_team_r200
a98c39c581119e4,/ui/fx_dom_marker_team_r220
b63806059f03bbf,ui/fx_dom_marker_team_r220
a95bd9c580ed9db,/ui/fx_dom_marker_team_r250
b4bf66059dc7260,ui/fx_dom_marker_team_r250
34764fe0175cb01,/ui/fx_dom_marker_team_r90
46a7a42a8cbe48,/ui/fx_kill_confirmed_vanish
faa61ce739de84e,/ui/fx_koth_marker_blue
e1547f68c71b75b,/ui/fx_koth_marker_blue_window
61f1a9f1ad6b23b,/ui/fx_koth_marker_contested
c22e19d786f4a70,/ui/fx_koth_marker_contested_window
a7eab258fa65c21,/ui/fx_koth_marker_green
4df41bfd6efc36,/ui/fx_koth_marker_green_window
a148a7b3062f0e1,/ui/fx_koth_marker_neutral
91f5e2a7035f4f6,/ui/fx_koth_marker_neutral_window
ace17f8048fd488,/ui/fx_koth_marker_orng
c1ed3603a01216d,/ui/fx_koth_marker_orng_window
a8cfa88b45af89d,/ui/fx_koth_marker_red
fc9a8c4adb5f0da,/ui/fx_koth_marker_red_window
35691795700f3f3,/ui/fx_koth_marker_white
5c17da08f6bbab8,/ui/fx_koth_marker_white_window
d1f1320cd8f3fbe,/ui/fx_koth_marker_yellow
fc087a48195308b,/ui/fx_koth_marker_yellow_window
676250a82fd6358,/ui/fx_ui_frontend_battery_cigar_burn
e9a14da6226c983,/ui/fx_ui_frontend_battery_cigar_drag
9612e7a669a6138,/ui/fx_ui_frontend_battery_cigar_exhale
37a07f519b2a038,/ui/fx_ui_frontend_battery_cigar_flick
4c8481932e90206,/ui/fx_ui_gi_patrol
6b8ea5e536ec77f,/ui/fx_uplink_ball_vanish
b5a46a4a2c3de33,/ui_cam_blackjack_character
82af0d18a8eb528,ui_cam_blackjack_character
830b07136d20fff,/ui_cam_blackjack_crate
57a6af3fe92d4e8,ui_cam_blackjack_crate
ceda1308cb9863,ui_cam_blackjack_crate_idle
e59795949f21e92,/ui_cam_blackjack_crate_idle
ed0440762cf3a08,/ui_cam_blackmarket_character
8bb13c57e0ee1b3,ui_cam_blackmarket_character
ce8dcb2eff23bf3,/ui_cam_blackmarket_character_head
12bf396aadd4316,ui_cam_blackmarket_character_head
f76d1ab463c9b7f,ui_cam_blackmarket_crate
35b088199def5c8,/ui_cam_blackmarket_crate
f83a5655b8389f0,ui_cam_blackmarket_weapon
85a63c0a2ad8799,/ui_cam_blackmarket_weapon
811ddd695830d3f,/ui_cam_cac_ar_accurate
55da64254ad24c0,ui_cam_cac_ar_accurate
dc1199b17beea4,/ui_cam_char_customization_arms_render
9b40e520b68148d,ui_cam_char_customization_arms_render
4d5c60dc6c240da,/ui_cam_char_customization_fullbody_render
9cec7b280dde33,ui_cam_char_customization_fullbody_render
acb96d9051cb6ce,ui_cam_char_customization_head_render
f1155147d3c4923,/ui_cam_char_customization_head_render
5b7ca5121912d42,/ui_cam_char_customization_headgear_render
bff6ce59ba1163,ui_cam_char_customization_headgear_render
8318f2af4a6a4c2,/ui_cam_char_customization_legs_render
c3d4abaa74f26bb,ui_cam_char_customization_legs_render
d474790496707cf,ui_cam_char_customization_torso_render
ca2db2dcb556114,/ui_cam_char_customization_torso_render
b550935865f02b2,ui_cam_char_customization_warpaint_render
befdec2a6380077,/ui_cam_char_customization_warpaint_render
d89958fe0df871c,/ui_cam_draft_common
4b4ba3d1b8b3b39,ui_cam_draft_common
604bf6becc43215,ui_cam_endgame_mp_apartments
a192d805075b652,/ui_cam_endgame_mp_apartments
5265410ba67327b,/ui_cam_endgame_mp_sector
ff6f9b60e2aee74,ui_cam_endgame_mp_sector
e5031dbae1cbd65,ui_cam_frontend_main_lobby_team
29d7e3277f6b9d8,/ui_cam_frontend_main_lobby_team
d270e40cc6941a9,ui_cam_frontend_main_lobby_team_large
34d1a11115d8b14,/ui_cam_frontend_main_lobby_team_large
9a893bd40668a9e,ui_cam_match_intro_seaside_allies
2d0dae1798be75f,/ui_cam_match_intro_seaside_allies
4c4ff659547054,/ui_cam_match_intro_seaside_axis
b546cc149289e9,ui_cam_match_intro_seaside_axis
dde06811aa836d0,/ui_cam_mp_endgame_common
ab936485b39155f,ui_cam_mp_endgame_common
6ae6f8f27541925,ui_cam_store_camera
caae534de33c18,/ui_cam_store_camera
b23fa73aa14be8f,/ui_cam_weapon_camo_render
fcdc5aa359b3b9e,ui_cam_weapon_camo_render
fdcac1c5bf8c378,/ui_icon_armor_wz_heavy
c94afefa12fbf7,/ui_icon_armor_wz_light
1ec3cda9f5a16e,/ui_icon_armor_wz_medium
ed51a43b0ee98aa,/ui_icon_armordamagestate_wz_heavy
dd394d054d9ccf1,/ui_icon_armordamagestate_wz_light
40e5c60c2071c78,/ui_icon_armordamagestate_wz_medium
7b3d673de2fc397,/ui_icon_attachment_2roundburst
814756f2a7f8c27,/ui_icon_attachment_adsreloader
21496ffc76d52d3,/ui_icon_attachment_advancedmags
87dcac751070daf,/ui_icon_attachment_arfastfire_opmod_barrel
199251a3e0dc4f3,/ui_icon_attachment_bayonet
e659511a39b6e00,/ui_icon_attachment_burstcount
e87f020047a05fd,/ui_icon_attachment_chokedbarrel
40c155d59979b48,/ui_icon_attachment_dragonbreath
7eec72c367b0cc,/ui_icon_attachment_dualoptic
4092ff8df21443c,/ui_icon_attachment_extendedmags
52f355e0f869ec7,/ui_icon_attachment_fastmags
e7e8798355d24ed,/ui_icon_attachment_float_dot
e8cf362611180c5,/ui_icon_attachment_grip
bc4ce908a3052bb,/ui_icon_attachment_hades_opmod_sentry_grip
6fbd138bf54e381,/ui_icon_attachment_holo
62c530fe3a75474,/ui_icon_attachment_laser
eed5c884be30aa6,/ui_icon_attachment_lmg_heavy_opmod_fat_barrel
f82ba7c78be53eb,/ui_icon_attachment_longbarrel
f164ef37f4b23b,/ui_icon_attachment_pistol_grip
e742fa53963e1f,/ui_icon_attachment_pistol_revolver_opmod_skullsplitter
3ab5e99c72294c,/ui_icon_attachment_recon
54d9b0d878065e7,/ui_icon_attachment_reflex
4d864b8dbaa1fca,/ui_icon_attachment_saug_opmod_dual_wield
4ce91c2ef53c8bd,/ui_icon_attachment_sg12_opmod_strobe_light
d81e434525939dc,/ui_icon_attachment_smg_accurate_opmod_wildfire
da41f44781a8b97,/ui_icon_attachment_smgcapacity_opmod_beltfed
af8be901dc14765,/ui_icon_attachment_sniper_quickrechamber_opmod
c7c49150ec845e9,/ui_icon_attachment_sniper_scope
c7b410b3995818d,/ui_icon_attachment_sniperkoshka_opmod_loader
b857bafb71baded,/ui_icon_attachment_stock
a154a632c32c328,/ui_icon_attachment_suppressivebarrel
cff6bf472600841,/ui_icon_attachment_supressor
fd0f57b3d0fd802,/ui_icon_attachment_tr_midburst_opmod_burstaccelerator
da1653f8712c166,/ui_icon_blackmarket_contracts_completed
d12f9696c3353bf,/ui_icon_blackmarket_contracts_preview_triple_play
aeab3666272c433,/ui_icon_blackmarket_contracts_preview_triple_play_01
f1c81cf80a6eb27,/ui_icon_blackmarket_contracts_preview_triple_play_tall
bf3aa5682edbf71,/ui_icon_blackmarket_lockskull_256
38b2715b6ec2f6b,/ui_icon_blackmarket_promos_shamrock_and_awe_preview
e68dc3bec153c1,/ui_icon_blackmarket_reserves_case_large
8944a4d33365165,/ui_icon_blackmarket_reserves_case_small
7b59a066768d3d8,/ui_icon_blackmarket_reserves_crate_large
fa00a5bfb22c380,/ui_icon_blackmarket_reserves_crate_small
be62865ba2ee1f4,/ui_icon_blackmarket_reserves_weapon_bribe
e4f13ecd7ee6359,/ui_icon_blackmarket_store_tile_default
a94921a345b67d5,/ui_icon_blackmarket_store_tile_default_01
a948f1a345b62bc,/ui_icon_blackmarket_store_tile_default_02
a94901a345b646f,/ui_icon_blackmarket_store_tile_default_03
a948d1a345b5f56,/ui_icon_blackmarket_store_tile_default_04
a948e1a345b6109,/ui_icon_blackmarket_store_tile_default_05
a948b1a345b5bf0,/ui_icon_blackmarket_store_tile_default_06
a94991a345b73ba,/ui_icon_blackmarket_store_tile_default_08
a949a1a345b756d,/ui_icon_blackmarket_store_tile_default_09
d0b82e09d38deac,/ui_icon_blackmarket_store_tile_focus
70139d46b48807e,/ui_icon_blackmarket_store_tile_focus_01
70138d46b487ecb,/ui_icon_blackmarket_store_tile_focus_02
70137d46b487d18,/ui_icon_blackmarket_store_tile_focus_03
7013ed46b4888fd,/ui_icon_blackmarket_store_tile_focus_04
7013dd46b48874a,/ui_icon_blackmarket_store_tile_focus_05
7013cd46b488597,/ui_icon_blackmarket_store_tile_focus_06
70132d46b487499,/ui_icon_blackmarket_store_tile_focus_08
70131d46b4872e6,/ui_icon_blackmarket_store_tile_focus_09
fd13d3d559cf028,/ui_icon_blackmarket_stream_bribe_crate
cdaf4aef99c3bd7,/ui_icon_blackmarket_stream_weapon_ultra
51be398fa85524e,/ui_icon_blackmarket_weapon_bundle
4c2c6fc17326429,/ui_icon_ct_preview_ct_skirmishoutro_firebreak
f553f5035498670,/ui_icon_ct_preview_ct_skirmishoutro_ruin
56e8dd8888c11b4,/ui_icon_ct_preview_ct_tutofirebreak_loadingmovie
3c802b4635e2fd3,/ui_icon_ct_preview_ct_tutoruin_loadingmovie
553f9d7e75c93cd,/ui_icon_emotes_beachball
7d3ece3f378ab9e,/ui_icon_emotes_blackflag
ce92b457e3e0492,/ui_icon_emotes_bookofhell
32410f30d7577c0,/ui_icon_emotes_brains
99387123b94b05a,/ui_icon_emotes_cardboardbox
d338e4ebd092ba9,/ui_icon_emotes_champagne
a81af4387012bd7,/ui_icon_emotes_clapping
9ab07906a78e86b,/ui_icon_emotes_dog_tags
885cc274089c694,/ui_icon_emotes_fingerglasses
4aed415ad77a606,/ui_icon_emotes_gag
a57476fcec97930,/ui_icon_emotes_ghost
5446dc045a1f6b0,/ui_icon_emotes_handstand
3a64f21593ee094,/ui_icon_emotes_head_shot
c4a7a92d5164e07,/ui_icon_emotes_homerun
99f6ba968a1959c,/ui_icon_emotes_homunculus
8b3758989fd48fe,/ui_icon_emotes_icecream
423d2b9f238ffdd,/ui_icon_emotes_jokersgun
ac26412e8f922b1,/ui_icon_emotes_jugglesoccreball
26c968517453b8b,/ui_icon_emotes_matrixdodge
da6081e10c517c0,/ui_icon_emotes_nuke
e6a1ed4de9df405,/ui_icon_emotes_parrot
bfa60fe4d55fbb,/ui_icon_emotes_pinwheel
80c451e4c1d26f2,/ui_icon_emotes_poplock1
80c441e4c1d253f,/ui_icon_emotes_poplock2
80c431e4c1d238c,/ui_icon_emotes_poplock3
80c421e4c1d21d9,/ui_icon_emotes_poplock4
b61b415dd789b40,/ui_icon_emotes_popnlock5
b61b715dd78a059,/ui_icon_emotes_popnlock6
b61b615dd789ea6,/ui_icon_emotes_popnlock7
b61c115dd78b157,/ui_icon_emotes_popnlock8
36ed4dd7331b71,/ui_icon_emotes_pushups
bd22d94a7f752f7,/ui_icon_emotes_romancandle
6d0b94480b988d7,/ui_icon_emotes_s3_guitar_playing
257f919b1193a75,/ui_icon_emotes_s3_leprechaun
326747825ed6cd6,/ui_icon_emotes_s3_police_badge
9c0d9d4ce939373,/ui_icon_emotes_s3_police_megaphone
f0545ee0bd7fa66,/ui_icon_emotes_s3_rainbow
b56a1c3b88798cd,/ui_icon_emotes_s3_shuffle
d7497f21de550ca,/ui_icon_emotes_s3_was_i_shot
cebea4061a943b3,/ui_icon_emotes_s3_yawn
19ee8018fc549b1,/ui_icon_emotes_salute
de2bcf466a39de4,/ui_icon_emotes_show_me_the_money
c4d0cacf08ef805,/ui_icon_emotes_sparkler
7cdee83d7c57d7,/ui_icon_emotes_teddybear
537c4a4960c6b39,/ui_icon_emotes_toyraygun
b65a83be8506e80,/ui_icon_emotes_twerk
8f1970dc036d82d,/ui_icon_emotes_unicycle
b631420c93eaf9c,/ui_icon_emotes_warface
39693c86075b99f,/ui_icon_emotes_zombie
560d7f63f25f8d1,/ui_icon_eq_gravityslam_mp
7e1bfdb5ec38625,/ui_icon_equipment_concussion_grenade
6d3ee16a7d80f6,/ui_icon_equipment_drone_hawk
30df14b7a7c8957,/ui_icon_equipment_emp_grenade
9284288b1c81145,/ui_icon_equipment_eq_cluster_semtex_grenade
8d5c50b614bfd5a,/ui_icon_equipment_eq_grapple
509348c14acb48f,/ui_icon_equipment_eq_molotov
2ebf6f05a40f1b6,/ui_icon_equipment_eq_seeker_mine
c5e40fe845d8ef1,/ui_icon_equipment_eq_sensor
acfd62caebcabcf,/ui_icon_equipment_eq_swat_grenade_default
96cf0ac45ab5925,/ui_icon_equipment_eq_tripwire
f9d003f845b0bc3,/ui_icon_equipment_gadget_radiation_field
722b4a92773db70,/ui_icon_equipment_gadget_spawnbeacon
e971f7226e4d5f5,/ui_icon_equipment_gadget_supplypod
ca65c44188b9e27,/ui_icon_equipment_hatchet
54dd5a27032c739,/ui_icon_equipment_menu_frag_grenade
ac134bd2ae00fc6,/ui_icon_equipment_trophy_system
fd775cd06cf874d,/ui_icon_gadget_smart_cover_mp
32f5e88cb4f0648,/ui_icon_gear_c_t8_spe_gear_awareness
10272aea139c879,/ui_icon_gear_c_t8_spe_gear_equipment
6aea668115db163,/ui_icon_gear_c_t8_spe_gear_medic
d57eb99b73ecdb5,/ui_icon_gear_c_t8_spe_gear_scorestreak
f527b5303b0b1b6,/ui_icon_gear_p8_mp_spe_armor_medium
8ec76bc8c08cf13,/ui_icon_hero_annihilator_mp
409eeb82522282c,/ui_icon_hero_flamethrower_mp
3d5869da210408b,/ui_icon_hero_ice_pick
9387ac355c8ea2e,/ui_icon_hero_pineapplegun_mp
343731e47004d14,/ui_icon_hvo_base
54addeb063b2845,/ui_icon_hvo_killer_ajax
4cfad1a795bab88,/ui_icon_hvo_killer_battery
6cbe1578dcdd1ae,/ui_icon_hvo_killer_crash
e69bc2b3d09d4a2,/ui_icon_hvo_killer_firebreak
3fae1efa9156ada,/ui_icon_hvo_killer_nomad
4ab7a915c4e72f3,/ui_icon_hvo_killer_prophet
d3cbcc2578c559e,/ui_icon_hvo_killer_recon
5b20768534156cd,/ui_icon_hvo_killer_ruin
d4839ebfca5684a,/ui_icon_hvo_killer_seraph
4524e22e5c89b5,/ui_icon_hvo_killer_spectra
e0ad686921c4a41,/ui_icon_hvo_killer_torque
59f286f9f5cf681,/ui_icon_hvo_mvp_ajax
caf631be7118634,/ui_icon_hvo_mvp_battery
7fe0c1eaffdcd12,/ui_icon_hvo_mvp_crash
af60a4d6ff8299e,/ui_icon_hvo_mvp_firebreak
1db841f728b506e,/ui_icon_hvo_mvp_nomad
69e7b9b9e434bf,/ui_icon_hvo_mvp_prophet
7aa8ed8e9b9eca,/ui_icon_hvo_mvp_recon
dc583dd3dbe856e,/ui_icon_hvo_mvp_seraph
7ac9c91c458294d,/ui_icon_hvo_mvp_torque
df3a677432a6bc0,/ui_icon_hvo_sharpshooter_ajax
d193e57993727db,/ui_icon_hvo_sharpshooter_battery
7bea5d88e96a655,/ui_icon_hvo_sharpshooter_crash
d780e1aa36faeed,/ui_icon_hvo_sharpshooter_firebreak
1d1ada53cc0f0f1,/ui_icon_hvo_sharpshooter_nomad
4f9e2ec49e95be0,/ui_icon_hvo_sharpshooter_prophet
55b5a159c3fa48d,/ui_icon_hvo_sharpshooter_recon
631ede24fd47a44,/ui_icon_hvo_sharpshooter_ruin
4e0fc29281b58c3,/ui_icon_hvo_sharpshooter_seraph
21d27936291c0f8,/ui_icon_hvo_sharpshooter_torque
e7bd2a38adc842,/ui_icon_inventory_acid_bomb
7fd214c775f887c,/ui_icon_inventory_armor_plating_dmg
6f6713176f5b73d,/ui_icon_inventory_armor_scrap
74fa653479b2bd,/ui_icon_inventory_awareness
ad6bee143b64eef,/ui_icon_inventory_bandana
a90168c5fef210b,/ui_icon_inventory_brawler
963e8782040dc5d,/ui_icon_inventory_concussion_grenade
23f72b25ff6dda6,/ui_icon_inventory_cymbal_monkey
78f7a26213d06c1,/ui_icon_inventory_deadsilence
a5e9e64f5037a7d,/ui_icon_inventory_engineer
99a1b2a7bb81bf,/ui_icon_inventory_hatchet
bf48a6a412cd295,/ui_icon_inventory_homunculus
3e35c5c70e6e62c,/ui_icon_inventory_lightweight
2138fbd0a318de2,/ui_icon_inventory_medic
851597ac8be8288,/ui_icon_inventory_necklace
82050e21349f3d9,/ui_icon_inventory_p7_fir_ball_sports_basketball
85e305945905e9f,/ui_icon_inventory_p8_backpack_military
a4acaf63415b959,/ui_icon_inventory_p8_wz_ammo_pickup_338
f2f09153365d862,/ui_icon_inventory_p8_wz_ammo_pickup_45acp
5a1016e9dc55358,/ui_icon_inventory_p8_wz_ammo_pickup_50
5f9cef6165b1f53,/ui_icon_inventory_p8_wz_ammo_pickup_556
800aaf620c3c4fe,/ui_icon_inventory_p8_wz_ammo_pickup_762
42d03f603734d7a,/ui_icon_inventory_p8_wz_ammo_pickup_9mm
e0c9d9c315aff7a,/ui_icon_inventory_p8_wz_ammo_pickup_rockets
c14a9fdf3c9328d,/ui_icon_inventory_p8_wz_ammo_pickup_shotgun
4338c8f0836306f,/ui_icon_inventory_perk_juggernog
6e27a6fb7ea7887,/ui_icon_inventory_reinforced
f6126eaf7a34349,/ui_icon_inventory_respirator
b2170c1f7ed53b3,/ui_icon_inventory_skulker
234105f755df5f0,/ui_icon_inventory_smoke_grenade
87e76cf06b3458c,/ui_icon_inventory_spray_can
32fbb9301bef8ce,/ui_icon_inventory_tomahawk
582ff4c77849858,/ui_icon_inventory_wraith_fire
6a7541fd5fea69d,/ui_icon_inventory_zm_red_artifact_sentinel
30a096821e187ed,/ui_icon_inventory_zm_red_shield_part_cover
817b761660e1723,/ui_icon_inventory_zm_red_shield_part_spear
41d8a42f2082c10,/ui_icon_inventory_zm_red_shield_part_strap
78ceaa66f5f4cb3,/ui_icon_inventory_zm_white_fuse_pickup_yellow
b153240bebfc787,/ui_icon_laboratory_aboffer1
b153340bebfc93a,/ui_icon_laboratory_aboffer2
b153440bebfcaed,/ui_icon_laboratory_aboffer3
1c1938e9fc61e29,/ui_icon_laboratory_nebulium_offer_medium
9138526ce161bf4,/ui_icon_laboratory_offer1
9138826ce16210d,/ui_icon_laboratory_offer2
9138726ce161f5a,/ui_icon_laboratory_offer3
803cffc546ea13,/ui_icon_laboratory_treble
224caf98849695,/ui_icon_laboratory_tripler
bbca0124c72e0be,/ui_icon_meansofdeath_assassinate
593723f7a6fad67,/ui_icon_meansofdeath_assassinate_xl
87d525116610db2,/ui_icon_meansofdeath_bleed_out
a5ea92983c5e123,/ui_icon_meansofdeath_bleed_out_xl
d7e10b8396f36ef,/ui_icon_meansofdeath_burned
98f403fcf5a6d3c,/ui_icon_meansofdeath_burned_xl
57d5aa6830317d7,/ui_icon_meansofdeath_crushed
7043b5ef0f1d624,/ui_icon_meansofdeath_crushed_xl
c2e59a0385779c0,/ui_icon_meansofdeath_death_circle
a44f3c1a805c619,/ui_icon_meansofdeath_death_circle_xl
d76326929a16162,/ui_icon_meansofdeath_downed
93e4cb09ff27333,/ui_icon_meansofdeath_downed_xl
6652deee12663ca,/ui_icon_meansofdeath_drowned
ef7e026ab58a95b,/ui_icon_meansofdeath_drowned_xl
90b3c0458a536b7,/ui_icon_meansofdeath_explosive_death
a008ccb4e44d444,/ui_icon_meansofdeath_explosive_death_xl
64befcd680c891a,/ui_icon_meansofdeath_falling
13c8be5e1ec7d8b,/ui_icon_meansofdeath_falling_xl
8222177fd6cbc5d,/ui_icon_meansofdeath_headshot
9eeaaa5d72903e2,/ui_icon_meansofdeath_headshot_xl
dc6cd7ae3898c5e,/ui_icon_meansofdeath_hit_by_object
45b5d25cef53fc7,/ui_icon_meansofdeath_hit_by_object_xl
bb4f35e9bb09abd,/ui_icon_meansofdeath_impact
b586f7283ecc882,/ui_icon_meansofdeath_impact_xl
2183f62e4def19,/ui_icon_meansofdeath_melee
f13e218249ad26e,/ui_icon_meansofdeath_melee_weapon_butt
e32b46e7e16c977,/ui_icon_meansofdeath_melee_weapon_butt_xl
8f92d7240734796,/ui_icon_meansofdeath_melee_xl
4b627b199e92185,/ui_icon_meansofdeath_suicide
3ba9a3c110743ca,/ui_icon_meansofdeath_suicide_xl
844f78231557b7f,/ui_icon_meansofdeath_unknown
c37e6f85d52ddac,/ui_icon_meansofdeath_unknown_xl
86cb58902682e3f,/ui_icon_medal_afterlife
ea87681904428cf,/ui_icon_medal_afterlife_large
a78f35fd8684b91,/ui_icon_medal_aggression
f8317947a8a9295,/ui_icon_medal_aggression_large
94d555da68f567,/ui_icon_medal_allgone
f9909d24c4c737,/ui_icon_medal_allgone_large
6ff918529f9d290,/ui_icon_medal_ambushed_large
bebaec6fc7eddd4,/ui_icon_medal_annihilated
e4c8aab27b9b680,/ui_icon_medal_annihilated_large
96be8d4fbd16878,/ui_icon_medal_assault
91506ba30c0cb74,/ui_icon_medal_assault_large
8b5d3e25db218a0,/ui_icon_medal_assisted_suicide
daa1844f11883dc,/ui_icon_medal_assisted_suicide_large
848dbe1b384341,/ui_icon_medal_attack_chopper_large
fada78c63a3cb75,/ui_icon_medal_avenger
10586b0eea2c39,/ui_icon_medal_avenger_large
ac37513e1bbead2,/ui_icon_medal_backfire
da88e4cd7d88712,/ui_icon_medal_backfire_large
d8f28d77f14f613,/ui_icon_medal_backstabber
d64f3d3f56e7b73,/ui_icon_medal_backstabber_large
51e79cd5e60e651,/ui_icon_medal_bait_taken
e3c90d60a2b7155,/ui_icon_medal_bait_taken_large
1607e018ef0774c,/ui_icon_medal_bank_shot
9299f2bcd1d67d8,/ui_icon_medal_bank_shot_large
3f949aae89f3fb0,/ui_icon_medal_blast_radius_large
914fe700e3c6f74,/ui_icon_medal_blindfire
64b73efd776f0e0,/ui_icon_medal_blindfire_large
886ed403a064e5a,/ui_icon_medal_bloodthirsty
c19af4fc83261fa,/ui_icon_medal_bloodthirsty_large
281c564dd90467e,/ui_icon_medal_bomber
85ceedcf8fdce8e,/ui_icon_medal_bomber_large
4f452fb5af6d9,/ui_icon_medal_boomer
5490b4c1118e17d,/ui_icon_medal_boomer_large
9af97c58b0bb3a7,/ui_icon_medal_bounced
790d9fa73448277,/ui_icon_medal_bounced_large
e580772cece95e5,/ui_icon_medal_breakthebank
f1360bf1f57629,/ui_icon_medal_breakthebank_large
83a018c97668565,/ui_icon_medal_brutal
8e71db11686c9a9,/ui_icon_medal_brutal_large
7c433c4a13415d2,/ui_icon_medal_bullseye
43a9dade5dc1a12,/ui_icon_medal_bullseye_large
49a09a0e7022fd7,/ui_icon_medal_bullwark
9a3c68ae826e227,/ui_icon_medal_bullwark_large
3d5a8bdc162143f,/ui_icon_medal_bully
d3d7824e3cc5ecf,/ui_icon_medal_bully_large
236fce37d553740,/ui_icon_medal_buzzkill
9668a100539ddbc,/ui_icon_medal_buzzkill_large
aa39eab73425709,/ui_icon_medal_caught
21a05e22093952d,/ui_icon_medal_caught_large
ae779477385392b,/ui_icon_medal_choppedup
9afb57392315d0b,/ui_icon_medal_choppedup_large
127c9c03068570a,/ui_icon_medal_clean_bill
1e7ab1304db4d6a,/ui_icon_medal_clean_bill_large
e0f5d466aa45449,/ui_icon_medal_clean_sweep
373b00e627fa56d,/ui_icon_medal_clean_sweep_large
44539cc9c5f145a,/ui_icon_medal_clean_up
690bf82bd1a77fa,/ui_icon_medal_clean_up_large
4872a2f8cc33f87,/ui_icon_medal_cleanup
a15aabdf77b7f97,/ui_icon_medal_cleanup_large
d6fd83074452a74,/ui_icon_medal_clutch
84768085b0a93e0,/ui_icon_medal_clutch_large
434bad9116ab4bc,/ui_icon_medal_collateral
3fc558a8bd0e988,/ui_icon_medal_collateral_large
7a777fb9f297ad2,/ui_icon_medal_comeback
8da52dd529d9712,/ui_icon_medal_comeback_large
2333c14b03e20b4,/ui_icon_medal_cominginhot_large
4a5298ff724751d,/ui_icon_medal_contagious
3800303f4adc121,/ui_icon_medal_contagious_large
722acf190a9de0d,/ui_icon_medal_covering_fire
542e5f156009991,/ui_icon_medal_covering_fire_large
aa8135ffa4a74d5,/ui_icon_medal_crackdown
fe76f1fee2014d9,/ui_icon_medal_crackdown_large
38c5e3dddae22ef,/ui_icon_medal_crispy
95faa509f740ff,/ui_icon_medal_crispy_large
c2cd47be40e1fa4,/ui_icon_medal_cropduster
3d0dbd65cde5c50,/ui_icon_medal_cropduster_large
f79fd314f30867,/ui_icon_medal_dead_circuit
f0f2758db350237,/ui_icon_medal_dead_circuit_large
a28c027956e6356,/ui_icon_medal_dead_from_above
d7a54b470432506,/ui_icon_medal_dead_from_above_large
dfe27f4bfce7fdb,/ui_icon_medal_delivered
6e201ae66e4327b,/ui_icon_medal_delivered_large
9e59f9ecd5515ea,/ui_icon_medal_denied
6ff1e1a676cbfed,/ui_icon_medal_destroy_chopper
ddf7e49d1126931,/ui_icon_medal_destroy_chopper_large
d132222c923f0ef,/ui_icon_medal_destroy_dart
9129c5782861eff,/ui_icon_medal_destroy_dart_large
d838eb15c4ffeca,/ui_icon_medal_destroy_gunship
692133ba96edb2a,/ui_icon_medal_destroy_gunship_large
e502f825c5e38a2,/ui_icon_medal_destroy_mantis
d14c9129b602722,/ui_icon_medal_destroy_mantis_large
c12aa9a0990c4bb,/ui_icon_medal_destroy_overwatch
324020560ccb31b,/ui_icon_medal_destroy_overwatch_large
94ebba08dcb0426,/ui_icon_medal_destroy_swarm
2cc3297a50c94d6,/ui_icon_medal_destroy_swarm_large
77646217366c892,/ui_icon_medal_destroy_warthog
a9b9acb3e921d2,/ui_icon_medal_destroy_warthog_large
521666c4e692acc,/ui_icon_medal_doublekill
b51fcd645525f58,/ui_icon_medal_doublekill_large
55c7d3299ecfb54,/ui_icon_medal_drained
77edaaefd045986,/ui_icon_medal_elimination
c46efe1e4363876,/ui_icon_medal_elimination_large
652febeefd36d01,/ui_icon_medal_equipment_multikill_large
ff094730033758f,/ui_icon_medal_finished
bc9f11d85a9bedf,/ui_icon_medal_finished_large
808c6a2314ddc9,/ui_icon_medal_firstkill
82e7be66f6742ed,/ui_icon_medal_firstkill_large
fa47746d69f375b,/ui_icon_medal_fly_swatter
31bb3f928ca0dfb,/ui_icon_medal_fly_swatter_large
695f7a20bc62330,/ui_icon_medal_forward_position
471bc3e35c701ec,/ui_icon_medal_forward_position_large
d49d360a2c8725b,/ui_icon_medal_frenzykill
58e0e0f0c9a30fb,/ui_icon_medal_frenzykill_large
ede98202ff23c98,/ui_icon_medal_fuzz_buster
5150480972681d4,/ui_icon_medal_fuzz_buster_large
4bb0cd1db4966bc,/ui_icon_medal_gungame_gunslinger
a6afb814e128b88,/ui_icon_medal_gungame_gunslinger_large
9185456fc0414fe,/ui_icon_medal_gungame_regicide
8da3c8538fdc90e,/ui_icon_medal_gungame_regicide_large
9a550e3c2b5ed3a,/ui_icon_medal_hardpoint_secure_large
356190fd7aeefaf,/ui_icon_medal_headshot
89c90a07f02bdbf,/ui_icon_medal_headshot_large
2fded696499ed05,/ui_icon_medal_hero
9d21d78de7eb889,/ui_icon_medal_hero_large
497d33da694439e,/ui_icon_medal_hot_swap
d7cc9a2814342ee,/ui_icon_medal_hot_swap_large
404b9ee46bf578,/ui_icon_medal_intercepted
a75c79e41383074,/ui_icon_medal_intercepted_large
8e04964ced49999,/ui_icon_medal_jackpot
649c08cf2ae303d,/ui_icon_medal_jackpot_large
11832afd415d881,/ui_icon_medal_jetfighter
8d9cb99bea87705,/ui_icon_medal_jetfighter_large
f3a67c66877af4,/ui_icon_medal_k9_unit_large
e0c3229d6c4ec2,/ui_icon_medal_kaboom
e19e84f93df5682,/ui_icon_medal_kaboom_large
b1ad945dd8f946,/ui_icon_medal_killchain
c75d6dff7b0df36,/ui_icon_medal_killchain_large
e32c5df2763bc3c,/ui_icon_medal_kingslayer
3b731459b909508,/ui_icon_medal_kingslayer_large
df04ed40de361e5,/ui_icon_medal_knockout
4c0cced1f5ee229,/ui_icon_medal_knockout_large
14c81ba76b1358f,/ui_icon_medal_last_man_standing
f4f82cdea297edf,/ui_icon_medal_last_man_standing_large
9bfc9f372a3d44c,/ui_icon_medal_lightsout
ff3117c6fb1cd8,/ui_icon_medal_lightsout_large
a419150d2fe8498,/ui_icon_medal_litandhit_large
5914d8fd195e516,/ui_icon_medal_lockdown
260ae1e8f2e5bc6,/ui_icon_medal_lockdown_large
c26b240beeb2ef,/ui_icon_medal_longshot
df851c2d5b750ff,/ui_icon_medal_longshot_large
f1e1c6e5d55546e,/ui_icon_medal_low_blow
2ece93363d1fbfe,/ui_icon_medal_low_blow_large
f4978618959a7f2,/ui_icon_medal_mantis_kill
dd1b7f36c3a0df2,/ui_icon_medal_mantis_kill_large
edef7ca33500d4,/ui_icon_medal_mayhem
770d7ec18598180,/ui_icon_medal_mayhem_large
b0374ed1e6a6357,/ui_icon_medal_megakill
59d4d23d1af59a7,/ui_icon_medal_megakill_large
59ec27076dc6427,/ui_icon_medal_meltdown_large
8bf8d2fde4af37a,/ui_icon_medal_melted
c5ae32ca25484da,/ui_icon_medal_melted_large
f65bbeb38e663be,/ui_icon_medal_merciless
41bb1779487c8ce,/ui_icon_medal_merciless_large
dffb0b2eef322d4,/ui_icon_medal_no_tip
7bd31005fb1380,/ui_icon_medal_no_tip_large
fad8d99eb8e1c75,/ui_icon_medal_nope
ef1bb20cdbc3539,/ui_icon_medal_nope_large
f97891bd732a401,/ui_icon_medal_nose_breaker
2b9e98fc8f6c685,/ui_icon_medal_nose_breaker_large
ba925c4d5a34ee5,/ui_icon_medal_nuclear
4cfe71f2768a729,/ui_icon_medal_nuclear_large
618e336a72d64cd,/ui_icon_medal_oneshotonekill
83d2968ccc5d651,/ui_icon_medal_oneshotonekill_large
f3ebe0edbea2322,/ui_icon_medal_overwatch
b998d17b665da2,/ui_icon_medal_overwatch_large
64da81dde1077c,/ui_icon_medal_pancake
80d753b29bcb848,/ui_icon_medal_pancake_large
5d0a0703a5cc5d1,/ui_icon_medal_plane_mortor_large
2e1418ff056f9d6,/ui_icon_medal_popcorn
d44288ac0f3a786,/ui_icon_medal_popcorn_large
65162d001d22782,/ui_icon_medal_quadfeed
8a85f297c1b2f42,/ui_icon_medal_quadfeed_large
82f9275b91f4c0e,/ui_icon_medal_quadkill
bc88a35bd599de,/ui_icon_medal_quadkill_large
5a2bd22eeddea08,/ui_icon_medal_raining_death
532c4aa43fc1d84,/ui_icon_medal_raining_death_large
6115ec299bc00f0,/ui_icon_medal_relentless
e7abfa74bdf87ac,/ui_icon_medal_relentless_large
8dbfe4277f6670b,/ui_icon_medal_retrieved
71195d58cbd352b,/ui_icon_medal_retrieved_large
c96fc45c1fce979,/ui_icon_medal_revenge
bc1b2052e8f1cdd,/ui_icon_medal_revenge_large
2f727e52abf9901,/ui_icon_medal_road_rage
4f0fb860dd75385,/ui_icon_medal_road_rage_large
d73006620f70211,/ui_icon_medal_ruthless
d82ec6751f83515,/ui_icon_medal_ruthless_large
1f8e8f01dbc438d,/ui_icon_medal_savior
ad7cc04071a3311,/ui_icon_medal_savior_large
256d187b8f603b3,/ui_icon_medal_scrapped
6711c45f8b6e2d3,/ui_icon_medal_scrapped_large
f4871b807811374,/ui_icon_medal_secure
d4b59ed5a71654b,/ui_icon_medal_shattered
6483b2fa4bd0f6b,/ui_icon_medal_shattered_large
b31bb00729be40d,/ui_icon_medal_strength_and_honor
4497a687b87ef91,/ui_icon_medal_strength_and_honor_large
66c80a1a791572d,/ui_icon_medal_strike_team
fbc818419bd8b71,/ui_icon_medal_strike_team_large
e8d2300e85535af,/ui_icon_medal_stuck
9ba8183b42c53bf,/ui_icon_medal_stuck_large
1bd64f557eb5991,/ui_icon_medal_survivalist
f741cd3698cb095,/ui_icon_medal_survivalist_large
d4983d1127924cb,/ui_icon_medal_survivor_large
58eb99e3516372c,/ui_icon_medal_taggedandbagged_large
d7594bc7d81f4ba,/ui_icon_medal_takedown
9fb0c9e08f7151a,/ui_icon_medal_takedown_large
c379c7afb935f5c,/ui_icon_medal_tearjerker
91aea7106962968,/ui_icon_medal_tearjerker_large
3f26ed925bbbdad,/ui_icon_medal_tempest
e2a8342faf55df1,/ui_icon_medal_tempest_large
b7a7224630328ad,/ui_icon_medal_triplekill
f4e24b3979e30f1,/ui_icon_medal_triplekill_large
469f5f421a60b55,/ui_icon_medal_ultrakill
ce7b51ab66b9759,/ui_icon_medal_ultrakill_large
804d486aa8c738e,/ui_icon_medal_unstoppable
98665773930655e,/ui_icon_medal_unstoppable_large
d35c09c8fb10af2,/ui_icon_medal_victor
d78a8ea9f4118f2,/ui_icon_medal_victor_large
826fb12e4e5935d,/ui_icon_medal_whirlwind
948d1307f86d836,/ui_icon_medal_wipeout
a2c2a79bddae8a6,/ui_icon_medal_wipeout_large
85df94de391b3b4,/ui_icon_medal_you_redone_large
5d360f30c336c7c,/ui_icon_minimap_target
58735c6be89d0d3,/ui_icon_mp_disrupted
ced38dd732b384a,/ui_icon_mp_hawk_multikill
da8c456f037a8aa,/ui_icon_mp_hawk_multikill_large
851f7972f511f0d,/ui_icon_mp_jackpot
c795ff447731f64,/ui_icon_mp_league_01_01
e3159faf1e49d10,/ui_icon_mp_league_01_01_large
c7962f44773247d,/ui_icon_mp_league_01_02
2b92d7d7e4ffd41,/ui_icon_mp_league_01_02_large
567441568a660ad,/ui_icon_mp_league_01_02b
148a739ce45a8f1,/ui_icon_mp_league_01_02b_large
c7961f4477322ca,/ui_icon_mp_league_01_03
14fcb681619df2a,/ui_icon_mp_league_01_03_large
ad197ef2009915b,/ui_icon_mp_league_02_01
fbc48aa7d1417fb,/ui_icon_mp_league_02_01_large
ad198ef2009930e,/ui_icon_mp_league_02_02
be0838c4fe968de,/ui_icon_mp_league_02_02_large
bba4a5370458084,/ui_icon_mp_league_02_02b
5e13322e3e0b870,/ui_icon_mp_league_02_02b_large
ad199ef200994c1,/ui_icon_mp_league_02_03
97f4cd5add3245,/ui_icon_mp_league_02_03_large
54f8be3d6a0cd46,/ui_icon_mp_league_03_01
706e95efe271336,/ui_icon_mp_league_03_01_large
54f8ae3d6a0cb93,/ui_icon_mp_league_03_02
f70e695183204f3,/ui_icon_mp_league_03_02_large
6f4f225b33a8a83,/ui_icon_mp_league_03_02b
f1f001619907023,/ui_icon_mp_league_03_02b_large
54f89e3d6a0c9e0,/ui_icon_mp_league_03_03
2d5ab08b719371c,/ui_icon_mp_league_03_03_large
da363dc3a21aa7d,/ui_icon_mp_league_04_01
e3bfb2fa8cfd341,/ui_icon_mp_league_04_01_large
da360dc3a21a564,/ui_icon_mp_league_04_02
9b427ad1c647310,/ui_icon_mp_league_04_02_large
e429c36c72b6932,/ui_icon_mp_league_04_02b
27973fbdeaa6832,/ui_icon_mp_league_04_02b_large
da361dc3a21a717,/ui_icon_mp_league_04_03
2737a9fec822c67,/ui_icon_mp_league_04_03_large
19cd7d5d8b86ae8,/ui_icon_mp_league_05_01
eecccf4f34a5424,/ui_icon_mp_league_05_01_large
19cdad5d8b87001,/ui_icon_mp_league_05_02
e751df8a7893285,/ui_icon_mp_league_05_02_large
5f83c5f4166f839,/ui_icon_mp_league_05_02b
54d3448fb17a09d,/ui_icon_mp_league_05_02b_large
19cd9d5d8b86e4e,/ui_icon_mp_league_05_03
fdf46fb0ac3be1e,/ui_icon_mp_league_05_03_large
c874fca8faba5ff,/ui_icon_mp_league_06_01
cd0a55980a3218f,/ui_icon_mp_league_06_01_large
c8750ca8faba7b2,/ui_icon_mp_league_06_02
3a4a58e0a0f52b2,/ui_icon_mp_league_06_02_large
596183220ae2670,/ui_icon_mp_league_06_02b
751d5886e4ae12c,/ui_icon_mp_league_06_02b_large
c8751ca8faba965,/ui_icon_mp_league_06_03
aedacedbbc3cda9,/ui_icon_mp_league_06_03_large
92c23c566cfd98a,/ui_icon_mp_league_07_01
f746928b565bea,/ui_icon_mp_league_07_01_large
92c22c566cfd7d7,/ui_icon_mp_league_07_02
f161fa794e14a27,/ui_icon_mp_league_07_02_large
5d6ca6db32b888f,/ui_icon_mp_league_07_02b
5db77c2097f9df,/ui_icon_mp_league_07_02b_large
92c21c566cfd624,/ui_icon_mp_league_07_03
2d0ffa79ba6fed0,/ui_icon_mp_league_07_03_large
92c20c566cfd471,/ui_icon_mp_league_07_04
187e1769714435,/ui_icon_mp_league_07_04_large
4171bba1dc3ee21,/ui_icon_mp_league_08_01
72730be5fe2ca65,/ui_icon_mp_league_08_01_large
41718ba1dc3e908,/ui_icon_mp_league_08_02
637f931a76be484,/ui_icon_mp_league_08_02_large
7286e4093e59f1e,/ui_icon_mp_league_08_02b
9ab2b22e8a5a26e,/ui_icon_mp_league_08_02b_large
41719ba1dc3eabb,/ui_icon_mp_league_08_03
acf5a1e3594291b,/ui_icon_mp_league_08_03_large
4171eba1dc3f33a,/ui_icon_mp_league_08_04
d1b9bc6d8ffbf9a,/ui_icon_mp_league_08_04_large
db14fb2825a2a4c,/ui_icon_mp_league_09_01
8d6230e431842d8,/ui_icon_mp_league_09_01_large
db152b2825a2f65,/ui_icon_mp_league_09_02
6707a9fe643a3a9,/ui_icon_mp_league_09_02_large
e7e8c537f3de8e5,/ui_icon_mp_league_09_02b
351f32d77f0f129,/ui_icon_mp_league_09_02b_large
db151b2825a2db2,/ui_icon_mp_league_09_03
f277340348f28b2,/ui_icon_mp_league_09_03_large
db14cb2825a2533,/ui_icon_mp_league_09_04
c3775d74b6b5853,/ui_icon_mp_league_09_04_large
2bb2bcaa5dd95d6,/ui_icon_mp_league_10_01
c7fb22824946386,/ui_icon_mp_league_10_01_large
2bb2acaa5dd9423,/ui_icon_mp_league_10_02
61039d09a101f83,/ui_icon_mp_league_10_02_large
19df757d782ea73,/ui_icon_mp_league_10_02b
97a121f8a666993,/ui_icon_mp_league_10_02b_large
2bb29caa5dd9270,/ui_icon_mp_league_10_03
58418216f61ed2c,/ui_icon_mp_league_10_03_large
2bb30caa5dd9e55,/ui_icon_mp_league_10_04
7205a89857d5259,/ui_icon_mp_league_10_04_large
920f7d2414759ab,/ui_icon_mp_league_11_01
d210256a00d998b,/ui_icon_mp_league_11_01_large
920f8d241475b5e,/ui_icon_mp_league_11_02
66ea20fb1c415ae,/ui_icon_mp_league_11_02_large
a620944ec4006f4,/ui_icon_mp_league_11_02b
3a36caf2cf0ac60,/ui_icon_mp_league_11_02b_large
920f9d241475d11,/ui_icon_mp_league_11_03
41bac5d553e7815,/ui_icon_mp_league_11_03_large
920fad241475ec4,/ui_icon_mp_league_11_04
18cd082464396b0,/ui_icon_mp_league_11_04_large
6daffd8a4230074,/ui_icon_mp_league_12_01
608c750cf339e0,/ui_icon_mp_league_12_01_large
6db02d8a423058d,/ui_icon_mp_league_12_02
966f51410076511,/ui_icon_mp_league_12_02_large
92bc51ee783151d,/ui_icon_mp_league_12_02b
dc56f5497f6121,/ui_icon_mp_league_12_02b_large
6db01d8a42303da,/ui_icon_mp_league_12_03
bfa135ffa77cb7a,/ui_icon_mp_league_12_03_large
6dafcd8a422fb5b,/ui_icon_mp_league_12_04
75ff3e358b8b1fb,/ui_icon_mp_league_12_04_large
1912be2b32f1189,/ui_icon_mp_league_13_01
b7ef62487081bad,/ui_icon_mp_league_13_01_large
19128e2b32f0c70,/ui_icon_mp_league_13_02
a014a6f44e2172c,/ui_icon_mp_league_13_02_large
8b48b3678f18296,/ui_icon_mp_league_13_02b
c266eb973e56d46,/ui_icon_mp_league_13_02b_large
19129e2b32f0e23,/ui_icon_mp_league_13_03
a8d6c1e6f904983,/ui_icon_mp_league_13_03_large
1912ee2b32f16a2,/ui_icon_mp_league_13_04
5a69cd279959522,/ui_icon_mp_league_13_04_large
92f03a889800fda,/ui_icon_mp_league_14_01
2ffaec44f77777a,/ui_icon_mp_league_14_01_large
92f02a889800e27,/ui_icon_mp_league_14_02
9f227a4cbaba8f7,/ui_icon_mp_league_14_02_large
aefc961a4983f3f,/ui_icon_mp_league_14_02b
64ff02bdb1df1cf,/ui_icon_mp_league_14_02b_large
92f01a889800c74,/ui_icon_mp_league_14_03
76627d961f2e5e0,/ui_icon_mp_league_14_03_large
92f00a889800ac1,/ui_icon_mp_league_14_04
f413b6a8b817845,/ui_icon_mp_league_14_04_large
535efaeeae9f28f,/ui_icon_mp_league_15_01
6f6ea8299f993df,/ui_icon_mp_league_15_01_large
535f0aeeae9f442,/ui_icon_mp_league_15_02
b4e28fc505a3002,/ui_icon_mp_league_15_02_large
49c19392b89d260,/ui_icon_mp_league_15_02b
883e9f45c0f1b9c,/ui_icon_mp_league_15_02b_large
535f1aeeae9f5f5,/ui_icon_mp_league_15_03
1cb2a21f4e8a2b9,/ui_icon_mp_league_15_03_large
535eaaeeae9ea10,/ui_icon_mp_league_15_04
60d09870d6ceb0c,/ui_icon_mp_league_15_04_large
fec37b8f9f63338,/ui_icon_mp_league_16_01
d55826ceacc6534,/ui_icon_mp_league_16_01_large
fec3ab8f9f63851,/ui_icon_mp_league_16_02
94b781d5dd6b355,/ui_icon_mp_league_16_02_large
49ffb50bd617ea9,/ui_icon_mp_league_16_02b
6c9ea70e0f358d,/ui_icon_mp_league_16_02b_large
fec39b8f9f6369e,/ui_icon_mp_league_16_03
ee3a0c297045dee,/ui_icon_mp_league_16_03_large
fec3cb8f9f63bb7,/ui_icon_mp_league_16_04
24a2ad3346befc7,/ui_icon_mp_league_16_04_large
da643bf5cd1e0cd,/ui_icon_mp_league_17_01
2cde2fb324d7251,/ui_icon_mp_league_17_01_large
da640bf5cd1dbb4,/ui_icon_mp_league_17_02
f5a8b230a34d720,/ui_icon_mp_league_17_02_large
35bdb2ab8988ca2,/ui_icon_mp_league_17_02b
e8773915554db22,/ui_icon_mp_league_17_02b_large
da641bf5cd1dd67,/ui_icon_mp_league_17_03
3e08282b9906f37,/ui_icon_mp_league_17_03_large
da63ebf5cd1d84e,/ui_icon_mp_league_17_04
782f233e668581e,/ui_icon_mp_league_17_04_large
3907b8531b03abe,/ui_icon_mp_league_18_01
67f813a7cc2a7ce,/ui_icon_mp_league_18_01_large
3907a8531b0390b,/ui_icon_mp_league_18_02
a71bfaf5188f72b,/ui_icon_mp_league_18_02_large
eb999536e718d6b,/ui_icon_mp_league_18_02b
c89e8a3b9efaa4b,/ui_icon_mp_league_18_02b_large
390798531b03758,/ui_icon_mp_league_18_03
adb1ef0883b7c94,/ui_icon_mp_league_18_03_large
390808531b0433d,/ui_icon_mp_league_18_04
766a54ce75e0501,/ui_icon_mp_league_18_04_large
ffa278f422eb9d3,/ui_icon_mp_league_19_01
e92e21648247333,/ui_icon_mp_league_19_01_large
ffa288f422ebb86,/ui_icon_mp_league_19_02
aaf39f054720a76,/ui_icon_mp_league_19_02_large
4cecf6d7569446c,/ui_icon_mp_league_19_02b
4b9df0963cc72b8,/ui_icon_mp_league_19_02b_large
ffa298f422ebd39,/ui_icon_mp_league_19_03
6104c051ef07d9d,/ui_icon_mp_league_19_03_large
ffa2a8f422ebeec,/ui_icon_mp_league_19_04
8add3418b03b938,/ui_icon_mp_league_19_04_large
65cc333876cc5b3,/ui_icon_mp_league_20_01
88a009d6d3414d3,/ui_icon_mp_league_20_01_large
65cc433876cc766,/ui_icon_mp_league_20_02
bf7fb0c356c3416,/ui_icon_mp_league_20_02_large
c68678f1dd62bcc,/ui_icon_mp_league_20_02b
e7d8b8fb45d9858,/ui_icon_mp_league_20_02b_large
65cc533876cc919,/ui_icon_mp_league_20_03
28b2697f8cdc3bd,/ui_icon_mp_league_20_03_large
65cc633876ccacc,/ui_icon_mp_league_20_04
528add464e0ff58,/ui_icon_mp_league_20_04_large
64172bec600a1e,/ui_icon_mp_league_21_01
ec6544605a9756e,/ui_icon_mp_league_21_01_large
64162bec60086b,/ui_icon_mp_league_21_02
f13819f022b0d4b,/ui_icon_mp_league_21_02_large
a19b5a2a72da74b,/ui_icon_mp_league_21_02b
b6d4a3b77b3c16b,/ui_icon_mp_league_21_02b_large
64152bec6006b8,/ui_icon_mp_league_21_03
d3835f059717cb4,/ui_icon_mp_league_21_03_large
641c2bec60129d,/ui_icon_mp_league_21_04
fad78587044d2a1,/ui_icon_mp_league_21_04_large
998d74533b13091,/ui_icon_mp_league_22_01
3fe5fe0c3e38f95,/ui_icon_mp_league_22_01_large
998d44533b12b78,/ui_icon_mp_league_22_02
d6d151b45653674,/ui_icon_mp_league_22_02_large
fdbcb96d60c3d2e,/ui_icon_mp_league_22_02b
9a658a1c7557fbe,/ui_icon_mp_league_22_02b_large
998d54533b12d2b,/ui_icon_mp_league_22_03
d03b5da0eb2b10b,/ui_icon_mp_league_22_03_large
998da4533b135aa,/ui_icon_mp_league_22_04
eff068eb728f9ca,/ui_icon_mp_league_22_04_large
263cb39e8d6d7fc,/ui_icon_mp_league_23_01
bdc031f823b24c8,/ui_icon_mp_league_23_01_large
263ce39e8d6dd15,/ui_icon_mp_league_23_02
8bc2de0188d0d19,/ui_icon_mp_league_23_02_large
674e366a51a5135,/ui_icon_mp_league_23_02b
f37a76a3d8546f9,/ui_icon_mp_league_23_02b_large
263cd39e8d6db62,/ui_icon_mp_league_23_03
9420af23040c0e2,/ui_icon_mp_league_23_03_large
263c839e8d6d2e3,/ui_icon_mp_league_23_04
f45afc0d6d11243,/ui_icon_mp_league_23_04_large
271db10310f94f7,/ui_icon_mp_league_24_01
aebf2f62b54d107,/ui_icon_mp_league_24_01_large
271dc10310f96aa,/ui_icon_mp_league_24_02
baf445e713292ca,/ui_icon_mp_league_24_02_large
70fb7835d7d35d8,/ui_icon_mp_league_24_02b
76a3b00ec372714,/ui_icon_mp_league_24_02b_large
271dd10310f985d,/ui_icon_mp_league_24_03
e808cfcdda26b61,/ui_icon_mp_league_24_03_large
271d610310f8c78,/ui_icon_mp_league_24_04
a1d52eaff6ecf74,/ui_icon_mp_league_24_04_large
ac60f0894910e82,/ui_icon_mp_league_25_01
a7878d446469e42,/ui_icon_mp_league_25_01_large
ac60e0894910ccf,/ui_icon_mp_league_25_02
c58076c9b3e531f,/ui_icon_mp_league_25_02_large
f968594727889f7,/ui_icon_mp_league_25_02b
f3bcd9f8e315e07,/ui_icon_mp_league_25_02b_large
ac60d0894910b1c,/ui_icon_mp_league_25_03
39770fcb0425728,/ui_icon_mp_league_25_03_large
ac60c0894910969,/ui_icon_mp_league_25_04
cc18e2d236ead4d,/ui_icon_mp_league_25_04_large
92f0f20a185b855,/ui_icon_mp_league_26_01
accf9a50c071c59,/ui_icon_mp_league_26_01_large
92f0c20a185b33c,/ui_icon_mp_league_26_02
f0d23f4992a9408,/ui_icon_mp_league_26_02_large
a4f972762fc8ba,/ui_icon_mp_league_26_02b
eb8a8616da3491a,/ui_icon_mp_league_26_02b_large
92f0d20a185b4ef,/ui_icon_mp_league_26_03
8fdc2b5d1e2c2ff,/ui_icon_mp_league_26_03_large
92f0a20a185afd6,/ui_icon_mp_league_26_04
2c5143ab1e2d86,/ui_icon_mp_league_26_04_large
7f3c31b7a781be0,/ui_icon_mp_league_27_01
5cd09c2ed76791c,/ui_icon_mp_league_27_01_large
7f3c61b7a7820f9,/ui_icon_mp_league_27_02
44184ab4e6b785d,/ui_icon_mp_league_27_02_large
b5a3bb11a1f6761,/ui_icon_mp_league_27_02b
cad92e58744cba5,/ui_icon_mp_league_27_02b_large
7f3c51b7a781f46,/ui_icon_mp_league_27_03
9fe481934845536,/ui_icon_mp_league_27_03_large
7f3c81b7a78245f,/ui_icon_mp_league_27_04
18e755c1b6c852f,/ui_icon_mp_league_27_04_large
c79137413f7a48b,/ui_icon_mp_league_28_01
1d4b2a4a414e6ab,/ui_icon_mp_league_28_01_large
c79147413f7a63e,/ui_icon_mp_league_28_02
de2742fcf4e974e,/ui_icon_mp_league_28_02_large
9641d3dedcfae54,/ui_icon_mp_league_28_02b
d28d8e62c7b2300,/ui_icon_mp_league_28_02b_large
c79157413f7a7f1,/ui_icon_mp_league_28_03
d9e433460645bb5,/ui_icon_mp_league_28_03_large
c79167413f7a9a4,/ui_icon_mp_league_28_04
56c4c4929a1650,/ui_icon_mp_league_28_04_large
ad1476eec8e0fb6,/ui_icon_mp_league_29_01
acdefe058e34426,/ui_icon_mp_league_29_01_large
ad1466eec8e0e03,/ui_icon_mp_league_29_02
60d5e16c05db7a3,/ui_icon_mp_league_29_02_large
fa90f7bf5626ed3,/ui_icon_mp_league_29_02b
c6e84a291a5c033,/ui_icon_mp_league_29_02b_large
ad1456eec8e0c50,/ui_icon_mp_league_29_03
8a03c62aacdb14c,/ui_icon_mp_league_29_03_large
ad14c6eec8e1835,/ui_icon_mp_league_29_04
451c2bf093695f9,/ui_icon_mp_league_29_04_large
3992729b6942cb0,/ui_icon_mp_league_30_01
1b6a5510a801f6c,/ui_icon_mp_league_30_01_large
3992a29b69431c9,/ui_icon_mp_league_30_02
340eb44d5b8f6ed,/ui_icon_mp_league_30_02_large
1744fe13dd06591,/ui_icon_mp_league_30_02b
c35afe50cd45c95,/ui_icon_mp_league_30_02b_large
3992929b6943016,/ui_icon_mp_league_30_03
bd03f52d4cf0ec6,/ui_icon_mp_league_30_03_large
3992c29b694352f,/ui_icon_mp_league_30_04
7f47df66150373f,/ui_icon_mp_league_30_04_large
eaf95f37dd60d1c,/ui_icon_mp_league_advanced_bronze
1d97e86e22bc928,/ui_icon_mp_league_advanced_bronze_large
1942af30629bed2,/ui_icon_mp_league_advanced_gold
6da03d17a44bb12,/ui_icon_mp_league_advanced_gold_large
d58558750111535,/ui_icon_mp_league_advanced_silver
1eb02adae0eeaf9,/ui_icon_mp_league_advanced_silver_large
b4b1a1fd3da3805,/ui_icon_mp_league_elite_bronze
a2e1318f8d16b89,/ui_icon_mp_league_elite_bronze_large
1efbd7ffcfe359f,/ui_icon_mp_league_elite_gold
34fb26a1abd6e6f,/ui_icon_mp_league_elite_gold_large
36313b8535406a4,/ui_icon_mp_league_elite_silver
2994404ab18cb50,/ui_icon_mp_league_elite_silver_large
423ae39f2d6c156,/ui_icon_mp_league_expert_bronze
159755073341306,/ui_icon_mp_league_expert_bronze_large
55e6c95a2838658,/ui_icon_mp_league_expert_gold
4c439ed75621394,/ui_icon_mp_league_expert_gold_large
9d9699fb408ac3f,/ui_icon_mp_league_expert_silver
58585addc7436cf,/ui_icon_mp_league_expert_silver_large
48712ca5eeb1ac7,/ui_icon_mp_league_gem_advanced
2a8e4404a70e80,/ui_icon_mp_league_gem_elite
107a341a044abed,/ui_icon_mp_league_gem_expert
a3d81dc262be4cf,/ui_icon_mp_league_gem_master
c1210936ca7c684,/ui_icon_mp_league_master_bronze
e2f13e7fde64e70,/ui_icon_mp_league_master_bronze_large
f1149f8e781af4a,/ui_icon_mp_league_master_gold
bd79effbe8227aa,/ui_icon_mp_league_master_gold_large
4764077b51abc0d,/ui_icon_mp_league_master_silver
ac0a6c5bcd60791,/ui_icon_mp_league_master_silver_large
5e012fdc30c3425,/ui_icon_mp_sparrow_multikill
86aa2f1f732c469,/ui_icon_mp_sparrow_multikill_large
d077aa3fb1613ad,/ui_icon_perk_coldblooded_large
f847644c8178bf,/ui_icon_perk_deadsilence_large
6037f115482842e,/ui_icon_perk_dexterity_large
ab0be381dd66f2b,/ui_icon_perk_engineer_large
1545bc1ea0bb716,/ui_icon_perk_flakjacket_large
ef87c4b79380888,/ui_icon_perk_gungho_large
168f44c5e367f8a,/ui_icon_perk_lightweight_large
9219a9ddb2de97f,/ui_icon_perk_resistance_large
3597875ebb837e2,/ui_icon_perk_scavenger_large
7e7b31dd701d349,/ui_icon_perk_skulker_large
941c500e7a9d351,/ui_icon_perk_stealth_large
fc7de2c8221c2cb,/ui_icon_perk_teamlink_large
45337f95c60874e,/ui_icon_perk_tracker_large
1615fa25f5026ff,/ui_icon_scorestreaks_air_razorback
53b314c6dda9bc7,/ui_icon_scorestreaks_care_package
58ff6cb469185ee,/ui_icon_scorestreaks_cuav
b35e0a1c7aa79a8,/ui_icon_scorestreaks_dart
d6644c4e23ec1c5,/ui_icon_scorestreaks_drone_recon
e5c903329732cce,/ui_icon_scorestreaks_drone_swarm
ad7649a416d5937,/ui_icon_scorestreaks_helicopter_gunship
83b666dd5820aed,/ui_icon_scorestreaks_helicopter_light_transport
493bc95df9588fa,/ui_icon_scorestreaks_swatbuddy
29398966ac87dc6,/ui_icon_scorestreaks_tank_robot
171dddb47d832c7,/ui_icon_scorestreaks_turret_mini
c39fbbcfe865a8,/ui_icon_scorestreaks_turret_mini_render
cedbb0430c5980f,/ui_icon_scorestreaks_uav
e4ee0c367c3a106,/ui_icon_specialist_portrait_dempsey_ultimus
20b93bb7d0a1792,/ui_icon_specialist_portrait_draft_johnson
a5bd083a7b6f73d,/ui_icon_specialist_portrait_draft_misty
5a4ebff4e687b7c,/ui_icon_specialist_portrait_draft_russman
80cdb249f584fea,/ui_icon_specialist_portrait_draft_stuhlinger
ad8150f9c901ff8,/ui_icon_specialist_portrait_nikolai_ultimus
6218a7ee685c76f,/ui_icon_specialist_portrait_richtofen_ultimus
fd66a85ed7f2cbf,/ui_icon_specialist_portrait_takeo_ultimus
fd309908a5a397d,/ui_icon_waypoints_fracture_deposit_clover_minimap
c8e26951f20e17,/ui_icon_waypoints_fracture_deposit_minimap
879a59d8fb11b7b,/ui_icon_waypoints_hp_moneybag_minimap
c6d9ea3e1e58f58,/ui_icon_waypoints_hp_safe_minimap
27ff1d62d060ba2,/ui_icon_weapon_annihilator_render
22c8897ea5f7971,/ui_icon_weapon_ar_accurate_render
322e00f58f6e48e,/ui_icon_weapon_ar_accurate_render_xl
1f3ed8fc7bb1f95,/ui_icon_weapon_ar_accurate_tactical_render
bf0cd427f178a2d,/ui_icon_weapon_ar_an94_render
d446feaabe9bfa3,/ui_icon_weapon_ar_damage_mk2_render
6caa043a49d1c28,/ui_icon_weapon_ar_damage_render
f85c9b962d631c1,/ui_icon_weapon_ar_damage_render_xl
144821bb6311be2,/ui_icon_weapon_ar_damage_tactical_render
9584a091a680c48,/ui_icon_weapon_ar_doublebarrel_render
a7df51bd00911cd,/ui_icon_weapon_ar_fastfire_tactical_render
79fd3ac24a28e8c,/ui_icon_weapon_ar_fastfire_view
9fb063fefdcc11d,/ui_icon_weapon_ar_fastfire_view_xl
5c7c58afb24dcaf,/ui_icon_weapon_ar_galil
87c7a599384f9,/ui_icon_weapon_ar_galil_render_xl
9375dba7e2150f1,/ui_icon_weapon_ar_modular_tactical_render
2d8de24af4f80a0,/ui_icon_weapon_ar_modular_view
c1c80335dec6f39,/ui_icon_weapon_ar_modular_view_xl
301a52f0947004c,/ui_icon_weapon_ar_peacekeeper_mk2_render
c6f1167b4a9b27f,/ui_icon_weapon_ar_peacekeeper_render
384e9b153203a93,/ui_icon_weapon_ar_peacekeeper_tactical_render
712e901fe1ebf7,/ui_icon_weapon_ar_standard_mk2_render
4f46a0630c628c,/ui_icon_weapon_ar_standard_render
93c817621265b39,/ui_icon_weapon_ar_standard_sig_02_render
624200fedf68e0e,/ui_icon_weapon_ar_standard_tactical_render
cd92745986a6720,/ui_icon_weapon_ar_standard_xl
61e06daad98851,/ui_icon_weapon_ar_stealth
14f6378fa65487d,/ui_icon_weapon_ar_stealth_mk2_render
5652b6fea123abe,/ui_icon_weapon_ar_stealth_render
59d245e152ccb67,/ui_icon_weapon_ar_stealth_render_xl
833d363c62400c8,/ui_icon_weapon_ar_stealth_tactical_render
54257a7957a985b,/ui_icon_weapon_camo_active_sig_pistol_burst_render
ca8ade929057741,/ui_icon_weapon_camo_active_sig_pistol_revolver_cyberpunk
63dd86c7fe8c98d,ui_icon_weapon_charms_9mmbullet
11c1eedb6f13cbc,/ui_icon_weapon_charms_9mmbullet
ac25e97dc41ccf0,/ui_icon_weapon_charms_ak_unicorn
ec3f6e097cac58e,ui_icon_weapon_charms_animalgame
b16aad1115a3e45,/ui_icon_weapon_charms_animalgame
34325c5e97f8b00,/ui_icon_weapon_charms_animepillow
de7a2c0c037d0dd,ui_icon_weapon_charms_animepillow
fa12fb5ac094790,/ui_icon_weapon_charms_avocado_toast
967c4667bc886d5,/ui_icon_weapon_charms_banana_funtime
f5be4ff1c47e22d,ui_icon_weapon_charms_basketball_william
474dbee4387df22,/ui_icon_weapon_charms_basketball_william
a6545a1627dbb0e,/ui_icon_weapon_charms_basketballhoop
585e8aabb570a01,ui_icon_weapon_charms_basketballhoop
994bf0d1719c75d,/ui_icon_weapon_charms_beer
6417a748ab0f74b,/ui_icon_weapon_charms_bo4_emblem
aca5d0ea2882aab,/ui_icon_weapon_charms_bullet
8f61f579025f810,/ui_icon_weapon_charms_cartoon_bomb
e99f4653d4e0a3d,/ui_icon_weapon_charms_cat
9d18900f9ad2e99,ui_icon_weapon_charms_cod_fish
833b7fe9f983c96,/ui_icon_weapon_charms_cod_fish
4f1d8053bf74917,/ui_icon_weapon_charms_computer_teeth
be22006e22862fd,/ui_icon_weapon_charms_crab
5a346a7d18d468f,/ui_icon_weapon_charms_crystal
332f55b61e4cc88,/ui_icon_weapon_charms_demon_clown
77b52fc44cfa512,ui_icon_weapon_charms_dice_20
6e08e4abc0a387f,/ui_icon_weapon_charms_dice_20
bed1065603c3123,/ui_icon_weapon_charms_dog
a781c1b34ab5197,/ui_icon_weapon_charms_donut_horn
924e97bfbc3c82b,/ui_icon_weapon_charms_drmontybar
706500bed05e554,ui_icon_weapon_charms_drmontybar
ddb7d1edf9a49e,/ui_icon_weapon_charms_duck_base
de9e24ec3ab34dd,/ui_icon_weapon_charms_duck_ruin
321cc6bfcaa60ba,/ui_icon_weapon_charms_duck_seraph
aab47c678e72995,/ui_icon_weapon_charms_eggplant
e0a7e346b3806f3,/ui_icon_weapon_charms_flat_earth
b8e22c2c8e51fb7,/ui_icon_weapon_charms_goldentoilet
4c968357e0a3d7c,ui_icon_weapon_charms_goldentoilet
1b064e794ebed1b,/ui_icon_weapon_charms_grenade
9e8a777311db226,/ui_icon_weapon_charms_hula_girl
a16c152c5c00f6f,/ui_icon_weapon_charms_ice_cream
e10edaba5c9db01,/ui_icon_weapon_charms_keytar
8775ded6b386333,/ui_icon_weapon_charms_lavalamp
97aa3118ff9d03f,/ui_icon_weapon_charms_lil_ray
65155e3c32d2f96,/ui_icon_weapon_charms_melon
460931e181ee816,/ui_icon_weapon_charms_oni_mask
c866ea25b33ad23,/ui_icon_weapon_charms_outhouse
4fb8d4913d0d03d,/ui_icon_weapon_charms_paintshop
6a90d7a6ca2f21c,/ui_icon_weapon_charms_peach
1771a76b50ddcf2,/ui_icon_weapon_charms_pine_tree
453a5caed71f53f,/ui_icon_weapon_charms_pineapple
ab1296e738b89cf,/ui_icon_weapon_charms_pink_dice
5df1ec20e0f65c1,/ui_icon_weapon_charms_pixel_alien
88702c17ab3a0,ui_icon_weapon_charms_pixel_alien
3922f9dc82ff30f,/ui_icon_weapon_charms_pizza
4ea94161d075791,/ui_icon_weapon_charms_pocket_watch
b697b8df10aa8da,ui_icon_weapon_charms_pocket_watch
be56b7d760b7925,/ui_icon_weapon_charms_pufferfish
b97015ebf737717,/ui_icon_weapon_charms_saltshaker
33b7caeb004110b,ui_icon_weapon_charms_seraph_doll
2f09c5f0b53d9d2,/ui_icon_weapon_charms_seraph_doll
20c4c62447a5e68,/ui_icon_weapon_charms_shark
d8b9ccb2a0c040b,/ui_icon_weapon_charms_shotgunshell
83e95826c254fb9,/ui_icon_weapon_charms_skateboard
5e08aee128157c8,/ui_icon_weapon_charms_skeleton_key
dad4aaf412c4694,/ui_icon_weapon_charms_snowman
a37cdadd092a605,/ui_icon_weapon_charms_specialist_ruin
bdf94ba05db137,/ui_icon_weapon_charms_steak
562151c2f9ce83,/ui_icon_weapon_charms_steel_balls
e65b77113154e4e,ui_icon_weapon_charms_steel_balls
bdf62b0d3c3b941,/ui_icon_weapon_charms_surfboard
bd53f262de309c5,/ui_icon_weapon_charms_tanuki
bd853c134afd8b,/ui_icon_weapon_charms_teabag
7cbd7966c3ff7d2,/ui_icon_weapon_charms_toilet
e077f65a9f9baa1,/ui_icon_weapon_charms_ufo
10e6491522fb9dc,ui_icon_weapon_charms_zombie_firesale
e8a38b2d18ebe35,/ui_icon_weapon_charms_zombie_firesale
ff5a756e4b46cad,ui_icon_weapon_charms_zombie_snowglobe
66a3d4ecdecebaa,/ui_icon_weapon_charms_zombie_snowglobe
32fe6cff06fa8e9,/ui_icon_weapon_combat_knife_xl
92ec2ad44e86ba1,/ui_icon_weapon_flamethrower_render
ec05ec885a8c492,/ui_icon_weapon_hud_ar_accurate
2fb1249de1ad2,/ui_icon_weapon_hud_ar_accurate_tactical_wz
be16c2c2f0db5de,/ui_icon_weapon_hud_ar_an94
9a59a210c35d925,/ui_icon_weapon_hud_ar_damage
c665ffeac59cb59,/ui_icon_weapon_hud_ar_damage_tactical_wz
dfe167868722955,/ui_icon_weapon_hud_ar_doublebarrel
7fbb7277373f426,/ui_icon_weapon_hud_ar_fastfire
47151d5a9b4a01,/ui_icon_weapon_hud_ar_fastfire_operator_wz
91fd656a0f8f036,/ui_icon_weapon_hud_ar_fastfire_tactical_wz
5b64a14aaee3eb9,/ui_icon_weapon_hud_ar_galil
2416b0d4383c606,/ui_icon_weapon_hud_ar_modular
58ba48046176016,/ui_icon_weapon_hud_ar_modular_tactical_wz
ae07bd0bf84eb8,/ui_icon_weapon_hud_ar_peacekeeper
60b826de386e998,/ui_icon_weapon_hud_ar_peacekeeper_tactical_wz
23753bf04461a59,/ui_icon_weapon_hud_ar_standard
748627a7e339ced,/ui_icon_weapon_hud_ar_standard_tactical_wz
3f99eaf93ca173b,/ui_icon_weapon_hud_ar_stealth
e47d7f099f23ab0,/ui_icon_weapon_hud_ar_stealth_operator_wz
d22147969dde447,/ui_icon_weapon_hud_ar_stealth_tactical_wz
29065db726daac8,/ui_icon_weapon_hud_hero_annihilator
a7f31231f972411,/ui_icon_weapon_hud_hero_purifier
39d3c338aa16c86,/ui_icon_weapon_hud_hero_warmachine
899e6fad8d24980,/ui_icon_weapon_hud_launcher_standard
173032854beb044,/ui_icon_weapon_hud_lmg_heavy
a228f86f84a62f4,/ui_icon_weapon_hud_lmg_heavy_tactical_wz
c1817c3b170362e,/ui_icon_weapon_hud_lmg_spray
61e16fc968f70b9,/ui_icon_weapon_hud_lmg_spray_operator_wz
41e07761b8e514e,/ui_icon_weapon_hud_lmg_spray_tactical_wz
1fbf797cd900234,/ui_icon_weapon_hud_lmg_standard
c14ed6c1cdb7e30,/ui_icon_weapon_hud_lmg_stealth
6305df543c5b70c,/ui_icon_weapon_hud_melee_action_figure
52923866ac9f0f9,/ui_icon_weapon_hud_melee_amuletfist
868d6bcbf3f606d,/ui_icon_weapon_hud_melee_bowie
d1f413850c83ad,/ui_icon_weapon_hud_melee_bowie_bloody
21b1ed0ab388701,/ui_icon_weapon_hud_melee_club
f644970cd8a44f6,/ui_icon_weapon_hud_melee_coinbag
f31348e9fd2fac6,/ui_icon_weapon_hud_melee_cutlass
99a66955a07e4c4,/ui_icon_weapon_hud_melee_demohammer
b224c5340233324,/ui_icon_weapon_hud_melee_spork
e5d5d3480727648,/ui_icon_weapon_hud_melee_stopsign
ba8135c54051436,/ui_icon_weapon_hud_melee_zombie_arm
b26925fa7c5c99e,/ui_icon_weapon_hud_pistol_fullauto
ef80bb50eef3167,/ui_icon_weapon_hud_pistol_revolver
2f6613aa9ae04ed,/ui_icon_weapon_hud_pistol_standard
2803140dc8ed2e1,/ui_icon_weapon_hud_ray_gun
493bd02984b8c58,/ui_icon_weapon_hud_ray_gun_mk2
2964b68c85f1a60,/ui_icon_weapon_hud_ray_gun_mk2x
2964c68c85f1c13,/ui_icon_weapon_hud_ray_gun_mk2y
2964d68c85f1dc6,/ui_icon_weapon_hud_ray_gun_mk2z
8d0f46f3618553d,/ui_icon_weapon_hud_secretsanta
2e208666be35125,/ui_icon_weapon_hud_shotgun_fullauto
a152752d8f64981,/ui_icon_weapon_hud_shotgun_prec
60352b8ce579d,/ui_icon_weapon_hud_shotgun_pump
42c4509ee7cd672,/ui_icon_weapon_hud_shotgun_semiauto
627ddf63ac5d068,/ui_icon_weapon_hud_sig_blade
a6ce307c9a0ccd4,/ui_icon_weapon_hud_slaybell
3698a5c301416dc,/ui_icon_weapon_hud_smg_accurate
24f53ba23063c77,/ui_icon_weapon_hud_smg_accurate_operator_wz
386ad722822405c,/ui_icon_weapon_hud_smg_accurate_tactical_wz
64fdff964c51256,/ui_icon_weapon_hud_smg_capacity
dd7779619f59d26,/ui_icon_weapon_hud_smg_capacity_tactical_wz
c72ecc8430dbba6,/ui_icon_weapon_hud_smg_fastburst
b5d65d156efdfb6,/ui_icon_weapon_hud_smg_fastburst_tactical_wz
edc0140d06118c4,/ui_icon_weapon_hud_smg_fastfire
e850aa4b22b00ef,/ui_icon_weapon_hud_smg_fastfire_operator_wz
4f4feed1170a374,/ui_icon_weapon_hud_smg_fastfire_tactical_wz
e591ce42826f557,/ui_icon_weapon_hud_smg_folding
518ac3645556ba3,/ui_icon_weapon_hud_smg_folding_tactical_wz
ad42850f4c0cf57,/ui_icon_weapon_hud_smg_handling
adc59a2cf6525a3,/ui_icon_weapon_hud_smg_handling_tactical_wz
9574ca5bc6744e5,/ui_icon_weapon_hud_smg_minigun
f3869232e774433,/ui_icon_weapon_hud_smg_mp40
19ff0bbff981afb,/ui_icon_weapon_hud_smg_standard
3664724b8d04807,/ui_icon_weapon_hud_smg_standard_tactical_wz
b70c281eefebf61,/ui_icon_weapon_hud_smg_vmp
61646cfbb7a9b11,/ui_icon_weapon_hud_sniper_damagesemi_wz
7041718c819bd16,/ui_icon_weapon_hud_sniper_locus_wz
80927dce88a7d12,/ui_icon_weapon_hud_sniper_mini14_wz
ae7dd7c6c152b86,/ui_icon_weapon_hud_sniper_powerbolt_tactical_wz
68414144e13e2ea,/ui_icon_weapon_hud_sniper_powerbolt_wz
f923dc7cb8189c9,/ui_icon_weapon_hud_sniper_powersemi_wz
7533dd2e01322f,/ui_icon_weapon_hud_sniper_quickscope_wz
2474774996186c0,/ui_icon_weapon_hud_sparrow
92464fabcc198a0,/ui_icon_weapon_hud_special_crossbow
fb428a50432a96c,/ui_icon_weapon_hud_tr_damageburst
ed9fec8e4edcb45,/ui_icon_weapon_hud_tr_flechette
5cdc3ea8f48e113,/ui_icon_weapon_hud_tr_leveraction
a679d4b3ef526ad,/ui_icon_weapon_hud_tr_longburst
9e1ec2d168b59fa,/ui_icon_weapon_hud_tr_longburst_operator_wz
304f3b70d4ba231,/ui_icon_weapon_hud_tr_longburst_tactical_wz
a8f52f2e2aa2fdf,/ui_icon_weapon_hud_tr_midburst
dcb84ab4e6ad456,/ui_icon_weapon_hud_tr_powersemi
68c4237734b4d73,/ui_icon_weapon_launcher_standard_render
73e0d960c7a7ec8,/ui_icon_weapon_launcher_standard_render_xl
65b388055e0e0ef,/ui_icon_weapon_lmg_double_render
a3ff2cf56253ec9,/ui_icon_weapon_lmg_hades_xl
12a4ec8be714a56,/ui_icon_weapon_lmg_heavy
d130b177103c333,/ui_icon_weapon_lmg_heavy_tactical_render
1bd496d8efb45bf,/ui_icon_weapon_lmg_heavy_xl
6dce237355cedab,/ui_icon_weapon_lmg_plr_mk2_render
cf98083024b19fc,/ui_icon_weapon_lmg_spray
61e6bb73df597ce,/ui_icon_weapon_lmg_spray_operator_render
2e592367e9925e5,/ui_icon_weapon_lmg_spray_tactical_render
7c23357358b13f3,/ui_icon_weapon_lmg_standard_render
d14672e31871648,/ui_icon_weapon_lmg_standard_render_xl
69d618f90cababf,/ui_icon_weapon_lmg_standard_tactical_render
da0afe876f45838,/ui_icon_weapon_lmg_stealth_mk2_render
47a01886ba2e9db,/ui_icon_weapon_lmg_stealth_render
3cb070ac6a4e9e7,/ui_icon_weapon_lmg_stealth_tactical_render
e24cca01aa36c53,/ui_icon_weapon_melee_action_figure_render
5c04171abbeda48,/ui_icon_weapon_melee_amuletfist_render
6cfe378819b07e8,/ui_icon_weapon_melee_bowie_bloody_render
cd9bd527cbfde0c,/ui_icon_weapon_melee_bowie_render
237653f840b0580,/ui_icon_weapon_melee_club_render
dbc3860b0fb3151,/ui_icon_weapon_melee_coinbag_render
642e3aa111748e1,/ui_icon_weapon_melee_cutlass_render
56268986496e113,/ui_icon_weapon_melee_demohammer_render
3553efaafb07999,/ui_icon_weapon_melee_secretsanta_render
b858ede86dfc3b5,/ui_icon_weapon_melee_secretsanta_xl
eb7d0888c64e0bc,/ui_icon_weapon_melee_slaybell_render
3b5557b93110a47,/ui_icon_weapon_melee_spork_render
7517c65cd18e39b,/ui_icon_weapon_melee_stopsign_render
7da739ca7d50405,/ui_icon_weapon_melee_zombie_arm_render
87e512f7487a118,/ui_icon_weapon_pistol_burst
98dfc5d91e5caf2,/ui_icon_weapon_pistol_burst_render_xl
e055dadf4195f76,/ui_icon_weapon_pistol_fullauto_mk2_render
ce9d7c4272f2be5,/ui_icon_weapon_pistol_fullauto_render
7806938f4fa1d1,/ui_icon_weapon_pistol_revolver_mk2_render
adcd6cb75744642,/ui_icon_weapon_pistol_revolver_render
cc838748a5010d3,/ui_icon_weapon_pistol_revolver_render_xl
2d7836a2800c074,/ui_icon_weapon_pistol_revolver_tactical_render
800b290ec9f1144,/ui_icon_weapon_pistol_standard_render
d30f660bbc5a995,/ui_icon_weapon_pistol_standard_render_xl
29ba9bfc4d9fc4b,/ui_icon_weapon_ray_gun_mk2_render
9b0c1abfde66287,/ui_icon_weapon_ray_gun_mk2x_render
a5cbdb2ccdbbd0e,/ui_icon_weapon_ray_gun_mk2y_render
f765a38562d51bd,/ui_icon_weapon_ray_gun_mk2z_render
5bc59ff30e0bea0,/ui_icon_weapon_ray_gun_render
1e8f4dd72802cf7,/ui_icon_weapon_shotgun_fullauto_mk2_render
f167657716b138c,/ui_icon_weapon_shotgun_fullauto_render
d3c016e4f19d050,/ui_icon_weapon_shotgun_prec_render
f1f9a871637fb57,/ui_icon_weapon_shotgun_pump_mk2_render
c0848f95aa0982c,/ui_icon_weapon_shotgun_pump_render
45a4cc63b4e49fd,/ui_icon_weapon_shotgun_pump_render_xl
5815ca9073b3fad,/ui_icon_weapon_shotgun_semiauto_render
6c83f8b19a9bad2,/ui_icon_weapon_shotgun_semiauto_render_xl
55e8d2e2074c0eb,/ui_icon_weapon_smg_accurate_tactical_render
8f2ebac0441bf76,/ui_icon_weapon_smg_accurate_view
9d2f5703608791f,/ui_icon_weapon_smg_accurate_view_xl
4d44833228bece2,/ui_icon_weapon_smg_capacity_mk2_render
effd9b706c831a1,/ui_icon_weapon_smg_capacity_render
d463693e55f61e,/ui_icon_weapon_smg_capacity_render_xl
1f80bf0fc718285,/ui_icon_weapon_smg_capacity_tactical_render
10ff83d5d0613fa,/ui_icon_weapon_smg_fastburst_mk2_render
c20254258f8ab09,/ui_icon_weapon_smg_fastburst_render
943b5ef1409b38e,/ui_icon_weapon_smg_fastburst_sig_02_render
cfb114ba56f98d,/ui_icon_weapon_smg_fastburst_tactical_render
5b549f81898aa05,/ui_icon_weapon_smg_fastburst_xl
f4e355873f5bc60,/ui_icon_weapon_smg_fastfire_mk2_render
2a9ebd424af7f90,/ui_icon_weapon_smg_fastfire_operator_render
1dbf0ac8134ca53,/ui_icon_weapon_smg_fastfire_render
26dcd372ebfa468,/ui_icon_weapon_smg_fastfire_render_xl
6029a89558ac2df,/ui_icon_weapon_smg_fastfire_tactical_render
a050c110dde1c5d,/ui_icon_weapon_smg_folding_mk2_render
404ab82b46e905e,/ui_icon_weapon_smg_folding_render
a4d2e2b7adfb028,/ui_icon_weapon_smg_folding_tactical_render
5dc98ffc5301c25,/ui_icon_weapon_smg_handling_mk2_render
f74ab51c4946496,/ui_icon_weapon_smg_handling_render
142e323a1a95eff,/ui_icon_weapon_smg_handling_render_xl
22e297429bfe4c0,/ui_icon_weapon_smg_handling_tactical_render
1a2bb2efde0aa4,/ui_icon_weapon_smg_minigun_render
a896c02e6d80e31,/ui_icon_weapon_smg_mp40
ba41805590cb4da,/ui_icon_weapon_smg_standard_render
599a2360d40734b,/ui_icon_weapon_smg_standard_render_xl
a980237d02eda8c,/ui_icon_weapon_smg_standard_tactical_render
728d2cd3ceaa600,/ui_icon_weapon_smg_vmp_render
a7ffd0948459d6,/ui_icon_weapon_sniper_damagesemi_render
3bde714e7510cb4,/ui_icon_weapon_sniper_fastrechamber_tactical_render
73eba42d5c9be84,/ui_icon_weapon_sniper_fastrechamber_wz_render
76870f090b40ca,/ui_icon_weapon_sniper_fastrechamber_xl
448e8175bbbeb05,/ui_icon_weapon_sniper_locus_render
cec71a2fc3d47a1,/ui_icon_weapon_sniper_locus_wz_render
77cf7e4fdef2496,/ui_icon_weapon_sniper_mini14_mk2_render
af8d5cba4277a45,/ui_icon_weapon_sniper_mini14_render
39c6b766bd28ef6,/ui_icon_weapon_sniper_powerbolt_render_xl
68eaf8d3d9800fd,/ui_icon_weapon_sniper_powerbolt_tactical_render
b092f6904e2193d,/ui_icon_weapon_sniper_powerbolt_wz_render
41fcbbc59295fcc,/ui_icon_weapon_sniper_powersemi_tactical_render
19ead0798d0bf12,/ui_icon_weapon_sniper_powersemi_xl
d5ea91d9ea5f517,/ui_icon_weapon_sniper_quickscope_mk2_render
92523cf1905853d,/ui_icon_weapon_sniper_quickscope_render_xl
c95b83261304dae,/ui_icon_weapon_sniper_quickscope_tactical_render
a09741348f651c,/ui_icon_weapon_special_ballistic_knife_render
15f89006f61eb37,/ui_icon_weapon_special_crossbow_render
c8aaedc67d3f2f7,/ui_icon_weapon_tr_damageburst_render
7a0a9f652084e03,/ui_icon_weapon_tr_flechette_mk2_render
c0cb969f88b2d48,/ui_icon_weapon_tr_flechette_render
9fb5ccb11228820,/ui_icon_weapon_tr_flechette_sig02_render
d02a58272468ab9,/ui_icon_weapon_tr_leveraction
78de798b53f4605,/ui_icon_weapon_tr_longburst_operator_render
59a43b66941a00,/ui_icon_weapon_tr_longburst_render
43f2c81bdd2eb59,/ui_icon_weapon_tr_longburst_render_xl
1ab1eb6dfb7345a,/ui_icon_weapon_tr_longburst_tactical_render
2b0f4b7181a2076,/ui_icon_weapon_tr_midburst_render
da5474aaecf441f,/ui_icon_weapon_tr_midburst_render_xl
c8ca605939316e0,/ui_icon_weapon_tr_midburst_tactical_render
a59ad1c571fec4d,/ui_icon_weapon_tr_powersemi_render
9112fde2bc7f832,/ui_icon_weapon_tr_powersemi_render_xl
ae5c7050ac25a29,/ui_icon_weapon_tr_powersemi_tactical_render
1e599807a82ebca,/ui_icon_weapon_warmachine_render
6929bc4cfaecda6,/ui_icon_weapons_zm_riot_shield_health
28e4c0cb7b41d,/ui_icon_wildcard_gluttony01_large
5b41bbec97c3ddc,/ui_icon_wildcard_gluttony02_large
885245d35eba9b3,/ui_icon_wildcard_gluttony03_large
bd005bddebc867e,/ui_icon_wildcard_greed01_large
4230620364edb9b,/ui_icon_wildcard_greed02_large
f8ba533a8269704,/ui_icon_wildcard_greed03_large
645ae601f308656,/ui_icon_wildcard_overkill_large
33c84177eef0cca,/ui_icon_wildcard_primarygunfighter01_large
27932af39114b07,/ui_icon_wildcard_primarygunfighter02_large
5ad018e7caec130,/ui_icon_wildcard_primarygunfighter03_large
2943edd955c6654,/ui_icon_wildcard_primaryopperatormod_large
bd1543259e7cd56,/ui_icon_wildcard_secondarygunfighter01_large
b8df3fd2fdefa13,/ui_icon_wildcard_secondarygunfighter02_large
39fd1ecafa7f3bc,/ui_icon_wildcard_secondarygunfighter03_large
df0b7e5e787e370,/ui_icon_wildcard_secondaryopperatormod_large
45b70392f23bea2,/ui_icon_wildcard_underkill_large
b00eaca1329497c,/ui_icon_wz_hud_cash
e8122e95a7e7139,/ui_icon_zm_calling_tasks_boxbuys
4a8e665198ebdb2,/ui_icon_zm_calling_tasks_doorbuys
5d85f9fa461f2b5,/ui_icon_zm_calling_tasks_elixirused
ea6ea905b8fe086,/ui_icon_zm_calling_tasks_explosion
ac2ca5d8cdf812,/ui_icon_zm_calling_tasks_headshots
c12de570052eed1,/ui_icon_zm_calling_tasks_lmg
e7be7e2a962c031,/ui_icon_zm_calling_tasks_perksused
a09c6988f086b2f,/ui_icon_zm_calling_tasks_revives
ebcf7b0fd47bd04,/ui_icon_zm_calling_tasks_rndssurvived
d38065759e149ab,/ui_icon_zm_calling_tasks_shotgun
ab16e54bf804cca,/ui_icon_zm_calling_tasks_sniperrifle
540d4676bd474de,/ui_icon_zm_calling_tasks_specialweapon
44d6ad5b10c4c8e,/ui_icon_zm_calling_tasks_wallbuys
14ce4bf34b11963,/ui_icon_zm_calling_tasks_wpnbuys
6e870aa5b1cc59f,/ui_icon_zm_calling_tasks_wpnspacked
57c962804504300,/ui_icon_zm_calling_tasks_zearned
96132562a4112b6,/ui_icon_zm_callings_assaultrifle
a88eb0a3b13e67e,/ui_icon_zm_callings_knife
84ba3545eac9032,/ui_icon_zm_callings_pistol
9b420b4fbdccdaa,/ui_icon_zm_callings_smg
93340bbe6b691c6,/ui_icon_zm_callings_tacticalrifle
73e9e0785e040bc,/ui_menu_arena_firestreakflipbook_blue
ea07966f89bb58a,/ui_menu_arena_firestreakflipbook_purple
7a85584b53addef,/ui_menu_blackmarket_starterpack_large_01
c4738af52c47e5a,/ui_menu_blackmarket_starterpack_preview_01
9f9073a1105614d,/ui_menu_specialist_hud_poster_frame_locked
6d2778200da83d,/ui_menu_zombies_cac_altar_danu_active
733317efea3169b,/ui_menu_zombies_cac_altar_odin_active
6ff7b7d7931cebc,/ui_menu_zombies_cac_altar_ra_active
8cc15bd8a118448,/ui_scene_cam_aar
90048fe8469551f,ui_scene_cam_aar
d262fbf5395a383,ui_scene_cam_arena_lobby
166b36086b32b4c,/ui_scene_cam_arena_lobby
bbf8fd4174fd319,ui_scene_cam_battery_play
f014b4a09623fb4,/ui_scene_cam_battery_play
65491639ca3d3c4,ui_scene_cam_battery_play5
1726fcdf1f1e833,/ui_scene_cam_battery_play5
65494639ca3d8dd,ui_scene_cam_battery_play6
17270cdf1f1e9e6,/ui_scene_cam_battery_play6
65493639ca3d72a,ui_scene_cam_battery_play7
17271cdf1f1eb99,/ui_scene_cam_battery_play7
c094678a96f944d,ui_scene_cam_bruno_main
a7d8f26d90c48a4,/ui_scene_cam_bruno_main
a6abc18273adc38,/ui_scene_cam_buff_play
5ea7657ed664c1f,ui_scene_cam_buff_play
3b3446864d37077,ui_scene_cam_buff_play2
e39a70aa903e4fe,/ui_scene_cam_buff_play2
e39aa0aa903ea17,/ui_scene_cam_buff_play5
3b3416864d36b5e,ui_scene_cam_buff_play5
3b3406864d369ab,ui_scene_cam_buff_play6
e39ab0aa903ebca,/ui_scene_cam_buff_play6
fffaec9d2933c55,ui_scene_cam_diego_main
b06f504ce1407c8,/ui_scene_cam_diego_main
5e09c7a147c4923,ui_scene_cam_engineer_play
bff4a4523ed672c,/ui_scene_cam_engineer_play
32527c0c6639ad,/ui_scene_cam_engineer_play3
8f2f370cf302630,ui_scene_cam_engineer_play3
8f2fa70cf303215,ui_scene_cam_engineer_play4
324b7c0c662dc8,/ui_scene_cam_engineer_play4
8f2f770cf302cfc,ui_scene_cam_engineer_play7
324e7c0c6632e1,/ui_scene_cam_engineer_play7
b5fd589110d97da,/ui_scene_cam_firebreak_play
c2402e55a14e36f,ui_scene_cam_firebreak_play
61448b8117e5707,ui_scene_cam_firebreak_play2
16fbfe7fa191f38,/ui_scene_cam_firebreak_play2
16fc6e7fa192b1d,/ui_scene_cam_firebreak_play5
61445b8117e51ee,ui_scene_cam_firebreak_play5
61444b8117e503b,ui_scene_cam_firebreak_play6
16fc3e7fa192604,/ui_scene_cam_firebreak_play6
61443b8117e4e88,ui_scene_cam_firebreak_play7
16fc4e7fa1927b7,/ui_scene_cam_firebreak_play7
940543f0de0eb50,ui_scene_cam_helicopter
62ab86f9f269655,/ui_scene_cam_helicopter
93a8924952ff786,ui_scene_cam_helicopter2
12dccab6e919105,/ui_scene_cam_helicopter2
12dcbab6e918f52,/ui_scene_cam_helicopter3
93a8a24952ff939,ui_scene_cam_helicopter3
93a8b24952ffaec,ui_scene_cam_helicopter4
12dc6ab6e9186d3,/ui_scene_cam_helicopter4
a3884a9c59c5c13,ui_scene_cam_inspection
6c78844aa09f81e,/ui_scene_cam_inspection
7d954cf5d074b2d,/ui_scene_cam_nomad_main
9d1dc7a1b60aa78,ui_scene_cam_nomad_main
7fa2fdf22f9bb53,ui_scene_cam_nomad_play
c3820e763e8e4a2,/ui_scene_cam_nomad_play
7dab9286e5965d3,ui_scene_cam_nomad_play2
c44792ec4bc60b0,/ui_scene_cam_nomad_play2
c447f2ec4bc6ae2,/ui_scene_cam_nomad_play4
7dabf286e597005,ui_scene_cam_nomad_play4
7dabe286e596e52,ui_scene_cam_nomad_play5
c44802ec4bc6c95,/ui_scene_cam_nomad_play5
911507befa9e84b,/ui_scene_cam_outrider_play
13ba53a99c74588,ui_scene_cam_outrider_play
f9f7c934d9b7b0e,ui_scene_cam_outrider_play2
2543b983db6059b,/ui_scene_cam_outrider_play2
2543a983db603e8,/ui_scene_cam_outrider_play3
f9f7d934d9b7cc1,ui_scene_cam_outrider_play3
25441983db60fcd,/ui_scene_cam_outrider_play4
f9f7e934d9b7e74,ui_scene_cam_outrider_play4
f9f7f934d9b8027,ui_scene_cam_outrider_play5
25440983db60e1a,/ui_scene_cam_outrider_play5
adc4f5065b87f04,ui_scene_cam_prophet_play
7cbae6210507a19,/ui_scene_cam_prophet_play
cd9fb9cd88028c2,ui_scene_cam_prophet_play2
f937ba1b8bf9711,/ui_scene_cam_prophet_play2
cd9f59cd8801e90,ui_scene_cam_prophet_play4
f937da1b8bf9a77,/ui_scene_cam_prophet_play4
cd9f69cd8802043,ui_scene_cam_prophet_play5
f937ca1b8bf98c4,/ui_scene_cam_prophet_play5
f937fa1b8bf9ddd,/ui_scene_cam_prophet_play6
cd9f79cd88021f6,ui_scene_cam_prophet_play6
1972bbcd86e81d5,ui_scene_cam_reaper_play
c7e23ea1ec4d88e,/ui_scene_cam_reaper_play
26138e3c3c6bb85,ui_scene_cam_reaper_play2
f2fc2d2487c4774,/ui_scene_cam_reaper_play2
26137e3c3c6b9d2,ui_scene_cam_reaper_play3
f2fc3d2487c4927,/ui_scene_cam_reaper_play3
f2fc0d2487c440e,/ui_scene_cam_reaper_play4
26132e3c3c6b153,ui_scene_cam_reaper_play4
26131e3c3c6afa0,ui_scene_cam_reaper_play5
f2fc1d2487c45c1,/ui_scene_cam_reaper_play5
fac73db1d72c2d6,/ui_scene_cam_recon_play
d738461121467a7,ui_scene_cam_recon_play
fb184f1b8ac007c,ui_scene_cam_recon_play3
4cbc2530a012b1f,/ui_scene_cam_recon_play3
4cbc0530a0127b9,/ui_scene_cam_recon_play5
fb182f1b8abfd16,ui_scene_cam_recon_play5
fb181f1b8abfb63,ui_scene_cam_recon_play6
4cbbd530a0122a0,/ui_scene_cam_recon_play6
560ec6cef523e42,ui_scene_cam_ruin_play
e0106967552bd89,/ui_scene_cam_ruin_play
5f02d1aa8c01850,ui_scene_cam_ruin_play2
e7beca95b9864c1,/ui_scene_cam_ruin_play2
5f02e1aa8c01a03,ui_scene_cam_ruin_play3
e7beba95b98630e,/ui_scene_cam_ruin_play3
e7beda95b986674,/ui_scene_cam_ruin_play5
5f0341aa8c02435,ui_scene_cam_ruin_play5
41852cf1a32220,ui_scene_cam_ruin_sitting_bull
f127d8f75d0f91b,/ui_scene_cam_ruin_sitting_bull
d6483c5321760ab,/ui_scene_cam_ruin_sitting_bull2
2775d5e9832e496,ui_scene_cam_ruin_sitting_bull2
d6482c532175ef8,/ui_scene_cam_ruin_sitting_bull3
2775e5e9832e649,ui_scene_cam_ruin_sitting_bull3
d6489c532176add,/ui_scene_cam_ruin_sitting_bull4
2775f5e9832e7fc,ui_scene_cam_ruin_sitting_bull4
678c8f9bfa5d6ea,/ui_scene_cam_scarlett_main
7d51f67e1492c4d,ui_scene_cam_scarlett_main
95ec1ecf4ad1cd7,ui_scene_cam_seraph_play
de577396bc545b0,/ui_scene_cam_seraph_play
22f189220351be6,/ui_scene_cam_seraph_play2
9206aa3c228191f,ui_scene_cam_seraph_play2
22f199220351d99,/ui_scene_cam_seraph_play3
92069a3c228176c,ui_scene_cam_seraph_play3
92066a3c2281253,ui_scene_cam_seraph_play6
22f1c92203522b2,/ui_scene_cam_seraph_play6
d51898676735ee,ui_scene_cam_spectre_play
8591f86b3fa539f,/ui_scene_cam_spectre_play
9c43ce3d25c2b91,/ui_scene_cam_spectre_play4
14ea4f7b460816e,ui_scene_cam_spectre_play4
9c43be3d25c29de,/ui_scene_cam_spectre_play5
14ea5f7b4608321,ui_scene_cam_spectre_play5
9c43ae3d25c282b,/ui_scene_cam_spectre_play6
14ea2f7b4607e08,ui_scene_cam_spectre_play6
a1759a1696e9192,ui_scene_cam_stanton_main
d7769de735e73ff,/ui_scene_cam_stanton_main
741ab37a84156cd,ui_scene_cam_swat_play
1dc798f33a996ee,/ui_scene_cam_swat_play
3396a54c92b57d4,/ui_scene_cam_swat_play2
5ecee92e706d34d,ui_scene_cam_swat_play2
5eced92e706d19a,ui_scene_cam_swat_play3
3396b54c92b5987,/ui_scene_cam_swat_play3
3396654c92b5108,/ui_scene_cam_swat_play6
5ecea92e706cc81,ui_scene_cam_swat_play6
61b19aa0c085efe,/ui_scene_cam_wz_aar
c01014462a7bd33,ui_scene_cam_wz_aar
f00cfbcb1a5bf3e,/ui_scene_cam_wz_unlock
9ce5a87ce25b761,ui_scene_cam_wz_unlock
d3074df3a704e1,/ui_scene_cam_zero_play
96af1a1dff9cf3e,ui_scene_cam_zero_play
a87a20f957ad164,ui_scene_cam_zero_play2
d9a3c7504cd3289,/ui_scene_cam_zero_play2
a87a30f957ad317,ui_scene_cam_zero_play3
d9a3b7504cd30d6,/ui_scene_cam_zero_play3
d9a3d7504cd343c,/ui_scene_cam_zero_play5
a87a10f957acfb1,ui_scene_cam_zero_play5
2877a8eec6b1bb2,/ui_scene_cam_zm_aar
1383fd343afa2b7,ui_scene_cam_zm_aar
9a35e14cab6be70,ui_scene_cam_zm_book
f955fc2e117b703,/ui_scene_cam_zm_book
ea0d79994217d69,ui_scene_cam_zm_factions_artifact_align
1759629c9248d58,/ui_scene_cam_zm_factions_artifact_align
2e45c052eb02a6,/ui_scene_cam_zm_factions_artifact_all
a4085b6ca6b2107,ui_scene_cam_zm_factions_artifact_all
d797a6d17c2af3f,ui_scene_cam_zm_factions_artifact_overview
b060eca8c89246c,/ui_scene_cam_zm_factions_artifact_overview
7592ab853ed0840,/ui_scene_cam_zm_factions_bf_callings
b38ddc3e8fee4c3,ui_scene_cam_zm_factions_bf_callings
2d1fc19ca207fb3,/ui_scene_cam_zm_factions_bf_completion
8d20e7d93f3b620,ui_scene_cam_zm_factions_bf_completion
1acd881caff18be,ui_scene_cam_zm_factions_bf_lore
c0c49a00646c3b9,/ui_scene_cam_zm_factions_bf_lore
a8fbcbe677ac9cd,ui_scene_cam_zm_factions_db_callings
5fffdf360d3aaea,/ui_scene_cam_zm_factions_db_callings
aa13aa59ada6275,/ui_scene_cam_zm_factions_db_completion
4ca78e69cf76d62,ui_scene_cam_zm_factions_db_completion
5224287aaa08a13,/ui_scene_cam_zm_factions_db_lore
c36be34d0921f48,ui_scene_cam_zm_factions_db_lore
e6203523844c6b9,ui_scene_cam_zm_factions_fl_callings
d28c9bd24678ea2,/ui_scene_cam_zm_factions_fl_callings
e131c2143d1ffa6,ui_scene_cam_zm_factions_fl_completion
cc9d86b145f44ad,/ui_scene_cam_zm_factions_fl_completion
7374fd3ca7227cb,/ui_scene_cam_zm_factions_fl_lore
f19a7931182792c,ui_scene_cam_zm_factions_fl_lore
6c37c808bdf3061,ui_scene_cam_zm_factions_tn_callings
e0405ab3771151e,/ui_scene_cam_zm_factions_tn_callings
836ce455f3c21ce,ui_scene_cam_zm_factions_tn_completion
ed06e2687b5d0d1,/ui_scene_cam_zm_factions_tn_completion
9e6904a2472cb34,ui_scene_cam_zm_factions_tn_lore
df28e66da1182f,/ui_scene_cam_zm_factions_tn_lore
1f3578eaca97b45,/ui_scene_cam_zm_lab
357ad30c3f2b7c,ui_scene_cam_zm_lab
b324ff8bfc4a7fa,/uie_arena_rank_banner_bronze
17f9c6e0666ee3b,/uie_arena_rank_banner_default
a5d81d6e6223e54,/uie_arena_rank_banner_gold
8646440cf43e7ba,/uie_arena_rank_banner_platinum
db08a041e96f03,/uie_arena_rank_banner_silver
864e6595b18fa4f,/uie_t7_cp_hud_vehicle_agr_damageiconlinergb
abef09ebc7ef85d,/uie_t7_cp_hud_vehicle_agr_damageiconred
655c9ba750a354e,/uie_t7_icon_error_overlays
48b1f620b6f85b4,/uie_t7_zm_hud_score_char1
48b22620b6f8acd,/uie_t7_zm_hud_score_char2
48b21620b6f891a,/uie_t7_zm_hud_score_char3
48b1c620b6f809b,/uie_t7_zm_hud_score_char4
a8ef01fa5b6e323,/uie_ui_hud_core_waypoint_control_backer
3a31554f6847938,/uie_ui_hud_core_waypoint_control_empty
3fc195dccb2d866,/uie_ui_hud_core_waypoint_domination_backer
d4d06763be19f4b,/uie_ui_hud_core_waypoint_domination_empty
156f666eeb87f42,/uie_ui_hud_core_waypoint_domination_fill_02
bca8c467bbd3736,/uie_ui_hud_wz_hud_core_icon_kills
fd85063c6f63b8c,/uie_ui_hud_wz_hud_core_icon_lives
f49a0e2bffeb625,/uie_ui_hud_wz_hud_core_spectate_eyeball
8c0ac8073ef21c7,/uie_ui_icon_wz_hud_cleanup
46759f98fe91385,/uie_ui_icon_wz_hud_portal_lives_left
ad7e71f1f604f91,/uie_ui_menu_arena_firestreakflipbook
769dcb44a1798a2,/uie_ui_menu_blackmarket_triple_play_frame
1d8c59fe7ab1dec,/uie_ui_menu_blackmarket_triple_play_frame_01
8fbc4b170fd1c49,/uie_ui_menu_zombies_cac_altar_brew_active
2ae0b81487f2036,/uie_ui_menu_zombies_cac_altar_cola_active
ee7002cc21bbe1e,/uie_ui_menu_zombies_cac_altar_soda_active
d5dd81543ecc502,/uie_ui_menu_zombies_cac_altar_tonic_active
cc644d1aa54c392,/uie_ui_menu_zombies_cac_altar_zeus_active
d4233bb3d885fd3,/uie_zm_hud_specweapon_diamondbg
98122a83b9026b,ultimate_turret_mp
47e538e368ef368,/ultimate_turret_mp
e20c2a83f730b3,ultimate_turret_wz
433558e364f0b54,/ultimate_turret_wz
695cd674ac7adb6,/v_crew_vtol_hatch_back_open
666db038f7b84c,/v_crew_vtol_hatch_left_open
e66183d0715976d,/v_crew_vtol_hatch_right_open
6816a35475b56a3,/veh_mphd_car_compact_dead
b305a3176cb2223,/veh_t7_mil_apc
f8ba9d827ddcb35,/veh_t7_mil_vtol_dropship_troopcarrier
a4947fecd71a9f8,/veh_t8_civ_motorcycle_police
27a0e4ad2cdec5,/veh_t8_civ_motorcycle_sidecar_spawn
de0b3359b05f528,/veh_t8_civ_suv_large_blk_spain
f220f4ee10e9291,/veh_t8_drone_recon_wz
4ef929ad83d0b31,/veh_t8_drone_wasp_piece_body_mp
30fe1569f4d2ea5,/veh_t8_drone_wasp_piece_wing_rocket_left_mp
8b3249a35b31400,/veh_t8_drone_wasp_piece_wing_rocket_right_mp
d1eb1acc5ce72cd,/veh_t8_mil_air_jet_fighter_mp_light
fb528ac7b9430bf,/veh_t8_mil_air_transport_mp_dark
61dd131507d3840,/veh_t8_mil_atv_recon_rack_dead_spawn
612b789ba2f0843,/veh_t8_mil_atv_recon_tire_dead_spawn
53eb349d2ba825b,/veh_t8_mil_helicopter_light_closed
d2f70ee20b5612d,/veh_t8_mil_helicopter_light_debris_fastrope_bar
76dab5c180e59cf,/veh_t8_mil_helicopter_light_debris_skids
9cc419de042b123,/veh_t8_mil_helicopter_light_debris_tail
617cad120b48a64,/veh_t8_mil_helicopter_light_transport_warzone_black_dest
d74780e85f2ecbd,/veh_t8_turret_mini
89fd735652e6ce1,vehicle/fx8_exhaust_truck_cargo_startup_os
232074c1c72f1fa,/vehicle/fx8_exhaust_truck_cargo_startup_os
2c776657c580af,/vehicle/fx8_replacer_car_spawn
6bda34b4243d4f4,vehicle/fx8_replacer_car_spawn
b501f767c462e5a,/vehicle/fx8_vdest_heli_fuselage_destroyed
76960cd5ba0a75b,vehicle/fx8_vdest_heli_fuselage_destroyed
80b5ae1092aacea,vehicle/fx8_vdest_mil_tank_turret_destroyed
f30b40717eb9203,/vehicle/fx8_vdest_mil_tank_turret_destroyed
25906cf70131c99,/vehicle/fx_elec_teleport_escort_drone
c9377fa87b4b2,/vehicle/fx_exhaust_jetpack_dbl_jmp_core
ba46d0edb7b3acf,/vehicle/fx_treadfx_agr_dirt_emit
41a2d15e9eb0e86,/vehicle/fx_treadfx_agr_dirt_emit_child
1d1bf1374f118bf,/vehicle/fx_treadfx_asphalt_peel
a2da553dfcf78b,/vehicle/fx_treadfx_asphalt_skid_child
f21d5c87baea4b8,/vehicle/fx_treadfx_asphalt_skid_emit
8490c2d05900711,/vehicle/fx_treadfx_snow_skid_child
f846ced8c73b22e,/vehicle/fx_treadfx_snow_skid_emit
abac407dbd142a4,/water/fx_fuel_splash_sm_ven
21eddf28aa3f448,/water/fx_water_drip_physics
cb190d4cc9e1770,/water/fx_water_drip_straight_sm_os_impact
ef0840409303f41,/water/fx_water_drip_xsm_splash
85d199373ba4ffd,/water/fx_water_impact_object_lg
8613c9373be744d,/water/fx_water_impact_object_md
8240f93738a79b8,/water/fx_water_impact_object_sm
c1ec9ee7c8d20ca,/water/fx_water_impact_ripple_md
6a9ec2aadc5dc2c,/waterballoon_wz
c50dd05ea20c755,waterballoon_wz
627e088adb6c151,/waypoint_dogtags
96c20ffbdb63b86,/weapon/fx8_equip_light_os
b284f62ab24ee66,/weapon/fx8_equip_seeker_prong_vm_active
9099e5a4d4881c3,weapon/fx8_equip_seeker_prong_vm_active
576f6fa592fb227,weapon/fx8_equip_smart_cover_microwave
e06dc48bcddc164,/weapon/fx8_equip_smart_cover_microwave
fc03b8acf586264,weapon/fx8_equip_smart_cover_microwave_sm
952371875e9b261,/weapon/fx8_equip_smart_cover_microwave_sm
8d4f4998984eb48,weapon/fx8_equip_supplypod_canister_launch
391afd78f040cfb,/weapon/fx8_equip_supplypod_canister_launch
742656099567e1e,weapon/fx8_equip_swat_smk_signal
4fe32814adfc55d,/weapon/fx8_equip_swat_smk_signal
2ca38db3988cfbd,/weapon/fx8_hero_grvity_slam_takeoff_3p
ee7ef96d8e9fcfa,weapon/fx8_hero_grvity_slam_takeoff_3p
3002ba07a9363e7,/weapon/fx8_hero_sig_disrupt_active
c6b3fd6afeb8b03,/weapon/fx8_hero_sig_lightning_death_dog
6dbf5572b655f0e,weapon/fx8_hero_sig_radiation_phase1_foe_v4
ab080d779f7cbc3,/weapon/fx8_hero_sig_radiation_phase1_foe_v4
e6378eb5e19fc56,weapon/fx8_hero_sig_radiation_phase1_friend_v4
1bd64a58e30961,/weapon/fx8_hero_sig_radiation_phase1_friend_v4
ca28f1d1aa40d4c,/weapon/fx8_hero_sig_radiation_phase2_foe_v4
e3c88331c552ec1,weapon/fx8_hero_sig_radiation_phase2_foe_v4
34d97288c8f10f,weapon/fx8_hero_sig_radiation_phase2_friend_v4
9bfb22cc22613d4,/weapon/fx8_hero_sig_radiation_phase2_friend_v4
5d63e56bba09f1d,/weapon/fx8_hero_sig_shockrifle_spike_active
de6b512fcf35e74,weapon/fx8_hero_sig_shockrifle_spike_active
4612ff6922355c2,/weapon/fx8_muz_ar_acc_3p
c92e09cdb576ea1,/weapon/fx8_muz_hero_sig_grapple_reelin_1p
df105f40c1b7403,/weapon/fx_attchmnt_laser_3p
333e499ae0fbf7a,/weapon/fx_betty_exp
ac448ef603cd9e3,/weapon/fx_betty_exp_death
c61f09453dec82e,/weapon/fx_betty_exp_destroyed
a9e7967ca5d4411,/weapon/fx_betty_launch_dust
d7f5a7800c3afa9,/weapon/fx_brass_knuckle_taunt_sparks
24d9b2b23ebff75,/weapon/fx_c4_exp
4d546fa197b737f,/weapon/fx_c4_light_blue
3710d03afbabb1,/weapon/fx_c4_light_orng
8be58cee8eb483a,/weapon/fx_hero_annhilatr_death_blood
d761bfb09043a73,/weapon/fx_hero_annhilatr_glint
ff588404c012368,/weapon/fx_hero_annhilatr_impact_entity_robot_exp
c8989b0ba2cbcd2,/weapon/fx_hero_arm_blade_death_sparks
ecb0ccb9ca1f1af,/weapon/fx_hero_bow_lnchr_accelerator
a7afa02727457cf,/weapon/fx_hero_bow_lnchr_exp_bot_trail_emitter
cd30fdd420d959,/weapon/fx_hero_bow_lnchr_glow
40ded4d34ed6394,/weapon/fx_hero_bow_lnchr_trail
ba38a064e45f4fe,/weapon/fx_hero_bow_lnchr_trail_emit
1f162d1f397c557,/weapon/fx_hero_bow_lnchr_trail_emit_sm
2ba88da1a80f931,/weapon/fx_hero_bow_lnchr_trail_sm
919b9a9e253fc67,/weapon/fx_hero_grvity_spk_grnd_hit_1p
32974f37fd7c5f6,/weapon/fx_hero_grvity_spk_grnd_hit_dust
cf66b8f69595035,/weapon/fx_hero_lightning_gun_muz_flsh_1p
d5a062987f282e,/weapon/fx_hero_lightning_gun_muz_flsh_1p_chrg
cfc778f695dd047,/weapon/fx_hero_lightning_gun_muz_flsh_3p
a8e8ca5c1e31764,/weapon/fx_hero_lightning_gun_muz_flsh_3p_chrg
20826f5e3eb8071,/weapon/fx_hero_lightning_gun_muz_glow_1p
20f12f5e3f17d23,/weapon/fx_hero_lightning_gun_muz_glow_3p
12b9aa162261537,/weapon/fx_hero_minigun_muz_1p
cc5e12a156cb77e,/weapon/fx_incend_grenade_exp
4d79636d964f878,/weapon/fx_incend_grenade_fire_sm
6a23651eb9d6585,/weapon/fx_incend_grenade_fire_sm_uw
12ab7ff2155510d,/weapon/fx_incend_grenade_impact
a98e2bf934bb55a,/weapon/fx_incend_grenade_impact_c1
a98e1bf934bb3a7,/weapon/fx_incend_grenade_impact_c2
dd0f64da1290d45,/weapon/fx_incend_grenade_trail
5953d009c63d4a2,/weapon/fx_incend_grenade_trail_uw
1387a160b5b6867,/weapon/fx_ir_scope_hearbeat
9bf0ffc49c80f94,/weapon/fx_light_spike_launcher
29809070e5f0fcd,/weapon/fx_lightninggun_arc
90e91f60e0eb2bd,/weapon/fx_lightninggun_impact_player_spwner
d418907c026cb12,/weapon/fx_muz_chppr_flash_sm_3p
9e3ad12b63be514,/weapon/fx_muz_chppr_gas_flash_sm_3p
e04e3a44ce8cc26,/weapon/fx_muz_chppr_vtol
f080c88013c02db,/weapon/fx_muz_md_4arc_mb
7050f218f6822df,/weapon/fx_muz_md_gas_flash_1p
6fe23218f62262d,/weapon/fx_muz_md_gas_flash_3p
1f5cd7e3697904d,/weapon/fx_muz_md_rifle_1p
1fbb97e369bd9ff,/weapon/fx_muz_md_rifle_3p
197d15edfced368,/weapon/fx_muz_md_smk_1p
19ddd5edfd3537a,/weapon/fx_muz_md_smk_3p
e0646843d60094,/weapon/fx_muz_sm_gas_flash_1p
e7506843dbfd46,/weapon/fx_muz_sm_gas_flash_3p
7b374c167015af5,/weapon/fx_muz_sm_pistol_1p
7ba80c167078e07,/weapon/fx_muz_sm_pistol_3p
3c181ee2a5303ac,/weapon/fx_muz_smk_silenced_1p
3c88dee2a5936be,/weapon/fx_muz_smk_silenced_3p
88dbb301a0f1640,/weapon/fx_muz_veh_gun_med_3p
c8f13eb0b481a38,/weapon/fx_muz_veh_minigun_lg_3p
ac8adb0400a4006,/weapon/fx_muz_veh_minigun_xlg_3p
eae676e91add351,/weapon/fx_muz_veh_quad_rocket_3p
e85caf97f242d3,/weapon/fx_prox_grenade_elec_jump
5f84dd0b3b16c05,/weapon/fx_prox_grenade_elec_trail
f1fb5a2125cef2,/weapon/fx_prox_grenade_exp
beae647613adafd,/weapon/fx_prox_grenade_exp_smk_ling
4e655d68da3f835,/weapon/fx_prox_grenade_exp_trail
dfd18c4b5b03281,/weapon/fx_prox_grenade_impact
df8e4babb94d6ba,/weapon/fx_prox_grenade_impact_bolts
a5dd520200c75b5,/weapon/fx_prox_grenade_impact_player_spwner
4493c28b7c5f00b,/weapon/fx_prox_grenade_scan_blue
68b6018a8abe991,/weapon/fx_prox_grenade_scan_bolts
8e15db8502f774d,/weapon/fx_prox_grenade_scan_orng
99c55c0cb35219a,/weapon/fx_prox_grenade_wrn_grn
40940c06d248f50,/weapon/fx_prox_grenade_wrn_red
f69a2bccfdc9a0e,/weapon/fx_sensor_scan_enemy_os
cb592ed2e533b86,/weapon/fx_sensor_scan_enemy_runner
9d37008acae1130,/weapon/fx_sensor_targeting
d049dadfa676e3e,/weapon/fx_shellejects_minigun
2ef9d7720844d8c,/weapon/fx_shellejects_pistol
74b44ad5b3881bd,/weapon/fx_shellejects_pistol_resting
5dc09fc9c40225b,/weapon/fx_shellejects_rifle
3ed779ea7281356,/weapon/fx_shellejects_rifle_resting
a4cda21d768fabf,/weapon/fx_shellejects_shotgun
9404fc3b524a562,/weapon/fx_shellejects_shotgun_resting
43bb13565adfb6a,/weapon/fx_trail_energy_pistol_knockback_emitter
750cfac51bc8313,/weapon/fx_trail_fake_bullet
b938025415be40f,/weapon/fx_trail_grenade
8227a8ed96593aa,/weapon/fx_trail_hatchet
ff38f8bd211e31f,/weapon/fx_trail_nailgun
53dfbfd933354ed,/weapon/fx_trail_quad_rocket
7c74f3070ed8ea2,/weapon/fx_trail_rocket_emp
4805f8731bfd4fc,/weapon/fx_trail_rocket_emp_puff
7ea2ed8f2ea4567,/weapon/fx_trail_rocket_wasp
c801052d7f04c97,/weapon/fx_trail_rocket_xm_puff
e25f6bdcc5d0df6,/weapon/fx_trail_rpg
fdfec73cc8e47f9,/weapon/fx_trophy_deploy_impact
33207be13901f60,/weapon/fx_trophy_detonation
a0549d1d560ca9b,/weapon/fx_trophy_detonation_trail
3ddb6f883874299,/weapon/fx_trophy_flash
833c131b83c3dc,/weapon/fx_trophy_light_enemy
7f077cf817c85ff,/weapon/fx_trophy_light_friendly
c63db7fb65f186d,/weapon/fx_trophy_radius_indicator
eadc7c17fe76d00,/weapon/fx_turret_heavy_link_resting
e1d3d92291af537,/weapon/fx_turret_shelleject_expel
fbd1fe19e8183a7,/weapon/fx_turret_shelleject_resting
a3619be740cdbb,/weather/fx_rain_system_drop_impact
fd3b8d4be89e872,/weather/fx_rain_system_drop_impact_med
8b082471c6f8c40,/weather/fx_rain_system_drop_impact_sm
a8774732502d4ae,/willy_pete_wz
1091e739853c12b,willy_pete_wz
26816a230882af9,/wpn_t8_ar_accurate_prop_animate
eda7c8b48819350,/wpn_t8_ar_accurate_render_prop
5cb3f871ab2aed4,/wpn_t8_ar_accurate_world
1e6b098ceda43f9,/wpn_t8_ar_k57_world
387050ba88d7330,/wpn_t8_eqp_drone_hawk_world_static
3d5f477db53bcc8,/wpn_t8_eqp_smartcover_cover_blue_fac_10
75e345fcdffe53d,/wpn_t8_eqp_spawnbeacon_prop
da7c409be28eb49,/wpn_t8_eqp_trophy_system_world
c4711fb0a2f2730,/wpn_t8_hero_war_machine_prop_animate
3a34eaf6e6277f3,/wpn_t8_hero_war_machine_world
a717400c51db22f,/wpn_t8_lmg_titan_prop_static
3b2e852f87a4f73,/wpn_t8_pistol_standard_prop_static
642bfe2756e367b,/wpn_t8_pistol_standard_world
e34d33f2e62a21e,/wpn_t8_shotgun_pump_prop_animate
f707ce9ac7a40d9,/wpn_t8_shotgun_pump_world
775cdf205fd46f8,/wpn_t8_sig_annihilator_prop
94e17a32ee5253,/wpn_t8_sig_annihilator_world
5df277ab9cd6f48,/wpn_t8_sig_battle_shield_buckler_prop_animate
4042c794eab672b,/wpn_t8_sig_battle_shield_buckler_world
11c105dc7d8bbbb,/wpn_t8_sig_battle_shield_buckler_world_d1
6a88bf0af884e00,/wpn_t8_sig_battle_shield_gun_prop
9b531bbd3ed759b,/wpn_t8_sig_battle_shield_gun_world
58b97e2edf3d2ce,/wpn_t8_sig_blade_world
9c0656cafb12de0,/wpn_t8_sig_bow_frontend_prop
f4e684b42781231,/wpn_t8_sig_flamethrower_prop_animate
eac807717d6cafb,/wpn_t8_sig_grapple_gun_prop_animate
a885b538276b308,/wpn_t8_sig_ice_pick_prop
ecec8034c8ac0e0,/wpn_t8_sig_minigun_prop
dbc8272e5362725,/wpn_t8_sig_radiation_device_prop
52fc8b5f9a52d8b,/wpn_t8_sig_tempest_prop
cdced70c2113ca8,/wpn_t8_smg_handling_prop
c1c4e2ba98443f9,/wpn_t8_smg_mp9_prop_animate
a202e2ff29fc9d4,/wpn_t8_smg_mp9_world
15ce60957240460,/wpn_t8_sniper_koshka_prop_animate
a35e0122b035d63,/wpn_t8_sniper_koshka_world
bf08ece04261ab9,/wpn_t8_sniper_power_semi_scope_world
31064117d3e8765,/wpn_t8_wz_water_balloon_world
708ed1724b086b2,/wpn_t8_zm_ar_lever_action_prop_animate
ca341144024500f,/wpn_t8_zm_melee_katana_lvl1_world
2070cb2515ec9b0,/wpn_t8_zm_melee_staff_ra_lvl1_prop_animate
dbfd63ddb739dc4,/wpn_t8_zm_monkey_bomb_world
98ee1ca322b7275,/wpn_t8_zm_mp40_world
6058c00c5204ec6,/wpn_t8_zm_pistol_webly_prop_animate
bc0dae287937981,/wpn_t8_zm_pistol_webly_world
63feaca47305bb,/wpn_t8_zm_smg_primary_prop_animate
71bbf5fe5104f9a,/wpn_t8_zm_smg_thompson_world
d7d08ac496bf9ad,/wpn_zmb_dlc1_talon_spikes_prop
fcc61ff145c1608,/ww_blundergat_acid_t8_zm
2091433870f2e63,ww_blundergat_acid_t8_zm
a026f9d8187293a,/ww_blundergat_t8_wz
628e5b81ea9e84b,ww_blundergat_t8_wz
908bed1355cbb74,ww_crossbow_impaler_t8_wz
d5f3f26a715e6cd,/ww_crossbow_impaler_t8_wz
1116d74d90094e,/ww_crossbow_t8_wz
27873ddc198bc7,ww_crossbow_t8_wz
6c80303c0a5a587,ww_freezegun_t8_upgraded_wz
2395c91da8e712a,/ww_freezegun_t8_upgraded_wz
26f0b5236a6d92d,/ww_random_ray_gun1_wz
42372cd71b6dd0,ww_random_ray_gun1_wz
279185236af43c9,/ww_random_ray_gun1_zm
1c4a2cd6fabedc,ww_random_ray_gun1_zm
25f85899801c3e,/ww_random_ray_gun2_zm
2d2ea43a8cf6113,ww_random_ray_gun2_zm
1612e3e819376de,ww_random_ray_gun3_zm
655346034bb5bf3,/ww_random_ray_gun3_zm
37d1af274985769,wz/fx8_death_circle_cue
7fa237b9a657e54,/wz/fx8_death_circle_cue
384b2378ea57ba8,wz/fx8_magicbox_marker_fl_red
415334544c24b39,/wz/fx8_magicbox_marker_fl_red
8721768e4a33937,/wz/fx8_player_outside_circle
8d1f91268967329,/wz/fx8_plyr_numbers
773864f0441e81c,wz/fx8_plyr_numbers
db92af5d72fcb3d,/wz/fx8_plyr_pstfx_barrier_lvl_01_wz
68ea2f568dcd96,wz/fx8_plyr_pstfx_numbers
2b6181c4bfa09f3,/wz/fx8_plyr_pstfx_numbers
beb76f3ebbd23ff,/wz/fx8_zm_box_marker
127495f599a3db4,wz/fx8_zm_box_marker
71bae660ec6ff17,/wz/fx8_zm_box_marker_red
533f9e1e6c0f9d0,wz/fx8_zm_box_marker_red
7e6a65f91ab6daa,/wz/fx8_zombie_eye_glow_blue_wz
6d10fd6ad6fc1cd,wz/fx8_zombie_eye_glow_blue_wz
2388285a44815bf,/wz/fx8_zombie_eye_glow_green_wz
ea03d72e726ee59,/xenon_stick_move
bbfc8cd38eb0451,/xenon_stick_move_look
3f9670292d14901,/xenon_stick_move_turn
cfeab31a7efd493,/xenon_stick_turn
189cbd2be3400c5,zhield_dw_zm
1d1dd8cad016e2,/zhield_dw_zm
285efec2b6f8e80,zhield_frost_dw_zm
fec0ce9b3494b7f,/zhield_frost_dw_zm
254b920bcbc6f5,/zhield_riot_dw_zm
bc98c4c2176f9b8,zhield_riot_dw_zm
2b9268f647f4bc3,/zhield_spectral_dw_zm
cdc399cb5f2733e,zhield_spectral_dw_zm
636ecbeb0572900,zhield_zpear_dw_zm
abb3a85bb01c1f,/zhield_zpear_dw_zm
e5a7b3272612bd8,zhield_zword_dw_zm
a92e3bf920d6407,/zhield_zword_dw_zm
2a144a8816ade,/zitem_acid_gat_part_1_zm
beea4d76271620d,zitem_acid_gat_part_1_zm
d5344dc89a29252,zitem_acid_gat_part_2_zm
c41c1396096c369,/zitem_acid_gat_part_2_zm
ebdbd32fde8b2dc,/zitem_acid_gat_part_3_zm
45160e7d44dc3a7,zitem_acid_gat_part_3_zm
ed21d3f4edf11f6,/zitem_chaos_lvl3_part_1_zm
ce45eb5c7502585,zitem_chaos_lvl3_part_1_zm
879dd37b380c661,/zitem_chaos_lvl3_part_2_zm
e481ebaee7fd92a,zitem_chaos_lvl3_part_2_zm
af6d93150d468d4,/zitem_chaos_lvl3_part_3_zm
5471ac6392c871f,zitem_chaos_lvl3_part_3_zm
17554a444f70201,/zitem_orange_dynamite_bomb_part_1_zm
a55ba0b42ac91b2,zitem_orange_dynamite_bomb_part_1_zm
ce9a03a49a95ed,zitem_orange_dynamite_bomb_part_2_zm
30f14a96c544516,/zitem_orange_dynamite_bomb_part_2_zm
a0df0b4b700bcab,/zitem_orange_dynamite_bomb_part_3_zm
6b075fd44cf7800,zitem_orange_dynamite_bomb_part_3_zm
a7a267f7e73c03c,zitem_orange_heat_pack_part_1_zm
cbca86d6d3bebcf,/zitem_orange_heat_pack_part_1_zm
1ee4698c447b7f3,zitem_orange_heat_pack_part_2_zm
e2aa85560243ce8,/zitem_orange_heat_pack_part_2_zm
bbf0a91290c783e,zitem_orange_heat_pack_part_3_zm
7bfec5cfe42b335,/zitem_orange_heat_pack_part_3_zm
e20e64d41f2e623,zitem_orange_zipline_crank_part_1_zm
ceeb090a2087824,/zitem_orange_zipline_crank_part_1_zm
bb6d0a8af4decdb,/zitem_orange_zipline_crank_part_2_zm
80406366d3aae2c,zitem_orange_zipline_crank_part_2_zm
926e91ff5b89775,zitem_red_strike_part_1_zm
c644533962b866a,/zitem_red_strike_part_1_zm
17e92b40590eda,zitem_red_strike_part_2_zm
e1e852984184bc5,/zitem_red_strike_part_2_zm
189a5306794f90f,zitem_red_strike_part_3_zm
4018123244f1738,/zitem_red_strike_part_3_zm
3f20f79befc0f33,/zitem_riotshield_part_1_zm
8e6c6655df12b80,zitem_riotshield_part_1_zm
917ef607644ee7c,/zitem_riotshield_part_2_zm
25267ea3980087,zitem_riotshield_part_2_zm
69bf366d8f2ff09,/zitem_riotshield_part_3_zm
c8c0a735bce4532,zitem_riotshield_part_3_zm
84ac650875ee255,/zitem_rocketshield_part_1_zm
a40892d11e16a06,zitem_rocketshield_part_1_zm
25ac656e71d85ba,/zitem_rocketshield_part_2_zm
3188921c711b031,zitem_rocketshield_part_2_zm
bf0025e853bee6f,/zitem_rocketshield_part_3_zm
ce9451a2bd662e4,zitem_rocketshield_part_3_zm
6f82b923b4b029e,/zitem_silver_bullet_part_1_zm
3df7ea9ea1d864b,zitem_silver_bullet_part_1_zm
94b4b8bd87a2a29,/zitem_silver_bullet_part_2_zm
c6b5e90a4498e94,zitem_silver_bullet_part_2_zm
24d47808dcf219c,/zitem_silver_bullet_part_3_zm
36a629beef64a21,zitem_silver_bullet_part_3_zm
3eda28032566542,zitem_silver_bullet_part_4_zm
c0fe778f287675f,/zitem_silver_bullet_part_4_zm
7476fb2a42579d1,/zitem_silver_molten_part_1_zm
56d84033a052424,zitem_silver_molten_part_1_zm
b086fbdec1057a6,/zitem_silver_molten_part_2_zm
435a41b474a98db,zitem_silver_molten_part_2_zm
49dcbc58a2ef6bb,/zitem_silver_molten_part_3_zm
948c811380fcd46,zitem_silver_molten_part_3_zm
643052f58141d6c,/zitem_spectral_shield_part_1_zm
c2d7b8823b3b05,zitem_spectral_shield_part_1_zm
22697bda96aeeaa,zitem_spectral_shield_part_2_zm
273e54b11e62463,/zitem_spectral_shield_part_2_zm
92593c8f4179c9f,zitem_spectral_shield_part_3_zm
edbe93fca1e526e,/zitem_spectral_shield_part_3_zm
82698ab96f66aff,/zitem_tricannon_upgrade_part_1_zm
76d89f4d74ee486,zitem_tricannon_upgrade_part_1_zm
4589e98c7f2ab1,zitem_tricannon_upgrade_part_2_zm
d8358924e6e5658,/zitem_tricannon_upgrade_part_2_zm
a1645e1f143dd64,zitem_tricannon_upgrade_part_3_zm
b065c98b11ab3e5,/zitem_tricannon_upgrade_part_3_zm
5d4c5bc10ee5799,/zitem_white_bear_bomb_part_1_zm
a57b873872b7300,zitem_white_bear_bomb_part_1_zm
1be5c270dc73ce,/zitem_white_bear_bomb_part_2_zm
196188cccd24807,zitem_white_bear_bomb_part_2_zm
dfcfc8185088cb2,zitem_white_bear_bomb_part_3_zm
719e1cdbb876ec3,/zitem_white_bear_bomb_part_3_zm
cb076f10275d8b0,/zitem_white_mmtd_part_1_zm
238573dfb389aa7,zitem_white_mmtd_part_1_zm
c12170cbefebf77,/zitem_white_mmtd_part_2_zm
2d777223eb0fa20,zitem_white_mmtd_part_2_zm
5133b01745247e2,/zitem_white_mmtd_part_3_zm
9d59b2d895c390d,zitem_white_mmtd_part_3_zm
e8e814c4757cc65,/zitem_white_ww_modkit_part_1_zm
e64b6549ab23270,zitem_white_ww_modkit_part_1_zm
e5566b6c594537,zitem_white_ww_modkit_part_2_zm
4b0c153e288888a,/zitem_white_ww_modkit_part_2_zm
6c77a650c8ea1a2,zitem_white_ww_modkit_part_3_zm
baebd5f2d33837f,/zitem_white_ww_modkit_part_3_zm
a51e5eaffd69f6d,/zitem_zhield_zpear_part_1_zm
2f3a2b4a892382e,zitem_zhield_zpear_part_1_zm
3d905f29de89b32,/zitem_zhield_zpear_part_2_zm
f3282a960a723f9,zitem_zhield_zpear_part_2_zm
a5abea43688032c,zitem_zhield_zpear_part_3_zm
77221fde5b25687,/zitem_zhield_zpear_part_3_zm
31a4fc6401a7656,zitem_zhield_zword_part_1_zm
f9a51e892335c0d,/zitem_zhield_zword_part_1_zm
fef1edb9648c52,/zitem_zhield_zword_part_2_zm
8048fbc30bcd541,zitem_zhield_zword_part_2_zm
7fd0df9040fbda7,/zitem_zhield_zword_part_3_zm
a818bb5ce1077b4,zitem_zhield_zword_part_3_zm
c0390f864725036,/zm_ai/fx8_avo_elec_aura_main
d0f89dc01355a8d,zm_ai/fx8_avo_elec_aura_main
228c90c18d23cea,zm_ai/fx8_avo_elec_aura_weakened
e81b1ed5b16e6c5,/zm_ai/fx8_avo_elec_aura_weakened
28a25eb86c36be,/zm_ai/fx8_avo_elec_projectile
4e825a9f8ac3c33,zm_ai/fx8_avo_elec_projectile
7d803b7880c87f9,zm_ai/fx8_avo_elec_teleport_appear
855c51082232e52,/zm_ai/fx8_avo_elec_teleport_appear
59125923a77686f,/zm_ai/fx8_avo_elec_teleport_flash
49b34b9f76c285a,zm_ai/fx8_avo_elec_teleport_flash
52788816950ed36,zm_ai/fx8_blightfather_chaos_missle
4966f12296df1bf,/zm_ai/fx8_blightfather_chaos_missle
ed2b8cf9ed4753f,/zm_ai/fx8_blightfather_maggot_death_exp
fc52975edab9832,zm_ai/fx8_blightfather_maggot_spawn_burst
856eb2e67df38b7,/zm_ai/fx8_blightfather_maggot_spawn_burst
ca2f2d32c19f0cc,/zm_ai/fx8_blightfather_vomit
d27728bfac8feab,zm_ai/fx8_blightfather_vomit
5f141b9bb0e7705,zm_ai/fx8_blightfather_vomit_box_purchase
f2357d5bfaac99c,/zm_ai/fx8_blightfather_vomit_box_purchase
42625bfba95ca0c,zm_ai/fx8_blightfather_vomit_craft_purchase
ce65c985c8c1f7d,/zm_ai/fx8_blightfather_vomit_craft_purchase
ff135696ddaaaeb,zm_ai/fx8_blightfather_vomit_object
f85a27fa81c62e6,/zm_ai/fx8_blightfather_vomit_object
48066aa161fec47,zm_ai/fx8_blightfather_vomit_purchase
5bd390f57cd7e66,/zm_ai/fx8_blightfather_vomit_purchase
5ed360d4ca45056,zm_ai/fx8_blightfather_vomit_statue_purchase
31d5f0415e26d4d,/zm_ai/fx8_blightfather_vomit_statue_purchase
24947c3e72952be,/zm_ai/fx8_blightfather_weakspot_elbow_amb
bc8035da249cab,zm_ai/fx8_blightfather_weakspot_elbow_amb
aa212a5865349da,zm_ai/fx8_blightfather_weakspot_jaw_amb
5f077ac034e2a23,/zm_ai/fx8_blightfather_weakspot_jaw_amb
e5b14f2343f17b8,zm_ai/fx8_blightfather_weakspot_sack_amb
a38fd526d34a30b,/zm_ai/fx8_blightfather_weakspot_sack_amb
ed3bb6ef9d5cb52,/zm_ai/fx8_cata_cor_aura
6ed042b62127561,/zm_ai/fx8_cata_cor_aura_locked
6e153743a3d2051,/zm_ai/fx8_cata_elec_aura
2b2058255664cbe,zm_ai/fx8_cata_elec_aura
4066c5321e92648,/zm_ai/fx8_cata_elec_blast
bde186b006c534f,/zm_ai/fx8_cata_plasma_blast
e6caed9e99f87be,/zm_ai/fx8_cata_plasma_blast_tell_head
a625c9da387e357,/zm_ai/fx8_cata_plasma_blast_tell_torso
b45a8b6976e21df,/zm_ai/fx8_cata_water_aura
6b3d3da23edda1e,zm_ai/fx8_cata_water_aura
2b845d374dce96b,/zm_ai/fx8_cata_water_purify
c36b8f3325b754a,zm_ai/fx8_destroyer_arm_spurt
7180573b28e41b3,/zm_ai/fx8_destroyer_arm_spurt
88d1d3c7a01e1e4,zm_ai/fx8_destroyer_axe_trail
be355f84ec36a95,/zm_ai/fx8_destroyer_axe_trail
6c506f392c5492f,/zm_ai/fx8_dog_death_exp
50fb582c3c8cd6f,/zm_ai/fx8_dog_lightning_spawn
998c86a2b8ea3c5,/zm_ai/fx8_elec_bolt
3f507ae57c28aa0,/zm_ai/fx8_elec_shock
b883d49284412a3,/zm_ai/fx8_elec_shock_eyes
c88a93f0c78958f,/zm_ai/fx8_elec_shock_os
3dba43ba0c039cf,/zm_ai/fx8_elec_zombie_blast_area
58d33e5ca0daf54,zm_ai/fx8_elec_zombie_blast_area
4939a9dc670557e,/zm_ai/fx8_elec_zombie_explode
5c8f4142955de8f,zm_ai/fx8_elec_zombie_explode
fe484a8b162d6ac,zm_ai/fx8_elec_zombie_sparky_chest
6e42c0d1a72fb33,/zm_ai/fx8_elec_zombie_sparky_chest
d80ca98cbfb884b,zm_ai/fx8_gegenees_shield_blast
64d7850d52d2156,/zm_ai/fx8_gegenees_shield_blast
2bfbacebe0373d9,/zm_ai/fx8_gegenees_shield_guard
ab8ef881dff3b58,zm_ai/fx8_gegenees_shield_guard
df87b23dcc52a6e,zm_ai/fx8_gegenees_spear_tip_flame
865da69b4dda035,/zm_ai/fx8_gegenees_spear_tip_flame
89abc16ed34895d,/zm_ai/fx8_gegenees_spear_tip_tell
d36ac1cc5215038,zm_ai/fx8_gegenees_spear_tip_tell
ae6c4dd5b5aa88f,/zm_ai/fx8_gegenees_weakpoint_impact
240ebc321f8ae8e,zm_ai/fx8_gegenees_weakpoint_impact
55dadb9cfbf7b9a,zm_ai/fx8_nosferatu_dash_eyes
f484ddcbb51235f,/zm_ai/fx8_nosferatu_dash_eyes
cad0f265967dad4,zm_ai/fx8_nova_crawler_aura
2e776a62161075,/zm_ai/fx8_nova_crawler_aura
71dc4229f0def60,zm_ai/fx8_nova_crawler_elec_aura
84aa8adfbdf46cb,/zm_ai/fx8_nova_crawler_elec_aura
41b9cbfada197f4,zm_ai/fx8_nova_crawler_elec_explode
d5644cd368862d,/zm_ai/fx8_nova_crawler_elec_explode
61cbaf4e24097b0,zm_ai/fx8_nova_crawler_elec_teleport_appear
5c02550674564d5,/zm_ai/fx8_nova_crawler_elec_teleport_appear
44c409947402506,/zm_ai/fx8_nova_crawler_elec_teleport_flash
9a2a2ecd7c87575,zm_ai/fx8_nova_crawler_elec_teleport_flash
b8d779659f710f0,zm_ai/fx8_nova_crawler_explode
b75e9a8ad1bc6fb,/zm_ai/fx8_nova_crawler_explode
7a883b6dd84b8df,/zm_ai/fx8_nova_crawler_gas_cloud_lg
545eb09b988004e,zm_ai/fx8_nova_crawler_gas_cloud_lg
7165f9d6782a917,/zm_ai/fx8_nova_crawler_gas_projectile
fde1401d9ec3d6a,zm_ai/fx8_nova_crawler_gas_projectile
d7adbf1d98bc9ca,/zm_ai/fx8_nova_crawler_gas_projectile_impact
d98dccadb372955,zm_ai/fx8_nova_crawler_gas_projectile_impact
99458ba2ef4d0ad,/zm_ai/fx8_nova_crawler_gas_release
aed5d65847d584e,zm_ai/fx8_nova_crawler_gas_release
858282bbc82695c,/zm_ai/fx8_nova_crawler_gas_trail
5ac5b86ee1b6fb3,zm_ai/fx8_nova_crawler_gas_trail
eddf8628495050d,zm_ai/fx8_nova_crawler_mq_aura
e3068ef6898c656,/zm_ai/fx8_nova_crawler_mq_aura
4d801309391eb13,zm_ai/fx8_nova_crawler_mq_explode
435084f96d5635e,/zm_ai/fx8_nova_crawler_mq_explode
c4369152382e03b,zm_ai/fx8_nova_crawler_zombie_buff
afc13426d7621b8,/zm_ai/fx8_nova_crawler_zombie_buff
3fe168cea085081,/zm_ai/fx8_spartoi_reassemble_displace_trail
178d56bca069fb4,zm_ai/fx8_spartoi_reassemble_displace_trail
a96c254c39edebb,/zm_ai/fx8_stoker_charge_shovel
b246b8fc14ef548,zm_ai/fx8_stoker_charge_shovel
8ce52d934b0c670,zm_ai/fx8_stoker_dest_weak_point_exp_generic
dd1706eb71a9c17,/zm_ai/fx8_stoker_dest_weak_point_exp_generic
5e2ffdc6a6bc45b,/zm_ai/fx8_stoker_dmg_weak_point
6550823d73d9462,zm_ai/fx8_stoker_dmg_weak_point
a744e1188856d79,zm_ai/fx8_stoker_eye_glow
6c2d3a0b29452f8,/zm_ai/fx8_stoker_eye_glow
60b105e8dfed847,/zm_ai/fx8_stoker_projectile_coal_charge_bicep
32276bdb8ee0ada,zm_ai/fx8_stoker_projectile_coal_charge_bicep
3544c722f381da0,/zm_ai/fx8_stoker_projectile_coal_charge_forearm
d01154243d2dc31,zm_ai/fx8_stoker_projectile_coal_charge_forearm
5d59c218dc365d1,/zm_ai/fx8_stoker_projectile_coal_charge_hand
3c6ad5876d68e2,zm_ai/fx8_stoker_projectile_coal_charge_hand
a1741d899e90e81,zm_ai/fx8_werewolf_breath
d0cf943e218827c,/zm_ai/fx8_werewolf_breath
608e1f4b49291bf,/zm_ai/fx8_werewolf_dmg_weakspot
708b124760c085a,zm_ai/fx8_werewolf_dmg_weakspot
c33e88dcb50c9b,/zm_ai/fx8_zombie_eye_glow_orange
1d0d691077f95ac,/zm_ai/fx8_zombie_eye_glow_red
a3a82afae90c7b3,/zm_ai/fx8_zombie_tiger_death_exp
f365e5e4bd16758,zm_ai/fx8_zombie_tiger_death_exp
ed7e32b7fd9a111,zm_ai/fx8_zombie_tiger_eye_glow_green
643222e67ed8800,/zm_ai/fx8_zombie_tiger_eye_glow_green
ad2a435ce3a3a40,/zm_ai/fx8_zombie_tiger_eye_glow_red
6a36b718ab9858d,zm_ai/fx8_zombie_tiger_eye_glow_red
346aeebb8599c2b,/zm_calling_tasks_killspacked
5fb48bdd6474f2e,/zm_calling_tasks_killsrepacked
2ff2121fe752af3,/zm_calling_tasks_xkills
4326055bcced5ed,/zm_weapons/fx8_aat_brain_decay_eye
e3b3c4453a0d10a,/zm_weapons/fx8_aat_brain_decay_head
33dfb57ea936623,/zm_weapons/fx8_aat_brain_decay_torso
1c440d0aee63c0f,/zm_weapons/fx8_aat_elec_exp
1c14fd0aee41fb5,/zm_weapons/fx8_aat_elec_eye
9eb474a4b69255b,/zm_weapons/fx8_aat_elec_torso
4d2c34bf8073c27,/zm_weapons/fx8_aat_opposite_exp
27452869dfea470,/zm_weapons/fx8_aat_plasmatic_burst_head
7f85529de6fca85,/zm_weapons/fx8_aat_plasmatic_burst_torso
fb8844ab6fc61d2,/zm_weapons/fx8_aat_plasmatic_burst_torso_fire
a755d708962bf65,/zm_weapons/fx8_aat_water_exp
8f97d5664037da1,/zm_weapons/fx8_aat_water_torso
791d17bad6e17b2,/zm_weapons/fx8_cymbal_monkey_light
399842ecf55c651,/zm_weapons/fx8_equip_homunc_death_exp
4e54bdef3ac0920,/zm_weapons/fx8_equip_homunc_spawn
5f01f4f968a3bb4,/zm_weapons/fx8_equip_mltv_fire_human_head_loop_zm
bba233f691e7373,/zm_weapons/fx8_equip_mltv_fire_human_torso_loop_zm
fac0763243627f9,zm_weapons/fx8_music_box_open_world
55e16a224d5148,/zm_weapons/fx8_music_box_open_world
67dc36d1f25b017,zm_weapons/fx8_music_box_zombie_flame_trail
e98fb8e648fb306,/zm_weapons/fx8_music_box_zombie_flame_trail
1d72f35fd45944a,/zm_weapons/fx8_scepter_ray_zmb_hit_exp
1db2835fd49713c,/zm_weapons/fx8_scepter_ray_zmb_hit_eye
91687f536eb129b,/zm_weapons/fx8_scepter_ray_zmb_hit_shock
d92a76e9bc388f7,/zm_weapons/fx8_ww_tesla_sniper_bulb_a
a89512e7fee87b6,zm_weapons/fx8_ww_tesla_sniper_bulb_a
a89502e7fee8603,zm_weapons/fx8_ww_tesla_sniper_bulb_b
d92a86e9bc38aaa,/zm_weapons/fx8_ww_tesla_sniper_bulb_b
d92a96e9bc38c5d,/zm_weapons/fx8_ww_tesla_sniper_bulb_c
a894f2e7fee8450,zm_weapons/fx8_ww_tesla_sniper_bulb_c
d92a26e9bc38078,/zm_weapons/fx8_ww_tesla_sniper_bulb_d
a89562e7fee9035,zm_weapons/fx8_ww_tesla_sniper_bulb_d
c8e096a80e6502d,zm_weapons/fx8_ww_tesla_sniper_impact_lg
b6b7aa42748d8b6,/zm_weapons/fx8_ww_tesla_sniper_impact_lg
42d36b05bb319ba,/zm_weapons/fx8_ww_thundergun_impact_zombie
49b8680486a75cd,zm_weapons/fx8_ww_thundergun_impact_zombie
1ea2e1ade516ce2,zm_weapons/fx8_www_dazed_bubble_trail
c7bd432a20a3213,/zm_weapons/fx8_www_dazed_bubble_trail
b596416ab6915c8,/zm_weapons/fx8_www_dazed_enemy_glow_eye
c48e2313349ca19,zm_weapons/fx8_www_dazed_enemy_glow_eye
448b2e5146afbce,/zm_weapons/fx8_www_dazed_vortex
31ecd01ff9ca8c7,zm_weapons/fx8_www_dazed_vortex
fc3bdaa457b3cad,zm_weapons/fx8_www_dazed_vortex_end
8caeaee248d7c90,/zm_weapons/fx8_www_dazed_vortex_end
99a7060bef970fa,zm_weapons/fx8_www_drag_ash_trail
f122e829db3a157,/zm_weapons/fx8_www_drag_ash_trail
92022dde8c1630,zm_weapons/fx8_www_drag_enemy_death
a92aa3c650cc30d,/zm_weapons/fx8_www_drag_enemy_death
4484a7cfc7f4ed7,/zm_weapons/fx8_www_drag_enemy_ember_arm_left
f494e7890c7396c,zm_weapons/fx8_www_drag_enemy_ember_arm_left
6ae5f936f834448,/zm_weapons/fx8_www_drag_enemy_ember_arm_right
53f249332aeedd9,zm_weapons/fx8_www_drag_enemy_ember_arm_right
5907ad409ce819c,zm_weapons/fx8_www_drag_enemy_ember_head
4f4936f79ac02f,/zm_weapons/fx8_www_drag_enemy_ember_head
62954884cb0d791,zm_weapons/fx8_www_drag_enemy_ember_hip_left
762a1077b458a0e,/zm_weapons/fx8_www_drag_enemy_ember_hip_left
c18e9c44f432772,zm_weapons/fx8_www_drag_enemy_ember_hip_right
937d7f8f7801783,/zm_weapons/fx8_www_drag_enemy_ember_hip_right
c433c0b136958d5,/zm_weapons/fx8_www_drag_enemy_ember_leg_left
416251c94477aa,zm_weapons/fx8_www_drag_enemy_ember_leg_left
99739b39ecb63ae,/zm_weapons/fx8_www_drag_enemy_ember_leg_right
d394f60eaa0ee17,zm_weapons/fx8_www_drag_enemy_ember_leg_right
151c4e332804e30,/zm_weapons/fx8_www_drag_enemy_ember_torso
be26d6ea59b8541,zm_weapons/fx8_www_drag_enemy_ember_torso
6a27bb5d5ebeaae,zm_weapons/fx8_www_drag_enemy_ember_waist
c1a0669e8990e97,/zm_weapons/fx8_www_drag_enemy_ember_waist
13dc2debff422d1,zm_weapons/fx8_www_drag_enemy_torso
610cee903654cc4,/zm_weapons/fx8_www_drag_enemy_torso
87a59ff548ba532,/zm_weapons/fx8_www_drag_portal
bf65b3cb7ea2111,zm_weapons/fx8_www_drag_portal
cc3e08f25b75217,zm_weapons/fx8_www_drag_portal_end
167699d2473924,/zm_weapons/fx8_www_drag_portal_end
7121b760347902b,zm_weapons/fx8_www_shrink_enemy_death
5b46647fc8774c6,/zm_weapons/fx8_www_shrink_enemy_death
e50c985719b6fcf,/zm_weapons/fx8_www_shrink_enemy_torso
d906812e42877b2,zm_weapons/fx8_www_shrink_enemy_torso
5b50c4baba60ae3,zm_weapons/fx8_www_shrink_globe
a04c1f4b38bf31a,/zm_weapons/fx8_www_shrink_globe
83919967757d3c3,/zm_weapons/fx8_www_shrink_globe_death
d48b12d71f61576,zm_weapons/fx8_www_shrink_globe_death
cd26cbc6aabb70e,zm_weapons/fx8_www_spin_tornado
76174842a112f0b,/zm_weapons/fx8_www_spin_tornado
2b344974a4796b8,/zombie/fx8_debrisbuy_amb
b70a3b118802df2,/zombie/fx8_debrisbuy_death
c992d0e2d8c7795,/zombie/fx8_doorbuy_amb
532c676c486f3e3,/zombie/fx8_doorbuy_death
49fc1c3093db29f,/zombie/fx8_packapunch_zmb_red_gauntlet
bf99629e69cfbe2,/zombie/fx8_perk_altar_symbol_ambient_bandolier
b463d716e22e9fe,/zombie/fx8_perk_altar_symbol_ambient_blaze_phase
6016650d65f8cb7,/zombie/fx8_perk_altar_symbol_ambient_blood_wolf
2c461ebc15a75d5,/zombie/fx8_perk_altar_symbol_ambient_dead_shot
98e9ea4cf8394b2,/zombie/fx8_perk_altar_symbol_ambient_death_perception
ca065e04505ba97,/zombie/fx8_perk_altar_symbol_ambient_dying_wish
354ea07351e020f,/zombie/fx8_perk_altar_symbol_ambient_electric_cherry
1f1b41a7c8ac40f,/zombie/fx8_perk_altar_symbol_ambient_ethereal_razor
e8e495b61e7e43a,/zombie/fx8_perk_altar_symbol_ambient_mule_kick
b938f93b2b1c39b,/zombie/fx8_perk_altar_symbol_ambient_quick_revive
9778df8e5fe1c1e,/zombie/fx8_perk_altar_symbol_ambient_secret_sauce
7f42daf9d79882f,/zombie/fx8_perk_altar_symbol_ambient_slider
93f3cc6008d98cd,/zombie/fx8_perk_altar_symbol_ambient_staminup
59c022ce8d939d8,/zombie/fx8_perk_altar_symbol_ambient_stronghold
32666cc128d9445,/zombie/fx8_perk_altar_symbol_ambient_timeslip
4151136a6c69015,/zombie/fx8_perk_altar_symbol_ambient_victorious_tortoise
bef7bd68c908633,/zombie/fx8_perk_altar_symbol_ambient_widows_wine
2b0694e4877cbf0,/zombie/fx8_perk_altar_symbol_ambient_zombshell
e2622016f95c57a,/zombie/fx8_perk_blaze_phase_charged
ac4d85f1f6fc4dc,/zombie/fx8_perk_blaze_phase_charged_stretch
b24d97062c29f7d,/zombie/fx8_perk_blaze_phase_charging
20171d5cca4441f,/zombie/fx8_perk_blaze_phase_flame_pulse
53195b1e1e29e1e,/zombie/fx8_perk_blaze_phase_trail
2b5fce1576ef37d,/zombie/fx8_perk_phd_exp
bf82a051a5410ff,/zombie/fx8_perk_vic_tort_exp
fe6c9089811a1,/zombie/fx8_perk_winters_wail_aoe
c2e1fc8f3ebe7b9,/zombie/fx8_perk_winters_wail_exp
953aa46e9b2448d,/zombie/fx8_perk_winters_wail_freeze
8effb5d2b2a9d30,/zombie/fx8_power_debris_amb
28400063789398a,/zombie/fx8_power_debris_death
2df4a2e318ec733,/zombie/fx8_power_door_amb
bca1c6cdbeddb7d,/zombie/fx8_power_door_death
2a989d67d0f9975,/zombie/fx8_teleport_instant_1p
435856ba06a3450,/zombie/fx8_teleport_instant_1p_ported
6c89efd421e3031,/zombie/fx8_wallbuy_amb
65b8c955b7008b4,/zombie/fx8_wallbuy_amb_reverse
aa8e5cf368d80ae,/zombie/fx8_wallbuy_reveal
376b0b79f1767cd,/zombie/fx_aat_turned_spore_torso_zmb
cd78e79d41d938a,/zombie/fx_barrier_buy_zmb
e1416b4f482ccd1,/zombie/fx_bgb_anywhere_but_here_teleport_aoe_kill_zmb
b23288c2fe1c3dc,/zombie/fx_bgb_anywhere_but_here_teleport_aoe_zmb
61d6e7ab0de8450,/zombie/fx_bgb_anywhere_but_here_teleport_zmb
82e60aa7fba2a91,/zombie/fx_bgb_bubble_blow_zmb
cf86417ebcee37f,/zombie/fx_bgb_burned_out_1p_zmb
fc146e1be989825,/zombie/fx_bgb_burned_out_3p_zmb
9932399ceabc786,/zombie/fx_bgb_burned_out_fire_torso_zmb
66689e34b34ead4,/zombie/fx_bgb_burned_out_ring_zmb
86e0284069c46d1,/zombie/fx_bgb_near_death_1p
874ee8406a24383,/zombie/fx_bgb_near_death_3p
776a91d04fa1e22,/zombie/fx_bgb_profit_1p
76f9d1d04f3eb10,/zombie/fx_bgb_profit_3p
2fd69e67c0c8c5d,/zombie/fx_bgb_respin_cycle_box_flash_zmb
2566b4f775537f8,/zombie/fx_blood_torso_explo_lg_os_zmb
ef0392377f7dc65,/zombie/fx_blood_torso_explo_lg_zmb
dbcdc71e3bf1343,/zombie/fx_blood_torso_explo_zmb
36cd7d8198cda94,/zombie/fx_bmode_glint_hook_zod_zmb
92822c25839c54f,/zombie/fx_bmode_shock_os_zod_zmb
d151dc0e74cbf95,/zombie/fx_bmode_trail_os_3p_zod_zmb
381f84e8731eeca,/zombie/fx_bul_flesh_head_fatal_zmb
4ee31f64553fb11,/zombie/fx_bul_flesh_head_nochunks_zmb
acbd7852e9ba94d,/zombie/fx_bul_flesh_neck_spurt_zmb
b8e61cf9e97641,/zombie/fx_crafting_dust_zmb
2cd826614115251,/zombie/fx_egg_ready_zod_zmb
15da2385f4b6a71,/zombie/fx_fire_torso_purple_os_doa
e835cc3f0167a3d,/zombie/fx_idgun_ground_displace_zod_zmb
94856d511f68e68,/zombie/fx_idgun_hole_lg_zod_zmb
dfd21d62a02b318,/zombie/fx_idgun_hole_md_zod_zmb
57ccd1d26fe0335,/zombie/fx_idgun_hole_sm_zod_zmb
36b99c94fdea771,/zombie/fx_idgun_hole_xl_zod_zmb
5946e1434d9045b,/zombie/fx_idgun_hole_xsm_zod_zmb
577cf9f26584f03,/zombie/fx_idgun_ug_hole_lg_zod_zmb
32dec1292b044f,/zombie/fx_idgun_ug_hole_md_zod_zmb
d85c499e70ec672,/zombie/fx_idgun_ug_hole_sm_zod_zmb
1aab0b2507167e6,/zombie/fx_idgun_ug_hole_xl_zod_zmb
c7fede5b933e62e,/zombie/fx_idgun_ug_hole_xsm_zod_zmb
3f1969b658e4c70,/zombie/fx_idgun_vortex_explo_ug_zod_zmb
20415fa065b664b,/zombie/fx_idgun_vortex_explo_zod_zmb
bcf50893c26e143,/zombie/fx_idgun_vortex_ug_zod_zmb
dc900bc915796f6,/zombie/fx_idgun_vortex_zod_zmb
51b0adc06b70fc6,/zombie/fx_monkey_lightning_zmb
e04a318b7b9711c,/zombie/fx_parasite_acid_drop_impact
14ee8210c482f9e,/zombie/fx_parasite_acid_spit_tell_zmb
6346a3b04559e1e,/zombie/fx_parasite_exp_death_zmb
a6f60d2df892d9,/zombie/fx_perk_mule_kick_zmb
9caf54206a91156,/zombie/fx_perk_quick_revive_zmb
13adb904a286363,/zombie/fx_perk_sleight_of_hand_zmb
cb1b5bf204aca9b,/zombie/fx_perk_stamin_up_zmb
fd07e5320b246d8,/zombie/fx_perk_widows_wine_zmb
6cf25503896f153,/zombie/fx_powerup_grab_caution_zmb
cf1b87206503051,/zombie/fx_powerup_grab_green_zmb
b1229889aa5e095,/zombie/fx_powerup_grab_red_zmb
c448755c64022dd,/zombie/fx_powerup_grab_solo_zmb
12f90659efab2e2,/zombie/fx_powerup_nuke_zmb
a178dab4165e34c,/zombie/fx_powerup_off_green_zmb
c3f4def3674b7c4,/zombie/fx_powerup_on_caution_zmb
9311d0aa59c4326,/zombie/fx_powerup_on_green_zmb
e5caca46b450456,/zombie/fx_powerup_on_red_zmb
2564b1546d780b8,/zombie/fx_powerup_on_solo_zmb
8cd556a5a0a9d96,/zombie/fx_raygun_geotrail_zmb
1eb4d9e47d0ceef,/zombie/fx_raygun_impact_zmb
874ea232f7398b4,/zombie/fx_raygun_trail_ring_emit_zmb
c295254b5ebf6b0,/zombie/fx_raygun_view_zmb
b221d093db7a24f,/zombie/fx_raygun_world_zmb
58585c6a42a679,/zombie/fx_ritual_barrier_defend_door_wide_zod_zmb
432f855628aa51d,/zombie/fx_ritual_glow_relic_zod_zmb
8372e910a5e38a,/zombie/fx_ritual_sacrafice_glow_head_zod_zmb
9a4bea158d8d08d,/zombie/fx_robot_helper_revive_player_zod_zmb
7054989e4b0c435,/zombie/fx_spawn_blood_billowing_doa
93315a945ccc304,/zombie/fx_spawn_body_cp_zmb
aa0e4b8ff2b59fa,/zombie/fx_spawn_dirt_body_billowing_zmb
2b9a203ca1dd35c,/zombie/fx_spawn_dirt_body_dustfalling_zmb
3ddfa6cad1bd6b8,/zombie/fx_spawn_dirt_hand_burst_zmb
6b9ea9cf67cdcf,/zombie/fx_sword_slash_left_1p_zod_zmb
8f8bafc7cdea9ae,/zombie/fx_sword_slash_right_1p_zod_zmb
8ff3f7365cd9ec3,/zombie/fx_teleport_flashback_zmb
f4b7ef758968430,/zombie/fx_tesla_bolt_secondary_zmb
9601fa759c826f2,/zombie/fx_tesla_electric_bolt_ug_zmb
88d39d6a6aaacbd,/zombie/fx_tesla_electric_bolt_zmb
80e5a059289a39e,/zombie/fx_tesla_impact_default_zmb
5b482e064014ec5,/zombie/fx_tesla_muz_ug_view_zmb
cfaff2209d39978,/zombie/fx_tesla_muz_ug_world_zmb
8da9ae0d6e9208a,/zombie/fx_tesla_muz_view_zmb
35e3dd6c3584f9,/zombie/fx_tesla_muz_world_zmb
13db5cf65bc0333,/zombie/fx_tesla_rail_view_ug_zmb
c2e0796de369b56,/zombie/fx_tesla_rail_view_zmb
7aea1c5d560aa17,/zombie/fx_tesla_shock_eyes_zmb
3aa127e5ea64cb0,/zombie/fx_tesla_shock_ground
4e46b7a954aebdc,/zombie/fx_tesla_shock_zmb
7c9776d1419e043,/zombie/fx_tesla_tube_view2_ug_zmb
ff7704e164d9186,/zombie/fx_tesla_tube_view2_zmb
16fe79eee2d332,/zombie/fx_tesla_tube_view3_ug_zmb
c4bd422dc7024fd,/zombie/fx_tesla_tube_view3_zmb
9f45f12111bf04d,/zombie/fx_tesla_tube_view_ug_zmb
c833f161062663c,/zombie/fx_tesla_tube_view_zmb
bfda84234271d1,/zombie/fx_trail_blood_soul_zmb
b3ebb35686443ae,/zombie/fx_trail_gem_blue_doa
cdd20c461bbea5e,/zombie/fx_trail_tesla_balls_doa
d8d4ac2cd1e56af,/zombie/fx_weapon_box_closed_glow_zmb
394df7d0d1d190e,/zombie/fx_weapon_box_marker_fl_zmb
350e2ec3cf2de57,/zombie/fx_weapon_box_marker_zmb
bd4b20aaf8ba6c7,/zombie/fx_weapon_box_open_glow_zmb
85a35e921b3e85e,/zombie/fx_widows_exp_grenade
e29f5d265a8fea,/zombie/fx_widows_muz_view_zmb
93a35a3fb484e1f,/zombie/fx_widows_muz_world_lg_zmb
f7b14209d8a12f,/zombie/fx_widows_muz_world_md_zmb
783c8eeced81972,/zombie/fx_widows_muz_world_sm_zmb
4fe411de8152176,/zombie/fx_widows_web_geotrail_zmb
